ISO-10303-21;
HEADER;
FILE_DESCRIPTION(('Open CASCADE Model'),'2;1');
FILE_NAME('Open CASCADE Shape Model','2026-05-13T15:44:23',('Author'),(
    'Open CASCADE'),'Open CASCADE STEP processor 7.8','Open CASCADE 7.8'
  ,'Unknown');
FILE_SCHEMA(('AUTOMOTIVE_DESIGN { 1 0 10303 214 1 1 1 1 }'));
ENDSEC;
DATA;
#1 = APPLICATION_PROTOCOL_DEFINITION('international standard',
  'automotive_design',2000,#2);
#2 = APPLICATION_CONTEXT(
  'core data for automotive mechanical design processes');
#3 = SHAPE_DEFINITION_REPRESENTATION(#4,#10);
#4 = PRODUCT_DEFINITION_SHAPE('','',#5);
#5 = PRODUCT_DEFINITION('design','',#6,#9);
#6 = PRODUCT_DEFINITION_FORMATION('','',#7);
#7 = PRODUCT('COMPOUND','COMPOUND','',(#8));
#8 = PRODUCT_CONTEXT('',#2,'mechanical');
#9 = PRODUCT_DEFINITION_CONTEXT('part definition',#2,'design');
#10 = SHAPE_REPRESENTATION('',(#11,#15,#4720,#4918,#5452,#5830,#6336,
    #6794,#7172,#7966,#8766,#9274,#9652,#10158,#10616),#11940);
#11 = AXIS2_PLACEMENT_3D('',#12,#13,#14);
#12 = CARTESIAN_POINT('',(0.,0.,0.));
#13 = DIRECTION('',(0.,0.,1.));
#14 = DIRECTION('',(1.,0.,-0.));
#15 = MANIFOLD_SOLID_BREP('',#16);
#16 = CLOSED_SHELL('',(#17,#75,#133,#207,#281,#336,#391,#428,#465,#513,
    #561,#609,#657,#715,#789,#837,#892,#929,#977,#1037,#1648,#1725,#1749
    ,#1769,#1789,#1807,#1832,#1902,#1927,#1997,#2091,#2157,#2182,#2252,
    #2342,#2432,#2498,#2514,#2650,#2743,#2757,#2769,#2781,#2803,#2825,
    #2841,#2863,#2885,#2901,#2917,#2956,#2995,#3011,#3027,#3050,#3068,
    #3093,#3110,#3133,#3155,#3177,#3193,#3205,#3233,#3249,#3265,#3277,
    #3305,#3327,#3349,#3361,#3389,#3405,#3421,#3433,#3458,#3479,#3518,
    #3540,#3578,#3598,#3612,#3626,#3648,#3670,#3686,#3708,#3730,#3746,
    #3762,#3788,#3810,#3826,#3848,#3870,#3886,#3902,#3927,#3948,#3973,
    #3994,#4033,#4072,#4088,#4104,#4127,#4145,#4184,#4223,#4239,#4255,
    #4278,#4296,#4321,#4338,#4363,#4380,#4403,#4426,#4465,#4487,#4526,
    #4548,#4586,#4624,#4644,#4658,#4672,#4692,#4706));
#17 = ADVANCED_FACE('',(#18),#65,.T.);
#18 = FACE_BOUND('',#19,.T.);
#19 = EDGE_LOOP('',(#20,#30,#38,#46));
#20 = ORIENTED_EDGE('',*,*,#21,.F.);
#21 = EDGE_CURVE('',#22,#24,#26,.T.);
#22 = VERTEX_POINT('',#23);
#23 = CARTESIAN_POINT('',(4.7,5.239708513433E-16,11.002525627));
#24 = VERTEX_POINT('',#25);
#25 = CARTESIAN_POINT('',(2.744476326167,-0.932300369129,11.002525627));
#26 = ( BOUNDED_CURVE() B_SPLINE_CURVE(2,(#27,#28,#29),.UNSPECIFIED.,.F.
,.F.) B_SPLINE_CURVE_WITH_KNOTS((3,3),(0.,2.251838517604),
.PIECEWISE_BEZIER_KNOTS.) CURVE() GEOMETRIC_REPRESENTATION_ITEM() 
RATIONAL_B_SPLINE_CURVE((1.,0.430346917308,1.)) REPRESENTATION_ITEM('') 
  );
#27 = CARTESIAN_POINT('',(4.7,3.770132354456E-16,11.002525627));
#28 = CARTESIAN_POINT('',(4.7,-2.517030440298,11.002525627));
#29 = CARTESIAN_POINT('',(2.744476326167,-0.932300369129,11.002525627));
#30 = ORIENTED_EDGE('',*,*,#31,.T.);
#31 = EDGE_CURVE('',#22,#32,#34,.T.);
#32 = VERTEX_POINT('',#33);
#33 = CARTESIAN_POINT('',(4.6,3.770132354456E-16,11.102525627));
#34 = ( BOUNDED_CURVE() B_SPLINE_CURVE(2,(#35,#36,#37),.UNSPECIFIED.,.F.
,.F.) B_SPLINE_CURVE_WITH_KNOTS((3,3),(1.570796326795,3.14159265359),
.PIECEWISE_BEZIER_KNOTS.) CURVE() GEOMETRIC_REPRESENTATION_ITEM() 
RATIONAL_B_SPLINE_CURVE((1.,0.707106781187,1.)) REPRESENTATION_ITEM('') 
  );
#35 = CARTESIAN_POINT('',(4.7,3.770132354456E-16,11.002525627));
#36 = CARTESIAN_POINT('',(4.7,3.770132354456E-16,11.102525627));
#37 = CARTESIAN_POINT('',(4.6,3.770132354456E-16,11.102525627));
#38 = ORIENTED_EDGE('',*,*,#39,.F.);
#39 = EDGE_CURVE('',#40,#32,#42,.T.);
#40 = VERTEX_POINT('',#41);
#41 = CARTESIAN_POINT('',(2.815609271845,-0.861167423452,11.102525627));
#42 = ( BOUNDED_CURVE() B_SPLINE_CURVE(2,(#43,#44,#45),.UNSPECIFIED.,.F.
,.F.) B_SPLINE_CURVE_WITH_KNOTS((3,3),(4.040873181441,6.28318530718),
.PIECEWISE_BEZIER_KNOTS.) CURVE() GEOMETRIC_REPRESENTATION_ITEM() 
RATIONAL_B_SPLINE_CURVE((1.,0.434641582668,1.)) REPRESENTATION_ITEM('') 
  );
#43 = CARTESIAN_POINT('',(2.815609271845,-0.861167423452,11.102525627));
#44 = CARTESIAN_POINT('',(4.6,-2.279266200181,11.102525627));
#45 = CARTESIAN_POINT('',(4.6,1.075909396332E-16,11.102525627));
#46 = ORIENTED_EDGE('',*,*,#47,.F.);
#47 = EDGE_CURVE('',#24,#40,#48,.T.);
#48 = B_SPLINE_CURVE_WITH_KNOTS('',3,(#49,#50,#51,#52,#53,#54,#55,#56,
    #57,#58,#59,#60,#61,#62,#63,#64),.UNSPECIFIED.,.F.,.F.,(4,3,3,3,3,4)
  ,(1.971892756448E-07,3.343762151512E-05,6.687047335435E-05,
    1.003792802473E-04,1.340649014769E-04,1.570311028837E-04),
  .UNSPECIFIED.);
#49 = CARTESIAN_POINT('',(2.744476326167,-0.932300369129,11.002525627));
#50 = CARTESIAN_POINT('',(2.744476326167,-0.932300369129,11.013605776677
    ));
#51 = CARTESIAN_POINT('',(2.745822727393,-0.930953967903,11.024836933772
    ));
#52 = CARTESIAN_POINT('',(2.748403107387,-0.92837358791,11.035298912316)
  );
#53 = CARTESIAN_POINT('',(2.750998587759,-0.925778107537,11.04582211434)
  );
#54 = CARTESIAN_POINT('',(2.754913659705,-0.921863035592,11.055855635231
    ));
#55 = CARTESIAN_POINT('',(2.759820704669,-0.916955990627,11.064576451535
    ));
#56 = CARTESIAN_POINT('',(2.764739073727,-0.91203762157,11.073317393055)
  );
#57 = CARTESIAN_POINT('',(2.770788187435,-0.905988507862,11.080979487429
    ));
#58 = CARTESIAN_POINT('',(2.77746746793,-0.899309227367,11.086942640218)
  );
#59 = CARTESIAN_POINT('',(2.784181709554,-0.892594985743,11.092937005734
    ));
#60 = CARTESIAN_POINT('',(2.791716220342,-0.885060474955,11.097379231201
    ));
#61 = CARTESIAN_POINT('',(2.799451539376,-0.87732515592,11.099913827419)
  );
#62 = CARTESIAN_POINT('',(2.804732620506,-0.872044074791,11.101644254853
    ));
#63 = CARTESIAN_POINT('',(2.810188293386,-0.866588401911,11.102525627));
#64 = CARTESIAN_POINT('',(2.815609271845,-0.861167423452,11.102525627));
#65 = ( BOUNDED_SURFACE() B_SPLINE_SURFACE(2,2,(
    (#66,#67,#68)
    ,(#69,#70,#71)
    ,(#72,#73,#74
)),.UNSPECIFIED.,.F.,.F.,.F.) B_SPLINE_SURFACE_WITH_KNOTS((3,3),(3,3),(
    4.031346789576,6.28318530718),(0.,1.570796326795),
.PIECEWISE_BEZIER_KNOTS.) GEOMETRIC_REPRESENTATION_ITEM() 
RATIONAL_B_SPLINE_SURFACE((
    (1.,0.707106781187,1.)
    ,(0.430346917308,0.304301223491,0.430346917308)
,(1.,0.707106781187,1.))) REPRESENTATION_ITEM('') SURFACE() );
#66 = CARTESIAN_POINT('',(2.744476326167,-0.932300369129,11.002525627));
#67 = CARTESIAN_POINT('',(2.744476326167,-0.932300369129,11.102525627));
#68 = CARTESIAN_POINT('',(2.80743663232,-0.854608671702,11.102525627));
#69 = CARTESIAN_POINT('',(4.7,-2.517030440298,11.002525627));
#70 = CARTESIAN_POINT('',(4.7,-2.517030440298,11.102525627));
#71 = CARTESIAN_POINT('',(4.6,-2.307277903606,11.102525627));
#72 = CARTESIAN_POINT('',(4.7,8.309800365026E-17,11.002525627));
#73 = CARTESIAN_POINT('',(4.7,8.309800365026E-17,11.102525627));
#74 = CARTESIAN_POINT('',(4.6,1.075909396332E-16,11.102525627));
#75 = ADVANCED_FACE('',(#76),#123,.T.);
#76 = FACE_BOUND('',#77,.T.);
#77 = EDGE_LOOP('',(#78,#88,#96,#104));
#78 = ORIENTED_EDGE('',*,*,#79,.F.);
#79 = EDGE_CURVE('',#80,#82,#84,.T.);
#80 = VERTEX_POINT('',#81);
#81 = CARTESIAN_POINT('',(1.2,6.68531141008E-16,11.002525627));
#82 = VERTEX_POINT('',#83);
#83 = CARTESIAN_POINT('',(-0.755523673833,-0.932300369129,11.002525627)
  );
#84 = ( BOUNDED_CURVE() B_SPLINE_CURVE(2,(#85,#86,#87),.UNSPECIFIED.,.F.
,.F.) B_SPLINE_CURVE_WITH_KNOTS((3,3),(0.,2.251838517604),
.PIECEWISE_BEZIER_KNOTS.) CURVE() GEOMETRIC_REPRESENTATION_ITEM() 
RATIONAL_B_SPLINE_CURVE((1.,0.430346917308,1.)) REPRESENTATION_ITEM('') 
  );
#85 = CARTESIAN_POINT('',(1.2,5.215735251104E-16,11.002525627));
#86 = CARTESIAN_POINT('',(1.2,-2.517030440298,11.002525627));
#87 = CARTESIAN_POINT('',(-0.755523673833,-0.932300369129,11.002525627)
  );
#88 = ORIENTED_EDGE('',*,*,#89,.T.);
#89 = EDGE_CURVE('',#80,#90,#92,.T.);
#90 = VERTEX_POINT('',#91);
#91 = CARTESIAN_POINT('',(1.1,5.215735251104E-16,11.102525627));
#92 = ( BOUNDED_CURVE() B_SPLINE_CURVE(2,(#93,#94,#95),.UNSPECIFIED.,.F.
,.F.) B_SPLINE_CURVE_WITH_KNOTS((3,3),(1.570796326795,3.14159265359),
.PIECEWISE_BEZIER_KNOTS.) CURVE() GEOMETRIC_REPRESENTATION_ITEM() 
RATIONAL_B_SPLINE_CURVE((1.,0.707106781187,1.)) REPRESENTATION_ITEM('') 
  );
#93 = CARTESIAN_POINT('',(1.2,5.215735251104E-16,11.002525627));
#94 = CARTESIAN_POINT('',(1.2,5.215735251104E-16,11.102525627));
#95 = CARTESIAN_POINT('',(1.1,5.215735251104E-16,11.102525627));
#96 = ORIENTED_EDGE('',*,*,#97,.F.);
#97 = EDGE_CURVE('',#98,#90,#100,.T.);
#98 = VERTEX_POINT('',#99);
#99 = CARTESIAN_POINT('',(-0.684390728155,-0.861167423452,11.102525627)
  );
#100 = ( BOUNDED_CURVE() B_SPLINE_CURVE(2,(#101,#102,#103),
.UNSPECIFIED.,.F.,.F.) B_SPLINE_CURVE_WITH_KNOTS((3,3),(4.040873181441,
6.28318530718),.PIECEWISE_BEZIER_KNOTS.) CURVE() 
GEOMETRIC_REPRESENTATION_ITEM() RATIONAL_B_SPLINE_CURVE((1.,
0.434641582668,1.)) REPRESENTATION_ITEM('') );
#101 = CARTESIAN_POINT('',(-0.684390728155,-0.861167423452,11.102525627)
  );
#102 = CARTESIAN_POINT('',(1.1,-2.279266200181,11.102525627));
#103 = CARTESIAN_POINT('',(1.1,2.521512292979E-16,11.102525627));
#104 = ORIENTED_EDGE('',*,*,#105,.F.);
#105 = EDGE_CURVE('',#82,#98,#106,.T.);
#106 = B_SPLINE_CURVE_WITH_KNOTS('',3,(#107,#108,#109,#110,#111,#112,
    #113,#114,#115,#116,#117,#118,#119,#120,#121,#122),.UNSPECIFIED.,.F.
  ,.F.,(4,3,3,3,3,4),(1.971892756448E-07,3.343762151512E-05,
    6.687047335435E-05,1.003792802473E-04,1.340649014769E-04,
    1.570311028837E-04),.UNSPECIFIED.);
#107 = CARTESIAN_POINT('',(-0.755523673833,-0.932300369129,11.002525627)
  );
#108 = CARTESIAN_POINT('',(-0.755523673833,-0.932300369129,
    11.013605776677));
#109 = CARTESIAN_POINT('',(-0.754177272607,-0.930953967903,
    11.024836933772));
#110 = CARTESIAN_POINT('',(-0.751596892613,-0.92837358791,
    11.035298912316));
#111 = CARTESIAN_POINT('',(-0.749001412241,-0.925778107537,
    11.04582211434));
#112 = CARTESIAN_POINT('',(-0.745086340295,-0.921863035592,
    11.055855635231));
#113 = CARTESIAN_POINT('',(-0.740179295331,-0.916955990627,
    11.064576451535));
#114 = CARTESIAN_POINT('',(-0.735260926273,-0.91203762157,
    11.073317393055));
#115 = CARTESIAN_POINT('',(-0.729211812565,-0.905988507862,
    11.080979487429));
#116 = CARTESIAN_POINT('',(-0.72253253207,-0.899309227367,
    11.086942640218));
#117 = CARTESIAN_POINT('',(-0.715818290446,-0.892594985743,
    11.092937005734));
#118 = CARTESIAN_POINT('',(-0.708283779658,-0.885060474955,
    11.097379231201));
#119 = CARTESIAN_POINT('',(-0.700548460624,-0.87732515592,
    11.099913827419));
#120 = CARTESIAN_POINT('',(-0.695267379494,-0.872044074791,
    11.101644254853));
#121 = CARTESIAN_POINT('',(-0.689811706614,-0.866588401911,11.102525627)
  );
#122 = CARTESIAN_POINT('',(-0.684390728155,-0.861167423452,11.102525627)
  );
#123 = ( BOUNDED_SURFACE() B_SPLINE_SURFACE(2,2,(
    (#124,#125,#126)
    ,(#127,#128,#129)
    ,(#130,#131,#132
)),.UNSPECIFIED.,.F.,.F.,.F.) B_SPLINE_SURFACE_WITH_KNOTS((3,3),(3,3),(
    4.031346789576,6.28318530718),(0.,1.570796326795),
.PIECEWISE_BEZIER_KNOTS.) GEOMETRIC_REPRESENTATION_ITEM() 
RATIONAL_B_SPLINE_SURFACE((
    (1.,0.707106781187,1.)
    ,(0.430346917308,0.304301223491,0.430346917308)
,(1.,0.707106781187,1.))) REPRESENTATION_ITEM('') SURFACE() );
#124 = CARTESIAN_POINT('',(-0.755523673833,-0.932300369129,11.002525627)
  );
#125 = CARTESIAN_POINT('',(-0.755523673833,-0.932300369129,11.102525627)
  );
#126 = CARTESIAN_POINT('',(-0.69256336768,-0.854608671702,11.102525627)
  );
#127 = CARTESIAN_POINT('',(1.2,-2.517030440298,11.002525627));
#128 = CARTESIAN_POINT('',(1.2,-2.517030440298,11.102525627));
#129 = CARTESIAN_POINT('',(1.1,-2.307277903606,11.102525627));
#130 = CARTESIAN_POINT('',(1.2,2.27658293315E-16,11.002525627));
#131 = CARTESIAN_POINT('',(1.2,2.27658293315E-16,11.102525627));
#132 = CARTESIAN_POINT('',(1.1,2.521512292979E-16,11.102525627));
#133 = ADVANCED_FACE('',(#134),#196,.T.);
#134 = FACE_BOUND('',#135,.T.);
#135 = EDGE_LOOP('',(#136,#144,#151,#161,#168,#176,#183,#191));
#136 = ORIENTED_EDGE('',*,*,#137,.T.);
#137 = EDGE_CURVE('',#138,#22,#140,.T.);
#138 = VERTEX_POINT('',#139);
#139 = CARTESIAN_POINT('',(4.432300369129,0.755523673833,11.002525627));
#140 = ( BOUNDED_CURVE() B_SPLINE_CURVE(2,(#141,#142,#143),
.UNSPECIFIED.,.F.,.F.) B_SPLINE_CURVE_WITH_KNOTS((3,3),(5.602143116371,
6.28318530718),.PIECEWISE_BEZIER_KNOTS.) CURVE() 
GEOMETRIC_REPRESENTATION_ITEM() RATIONAL_B_SPLINE_CURVE((1.,
0.942580758947,1.)) REPRESENTATION_ITEM('') );
#141 = CARTESIAN_POINT('',(4.432300369129,0.755523673833,11.002525627));
#142 = CARTESIAN_POINT('',(4.7,0.425187943371,11.002525627));
#143 = CARTESIAN_POINT('',(4.7,-1.460699740039E-15,11.002525627));
#144 = ORIENTED_EDGE('',*,*,#145,.T.);
#145 = EDGE_CURVE('',#22,#146,#148,.T.);
#146 = VERTEX_POINT('',#147);
#147 = CARTESIAN_POINT('',(4.7,5.239708513433E-16,9.902525627));
#148 = B_SPLINE_CURVE_WITH_KNOTS('',1,(#149,#150),.UNSPECIFIED.,.F.,.F.,
  (2,2),(1.E-01,1.2),.PIECEWISE_BEZIER_KNOTS.);
#149 = CARTESIAN_POINT('',(4.7,5.239708513433E-16,11.002525627));
#150 = CARTESIAN_POINT('',(4.7,5.239708513433E-16,9.902525627));
#151 = ORIENTED_EDGE('',*,*,#152,.T.);
#152 = EDGE_CURVE('',#146,#153,#155,.T.);
#153 = VERTEX_POINT('',#154);
#154 = CARTESIAN_POINT('',(2.3,3.770132354456E-16,9.902525627));
#155 = ( BOUNDED_CURVE() B_SPLINE_CURVE(2,(#156,#157,#158,#159,#160),
.UNSPECIFIED.,.F.,.F.) B_SPLINE_CURVE_WITH_KNOTS((3,2,3),(0.,
1.570796326795,3.14159265359),.PIECEWISE_BEZIER_KNOTS.) CURVE() 
GEOMETRIC_REPRESENTATION_ITEM() RATIONAL_B_SPLINE_CURVE((1.,
0.707106781187,1.,0.707106781187,1.)) REPRESENTATION_ITEM('') );
#156 = CARTESIAN_POINT('',(4.7,3.770132354456E-16,9.902525627));
#157 = CARTESIAN_POINT('',(4.7,1.2,9.902525627));
#158 = CARTESIAN_POINT('',(3.5,1.2,9.902525627));
#159 = CARTESIAN_POINT('',(2.3,1.2,9.902525627));
#160 = CARTESIAN_POINT('',(2.3,5.239708513433E-16,9.902525627));
#161 = ORIENTED_EDGE('',*,*,#162,.F.);
#162 = EDGE_CURVE('',#163,#153,#165,.T.);
#163 = VERTEX_POINT('',#164);
#164 = CARTESIAN_POINT('',(2.3,3.770132354456E-16,11.002525627));
#165 = B_SPLINE_CURVE_WITH_KNOTS('',1,(#166,#167),.UNSPECIFIED.,.F.,.F.,
  (2,2),(1.E-01,1.2),.PIECEWISE_BEZIER_KNOTS.);
#166 = CARTESIAN_POINT('',(2.3,3.770132354456E-16,11.002525627));
#167 = CARTESIAN_POINT('',(2.3,3.770132354456E-16,9.902525627));
#168 = ORIENTED_EDGE('',*,*,#169,.T.);
#169 = EDGE_CURVE('',#163,#170,#172,.T.);
#170 = VERTEX_POINT('',#171);
#171 = CARTESIAN_POINT('',(4.255523673833,0.932300369129,11.002525627));
#172 = ( BOUNDED_CURVE() B_SPLINE_CURVE(2,(#173,#174,#175),
.UNSPECIFIED.,.F.,.F.) B_SPLINE_CURVE_WITH_KNOTS((3,3),(3.14159265359,
5.393431171194),.PIECEWISE_BEZIER_KNOTS.) CURVE() 
GEOMETRIC_REPRESENTATION_ITEM() RATIONAL_B_SPLINE_CURVE((1.,
0.430346917308,1.)) REPRESENTATION_ITEM('') );
#173 = CARTESIAN_POINT('',(2.3,2.300556195479E-16,11.002525627));
#174 = CARTESIAN_POINT('',(2.3,2.517030440298,11.002525627));
#175 = CARTESIAN_POINT('',(4.255523673833,0.932300369129,11.002525627));
#176 = ORIENTED_EDGE('',*,*,#177,.T.);
#177 = EDGE_CURVE('',#170,#178,#180,.T.);
#178 = VERTEX_POINT('',#179);
#179 = CARTESIAN_POINT('',(4.255523673833,0.932300369129,10.302525627));
#180 = B_SPLINE_CURVE_WITH_KNOTS('',1,(#181,#182),.UNSPECIFIED.,.F.,.F.,
  (2,2),(1.E-01,0.8),.PIECEWISE_BEZIER_KNOTS.);
#181 = CARTESIAN_POINT('',(4.255523673833,0.932300369129,11.002525627));
#182 = CARTESIAN_POINT('',(4.255523673833,0.932300369129,10.302525627));
#183 = ORIENTED_EDGE('',*,*,#184,.F.);
#184 = EDGE_CURVE('',#185,#178,#187,.T.);
#185 = VERTEX_POINT('',#186);
#186 = CARTESIAN_POINT('',(4.432300369129,0.755523673833,10.302525627));
#187 = ( BOUNDED_CURVE() B_SPLINE_CURVE(2,(#188,#189,#190),
.UNSPECIFIED.,.F.,.F.) B_SPLINE_CURVE_WITH_KNOTS((3,3),(0.681042190809,
0.889754135986),.PIECEWISE_BEZIER_KNOTS.) CURVE() 
GEOMETRIC_REPRESENTATION_ITEM() RATIONAL_B_SPLINE_CURVE((1.,
0.99455985519,1.)) REPRESENTATION_ITEM('') );
#188 = CARTESIAN_POINT('',(4.432300369129,0.755523673833,10.302525627));
#189 = CARTESIAN_POINT('',(4.353169503068,0.853169503068,10.302525627));
#190 = CARTESIAN_POINT('',(4.255523673833,0.932300369129,10.302525627));
#191 = ORIENTED_EDGE('',*,*,#192,.T.);
#192 = EDGE_CURVE('',#185,#138,#193,.T.);
#193 = B_SPLINE_CURVE_WITH_KNOTS('',1,(#194,#195),.UNSPECIFIED.,.F.,.F.,
  (2,2),(-0.8,-1.E-01),.PIECEWISE_BEZIER_KNOTS.);
#194 = CARTESIAN_POINT('',(4.432300369129,0.755523673833,10.302525627));
#195 = CARTESIAN_POINT('',(4.432300369129,0.755523673833,11.002525627));
#196 = ( BOUNDED_SURFACE() B_SPLINE_SURFACE(2,1,(
    (#197,#198)
    ,(#199,#200)
    ,(#201,#202)
    ,(#203,#204)
,(#205,#206
    )),.UNSPECIFIED.,.F.,.F.,.F.) B_SPLINE_SURFACE_WITH_KNOTS((3,2,3),(2
    ,2),(0.,1.570796326795,3.14159265359),(1.E-01,1.2),
.PIECEWISE_BEZIER_KNOTS.) GEOMETRIC_REPRESENTATION_ITEM() 
RATIONAL_B_SPLINE_SURFACE((
    (1.,1.)
    ,(0.707106781187,0.707106781187)
    ,(1.,1.)
    ,(0.707106781187,0.707106781187)
,(1.,1.))) REPRESENTATION_ITEM('') SURFACE() );
#197 = CARTESIAN_POINT('',(2.3,3.770132354456E-16,11.002525627));
#198 = CARTESIAN_POINT('',(2.3,3.770132354456E-16,9.902525627));
#199 = CARTESIAN_POINT('',(2.3,1.2,11.002525627));
#200 = CARTESIAN_POINT('',(2.3,1.2,9.902525627));
#201 = CARTESIAN_POINT('',(3.5,1.2,11.002525627));
#202 = CARTESIAN_POINT('',(3.5,1.2,9.902525627));
#203 = CARTESIAN_POINT('',(4.7,1.2,11.002525627));
#204 = CARTESIAN_POINT('',(4.7,1.2,9.902525627));
#205 = CARTESIAN_POINT('',(4.7,-1.607657355937E-15,11.002525627));
#206 = CARTESIAN_POINT('',(4.7,-1.607657355937E-15,9.902525627));
#207 = ADVANCED_FACE('',(#208),#270,.T.);
#208 = FACE_BOUND('',#209,.T.);
#209 = EDGE_LOOP('',(#210,#218,#225,#235,#242,#250,#257,#265));
#210 = ORIENTED_EDGE('',*,*,#211,.T.);
#211 = EDGE_CURVE('',#212,#80,#214,.T.);
#212 = VERTEX_POINT('',#213);
#213 = CARTESIAN_POINT('',(0.932300369129,0.755523673833,11.002525627));
#214 = ( BOUNDED_CURVE() B_SPLINE_CURVE(2,(#215,#216,#217),
.UNSPECIFIED.,.F.,.F.) B_SPLINE_CURVE_WITH_KNOTS((3,3),(5.602143116371,
6.28318530718),.PIECEWISE_BEZIER_KNOTS.) CURVE() 
GEOMETRIC_REPRESENTATION_ITEM() RATIONAL_B_SPLINE_CURVE((1.,
0.942580758947,1.)) REPRESENTATION_ITEM('') );
#215 = CARTESIAN_POINT('',(0.932300369129,0.755523673833,11.002525627));
#216 = CARTESIAN_POINT('',(1.2,0.425187943371,11.002525627));
#217 = CARTESIAN_POINT('',(1.2,5.078745171466E-15,11.002525627));
#218 = ORIENTED_EDGE('',*,*,#219,.T.);
#219 = EDGE_CURVE('',#80,#220,#222,.T.);
#220 = VERTEX_POINT('',#221);
#221 = CARTESIAN_POINT('',(1.2,6.68531141008E-16,9.902525627));
#222 = B_SPLINE_CURVE_WITH_KNOTS('',1,(#223,#224),.UNSPECIFIED.,.F.,.F.,
  (2,2),(1.E-01,1.2),.PIECEWISE_BEZIER_KNOTS.);
#223 = CARTESIAN_POINT('',(1.2,6.68531141008E-16,11.002525627));
#224 = CARTESIAN_POINT('',(1.2,6.68531141008E-16,9.902525627));
#225 = ORIENTED_EDGE('',*,*,#226,.T.);
#226 = EDGE_CURVE('',#220,#227,#229,.T.);
#227 = VERTEX_POINT('',#228);
#228 = CARTESIAN_POINT('',(-1.2,5.215735251104E-16,9.902525627));
#229 = ( BOUNDED_CURVE() B_SPLINE_CURVE(2,(#230,#231,#232,#233,#234),
.UNSPECIFIED.,.F.,.F.) B_SPLINE_CURVE_WITH_KNOTS((3,2,3),(0.,
1.570796326795,3.14159265359),.PIECEWISE_BEZIER_KNOTS.) CURVE() 
GEOMETRIC_REPRESENTATION_ITEM() RATIONAL_B_SPLINE_CURVE((1.,
0.707106781187,1.,0.707106781187,1.)) REPRESENTATION_ITEM('') );
#230 = CARTESIAN_POINT('',(1.2,5.215735251104E-16,9.902525627));
#231 = CARTESIAN_POINT('',(1.2,1.2,9.902525627));
#232 = CARTESIAN_POINT('',(-3.393853793336E-16,1.2,9.902525627));
#233 = CARTESIAN_POINT('',(-1.2,1.2,9.902525627));
#234 = CARTESIAN_POINT('',(-1.2,6.68531141008E-16,9.902525627));
#235 = ORIENTED_EDGE('',*,*,#236,.F.);
#236 = EDGE_CURVE('',#237,#227,#239,.T.);
#237 = VERTEX_POINT('',#238);
#238 = CARTESIAN_POINT('',(-1.2,5.215735251104E-16,11.002525627));
#239 = B_SPLINE_CURVE_WITH_KNOTS('',1,(#240,#241),.UNSPECIFIED.,.F.,.F.,
  (2,2),(1.E-01,1.2),.PIECEWISE_BEZIER_KNOTS.);
#240 = CARTESIAN_POINT('',(-1.2,5.215735251104E-16,11.002525627));
#241 = CARTESIAN_POINT('',(-1.2,5.215735251104E-16,9.902525627));
#242 = ORIENTED_EDGE('',*,*,#243,.T.);
#243 = EDGE_CURVE('',#237,#244,#246,.T.);
#244 = VERTEX_POINT('',#245);
#245 = CARTESIAN_POINT('',(0.755523673833,0.932300369129,11.002525627));
#246 = ( BOUNDED_CURVE() B_SPLINE_CURVE(2,(#247,#248,#249),
.UNSPECIFIED.,.F.,.F.) B_SPLINE_CURVE_WITH_KNOTS((3,3),(3.14159265359,
5.393431171194),.PIECEWISE_BEZIER_KNOTS.) CURVE() 
GEOMETRIC_REPRESENTATION_ITEM() RATIONAL_B_SPLINE_CURVE((1.,
0.430346917308,1.)) REPRESENTATION_ITEM('') );
#247 = CARTESIAN_POINT('',(-1.2,3.746159092127E-16,11.002525627));
#248 = CARTESIAN_POINT('',(-1.2,2.517030440298,11.002525627));
#249 = CARTESIAN_POINT('',(0.755523673833,0.932300369129,11.002525627));
#250 = ORIENTED_EDGE('',*,*,#251,.T.);
#251 = EDGE_CURVE('',#244,#252,#254,.T.);
#252 = VERTEX_POINT('',#253);
#253 = CARTESIAN_POINT('',(0.755523673833,0.932300369129,10.302525627));
#254 = B_SPLINE_CURVE_WITH_KNOTS('',1,(#255,#256),.UNSPECIFIED.,.F.,.F.,
  (2,2),(1.E-01,0.8),.PIECEWISE_BEZIER_KNOTS.);
#255 = CARTESIAN_POINT('',(0.755523673833,0.932300369129,11.002525627));
#256 = CARTESIAN_POINT('',(0.755523673833,0.932300369129,10.302525627));
#257 = ORIENTED_EDGE('',*,*,#258,.F.);
#258 = EDGE_CURVE('',#259,#252,#261,.T.);
#259 = VERTEX_POINT('',#260);
#260 = CARTESIAN_POINT('',(0.932300369129,0.755523673833,10.302525627));
#261 = ( BOUNDED_CURVE() B_SPLINE_CURVE(2,(#262,#263,#264),
.UNSPECIFIED.,.F.,.F.) B_SPLINE_CURVE_WITH_KNOTS((3,3),(0.681042190809,
0.889754135986),.PIECEWISE_BEZIER_KNOTS.) CURVE() 
GEOMETRIC_REPRESENTATION_ITEM() RATIONAL_B_SPLINE_CURVE((1.,
0.99455985519,1.)) REPRESENTATION_ITEM('') );
#262 = CARTESIAN_POINT('',(0.932300369129,0.755523673833,10.302525627));
#263 = CARTESIAN_POINT('',(0.853169503068,0.853169503068,10.302525627));
#264 = CARTESIAN_POINT('',(0.755523673833,0.932300369129,10.302525627));
#265 = ORIENTED_EDGE('',*,*,#266,.T.);
#266 = EDGE_CURVE('',#259,#212,#267,.T.);
#267 = B_SPLINE_CURVE_WITH_KNOTS('',1,(#268,#269),.UNSPECIFIED.,.F.,.F.,
  (2,2),(-0.8,-1.E-01),.PIECEWISE_BEZIER_KNOTS.);
#268 = CARTESIAN_POINT('',(0.932300369129,0.755523673833,10.302525627));
#269 = CARTESIAN_POINT('',(0.932300369129,0.755523673833,11.002525627));
#270 = ( BOUNDED_SURFACE() B_SPLINE_SURFACE(2,1,(
    (#271,#272)
    ,(#273,#274)
    ,(#275,#276)
    ,(#277,#278)
,(#279,#280
    )),.UNSPECIFIED.,.F.,.F.,.F.) B_SPLINE_SURFACE_WITH_KNOTS((3,2,3),(2
    ,2),(0.,1.570796326795,3.14159265359),(1.E-01,1.2),
.PIECEWISE_BEZIER_KNOTS.) GEOMETRIC_REPRESENTATION_ITEM() 
RATIONAL_B_SPLINE_SURFACE((
    (1.,1.)
    ,(0.707106781187,0.707106781187)
    ,(1.,1.)
    ,(0.707106781187,0.707106781187)
,(1.,1.))) REPRESENTATION_ITEM('') SURFACE() );
#271 = CARTESIAN_POINT('',(-1.2,5.215735251104E-16,11.002525627));
#272 = CARTESIAN_POINT('',(-1.2,5.215735251104E-16,9.902525627));
#273 = CARTESIAN_POINT('',(-1.2,1.2,11.002525627));
#274 = CARTESIAN_POINT('',(-1.2,1.2,9.902525627));
#275 = CARTESIAN_POINT('',(-4.863429952313E-16,1.2,11.002525627));
#276 = CARTESIAN_POINT('',(-4.863429952313E-16,1.2,9.902525627));
#277 = CARTESIAN_POINT('',(1.2,1.2,11.002525627));
#278 = CARTESIAN_POINT('',(1.2,1.2,9.902525627));
#279 = CARTESIAN_POINT('',(1.2,6.68531141008E-16,11.002525627));
#280 = CARTESIAN_POINT('',(1.2,6.68531141008E-16,9.902525627));
#281 = ADVANCED_FACE('',(#282),#320,.T.);
#282 = FACE_BOUND('',#283,.T.);
#283 = EDGE_LOOP('',(#284,#296,#304,#314));
#284 = ORIENTED_EDGE('',*,*,#285,.F.);
#285 = EDGE_CURVE('',#286,#288,#290,.T.);
#286 = VERTEX_POINT('',#287);
#287 = CARTESIAN_POINT('',(3.9,-0.15,0.102525627));
#288 = VERTEX_POINT('',#289);
#289 = CARTESIAN_POINT('',(3.1,-0.15,0.102525627));
#290 = ( BOUNDED_CURVE() B_SPLINE_CURVE(2,(#291,#292,#293,#294,#295),
.UNSPECIFIED.,.F.,.F.) B_SPLINE_CURVE_WITH_KNOTS((3,2,3),(3.14159265359,
4.712388980385,6.28318530718),.PIECEWISE_BEZIER_KNOTS.) CURVE() 
GEOMETRIC_REPRESENTATION_ITEM() RATIONAL_B_SPLINE_CURVE((1.,
0.707106781187,1.,0.707106781187,1.)) REPRESENTATION_ITEM('') );
#291 = CARTESIAN_POINT('',(3.9,-0.15,0.102525627));
#292 = CARTESIAN_POINT('',(3.9,0.25,0.102525627));
#293 = CARTESIAN_POINT('',(3.5,0.25,0.102525627));
#294 = CARTESIAN_POINT('',(3.1,0.25,0.102525627));
#295 = CARTESIAN_POINT('',(3.1,-0.15,0.102525627));
#296 = ORIENTED_EDGE('',*,*,#297,.T.);
#297 = EDGE_CURVE('',#286,#298,#300,.T.);
#298 = VERTEX_POINT('',#299);
#299 = CARTESIAN_POINT('',(3.8,-0.15,2.525626999679E-03));
#300 = ( BOUNDED_CURVE() B_SPLINE_CURVE(2,(#301,#302,#303),
.UNSPECIFIED.,.F.,.F.) B_SPLINE_CURVE_WITH_KNOTS((3,3),(3.14159265359,
4.712388980385),.PIECEWISE_BEZIER_KNOTS.) CURVE() 
GEOMETRIC_REPRESENTATION_ITEM() RATIONAL_B_SPLINE_CURVE((1.,
0.707106781187,1.)) REPRESENTATION_ITEM('') );
#301 = CARTESIAN_POINT('',(3.9,-0.15,0.102525627));
#302 = CARTESIAN_POINT('',(3.9,-0.15,2.525626999679E-03));
#303 = CARTESIAN_POINT('',(3.8,-0.15,2.525626999679E-03));
#304 = ORIENTED_EDGE('',*,*,#305,.F.);
#305 = EDGE_CURVE('',#306,#298,#308,.T.);
#306 = VERTEX_POINT('',#307);
#307 = CARTESIAN_POINT('',(3.2,-0.15,2.525626999679E-03));
#308 = ( BOUNDED_CURVE() B_SPLINE_CURVE(2,(#309,#310,#311,#312,#313),
.UNSPECIFIED.,.F.,.F.) B_SPLINE_CURVE_WITH_KNOTS((3,2,3),(0.,
1.570796326795,3.14159265359),.PIECEWISE_BEZIER_KNOTS.) CURVE() 
GEOMETRIC_REPRESENTATION_ITEM() RATIONAL_B_SPLINE_CURVE((1.,
0.707106781187,1.,0.707106781187,1.)) REPRESENTATION_ITEM('') );
#309 = CARTESIAN_POINT('',(3.2,-0.15,2.525626999679E-03));
#310 = CARTESIAN_POINT('',(3.2,0.15,2.525626999679E-03));
#311 = CARTESIAN_POINT('',(3.5,0.15,2.525626999679E-03));
#312 = CARTESIAN_POINT('',(3.8,0.15,2.525626999679E-03));
#313 = CARTESIAN_POINT('',(3.8,-0.15,2.525626999679E-03));
#314 = ORIENTED_EDGE('',*,*,#315,.F.);
#315 = EDGE_CURVE('',#288,#306,#316,.T.);
#316 = ( BOUNDED_CURVE() B_SPLINE_CURVE(2,(#317,#318,#319),
.UNSPECIFIED.,.F.,.F.) B_SPLINE_CURVE_WITH_KNOTS((3,3),(4.712388980385,
6.28318530718),.PIECEWISE_BEZIER_KNOTS.) CURVE() 
GEOMETRIC_REPRESENTATION_ITEM() RATIONAL_B_SPLINE_CURVE((1.,
0.707106781187,1.)) REPRESENTATION_ITEM('') );
#317 = CARTESIAN_POINT('',(3.1,-0.15,0.102525627));
#318 = CARTESIAN_POINT('',(3.1,-0.15,2.525626999679E-03));
#319 = CARTESIAN_POINT('',(3.2,-0.15,2.525626999679E-03));
#320 = ( BOUNDED_SURFACE() B_SPLINE_SURFACE(2,2,(
    (#321,#322,#323)
    ,(#324,#325,#326)
    ,(#327,#328,#329)
    ,(#330,#331,#332)
    ,(#333,#334,#335
)),.UNSPECIFIED.,.F.,.F.,.F.) B_SPLINE_SURFACE_WITH_KNOTS((3,2,3),(3,3),
  (0.,1.570796326795,3.14159265359),(0.,1.570796326795),
.PIECEWISE_BEZIER_KNOTS.) GEOMETRIC_REPRESENTATION_ITEM() 
RATIONAL_B_SPLINE_SURFACE((
    (1.,0.707106781187,1.)
    ,(0.707106781187,0.5,0.707106781187)
    ,(1.,0.707106781187,1.)
    ,(0.707106781187,0.5,0.707106781187)
,(1.,0.707106781187,1.))) REPRESENTATION_ITEM('') SURFACE() );
#321 = CARTESIAN_POINT('',(3.1,-0.15,0.102525627));
#322 = CARTESIAN_POINT('',(3.1,-0.15,2.525626999678E-03));
#323 = CARTESIAN_POINT('',(3.2,-0.15,2.525626999678E-03));
#324 = CARTESIAN_POINT('',(3.1,0.25,0.102525627));
#325 = CARTESIAN_POINT('',(3.1,0.25,2.525626999678E-03));
#326 = CARTESIAN_POINT('',(3.2,0.15,2.525626999678E-03));
#327 = CARTESIAN_POINT('',(3.5,0.25,0.102525627));
#328 = CARTESIAN_POINT('',(3.5,0.25,2.525626999678E-03));
#329 = CARTESIAN_POINT('',(3.5,0.15,2.525626999678E-03));
#330 = CARTESIAN_POINT('',(3.9,0.25,0.102525627));
#331 = CARTESIAN_POINT('',(3.9,0.25,2.525626999678E-03));
#332 = CARTESIAN_POINT('',(3.8,0.15,2.525626999678E-03));
#333 = CARTESIAN_POINT('',(3.9,-0.15,0.102525627));
#334 = CARTESIAN_POINT('',(3.9,-0.15,2.525626999678E-03));
#335 = CARTESIAN_POINT('',(3.8,-0.15,2.525626999678E-03));
#336 = ADVANCED_FACE('',(#337),#375,.T.);
#337 = FACE_BOUND('',#338,.T.);
#338 = EDGE_LOOP('',(#339,#351,#359,#369));
#339 = ORIENTED_EDGE('',*,*,#340,.F.);
#340 = EDGE_CURVE('',#341,#343,#345,.T.);
#341 = VERTEX_POINT('',#342);
#342 = CARTESIAN_POINT('',(0.4,-0.15,0.102525627));
#343 = VERTEX_POINT('',#344);
#344 = CARTESIAN_POINT('',(-0.4,-0.15,0.102525627));
#345 = ( BOUNDED_CURVE() B_SPLINE_CURVE(2,(#346,#347,#348,#349,#350),
.UNSPECIFIED.,.F.,.F.) B_SPLINE_CURVE_WITH_KNOTS((3,2,3),(3.14159265359,
4.712388980385,6.28318530718),.PIECEWISE_BEZIER_KNOTS.) CURVE() 
GEOMETRIC_REPRESENTATION_ITEM() RATIONAL_B_SPLINE_CURVE((1.,
0.707106781187,1.,0.707106781187,1.)) REPRESENTATION_ITEM('') );
#346 = CARTESIAN_POINT('',(0.4,-0.15,0.102525627));
#347 = CARTESIAN_POINT('',(0.4,0.25,0.102525627));
#348 = CARTESIAN_POINT('',(1.395338096643E-15,0.25,0.102525627));
#349 = CARTESIAN_POINT('',(-0.4,0.25,0.102525627));
#350 = CARTESIAN_POINT('',(-0.4,-0.15,0.102525627));
#351 = ORIENTED_EDGE('',*,*,#352,.T.);
#352 = EDGE_CURVE('',#341,#353,#355,.T.);
#353 = VERTEX_POINT('',#354);
#354 = CARTESIAN_POINT('',(0.3,-0.15,2.525626999679E-03));
#355 = ( BOUNDED_CURVE() B_SPLINE_CURVE(2,(#356,#357,#358),
.UNSPECIFIED.,.F.,.F.) B_SPLINE_CURVE_WITH_KNOTS((3,3),(3.14159265359,
4.712388980385),.PIECEWISE_BEZIER_KNOTS.) CURVE() 
GEOMETRIC_REPRESENTATION_ITEM() RATIONAL_B_SPLINE_CURVE((1.,
0.707106781187,1.)) REPRESENTATION_ITEM('') );
#356 = CARTESIAN_POINT('',(0.4,-0.15,0.102525627));
#357 = CARTESIAN_POINT('',(0.4,-0.15,2.525626999678E-03));
#358 = CARTESIAN_POINT('',(0.3,-0.15,2.525626999678E-03));
#359 = ORIENTED_EDGE('',*,*,#360,.F.);
#360 = EDGE_CURVE('',#361,#353,#363,.T.);
#361 = VERTEX_POINT('',#362);
#362 = CARTESIAN_POINT('',(-0.3,-0.15,2.525626999679E-03));
#363 = ( BOUNDED_CURVE() B_SPLINE_CURVE(2,(#364,#365,#366,#367,#368),
.UNSPECIFIED.,.F.,.F.) B_SPLINE_CURVE_WITH_KNOTS((3,2,3),(0.,
1.570796326795,3.14159265359),.PIECEWISE_BEZIER_KNOTS.) CURVE() 
GEOMETRIC_REPRESENTATION_ITEM() RATIONAL_B_SPLINE_CURVE((1.,
0.707106781187,1.,0.707106781187,1.)) REPRESENTATION_ITEM('') );
#364 = CARTESIAN_POINT('',(-0.3,-0.15,2.525626999679E-03));
#365 = CARTESIAN_POINT('',(-0.3,0.15,2.525626999679E-03));
#366 = CARTESIAN_POINT('',(1.303489586707E-15,0.15,2.525626999679E-03));
#367 = CARTESIAN_POINT('',(0.3,0.15,2.525626999679E-03));
#368 = CARTESIAN_POINT('',(0.3,-0.15,2.525626999679E-03));
#369 = ORIENTED_EDGE('',*,*,#370,.F.);
#370 = EDGE_CURVE('',#343,#361,#371,.T.);
#371 = ( BOUNDED_CURVE() B_SPLINE_CURVE(2,(#372,#373,#374),
.UNSPECIFIED.,.F.,.F.) B_SPLINE_CURVE_WITH_KNOTS((3,3),(4.712388980385,
6.28318530718),.PIECEWISE_BEZIER_KNOTS.) CURVE() 
GEOMETRIC_REPRESENTATION_ITEM() RATIONAL_B_SPLINE_CURVE((1.,
0.707106781187,1.)) REPRESENTATION_ITEM('') );
#372 = CARTESIAN_POINT('',(-0.4,-0.15,0.102525627));
#373 = CARTESIAN_POINT('',(-0.4,-0.15,2.525626999679E-03));
#374 = CARTESIAN_POINT('',(-0.3,-0.15,2.525626999679E-03));
#375 = ( BOUNDED_SURFACE() B_SPLINE_SURFACE(2,2,(
    (#376,#377,#378)
    ,(#379,#380,#381)
    ,(#382,#383,#384)
    ,(#385,#386,#387)
    ,(#388,#389,#390
)),.UNSPECIFIED.,.F.,.F.,.F.) B_SPLINE_SURFACE_WITH_KNOTS((3,2,3),(3,3),
  (0.,1.570796326795,3.14159265359),(0.,1.570796326795),
.PIECEWISE_BEZIER_KNOTS.) GEOMETRIC_REPRESENTATION_ITEM() 
RATIONAL_B_SPLINE_SURFACE((
    (1.,0.707106781187,1.)
    ,(0.707106781187,0.5,0.707106781187)
    ,(1.,0.707106781187,1.)
    ,(0.707106781187,0.5,0.707106781187)
,(1.,0.707106781187,1.))) REPRESENTATION_ITEM('') SURFACE() );
#376 = CARTESIAN_POINT('',(-0.4,-0.15,0.102525627));
#377 = CARTESIAN_POINT('',(-0.4,-0.15,2.525626999678E-03));
#378 = CARTESIAN_POINT('',(-0.3,-0.15,2.525626999678E-03));
#379 = CARTESIAN_POINT('',(-0.4,0.25,0.102525627));
#380 = CARTESIAN_POINT('',(-0.4,0.25,2.525626999678E-03));
#381 = CARTESIAN_POINT('',(-0.3,0.15,2.525626999678E-03));
#382 = CARTESIAN_POINT('',(1.297366352711E-15,0.25,0.102525627));
#383 = CARTESIAN_POINT('',(1.297366352711E-15,0.25,2.525626999678E-03));
#384 = CARTESIAN_POINT('',(1.303489586707E-15,0.15,2.525626999678E-03));
#385 = CARTESIAN_POINT('',(0.4,0.25,0.102525627));
#386 = CARTESIAN_POINT('',(0.4,0.25,2.525626999678E-03));
#387 = CARTESIAN_POINT('',(0.3,0.15,2.525626999678E-03));
#388 = CARTESIAN_POINT('',(0.4,-0.15,0.102525627));
#389 = CARTESIAN_POINT('',(0.4,-0.15,2.525626999678E-03));
#390 = CARTESIAN_POINT('',(0.3,-0.15,2.525626999678E-03));
#391 = ADVANCED_FACE('',(#392),#417,.T.);
#392 = FACE_BOUND('',#393,.T.);
#393 = EDGE_LOOP('',(#394,#395,#402,#412));
#394 = ORIENTED_EDGE('',*,*,#285,.T.);
#395 = ORIENTED_EDGE('',*,*,#396,.T.);
#396 = EDGE_CURVE('',#288,#397,#399,.T.);
#397 = VERTEX_POINT('',#398);
#398 = CARTESIAN_POINT('',(3.1,-0.15,4.302525627));
#399 = B_SPLINE_CURVE_WITH_KNOTS('',1,(#400,#401),.UNSPECIFIED.,.F.,.F.,
  (2,2),(4.731370849898,8.931370849898),.PIECEWISE_BEZIER_KNOTS.);
#400 = CARTESIAN_POINT('',(3.1,-0.15,0.102525627));
#401 = CARTESIAN_POINT('',(3.1,-0.15,4.302525627));
#402 = ORIENTED_EDGE('',*,*,#403,.T.);
#403 = EDGE_CURVE('',#397,#404,#406,.T.);
#404 = VERTEX_POINT('',#405);
#405 = CARTESIAN_POINT('',(3.9,-0.15,4.302525627));
#406 = ( BOUNDED_CURVE() B_SPLINE_CURVE(2,(#407,#408,#409,#410,#411),
.UNSPECIFIED.,.F.,.F.) B_SPLINE_CURVE_WITH_KNOTS((3,2,3),(3.14159265359,
4.712388980385,6.28318530718),.PIECEWISE_BEZIER_KNOTS.) CURVE() 
GEOMETRIC_REPRESENTATION_ITEM() RATIONAL_B_SPLINE_CURVE((1.,
0.707106781187,1.,0.707106781187,1.)) REPRESENTATION_ITEM('') );
#407 = CARTESIAN_POINT('',(3.1,-0.15,4.302525627));
#408 = CARTESIAN_POINT('',(3.1,0.25,4.302525627));
#409 = CARTESIAN_POINT('',(3.5,0.25,4.302525627));
#410 = CARTESIAN_POINT('',(3.9,0.25,4.302525627));
#411 = CARTESIAN_POINT('',(3.9,-0.15,4.302525627));
#412 = ORIENTED_EDGE('',*,*,#413,.F.);
#413 = EDGE_CURVE('',#286,#404,#414,.T.);
#414 = B_SPLINE_CURVE_WITH_KNOTS('',1,(#415,#416),.UNSPECIFIED.,.F.,.F.,
  (2,2),(4.731370849898,8.931370849898),.PIECEWISE_BEZIER_KNOTS.);
#415 = CARTESIAN_POINT('',(3.9,-0.15,0.102525627));
#416 = CARTESIAN_POINT('',(3.9,-0.15,4.302525627));
#417 = ( BOUNDED_SURFACE() B_SPLINE_SURFACE(2,1,(
    (#418,#419)
    ,(#420,#421)
    ,(#422,#423)
    ,(#424,#425)
,(#426,#427
    )),.UNSPECIFIED.,.F.,.F.,.F.) B_SPLINE_SURFACE_WITH_KNOTS((3,2,3),(2
    ,2),(0.,1.570796326795,3.14159265359),(4.731370849898,8.931370849898
),.PIECEWISE_BEZIER_KNOTS.) GEOMETRIC_REPRESENTATION_ITEM() 
RATIONAL_B_SPLINE_SURFACE((
    (1.,1.)
    ,(0.707106781187,0.707106781187)
    ,(1.,1.)
    ,(0.707106781187,0.707106781187)
,(1.,1.))) REPRESENTATION_ITEM('') SURFACE() );
#418 = CARTESIAN_POINT('',(3.9,-0.15,0.102525627));
#419 = CARTESIAN_POINT('',(3.9,-0.15,4.302525627));
#420 = CARTESIAN_POINT('',(3.9,0.25,0.102525627));
#421 = CARTESIAN_POINT('',(3.9,0.25,4.302525627));
#422 = CARTESIAN_POINT('',(3.5,0.25,0.102525627));
#423 = CARTESIAN_POINT('',(3.5,0.25,4.302525627));
#424 = CARTESIAN_POINT('',(3.1,0.25,0.102525627));
#425 = CARTESIAN_POINT('',(3.1,0.25,4.302525627));
#426 = CARTESIAN_POINT('',(3.1,-0.15,0.102525627));
#427 = CARTESIAN_POINT('',(3.1,-0.15,4.302525627));
#428 = ADVANCED_FACE('',(#429),#454,.T.);
#429 = FACE_BOUND('',#430,.T.);
#430 = EDGE_LOOP('',(#431,#432,#439,#449));
#431 = ORIENTED_EDGE('',*,*,#340,.T.);
#432 = ORIENTED_EDGE('',*,*,#433,.T.);
#433 = EDGE_CURVE('',#343,#434,#436,.T.);
#434 = VERTEX_POINT('',#435);
#435 = CARTESIAN_POINT('',(-0.4,-0.15,4.302525627));
#436 = B_SPLINE_CURVE_WITH_KNOTS('',1,(#437,#438),.UNSPECIFIED.,.F.,.F.,
  (2,2),(4.731370849898,8.931370849898),.PIECEWISE_BEZIER_KNOTS.);
#437 = CARTESIAN_POINT('',(-0.4,-0.15,0.102525627));
#438 = CARTESIAN_POINT('',(-0.4,-0.15,4.302525627));
#439 = ORIENTED_EDGE('',*,*,#440,.T.);
#440 = EDGE_CURVE('',#434,#441,#443,.T.);
#441 = VERTEX_POINT('',#442);
#442 = CARTESIAN_POINT('',(0.4,-0.15,4.302525627));
#443 = ( BOUNDED_CURVE() B_SPLINE_CURVE(2,(#444,#445,#446,#447,#448),
.UNSPECIFIED.,.F.,.F.) B_SPLINE_CURVE_WITH_KNOTS((3,2,3),(3.14159265359,
4.712388980385,6.28318530718),.PIECEWISE_BEZIER_KNOTS.) CURVE() 
GEOMETRIC_REPRESENTATION_ITEM() RATIONAL_B_SPLINE_CURVE((1.,
0.707106781187,1.,0.707106781187,1.)) REPRESENTATION_ITEM('') );
#444 = CARTESIAN_POINT('',(-0.4,-0.15,4.302525627));
#445 = CARTESIAN_POINT('',(-0.4,0.25,4.302525627));
#446 = CARTESIAN_POINT('',(1.248380480745E-15,0.25,4.302525627));
#447 = CARTESIAN_POINT('',(0.4,0.25,4.302525627));
#448 = CARTESIAN_POINT('',(0.4,-0.15,4.302525627));
#449 = ORIENTED_EDGE('',*,*,#450,.F.);
#450 = EDGE_CURVE('',#341,#441,#451,.T.);
#451 = B_SPLINE_CURVE_WITH_KNOTS('',1,(#452,#453),.UNSPECIFIED.,.F.,.F.,
  (2,2),(4.731370849898,8.931370849898),.PIECEWISE_BEZIER_KNOTS.);
#452 = CARTESIAN_POINT('',(0.4,-0.15,0.102525627));
#453 = CARTESIAN_POINT('',(0.4,-0.15,4.302525627));
#454 = ( BOUNDED_SURFACE() B_SPLINE_SURFACE(2,1,(
    (#455,#456)
    ,(#457,#458)
    ,(#459,#460)
    ,(#461,#462)
,(#463,#464
    )),.UNSPECIFIED.,.F.,.F.,.F.) B_SPLINE_SURFACE_WITH_KNOTS((3,2,3),(2
    ,2),(0.,1.570796326795,3.14159265359),(4.731370849898,8.931370849898
),.PIECEWISE_BEZIER_KNOTS.) GEOMETRIC_REPRESENTATION_ITEM() 
RATIONAL_B_SPLINE_SURFACE((
    (1.,1.)
    ,(0.707106781187,0.707106781187)
    ,(1.,1.)
    ,(0.707106781187,0.707106781187)
,(1.,1.))) REPRESENTATION_ITEM('') SURFACE() );
#455 = CARTESIAN_POINT('',(0.4,-0.15,0.102525627));
#456 = CARTESIAN_POINT('',(0.4,-0.15,4.302525627));
#457 = CARTESIAN_POINT('',(0.4,0.25,0.102525627));
#458 = CARTESIAN_POINT('',(0.4,0.25,4.302525627));
#459 = CARTESIAN_POINT('',(1.346352224677E-15,0.25,0.102525627));
#460 = CARTESIAN_POINT('',(1.346352224677E-15,0.25,4.302525627));
#461 = CARTESIAN_POINT('',(-0.4,0.25,0.102525627));
#462 = CARTESIAN_POINT('',(-0.4,0.25,4.302525627));
#463 = CARTESIAN_POINT('',(-0.4,-0.15,0.102525627));
#464 = CARTESIAN_POINT('',(-0.4,-0.15,4.302525627));
#465 = ADVANCED_FACE('',(#466),#502,.F.);
#466 = FACE_BOUND('',#467,.F.);
#467 = EDGE_LOOP('',(#468,#477,#487,#494));
#468 = ORIENTED_EDGE('',*,*,#469,.T.);
#469 = EDGE_CURVE('',#470,#472,#474,.T.);
#470 = VERTEX_POINT('',#471);
#471 = CARTESIAN_POINT('',(3.5,-0.9,6.352525627));
#472 = VERTEX_POINT('',#473);
#473 = CARTESIAN_POINT('',(3.5,0.6,6.352525627));
#474 = B_SPLINE_CURVE_WITH_KNOTS('',1,(#475,#476),.UNSPECIFIED.,.F.,.F.,
  (2,2),(0.,1.5),.PIECEWISE_BEZIER_KNOTS.);
#475 = CARTESIAN_POINT('',(3.5,-0.9,6.352525627));
#476 = CARTESIAN_POINT('',(3.5,0.6,6.352525627));
#477 = ORIENTED_EDGE('',*,*,#478,.T.);
#478 = EDGE_CURVE('',#472,#479,#481,.T.);
#479 = VERTEX_POINT('',#480);
#480 = CARTESIAN_POINT('',(3.5,0.6,4.552525627));
#481 = ( BOUNDED_CURVE() B_SPLINE_CURVE(2,(#482,#483,#484,#485,#486),
.UNSPECIFIED.,.F.,.F.) B_SPLINE_CURVE_WITH_KNOTS((3,2,3),(3.14159265359,
4.712388980385,6.28318530718),.PIECEWISE_BEZIER_KNOTS.) CURVE() 
GEOMETRIC_REPRESENTATION_ITEM() RATIONAL_B_SPLINE_CURVE((1.,
0.707106781187,1.,0.707106781187,1.)) REPRESENTATION_ITEM('') );
#482 = CARTESIAN_POINT('',(3.5,0.6,6.352525627));
#483 = CARTESIAN_POINT('',(2.6,0.6,6.352525627));
#484 = CARTESIAN_POINT('',(2.6,0.6,5.452525627));
#485 = CARTESIAN_POINT('',(2.6,0.6,4.552525627));
#486 = CARTESIAN_POINT('',(3.5,0.6,4.552525627));
#487 = ORIENTED_EDGE('',*,*,#488,.F.);
#488 = EDGE_CURVE('',#489,#479,#491,.T.);
#489 = VERTEX_POINT('',#490);
#490 = CARTESIAN_POINT('',(3.5,-0.9,4.552525627));
#491 = B_SPLINE_CURVE_WITH_KNOTS('',1,(#492,#493),.UNSPECIFIED.,.F.,.F.,
  (2,2),(0.,1.5),.PIECEWISE_BEZIER_KNOTS.);
#492 = CARTESIAN_POINT('',(3.5,-0.9,4.552525627));
#493 = CARTESIAN_POINT('',(3.5,0.6,4.552525627));
#494 = ORIENTED_EDGE('',*,*,#495,.F.);
#495 = EDGE_CURVE('',#470,#489,#496,.T.);
#496 = ( BOUNDED_CURVE() B_SPLINE_CURVE(2,(#497,#498,#499,#500,#501),
.UNSPECIFIED.,.F.,.F.) B_SPLINE_CURVE_WITH_KNOTS((3,2,3),(3.14159265359,
4.712388980385,6.28318530718),.PIECEWISE_BEZIER_KNOTS.) CURVE() 
GEOMETRIC_REPRESENTATION_ITEM() RATIONAL_B_SPLINE_CURVE((1.,
0.707106781187,1.,0.707106781187,1.)) REPRESENTATION_ITEM('') );
#497 = CARTESIAN_POINT('',(3.5,-0.9,6.352525627));
#498 = CARTESIAN_POINT('',(2.6,-0.9,6.352525627));
#499 = CARTESIAN_POINT('',(2.6,-0.9,5.452525627));
#500 = CARTESIAN_POINT('',(2.6,-0.9,4.552525627));
#501 = CARTESIAN_POINT('',(3.5,-0.9,4.552525627));
#502 = ( BOUNDED_SURFACE() B_SPLINE_SURFACE(2,1,(
    (#503,#504)
    ,(#505,#506)
    ,(#507,#508)
    ,(#509,#510)
,(#511,#512
    )),.UNSPECIFIED.,.F.,.F.,.F.) B_SPLINE_SURFACE_WITH_KNOTS((3,2,3),(2
    ,2),(3.14159265359,4.712388980385,6.28318530718),(0.,1.5),
.PIECEWISE_BEZIER_KNOTS.) GEOMETRIC_REPRESENTATION_ITEM() 
RATIONAL_B_SPLINE_SURFACE((
    (1.,1.)
    ,(0.707106781187,0.707106781187)
    ,(1.,1.)
    ,(0.707106781187,0.707106781187)
,(1.,1.))) REPRESENTATION_ITEM('') SURFACE() );
#503 = CARTESIAN_POINT('',(3.5,-0.9,4.552525627));
#504 = CARTESIAN_POINT('',(3.5,0.6,4.552525627));
#505 = CARTESIAN_POINT('',(2.6,-0.9,4.552525627));
#506 = CARTESIAN_POINT('',(2.6,0.6,4.552525627));
#507 = CARTESIAN_POINT('',(2.6,-0.9,5.452525627));
#508 = CARTESIAN_POINT('',(2.6,0.6,5.452525627));
#509 = CARTESIAN_POINT('',(2.6,-0.9,6.352525627));
#510 = CARTESIAN_POINT('',(2.6,0.6,6.352525627));
#511 = CARTESIAN_POINT('',(3.5,-0.9,6.352525627));
#512 = CARTESIAN_POINT('',(3.5,0.6,6.352525627));
#513 = ADVANCED_FACE('',(#514),#550,.F.);
#514 = FACE_BOUND('',#515,.F.);
#515 = EDGE_LOOP('',(#516,#525,#535,#542));
#516 = ORIENTED_EDGE('',*,*,#517,.T.);
#517 = EDGE_CURVE('',#518,#520,#522,.T.);
#518 = VERTEX_POINT('',#519);
#519 = CARTESIAN_POINT('',(2.081668171172E-17,-0.9,6.352525627));
#520 = VERTEX_POINT('',#521);
#521 = CARTESIAN_POINT('',(2.081668171172E-17,0.6,6.352525627));
#522 = B_SPLINE_CURVE_WITH_KNOTS('',1,(#523,#524),.UNSPECIFIED.,.F.,.F.,
  (2,2),(0.,1.5),.PIECEWISE_BEZIER_KNOTS.);
#523 = CARTESIAN_POINT('',(2.081668171172E-17,-0.9,6.352525627));
#524 = CARTESIAN_POINT('',(2.081668171172E-17,0.6,6.352525627));
#525 = ORIENTED_EDGE('',*,*,#526,.T.);
#526 = EDGE_CURVE('',#520,#527,#529,.T.);
#527 = VERTEX_POINT('',#528);
#528 = CARTESIAN_POINT('',(1.31034893635E-16,0.6,4.552525627));
#529 = ( BOUNDED_CURVE() B_SPLINE_CURVE(2,(#530,#531,#532,#533,#534),
.UNSPECIFIED.,.F.,.F.) B_SPLINE_CURVE_WITH_KNOTS((3,2,3),(3.14159265359,
4.712388980385,6.28318530718),.PIECEWISE_BEZIER_KNOTS.) CURVE() 
GEOMETRIC_REPRESENTATION_ITEM() RATIONAL_B_SPLINE_CURVE((1.,
0.707106781187,1.,0.707106781187,1.)) REPRESENTATION_ITEM('') );
#530 = CARTESIAN_POINT('',(1.31034893635E-16,0.6,6.352525627));
#531 = CARTESIAN_POINT('',(-0.9,0.6,6.352525627));
#532 = CARTESIAN_POINT('',(-0.9,0.6,5.452525627));
#533 = CARTESIAN_POINT('',(-0.9,0.6,4.552525627));
#534 = CARTESIAN_POINT('',(-1.996197421348E-16,0.6,4.552525627));
#535 = ORIENTED_EDGE('',*,*,#536,.F.);
#536 = EDGE_CURVE('',#537,#527,#539,.T.);
#537 = VERTEX_POINT('',#538);
#538 = CARTESIAN_POINT('',(1.31034893635E-16,-0.9,4.552525627));
#539 = B_SPLINE_CURVE_WITH_KNOTS('',1,(#540,#541),.UNSPECIFIED.,.F.,.F.,
  (2,2),(0.,1.5),.PIECEWISE_BEZIER_KNOTS.);
#540 = CARTESIAN_POINT('',(1.31034893635E-16,-0.9,4.552525627));
#541 = CARTESIAN_POINT('',(1.31034893635E-16,0.6,4.552525627));
#542 = ORIENTED_EDGE('',*,*,#543,.F.);
#543 = EDGE_CURVE('',#518,#537,#544,.T.);
#544 = ( BOUNDED_CURVE() B_SPLINE_CURVE(2,(#545,#546,#547,#548,#549),
.UNSPECIFIED.,.F.,.F.) B_SPLINE_CURVE_WITH_KNOTS((3,2,3),(3.14159265359,
4.712388980385,6.28318530718),.PIECEWISE_BEZIER_KNOTS.) CURVE() 
GEOMETRIC_REPRESENTATION_ITEM() RATIONAL_B_SPLINE_CURVE((1.,
0.707106781187,1.,0.707106781187,1.)) REPRESENTATION_ITEM('') );
#545 = CARTESIAN_POINT('',(1.31034893635E-16,-0.9,6.352525627));
#546 = CARTESIAN_POINT('',(-0.9,-0.9,6.352525627));
#547 = CARTESIAN_POINT('',(-0.9,-0.9,5.452525627));
#548 = CARTESIAN_POINT('',(-0.9,-0.9,4.552525627));
#549 = CARTESIAN_POINT('',(-1.996197421348E-16,-0.9,4.552525627));
#550 = ( BOUNDED_SURFACE() B_SPLINE_SURFACE(2,1,(
    (#551,#552)
    ,(#553,#554)
    ,(#555,#556)
    ,(#557,#558)
,(#559,#560
    )),.UNSPECIFIED.,.F.,.F.,.F.) B_SPLINE_SURFACE_WITH_KNOTS((3,2,3),(2
    ,2),(3.14159265359,4.712388980385,6.28318530718),(0.,1.5),
.PIECEWISE_BEZIER_KNOTS.) GEOMETRIC_REPRESENTATION_ITEM() 
RATIONAL_B_SPLINE_SURFACE((
    (1.,1.)
    ,(0.707106781187,0.707106781187)
    ,(1.,1.)
    ,(0.707106781187,0.707106781187)
,(1.,1.))) REPRESENTATION_ITEM('') SURFACE() );
#551 = CARTESIAN_POINT('',(1.31034893635E-16,-0.9,4.552525627));
#552 = CARTESIAN_POINT('',(1.31034893635E-16,0.6,4.552525627));
#553 = CARTESIAN_POINT('',(-0.9,-0.9,4.552525627));
#554 = CARTESIAN_POINT('',(-0.9,0.6,4.552525627));
#555 = CARTESIAN_POINT('',(-0.9,-0.9,5.452525627));
#556 = CARTESIAN_POINT('',(-0.9,0.6,5.452525627));
#557 = CARTESIAN_POINT('',(-0.9,-0.9,6.352525627));
#558 = CARTESIAN_POINT('',(-0.9,0.6,6.352525627));
#559 = CARTESIAN_POINT('',(-1.996197421348E-16,-0.9,6.352525627));
#560 = CARTESIAN_POINT('',(-1.996197421348E-16,0.6,6.352525627));
#561 = ADVANCED_FACE('',(#562),#598,.F.);
#562 = FACE_BOUND('',#563,.F.);
#563 = EDGE_LOOP('',(#564,#573,#583,#590));
#564 = ORIENTED_EDGE('',*,*,#565,.T.);
#565 = EDGE_CURVE('',#566,#568,#570,.T.);
#566 = VERTEX_POINT('',#567);
#567 = CARTESIAN_POINT('',(4.75,3.770132354456E-16,9.902525627));
#568 = VERTEX_POINT('',#569);
#569 = CARTESIAN_POINT('',(4.75,3.770132354456E-16,11.902525627));
#570 = B_SPLINE_CURVE_WITH_KNOTS('',1,(#571,#572),.UNSPECIFIED.,.F.,.F.,
  (2,2),(0.,2.),.PIECEWISE_BEZIER_KNOTS.);
#571 = CARTESIAN_POINT('',(4.75,3.770132354456E-16,9.902525627));
#572 = CARTESIAN_POINT('',(4.75,3.770132354456E-16,11.902525627));
#573 = ORIENTED_EDGE('',*,*,#574,.F.);
#574 = EDGE_CURVE('',#575,#568,#577,.T.);
#575 = VERTEX_POINT('',#576);
#576 = CARTESIAN_POINT('',(2.25,5.30094085339E-16,11.902525627));
#577 = ( BOUNDED_CURVE() B_SPLINE_CURVE(2,(#578,#579,#580,#581,#582),
.UNSPECIFIED.,.F.,.F.) B_SPLINE_CURVE_WITH_KNOTS((3,2,3),(3.14159265359,
4.712388980385,6.28318530718),.PIECEWISE_BEZIER_KNOTS.) CURVE() 
GEOMETRIC_REPRESENTATION_ITEM() RATIONAL_B_SPLINE_CURVE((1.,
0.707106781187,1.,0.707106781187,1.)) REPRESENTATION_ITEM('') );
#578 = CARTESIAN_POINT('',(2.25,5.30094085339E-16,11.902525627));
#579 = CARTESIAN_POINT('',(2.25,-1.25,11.902525627));
#580 = CARTESIAN_POINT('',(3.5,-1.25,11.902525627));
#581 = CARTESIAN_POINT('',(4.75,-1.25,11.902525627));
#582 = CARTESIAN_POINT('',(4.75,7.085153565879E-17,11.902525627));
#583 = ORIENTED_EDGE('',*,*,#584,.F.);
#584 = EDGE_CURVE('',#585,#575,#587,.T.);
#585 = VERTEX_POINT('',#586);
#586 = CARTESIAN_POINT('',(2.25,5.30094085339E-16,9.902525627));
#587 = B_SPLINE_CURVE_WITH_KNOTS('',1,(#588,#589),.UNSPECIFIED.,.F.,.F.,
  (2,2),(0.,2.),.PIECEWISE_BEZIER_KNOTS.);
#588 = CARTESIAN_POINT('',(2.25,5.30094085339E-16,9.902525627));
#589 = CARTESIAN_POINT('',(2.25,5.30094085339E-16,11.902525627));
#590 = ORIENTED_EDGE('',*,*,#591,.T.);
#591 = EDGE_CURVE('',#585,#566,#592,.T.);
#592 = ( BOUNDED_CURVE() B_SPLINE_CURVE(2,(#593,#594,#595,#596,#597),
.UNSPECIFIED.,.F.,.F.) B_SPLINE_CURVE_WITH_KNOTS((3,2,3),(3.14159265359,
4.712388980385,6.28318530718),.PIECEWISE_BEZIER_KNOTS.) CURVE() 
GEOMETRIC_REPRESENTATION_ITEM() RATIONAL_B_SPLINE_CURVE((1.,
0.707106781187,1.,0.707106781187,1.)) REPRESENTATION_ITEM('') );
#593 = CARTESIAN_POINT('',(2.25,5.30094085339E-16,9.902525627));
#594 = CARTESIAN_POINT('',(2.25,-1.25,9.902525627));
#595 = CARTESIAN_POINT('',(3.5,-1.25,9.902525627));
#596 = CARTESIAN_POINT('',(4.75,-1.25,9.902525627));
#597 = CARTESIAN_POINT('',(4.75,7.085153565879E-17,9.902525627));
#598 = ( BOUNDED_SURFACE() B_SPLINE_SURFACE(2,1,(
    (#599,#600)
    ,(#601,#602)
    ,(#603,#604)
    ,(#605,#606)
,(#607,#608
    )),.UNSPECIFIED.,.F.,.F.,.F.) B_SPLINE_SURFACE_WITH_KNOTS((3,2,3),(2
    ,2),(3.14159265359,4.712388980385,6.28318530718),(0.,2.),
.PIECEWISE_BEZIER_KNOTS.) GEOMETRIC_REPRESENTATION_ITEM() 
RATIONAL_B_SPLINE_SURFACE((
    (1.,1.)
    ,(0.707106781187,0.707106781187)
    ,(1.,1.)
    ,(0.707106781187,0.707106781187)
,(1.,1.))) REPRESENTATION_ITEM('') SURFACE() );
#599 = CARTESIAN_POINT('',(2.25,5.30094085339E-16,9.902525627));
#600 = CARTESIAN_POINT('',(2.25,5.30094085339E-16,11.902525627));
#601 = CARTESIAN_POINT('',(2.25,-1.25,9.902525627));
#602 = CARTESIAN_POINT('',(2.25,-1.25,11.902525627));
#603 = CARTESIAN_POINT('',(3.5,-1.25,9.902525627));
#604 = CARTESIAN_POINT('',(3.5,-1.25,11.902525627));
#605 = CARTESIAN_POINT('',(4.75,-1.25,9.902525627));
#606 = CARTESIAN_POINT('',(4.75,-1.25,11.902525627));
#607 = CARTESIAN_POINT('',(4.75,7.085153565879E-17,9.902525627));
#608 = CARTESIAN_POINT('',(4.75,7.085153565879E-17,11.902525627));
#609 = ADVANCED_FACE('',(#610),#646,.F.);
#610 = FACE_BOUND('',#611,.F.);
#611 = EDGE_LOOP('',(#612,#621,#631,#638));
#612 = ORIENTED_EDGE('',*,*,#613,.T.);
#613 = EDGE_CURVE('',#614,#616,#618,.T.);
#614 = VERTEX_POINT('',#615);
#615 = CARTESIAN_POINT('',(1.25,5.215735251104E-16,9.902525627));
#616 = VERTEX_POINT('',#617);
#617 = CARTESIAN_POINT('',(1.25,5.215735251104E-16,11.902525627));
#618 = B_SPLINE_CURVE_WITH_KNOTS('',1,(#619,#620),.UNSPECIFIED.,.F.,.F.,
  (2,2),(0.,2.),.PIECEWISE_BEZIER_KNOTS.);
#619 = CARTESIAN_POINT('',(1.25,5.215735251104E-16,9.902525627));
#620 = CARTESIAN_POINT('',(1.25,5.215735251104E-16,11.902525627));
#621 = ORIENTED_EDGE('',*,*,#622,.F.);
#622 = EDGE_CURVE('',#623,#616,#625,.T.);
#623 = VERTEX_POINT('',#624);
#624 = CARTESIAN_POINT('',(-1.25,6.746543750038E-16,11.902525627));
#625 = ( BOUNDED_CURVE() B_SPLINE_CURVE(2,(#626,#627,#628,#629,#630),
.UNSPECIFIED.,.F.,.F.) B_SPLINE_CURVE_WITH_KNOTS((3,2,3),(3.14159265359,
4.712388980385,6.28318530718),.PIECEWISE_BEZIER_KNOTS.) CURVE() 
GEOMETRIC_REPRESENTATION_ITEM() RATIONAL_B_SPLINE_CURVE((1.,
0.707106781187,1.,0.707106781187,1.)) REPRESENTATION_ITEM('') );
#626 = CARTESIAN_POINT('',(-1.25,6.746543750038E-16,11.902525627));
#627 = CARTESIAN_POINT('',(-1.25,-1.25,11.902525627));
#628 = CARTESIAN_POINT('',(-6.424854621226E-16,-1.25,11.902525627));
#629 = CARTESIAN_POINT('',(1.25,-1.25,11.902525627));
#630 = CARTESIAN_POINT('',(1.25,2.154118253235E-16,11.902525627));
#631 = ORIENTED_EDGE('',*,*,#632,.F.);
#632 = EDGE_CURVE('',#633,#623,#635,.T.);
#633 = VERTEX_POINT('',#634);
#634 = CARTESIAN_POINT('',(-1.25,6.746543750038E-16,9.902525627));
#635 = B_SPLINE_CURVE_WITH_KNOTS('',1,(#636,#637),.UNSPECIFIED.,.F.,.F.,
  (2,2),(0.,2.),.PIECEWISE_BEZIER_KNOTS.);
#636 = CARTESIAN_POINT('',(-1.25,6.746543750038E-16,9.902525627));
#637 = CARTESIAN_POINT('',(-1.25,6.746543750038E-16,11.902525627));
#638 = ORIENTED_EDGE('',*,*,#639,.T.);
#639 = EDGE_CURVE('',#633,#614,#640,.T.);
#640 = ( BOUNDED_CURVE() B_SPLINE_CURVE(2,(#641,#642,#643,#644,#645),
.UNSPECIFIED.,.F.,.F.) B_SPLINE_CURVE_WITH_KNOTS((3,2,3),(3.14159265359,
4.712388980385,6.28318530718),.PIECEWISE_BEZIER_KNOTS.) CURVE() 
GEOMETRIC_REPRESENTATION_ITEM() RATIONAL_B_SPLINE_CURVE((1.,
0.707106781187,1.,0.707106781187,1.)) REPRESENTATION_ITEM('') );
#641 = CARTESIAN_POINT('',(-1.25,6.746543750038E-16,9.902525627));
#642 = CARTESIAN_POINT('',(-1.25,-1.25,9.902525627));
#643 = CARTESIAN_POINT('',(-6.424854621226E-16,-1.25,9.902525627));
#644 = CARTESIAN_POINT('',(1.25,-1.25,9.902525627));
#645 = CARTESIAN_POINT('',(1.25,2.154118253235E-16,9.902525627));
#646 = ( BOUNDED_SURFACE() B_SPLINE_SURFACE(2,1,(
    (#647,#648)
    ,(#649,#650)
    ,(#651,#652)
    ,(#653,#654)
,(#655,#656
    )),.UNSPECIFIED.,.F.,.F.,.F.) B_SPLINE_SURFACE_WITH_KNOTS((3,2,3),(2
    ,2),(3.14159265359,4.712388980385,6.28318530718),(0.,2.),
.PIECEWISE_BEZIER_KNOTS.) GEOMETRIC_REPRESENTATION_ITEM() 
RATIONAL_B_SPLINE_SURFACE((
    (1.,1.)
    ,(0.707106781187,0.707106781187)
    ,(1.,1.)
    ,(0.707106781187,0.707106781187)
,(1.,1.))) REPRESENTATION_ITEM('') SURFACE() );
#647 = CARTESIAN_POINT('',(-1.25,6.746543750038E-16,9.902525627));
#648 = CARTESIAN_POINT('',(-1.25,6.746543750038E-16,11.902525627));
#649 = CARTESIAN_POINT('',(-1.25,-1.25,9.902525627));
#650 = CARTESIAN_POINT('',(-1.25,-1.25,11.902525627));
#651 = CARTESIAN_POINT('',(-6.424854621226E-16,-1.25,9.902525627));
#652 = CARTESIAN_POINT('',(-6.424854621226E-16,-1.25,11.902525627));
#653 = CARTESIAN_POINT('',(1.25,-1.25,9.902525627));
#654 = CARTESIAN_POINT('',(1.25,-1.25,11.902525627));
#655 = CARTESIAN_POINT('',(1.25,2.154118253235E-16,9.902525627));
#656 = CARTESIAN_POINT('',(1.25,2.154118253235E-16,11.902525627));
#657 = ADVANCED_FACE('',(#658),#705,.T.);
#658 = FACE_BOUND('',#659,.T.);
#659 = EDGE_LOOP('',(#660,#670,#678,#686));
#660 = ORIENTED_EDGE('',*,*,#661,.F.);
#661 = EDGE_CURVE('',#662,#664,#666,.T.);
#662 = VERTEX_POINT('',#663);
#663 = CARTESIAN_POINT('',(-2.3,8.130914306728E-16,11.002525627));
#664 = VERTEX_POINT('',#665);
#665 = CARTESIAN_POINT('',(-4.255523673833,-0.932300369129,11.002525627)
  );
#666 = ( BOUNDED_CURVE() B_SPLINE_CURVE(2,(#667,#668,#669),
.UNSPECIFIED.,.F.,.F.) B_SPLINE_CURVE_WITH_KNOTS((3,3),(0.,
2.251838517604),.PIECEWISE_BEZIER_KNOTS.) CURVE() 
GEOMETRIC_REPRESENTATION_ITEM() RATIONAL_B_SPLINE_CURVE((1.,
0.430346917308,1.)) REPRESENTATION_ITEM('') );
#667 = CARTESIAN_POINT('',(-2.3,6.661338147751E-16,11.002525627));
#668 = CARTESIAN_POINT('',(-2.3,-2.517030440298,11.002525627));
#669 = CARTESIAN_POINT('',(-4.255523673833,-0.932300369129,11.002525627)
  );
#670 = ORIENTED_EDGE('',*,*,#671,.T.);
#671 = EDGE_CURVE('',#662,#672,#674,.T.);
#672 = VERTEX_POINT('',#673);
#673 = CARTESIAN_POINT('',(-2.4,6.661338147751E-16,11.102525627));
#674 = ( BOUNDED_CURVE() B_SPLINE_CURVE(2,(#675,#676,#677),
.UNSPECIFIED.,.F.,.F.) B_SPLINE_CURVE_WITH_KNOTS((3,3),(1.570796326795,
3.14159265359),.PIECEWISE_BEZIER_KNOTS.) CURVE() 
GEOMETRIC_REPRESENTATION_ITEM() RATIONAL_B_SPLINE_CURVE((1.,
0.707106781187,1.)) REPRESENTATION_ITEM('') );
#675 = CARTESIAN_POINT('',(-2.3,6.661338147751E-16,11.002525627));
#676 = CARTESIAN_POINT('',(-2.3,6.661338147751E-16,11.102525627));
#677 = CARTESIAN_POINT('',(-2.4,6.661338147751E-16,11.102525627));
#678 = ORIENTED_EDGE('',*,*,#679,.F.);
#679 = EDGE_CURVE('',#680,#672,#682,.T.);
#680 = VERTEX_POINT('',#681);
#681 = CARTESIAN_POINT('',(-4.184390728155,-0.861167423452,11.102525627)
  );
#682 = ( BOUNDED_CURVE() B_SPLINE_CURVE(2,(#683,#684,#685),
.UNSPECIFIED.,.F.,.F.) B_SPLINE_CURVE_WITH_KNOTS((3,3),(4.040873181441,
6.28318530718),.PIECEWISE_BEZIER_KNOTS.) CURVE() 
GEOMETRIC_REPRESENTATION_ITEM() RATIONAL_B_SPLINE_CURVE((1.,
0.434641582668,1.)) REPRESENTATION_ITEM('') );
#683 = CARTESIAN_POINT('',(-4.184390728155,-0.861167423452,11.102525627)
  );
#684 = CARTESIAN_POINT('',(-2.4,-2.279266200181,11.102525627));
#685 = CARTESIAN_POINT('',(-2.4,3.967115189627E-16,11.102525627));
#686 = ORIENTED_EDGE('',*,*,#687,.F.);
#687 = EDGE_CURVE('',#664,#680,#688,.T.);
#688 = B_SPLINE_CURVE_WITH_KNOTS('',3,(#689,#690,#691,#692,#693,#694,
    #695,#696,#697,#698,#699,#700,#701,#702,#703,#704),.UNSPECIFIED.,.F.
  ,.F.,(4,3,3,3,3,4),(1.971892756448E-07,3.343762151512E-05,
    6.687047335435E-05,1.003792802473E-04,1.340649014769E-04,
    1.570311028837E-04),.UNSPECIFIED.);
#689 = CARTESIAN_POINT('',(-4.255523673833,-0.932300369129,11.002525627)
  );
#690 = CARTESIAN_POINT('',(-4.255523673833,-0.932300369129,
    11.013605776677));
#691 = CARTESIAN_POINT('',(-4.254177272607,-0.930953967903,
    11.024836933772));
#692 = CARTESIAN_POINT('',(-4.251596892613,-0.92837358791,
    11.035298912316));
#693 = CARTESIAN_POINT('',(-4.249001412241,-0.925778107537,
    11.04582211434));
#694 = CARTESIAN_POINT('',(-4.245086340295,-0.921863035592,
    11.055855635231));
#695 = CARTESIAN_POINT('',(-4.240179295331,-0.916955990627,
    11.064576451535));
#696 = CARTESIAN_POINT('',(-4.235260926273,-0.91203762157,
    11.073317393055));
#697 = CARTESIAN_POINT('',(-4.229211812565,-0.905988507862,
    11.080979487429));
#698 = CARTESIAN_POINT('',(-4.22253253207,-0.899309227367,
    11.086942640218));
#699 = CARTESIAN_POINT('',(-4.215818290446,-0.892594985743,
    11.092937005734));
#700 = CARTESIAN_POINT('',(-4.208283779658,-0.885060474955,
    11.097379231201));
#701 = CARTESIAN_POINT('',(-4.200548460624,-0.87732515592,
    11.099913827419));
#702 = CARTESIAN_POINT('',(-4.195267379494,-0.872044074791,
    11.101644254853));
#703 = CARTESIAN_POINT('',(-4.189811706614,-0.866588401911,11.102525627)
  );
#704 = CARTESIAN_POINT('',(-4.184390728155,-0.861167423452,11.102525627)
  );
#705 = ( BOUNDED_SURFACE() B_SPLINE_SURFACE(2,2,(
    (#706,#707,#708)
    ,(#709,#710,#711)
    ,(#712,#713,#714
)),.UNSPECIFIED.,.F.,.F.,.F.) B_SPLINE_SURFACE_WITH_KNOTS((3,3),(3,3),(
    4.031346789576,6.28318530718),(0.,1.570796326795),
.PIECEWISE_BEZIER_KNOTS.) GEOMETRIC_REPRESENTATION_ITEM() 
RATIONAL_B_SPLINE_SURFACE((
    (1.,0.707106781187,1.)
    ,(0.430346917308,0.304301223491,0.430346917308)
,(1.,0.707106781187,1.))) REPRESENTATION_ITEM('') SURFACE() );
#706 = CARTESIAN_POINT('',(-4.255523673833,-0.932300369129,11.002525627)
  );
#707 = CARTESIAN_POINT('',(-4.255523673833,-0.932300369129,11.102525627)
  );
#708 = CARTESIAN_POINT('',(-4.19256336768,-0.854608671702,11.102525627)
  );
#709 = CARTESIAN_POINT('',(-2.3,-2.517030440298,11.002525627));
#710 = CARTESIAN_POINT('',(-2.3,-2.517030440298,11.102525627));
#711 = CARTESIAN_POINT('',(-2.4,-2.307277903606,11.102525627));
#712 = CARTESIAN_POINT('',(-2.3,3.722185829797E-16,11.002525627));
#713 = CARTESIAN_POINT('',(-2.3,3.722185829797E-16,11.102525627));
#714 = CARTESIAN_POINT('',(-2.4,3.967115189627E-16,11.102525627));
#715 = ADVANCED_FACE('',(#716),#778,.T.);
#716 = FACE_BOUND('',#717,.T.);
#717 = EDGE_LOOP('',(#718,#726,#733,#743,#750,#758,#765,#773));
#718 = ORIENTED_EDGE('',*,*,#719,.T.);
#719 = EDGE_CURVE('',#720,#662,#722,.T.);
#720 = VERTEX_POINT('',#721);
#721 = CARTESIAN_POINT('',(-2.567699630871,0.755523673833,11.002525627)
  );
#722 = ( BOUNDED_CURVE() B_SPLINE_CURVE(2,(#723,#724,#725),
.UNSPECIFIED.,.F.,.F.) B_SPLINE_CURVE_WITH_KNOTS((3,3),(5.602143116371,
6.28318530718),.PIECEWISE_BEZIER_KNOTS.) CURVE() 
GEOMETRIC_REPRESENTATION_ITEM() RATIONAL_B_SPLINE_CURVE((1.,
0.942580758947,1.)) REPRESENTATION_ITEM('') );
#723 = CARTESIAN_POINT('',(-2.567699630871,0.755523673833,11.002525627)
  );
#724 = CARTESIAN_POINT('',(-2.3,0.425187943371,11.002525627));
#725 = CARTESIAN_POINT('',(-2.3,5.223305461131E-15,11.002525627));
#726 = ORIENTED_EDGE('',*,*,#727,.T.);
#727 = EDGE_CURVE('',#662,#728,#730,.T.);
#728 = VERTEX_POINT('',#729);
#729 = CARTESIAN_POINT('',(-2.3,8.130914306728E-16,9.902525627));
#730 = B_SPLINE_CURVE_WITH_KNOTS('',1,(#731,#732),.UNSPECIFIED.,.F.,.F.,
  (2,2),(1.E-01,1.2),.PIECEWISE_BEZIER_KNOTS.);
#731 = CARTESIAN_POINT('',(-2.3,8.130914306728E-16,11.002525627));
#732 = CARTESIAN_POINT('',(-2.3,8.130914306728E-16,9.902525627));
#733 = ORIENTED_EDGE('',*,*,#734,.T.);
#734 = EDGE_CURVE('',#728,#735,#737,.T.);
#735 = VERTEX_POINT('',#736);
#736 = CARTESIAN_POINT('',(-4.7,6.661338147751E-16,9.902525627));
#737 = ( BOUNDED_CURVE() B_SPLINE_CURVE(2,(#738,#739,#740,#741,#742),
.UNSPECIFIED.,.F.,.F.) B_SPLINE_CURVE_WITH_KNOTS((3,2,3),(0.,
1.570796326795,3.14159265359),.PIECEWISE_BEZIER_KNOTS.) CURVE() 
GEOMETRIC_REPRESENTATION_ITEM() RATIONAL_B_SPLINE_CURVE((1.,
0.707106781187,1.,0.707106781187,1.)) REPRESENTATION_ITEM('') );
#738 = CARTESIAN_POINT('',(-2.3,6.661338147751E-16,9.902525627));
#739 = CARTESIAN_POINT('',(-2.3,1.2,9.902525627));
#740 = CARTESIAN_POINT('',(-3.5,1.2,9.902525627));
#741 = CARTESIAN_POINT('',(-4.7,1.2,9.902525627));
#742 = CARTESIAN_POINT('',(-4.7,8.130914306728E-16,9.902525627));
#743 = ORIENTED_EDGE('',*,*,#744,.F.);
#744 = EDGE_CURVE('',#745,#735,#747,.T.);
#745 = VERTEX_POINT('',#746);
#746 = CARTESIAN_POINT('',(-4.7,6.661338147751E-16,11.002525627));
#747 = B_SPLINE_CURVE_WITH_KNOTS('',1,(#748,#749),.UNSPECIFIED.,.F.,.F.,
  (2,2),(1.E-01,1.2),.PIECEWISE_BEZIER_KNOTS.);
#748 = CARTESIAN_POINT('',(-4.7,6.661338147751E-16,11.002525627));
#749 = CARTESIAN_POINT('',(-4.7,6.661338147751E-16,9.902525627));
#750 = ORIENTED_EDGE('',*,*,#751,.T.);
#751 = EDGE_CURVE('',#745,#752,#754,.T.);
#752 = VERTEX_POINT('',#753);
#753 = CARTESIAN_POINT('',(-2.744476326167,0.932300369129,11.002525627)
  );
#754 = ( BOUNDED_CURVE() B_SPLINE_CURVE(2,(#755,#756,#757),
.UNSPECIFIED.,.F.,.F.) B_SPLINE_CURVE_WITH_KNOTS((3,3),(3.14159265359,
5.393431171194),.PIECEWISE_BEZIER_KNOTS.) CURVE() 
GEOMETRIC_REPRESENTATION_ITEM() RATIONAL_B_SPLINE_CURVE((1.,
0.430346917308,1.)) REPRESENTATION_ITEM('') );
#755 = CARTESIAN_POINT('',(-4.7,5.191761988774E-16,11.002525627));
#756 = CARTESIAN_POINT('',(-4.7,2.517030440298,11.002525627));
#757 = CARTESIAN_POINT('',(-2.744476326167,0.932300369129,11.002525627)
  );
#758 = ORIENTED_EDGE('',*,*,#759,.T.);
#759 = EDGE_CURVE('',#752,#760,#762,.T.);
#760 = VERTEX_POINT('',#761);
#761 = CARTESIAN_POINT('',(-2.744476326167,0.932300369129,10.302525627)
  );
#762 = B_SPLINE_CURVE_WITH_KNOTS('',1,(#763,#764),.UNSPECIFIED.,.F.,.F.,
  (2,2),(1.E-01,0.8),.PIECEWISE_BEZIER_KNOTS.);
#763 = CARTESIAN_POINT('',(-2.744476326167,0.932300369129,11.002525627)
  );
#764 = CARTESIAN_POINT('',(-2.744476326167,0.932300369129,10.302525627)
  );
#765 = ORIENTED_EDGE('',*,*,#766,.F.);
#766 = EDGE_CURVE('',#767,#760,#769,.T.);
#767 = VERTEX_POINT('',#768);
#768 = CARTESIAN_POINT('',(-2.567699630871,0.755523673833,10.302525627)
  );
#769 = ( BOUNDED_CURVE() B_SPLINE_CURVE(2,(#770,#771,#772),
.UNSPECIFIED.,.F.,.F.) B_SPLINE_CURVE_WITH_KNOTS((3,3),(0.681042190809,
0.889754135986),.PIECEWISE_BEZIER_KNOTS.) CURVE() 
GEOMETRIC_REPRESENTATION_ITEM() RATIONAL_B_SPLINE_CURVE((1.,
0.99455985519,1.)) REPRESENTATION_ITEM('') );
#770 = CARTESIAN_POINT('',(-2.567699630871,0.755523673833,10.302525627)
  );
#771 = CARTESIAN_POINT('',(-2.646830496932,0.853169503068,10.302525627)
  );
#772 = CARTESIAN_POINT('',(-2.744476326167,0.932300369129,10.302525627)
  );
#773 = ORIENTED_EDGE('',*,*,#774,.T.);
#774 = EDGE_CURVE('',#767,#720,#775,.T.);
#775 = B_SPLINE_CURVE_WITH_KNOTS('',1,(#776,#777),.UNSPECIFIED.,.F.,.F.,
  (2,2),(-0.8,-1.E-01),.PIECEWISE_BEZIER_KNOTS.);
#776 = CARTESIAN_POINT('',(-2.567699630871,0.755523673833,10.302525627)
  );
#777 = CARTESIAN_POINT('',(-2.567699630871,0.755523673833,11.002525627)
  );
#778 = ( BOUNDED_SURFACE() B_SPLINE_SURFACE(2,1,(
    (#779,#780)
    ,(#781,#782)
    ,(#783,#784)
    ,(#785,#786)
,(#787,#788
    )),.UNSPECIFIED.,.F.,.F.,.F.) B_SPLINE_SURFACE_WITH_KNOTS((3,2,3),(2
    ,2),(0.,1.570796326795,3.14159265359),(1.E-01,1.2),
.PIECEWISE_BEZIER_KNOTS.) GEOMETRIC_REPRESENTATION_ITEM() 
RATIONAL_B_SPLINE_SURFACE((
    (1.,1.)
    ,(0.707106781187,0.707106781187)
    ,(1.,1.)
    ,(0.707106781187,0.707106781187)
,(1.,1.))) REPRESENTATION_ITEM('') SURFACE() );
#779 = CARTESIAN_POINT('',(-4.7,6.661338147751E-16,11.002525627));
#780 = CARTESIAN_POINT('',(-4.7,6.661338147751E-16,9.902525627));
#781 = CARTESIAN_POINT('',(-4.7,1.2,11.002525627));
#782 = CARTESIAN_POINT('',(-4.7,1.2,9.902525627));
#783 = CARTESIAN_POINT('',(-3.5,1.2,11.002525627));
#784 = CARTESIAN_POINT('',(-3.5,1.2,9.902525627));
#785 = CARTESIAN_POINT('',(-2.3,1.2,11.002525627));
#786 = CARTESIAN_POINT('',(-2.3,1.2,9.902525627));
#787 = CARTESIAN_POINT('',(-2.3,8.130914306728E-16,11.002525627));
#788 = CARTESIAN_POINT('',(-2.3,8.130914306728E-16,9.902525627));
#789 = ADVANCED_FACE('',(#790),#826,.F.);
#790 = FACE_BOUND('',#791,.F.);
#791 = EDGE_LOOP('',(#792,#801,#811,#818));
#792 = ORIENTED_EDGE('',*,*,#793,.T.);
#793 = EDGE_CURVE('',#794,#796,#798,.T.);
#794 = VERTEX_POINT('',#795);
#795 = CARTESIAN_POINT('',(-2.25,6.661338147751E-16,9.902525627));
#796 = VERTEX_POINT('',#797);
#797 = CARTESIAN_POINT('',(-2.25,6.661338147751E-16,11.902525627));
#798 = B_SPLINE_CURVE_WITH_KNOTS('',1,(#799,#800),.UNSPECIFIED.,.F.,.F.,
  (2,2),(0.,2.),.PIECEWISE_BEZIER_KNOTS.);
#799 = CARTESIAN_POINT('',(-2.25,6.661338147751E-16,9.902525627));
#800 = CARTESIAN_POINT('',(-2.25,6.661338147751E-16,11.902525627));
#801 = ORIENTED_EDGE('',*,*,#802,.F.);
#802 = EDGE_CURVE('',#803,#796,#805,.T.);
#803 = VERTEX_POINT('',#804);
#804 = CARTESIAN_POINT('',(-4.75,8.192146646685E-16,11.902525627));
#805 = ( BOUNDED_CURVE() B_SPLINE_CURVE(2,(#806,#807,#808,#809,#810),
.UNSPECIFIED.,.F.,.F.) B_SPLINE_CURVE_WITH_KNOTS((3,2,3),(3.14159265359,
4.712388980385,6.28318530718),.PIECEWISE_BEZIER_KNOTS.) CURVE() 
GEOMETRIC_REPRESENTATION_ITEM() RATIONAL_B_SPLINE_CURVE((1.,
0.707106781187,1.,0.707106781187,1.)) REPRESENTATION_ITEM('') );
#806 = CARTESIAN_POINT('',(-4.75,8.192146646685E-16,11.902525627));
#807 = CARTESIAN_POINT('',(-4.75,-1.25,11.902525627));
#808 = CARTESIAN_POINT('',(-3.5,-1.25,11.902525627));
#809 = CARTESIAN_POINT('',(-2.25,-1.25,11.902525627));
#810 = CARTESIAN_POINT('',(-2.25,3.599721149883E-16,11.902525627));
#811 = ORIENTED_EDGE('',*,*,#812,.F.);
#812 = EDGE_CURVE('',#813,#803,#815,.T.);
#813 = VERTEX_POINT('',#814);
#814 = CARTESIAN_POINT('',(-4.75,8.192146646685E-16,9.902525627));
#815 = B_SPLINE_CURVE_WITH_KNOTS('',1,(#816,#817),.UNSPECIFIED.,.F.,.F.,
  (2,2),(0.,2.),.PIECEWISE_BEZIER_KNOTS.);
#816 = CARTESIAN_POINT('',(-4.75,8.192146646685E-16,9.902525627));
#817 = CARTESIAN_POINT('',(-4.75,8.192146646685E-16,11.902525627));
#818 = ORIENTED_EDGE('',*,*,#819,.T.);
#819 = EDGE_CURVE('',#813,#794,#820,.T.);
#820 = ( BOUNDED_CURVE() B_SPLINE_CURVE(2,(#821,#822,#823,#824,#825),
.UNSPECIFIED.,.F.,.F.) B_SPLINE_CURVE_WITH_KNOTS((3,2,3),(3.14159265359,
4.712388980385,6.28318530718),.PIECEWISE_BEZIER_KNOTS.) CURVE() 
GEOMETRIC_REPRESENTATION_ITEM() RATIONAL_B_SPLINE_CURVE((1.,
0.707106781187,1.,0.707106781187,1.)) REPRESENTATION_ITEM('') );
#821 = CARTESIAN_POINT('',(-4.75,8.192146646685E-16,9.902525627));
#822 = CARTESIAN_POINT('',(-4.75,-1.25,9.902525627));
#823 = CARTESIAN_POINT('',(-3.5,-1.25,9.902525627));
#824 = CARTESIAN_POINT('',(-2.25,-1.25,9.902525627));
#825 = CARTESIAN_POINT('',(-2.25,3.599721149883E-16,9.902525627));
#826 = ( BOUNDED_SURFACE() B_SPLINE_SURFACE(2,1,(
    (#827,#828)
    ,(#829,#830)
    ,(#831,#832)
    ,(#833,#834)
,(#835,#836
    )),.UNSPECIFIED.,.F.,.F.,.F.) B_SPLINE_SURFACE_WITH_KNOTS((3,2,3),(2
    ,2),(3.14159265359,4.712388980385,6.28318530718),(0.,2.),
.PIECEWISE_BEZIER_KNOTS.) GEOMETRIC_REPRESENTATION_ITEM() 
RATIONAL_B_SPLINE_SURFACE((
    (1.,1.)
    ,(0.707106781187,0.707106781187)
    ,(1.,1.)
    ,(0.707106781187,0.707106781187)
,(1.,1.))) REPRESENTATION_ITEM('') SURFACE() );
#827 = CARTESIAN_POINT('',(-4.75,8.192146646685E-16,9.902525627));
#828 = CARTESIAN_POINT('',(-4.75,8.192146646685E-16,11.902525627));
#829 = CARTESIAN_POINT('',(-4.75,-1.25,9.902525627));
#830 = CARTESIAN_POINT('',(-4.75,-1.25,11.902525627));
#831 = CARTESIAN_POINT('',(-3.5,-1.25,9.902525627));
#832 = CARTESIAN_POINT('',(-3.5,-1.25,11.902525627));
#833 = CARTESIAN_POINT('',(-2.25,-1.25,9.902525627));
#834 = CARTESIAN_POINT('',(-2.25,-1.25,11.902525627));
#835 = CARTESIAN_POINT('',(-2.25,3.599721149883E-16,9.902525627));
#836 = CARTESIAN_POINT('',(-2.25,3.599721149883E-16,11.902525627));
#837 = ADVANCED_FACE('',(#838),#876,.T.);
#838 = FACE_BOUND('',#839,.T.);
#839 = EDGE_LOOP('',(#840,#852,#860,#870));
#840 = ORIENTED_EDGE('',*,*,#841,.F.);
#841 = EDGE_CURVE('',#842,#844,#846,.T.);
#842 = VERTEX_POINT('',#843);
#843 = CARTESIAN_POINT('',(-3.1,-0.15,0.102525627));
#844 = VERTEX_POINT('',#845);
#845 = CARTESIAN_POINT('',(-3.9,-0.15,0.102525627));
#846 = ( BOUNDED_CURVE() B_SPLINE_CURVE(2,(#847,#848,#849,#850,#851),
.UNSPECIFIED.,.F.,.F.) B_SPLINE_CURVE_WITH_KNOTS((3,2,3),(3.14159265359,
4.712388980385,6.28318530718),.PIECEWISE_BEZIER_KNOTS.) CURVE() 
GEOMETRIC_REPRESENTATION_ITEM() RATIONAL_B_SPLINE_CURVE((1.,
0.707106781187,1.,0.707106781187,1.)) REPRESENTATION_ITEM('') );
#847 = CARTESIAN_POINT('',(-3.1,-0.15,0.102525627));
#848 = CARTESIAN_POINT('',(-3.1,0.25,0.102525627));
#849 = CARTESIAN_POINT('',(-3.5,0.25,0.102525627));
#850 = CARTESIAN_POINT('',(-3.9,0.25,0.102525627));
#851 = CARTESIAN_POINT('',(-3.9,-0.15,0.102525627));
#852 = ORIENTED_EDGE('',*,*,#853,.T.);
#853 = EDGE_CURVE('',#842,#854,#856,.T.);
#854 = VERTEX_POINT('',#855);
#855 = CARTESIAN_POINT('',(-3.2,-0.15,2.525626999679E-03));
#856 = ( BOUNDED_CURVE() B_SPLINE_CURVE(2,(#857,#858,#859),
.UNSPECIFIED.,.F.,.F.) B_SPLINE_CURVE_WITH_KNOTS((3,3),(3.14159265359,
4.712388980385),.PIECEWISE_BEZIER_KNOTS.) CURVE() 
GEOMETRIC_REPRESENTATION_ITEM() RATIONAL_B_SPLINE_CURVE((1.,
0.707106781187,1.)) REPRESENTATION_ITEM('') );
#857 = CARTESIAN_POINT('',(-3.1,-0.15,0.102525627));
#858 = CARTESIAN_POINT('',(-3.1,-0.15,2.525626999679E-03));
#859 = CARTESIAN_POINT('',(-3.2,-0.15,2.525626999679E-03));
#860 = ORIENTED_EDGE('',*,*,#861,.F.);
#861 = EDGE_CURVE('',#862,#854,#864,.T.);
#862 = VERTEX_POINT('',#863);
#863 = CARTESIAN_POINT('',(-3.8,-0.15,2.525626999679E-03));
#864 = ( BOUNDED_CURVE() B_SPLINE_CURVE(2,(#865,#866,#867,#868,#869),
.UNSPECIFIED.,.F.,.F.) B_SPLINE_CURVE_WITH_KNOTS((3,2,3),(0.,
1.570796326795,3.14159265359),.PIECEWISE_BEZIER_KNOTS.) CURVE() 
GEOMETRIC_REPRESENTATION_ITEM() RATIONAL_B_SPLINE_CURVE((1.,
0.707106781187,1.,0.707106781187,1.)) REPRESENTATION_ITEM('') );
#865 = CARTESIAN_POINT('',(-3.8,-0.15,2.525626999679E-03));
#866 = CARTESIAN_POINT('',(-3.8,0.15,2.525626999679E-03));
#867 = CARTESIAN_POINT('',(-3.5,0.15,2.525626999679E-03));
#868 = CARTESIAN_POINT('',(-3.2,0.15,2.525626999679E-03));
#869 = CARTESIAN_POINT('',(-3.2,-0.15,2.525626999679E-03));
#870 = ORIENTED_EDGE('',*,*,#871,.F.);
#871 = EDGE_CURVE('',#844,#862,#872,.T.);
#872 = ( BOUNDED_CURVE() B_SPLINE_CURVE(2,(#873,#874,#875),
.UNSPECIFIED.,.F.,.F.) B_SPLINE_CURVE_WITH_KNOTS((3,3),(4.712388980385,
6.28318530718),.PIECEWISE_BEZIER_KNOTS.) CURVE() 
GEOMETRIC_REPRESENTATION_ITEM() RATIONAL_B_SPLINE_CURVE((1.,
0.707106781187,1.)) REPRESENTATION_ITEM('') );
#873 = CARTESIAN_POINT('',(-3.9,-0.15,0.102525627));
#874 = CARTESIAN_POINT('',(-3.9,-0.15,2.525626999679E-03));
#875 = CARTESIAN_POINT('',(-3.8,-0.15,2.525626999679E-03));
#876 = ( BOUNDED_SURFACE() B_SPLINE_SURFACE(2,2,(
    (#877,#878,#879)
    ,(#880,#881,#882)
    ,(#883,#884,#885)
    ,(#886,#887,#888)
    ,(#889,#890,#891
)),.UNSPECIFIED.,.F.,.F.,.F.) B_SPLINE_SURFACE_WITH_KNOTS((3,2,3),(3,3),
  (0.,1.570796326795,3.14159265359),(0.,1.570796326795),
.PIECEWISE_BEZIER_KNOTS.) GEOMETRIC_REPRESENTATION_ITEM() 
RATIONAL_B_SPLINE_SURFACE((
    (1.,0.707106781187,1.)
    ,(0.707106781187,0.5,0.707106781187)
    ,(1.,0.707106781187,1.)
    ,(0.707106781187,0.5,0.707106781187)
,(1.,0.707106781187,1.))) REPRESENTATION_ITEM('') SURFACE() );
#877 = CARTESIAN_POINT('',(-3.9,-0.15,0.102525627));
#878 = CARTESIAN_POINT('',(-3.9,-0.15,2.525626999678E-03));
#879 = CARTESIAN_POINT('',(-3.8,-0.15,2.525626999678E-03));
#880 = CARTESIAN_POINT('',(-3.9,0.25,0.102525627));
#881 = CARTESIAN_POINT('',(-3.9,0.25,2.525626999678E-03));
#882 = CARTESIAN_POINT('',(-3.8,0.15,2.525626999678E-03));
#883 = CARTESIAN_POINT('',(-3.5,0.25,0.102525627));
#884 = CARTESIAN_POINT('',(-3.5,0.25,2.525626999678E-03));
#885 = CARTESIAN_POINT('',(-3.5,0.15,2.525626999678E-03));
#886 = CARTESIAN_POINT('',(-3.1,0.25,0.102525627));
#887 = CARTESIAN_POINT('',(-3.1,0.25,2.525626999678E-03));
#888 = CARTESIAN_POINT('',(-3.2,0.15,2.525626999678E-03));
#889 = CARTESIAN_POINT('',(-3.1,-0.15,0.102525627));
#890 = CARTESIAN_POINT('',(-3.1,-0.15,2.525626999678E-03));
#891 = CARTESIAN_POINT('',(-3.2,-0.15,2.525626999678E-03));
#892 = ADVANCED_FACE('',(#893),#918,.T.);
#893 = FACE_BOUND('',#894,.T.);
#894 = EDGE_LOOP('',(#895,#896,#903,#913));
#895 = ORIENTED_EDGE('',*,*,#841,.T.);
#896 = ORIENTED_EDGE('',*,*,#897,.T.);
#897 = EDGE_CURVE('',#844,#898,#900,.T.);
#898 = VERTEX_POINT('',#899);
#899 = CARTESIAN_POINT('',(-3.9,-0.15,4.302525627));
#900 = B_SPLINE_CURVE_WITH_KNOTS('',1,(#901,#902),.UNSPECIFIED.,.F.,.F.,
  (2,2),(4.731370849898,8.931370849898),.PIECEWISE_BEZIER_KNOTS.);
#901 = CARTESIAN_POINT('',(-3.9,-0.15,0.102525627));
#902 = CARTESIAN_POINT('',(-3.9,-0.15,4.302525627));
#903 = ORIENTED_EDGE('',*,*,#904,.T.);
#904 = EDGE_CURVE('',#898,#905,#907,.T.);
#905 = VERTEX_POINT('',#906);
#906 = CARTESIAN_POINT('',(-3.1,-0.15,4.302525627));
#907 = ( BOUNDED_CURVE() B_SPLINE_CURVE(2,(#908,#909,#910,#911,#912),
.UNSPECIFIED.,.F.,.F.) B_SPLINE_CURVE_WITH_KNOTS((3,2,3),(3.14159265359,
4.712388980385,6.28318530718),.PIECEWISE_BEZIER_KNOTS.) CURVE() 
GEOMETRIC_REPRESENTATION_ITEM() RATIONAL_B_SPLINE_CURVE((1.,
0.707106781187,1.,0.707106781187,1.)) REPRESENTATION_ITEM('') );
#908 = CARTESIAN_POINT('',(-3.9,-0.15,4.302525627));
#909 = CARTESIAN_POINT('',(-3.9,0.25,4.302525627));
#910 = CARTESIAN_POINT('',(-3.5,0.25,4.302525627));
#911 = CARTESIAN_POINT('',(-3.1,0.25,4.302525627));
#912 = CARTESIAN_POINT('',(-3.1,-0.15,4.302525627));
#913 = ORIENTED_EDGE('',*,*,#914,.F.);
#914 = EDGE_CURVE('',#842,#905,#915,.T.);
#915 = B_SPLINE_CURVE_WITH_KNOTS('',1,(#916,#917),.UNSPECIFIED.,.F.,.F.,
  (2,2),(4.731370849898,8.931370849898),.PIECEWISE_BEZIER_KNOTS.);
#916 = CARTESIAN_POINT('',(-3.1,-0.15,0.102525627));
#917 = CARTESIAN_POINT('',(-3.1,-0.15,4.302525627));
#918 = ( BOUNDED_SURFACE() B_SPLINE_SURFACE(2,1,(
    (#919,#920)
    ,(#921,#922)
    ,(#923,#924)
    ,(#925,#926)
,(#927,#928
    )),.UNSPECIFIED.,.F.,.F.,.F.) B_SPLINE_SURFACE_WITH_KNOTS((3,2,3),(2
    ,2),(0.,1.570796326795,3.14159265359),(4.731370849898,8.931370849898
),.PIECEWISE_BEZIER_KNOTS.) GEOMETRIC_REPRESENTATION_ITEM() 
RATIONAL_B_SPLINE_SURFACE((
    (1.,1.)
    ,(0.707106781187,0.707106781187)
    ,(1.,1.)
    ,(0.707106781187,0.707106781187)
,(1.,1.))) REPRESENTATION_ITEM('') SURFACE() );
#919 = CARTESIAN_POINT('',(-3.1,-0.15,0.102525627));
#920 = CARTESIAN_POINT('',(-3.1,-0.15,4.302525627));
#921 = CARTESIAN_POINT('',(-3.1,0.25,0.102525627));
#922 = CARTESIAN_POINT('',(-3.1,0.25,4.302525627));
#923 = CARTESIAN_POINT('',(-3.5,0.25,0.102525627));
#924 = CARTESIAN_POINT('',(-3.5,0.25,4.302525627));
#925 = CARTESIAN_POINT('',(-3.9,0.25,0.102525627));
#926 = CARTESIAN_POINT('',(-3.9,0.25,4.302525627));
#927 = CARTESIAN_POINT('',(-3.9,-0.15,0.102525627));
#928 = CARTESIAN_POINT('',(-3.9,-0.15,4.302525627));
#929 = ADVANCED_FACE('',(#930),#966,.F.);
#930 = FACE_BOUND('',#931,.F.);
#931 = EDGE_LOOP('',(#932,#941,#951,#958));
#932 = ORIENTED_EDGE('',*,*,#933,.T.);
#933 = EDGE_CURVE('',#934,#936,#938,.T.);
#934 = VERTEX_POINT('',#935);
#935 = CARTESIAN_POINT('',(-3.5,-0.9,6.352525627));
#936 = VERTEX_POINT('',#937);
#937 = CARTESIAN_POINT('',(-3.5,0.6,6.352525627));
#938 = B_SPLINE_CURVE_WITH_KNOTS('',1,(#939,#940),.UNSPECIFIED.,.F.,.F.,
  (2,2),(0.,1.5),.PIECEWISE_BEZIER_KNOTS.);
#939 = CARTESIAN_POINT('',(-3.5,-0.9,6.352525627));
#940 = CARTESIAN_POINT('',(-3.5,0.6,6.352525627));
#941 = ORIENTED_EDGE('',*,*,#942,.T.);
#942 = EDGE_CURVE('',#936,#943,#945,.T.);
#943 = VERTEX_POINT('',#944);
#944 = CARTESIAN_POINT('',(-3.5,0.6,4.552525627));
#945 = ( BOUNDED_CURVE() B_SPLINE_CURVE(2,(#946,#947,#948,#949,#950),
.UNSPECIFIED.,.F.,.F.) B_SPLINE_CURVE_WITH_KNOTS((3,2,3),(3.14159265359,
4.712388980385,6.28318530718),.PIECEWISE_BEZIER_KNOTS.) CURVE() 
GEOMETRIC_REPRESENTATION_ITEM() RATIONAL_B_SPLINE_CURVE((1.,
0.707106781187,1.,0.707106781187,1.)) REPRESENTATION_ITEM('') );
#946 = CARTESIAN_POINT('',(-3.5,0.6,6.352525627));
#947 = CARTESIAN_POINT('',(-4.4,0.6,6.352525627));
#948 = CARTESIAN_POINT('',(-4.4,0.6,5.452525627));
#949 = CARTESIAN_POINT('',(-4.4,0.6,4.552525627));
#950 = CARTESIAN_POINT('',(-3.5,0.6,4.552525627));
#951 = ORIENTED_EDGE('',*,*,#952,.F.);
#952 = EDGE_CURVE('',#953,#943,#955,.T.);
#953 = VERTEX_POINT('',#954);
#954 = CARTESIAN_POINT('',(-3.5,-0.9,4.552525627));
#955 = B_SPLINE_CURVE_WITH_KNOTS('',1,(#956,#957),.UNSPECIFIED.,.F.,.F.,
  (2,2),(0.,1.5),.PIECEWISE_BEZIER_KNOTS.);
#956 = CARTESIAN_POINT('',(-3.5,-0.9,4.552525627));
#957 = CARTESIAN_POINT('',(-3.5,0.6,4.552525627));
#958 = ORIENTED_EDGE('',*,*,#959,.F.);
#959 = EDGE_CURVE('',#934,#953,#960,.T.);
#960 = ( BOUNDED_CURVE() B_SPLINE_CURVE(2,(#961,#962,#963,#964,#965),
.UNSPECIFIED.,.F.,.F.) B_SPLINE_CURVE_WITH_KNOTS((3,2,3),(3.14159265359,
4.712388980385,6.28318530718),.PIECEWISE_BEZIER_KNOTS.) CURVE() 
GEOMETRIC_REPRESENTATION_ITEM() RATIONAL_B_SPLINE_CURVE((1.,
0.707106781187,1.,0.707106781187,1.)) REPRESENTATION_ITEM('') );
#961 = CARTESIAN_POINT('',(-3.5,-0.9,6.352525627));
#962 = CARTESIAN_POINT('',(-4.4,-0.9,6.352525627));
#963 = CARTESIAN_POINT('',(-4.4,-0.9,5.452525627));
#964 = CARTESIAN_POINT('',(-4.4,-0.9,4.552525627));
#965 = CARTESIAN_POINT('',(-3.5,-0.9,4.552525627));
#966 = ( BOUNDED_SURFACE() B_SPLINE_SURFACE(2,1,(
    (#967,#968)
    ,(#969,#970)
    ,(#971,#972)
    ,(#973,#974)
,(#975,#976
    )),.UNSPECIFIED.,.F.,.F.,.F.) B_SPLINE_SURFACE_WITH_KNOTS((3,2,3),(2
    ,2),(3.14159265359,4.712388980385,6.28318530718),(0.,1.5),
.PIECEWISE_BEZIER_KNOTS.) GEOMETRIC_REPRESENTATION_ITEM() 
RATIONAL_B_SPLINE_SURFACE((
    (1.,1.)
    ,(0.707106781187,0.707106781187)
    ,(1.,1.)
    ,(0.707106781187,0.707106781187)
,(1.,1.))) REPRESENTATION_ITEM('') SURFACE() );
#967 = CARTESIAN_POINT('',(-3.5,-0.9,4.552525627));
#968 = CARTESIAN_POINT('',(-3.5,0.6,4.552525627));
#969 = CARTESIAN_POINT('',(-4.4,-0.9,4.552525627));
#970 = CARTESIAN_POINT('',(-4.4,0.6,4.552525627));
#971 = CARTESIAN_POINT('',(-4.4,-0.9,5.452525627));
#972 = CARTESIAN_POINT('',(-4.4,0.6,5.452525627));
#973 = CARTESIAN_POINT('',(-4.4,-0.9,6.352525627));
#974 = CARTESIAN_POINT('',(-4.4,0.6,6.352525627));
#975 = CARTESIAN_POINT('',(-3.5,-0.9,6.352525627));
#976 = CARTESIAN_POINT('',(-3.5,0.6,6.352525627));
#977 = ADVANCED_FACE('',(#978),#1032,.T.);
#978 = FACE_BOUND('',#979,.T.);
#979 = EDGE_LOOP('',(#980,#989,#996,#1003,#1015,#1022));
#980 = ORIENTED_EDGE('',*,*,#981,.T.);
#981 = EDGE_CURVE('',#982,#984,#986,.T.);
#982 = VERTEX_POINT('',#983);
#983 = CARTESIAN_POINT('',(-0.716141809008,2.114130270432,3.502525627));
#984 = VERTEX_POINT('',#985);
#985 = CARTESIAN_POINT('',(-0.641541961447,1.905288807017,3.502525627));
#986 = B_SPLINE_CURVE_WITH_KNOTS('',1,(#987,#988),.UNSPECIFIED.,.F.,.F.,
  (2,2),(0.,0.221765403292),.PIECEWISE_BEZIER_KNOTS.);
#987 = CARTESIAN_POINT('',(-0.716141809008,2.114130270432,3.502525627));
#988 = CARTESIAN_POINT('',(-0.641541961447,1.905288807017,3.502525627));
#989 = ORIENTED_EDGE('',*,*,#990,.T.);
#990 = EDGE_CURVE('',#984,#991,#993,.T.);
#991 = VERTEX_POINT('',#992);
#992 = CARTESIAN_POINT('',(-0.808748516326,1.905288807017,3.502525627));
#993 = B_SPLINE_CURVE_WITH_KNOTS('',1,(#994,#995),.UNSPECIFIED.,.F.,.F.,
  (2,2),(0.,0.167206554878),.PIECEWISE_BEZIER_KNOTS.);
#994 = CARTESIAN_POINT('',(-0.641541961447,1.905288807017,3.502525627));
#995 = CARTESIAN_POINT('',(-0.808748516326,1.905288807017,3.502525627));
#996 = ORIENTED_EDGE('',*,*,#997,.T.);
#997 = EDGE_CURVE('',#991,#998,#1000,.T.);
#998 = VERTEX_POINT('',#999);
#999 = CARTESIAN_POINT('',(-0.733481748033,2.114130270432,3.502525627));
#1000 = B_SPLINE_CURVE_WITH_KNOTS('',1,(#1001,#1002),.UNSPECIFIED.,.F.,
  .F.,(2,2),(0.,0.221990637754),.PIECEWISE_BEZIER_KNOTS.);
#1001 = CARTESIAN_POINT('',(-0.808748516326,1.905288807017,3.502525627)
  );
#1002 = CARTESIAN_POINT('',(-0.733481748033,2.114130270432,3.502525627)
  );
#1003 = ORIENTED_EDGE('',*,*,#1004,.T.);
#1004 = EDGE_CURVE('',#998,#1005,#1007,.T.);
#1005 = VERTEX_POINT('',#1006);
#1006 = CARTESIAN_POINT('',(-0.725764522423,2.149191246042,3.502525627)
  );
#1007 = B_SPLINE_CURVE_WITH_KNOTS('',3,(#1008,#1009,#1010,#1011,#1012,
    #1013,#1014),.UNSPECIFIED.,.F.,.F.,(4,1,1,1,4),(0.,0.174481715317,
    0.398285759128,0.673897847399,1.),.UNSPECIFIED.);
#1008 = CARTESIAN_POINT('',(-0.733481748033,2.114130270432,3.502525627)
  );
#1009 = CARTESIAN_POINT('',(-0.732857795471,2.116125187659,3.502525627)
  );
#1010 = CARTESIAN_POINT('',(-0.73143351202,2.120678943452,3.502525627));
#1011 = CARTESIAN_POINT('',(-0.729567108035,2.128538473239,3.502525627)
  );
#1012 = CARTESIAN_POINT('',(-0.727737216061,2.138255299229,3.502525627)
  );
#1013 = CARTESIAN_POINT('',(-0.726457870424,2.145347559056,3.502525627)
  );
#1014 = CARTESIAN_POINT('',(-0.725764522423,2.149191246042,3.502525627)
  );
#1015 = ORIENTED_EDGE('',*,*,#1016,.T.);
#1016 = EDGE_CURVE('',#1005,#1017,#1019,.T.);
#1017 = VERTEX_POINT('',#1018);
#1018 = CARTESIAN_POINT('',(-0.724144857789,2.149191246042,3.502525627)
  );
#1019 = B_SPLINE_CURVE_WITH_KNOTS('',1,(#1020,#1021),.UNSPECIFIED.,.F.,
  .F.,(2,2),(0.,1.619664634146E-03),.PIECEWISE_BEZIER_KNOTS.);
#1020 = CARTESIAN_POINT('',(-0.725764522423,2.149191246042,3.502525627)
  );
#1021 = CARTESIAN_POINT('',(-0.724144857789,2.149191246042,3.502525627)
  );
#1022 = ORIENTED_EDGE('',*,*,#1023,.T.);
#1023 = EDGE_CURVE('',#1017,#982,#1024,.T.);
#1024 = B_SPLINE_CURVE_WITH_KNOTS('',3,(#1025,#1026,#1027,#1028,#1029,
    #1030,#1031),.UNSPECIFIED.,.F.,.F.,(4,1,1,1,4),(0.,0.300541113159,
    0.567747146484,0.800033613737,1.),.UNSPECIFIED.);
#1025 = CARTESIAN_POINT('',(-0.724144857789,2.149191246042,3.502525627)
  );
#1026 = CARTESIAN_POINT('',(-0.723561816553,2.145630799898,3.502525627)
  );
#1027 = CARTESIAN_POINT('',(-0.72246040319,2.138904821155,3.502525627));
#1028 = CARTESIAN_POINT('',(-0.720601159086,2.129480332426,3.502525627)
  );
#1029 = CARTESIAN_POINT('',(-0.718531088791,2.121335426814,3.502525627)
  );
#1030 = CARTESIAN_POINT('',(-0.716897520973,2.116409209435,3.502525627)
  );
#1031 = CARTESIAN_POINT('',(-0.716141809008,2.114130270432,3.502525627)
  );
#1032 = B_SPLINE_SURFACE_WITH_KNOTS('',1,1,(
    (#1033,#1034)
    ,(#1035,#1036
    )),.UNSPECIFIED.,.F.,.F.,.F.,(2,2),(2,2),(0.641541961447,
    0.808748516326),(1.905288807017,2.149191246042),
  .PIECEWISE_BEZIER_KNOTS.);
#1033 = CARTESIAN_POINT('',(-0.641541961447,1.905288807017,3.502525627)
  );
#1034 = CARTESIAN_POINT('',(-0.641541961447,2.149191246042,3.502525627)
  );
#1035 = CARTESIAN_POINT('',(-0.808748516326,1.905288807017,3.502525627)
  );
#1036 = CARTESIAN_POINT('',(-0.808748516326,2.149191246042,3.502525627)
  );
#1037 = ADVANCED_FACE('',(#1038,#1208,#1252,#1428,#1514,#1585),#1643,.T.
  );
#1038 = FACE_BOUND('',#1039,.T.);
#1039 = EDGE_LOOP('',(#1040,#1049,#1056,#1063,#1070,#1077,#1084,#1091,
    #1098,#1105,#1112,#1119,#1126,#1133,#1140,#1147,#1154,#1161,#1168,
    #1175,#1182,#1189,#1196,#1203));
#1040 = ORIENTED_EDGE('',*,*,#1041,.F.);
#1041 = EDGE_CURVE('',#1042,#1044,#1046,.T.);
#1042 = VERTEX_POINT('',#1043);
#1043 = CARTESIAN_POINT('',(4.,0.75,3.502525627));
#1044 = VERTEX_POINT('',#1045);
#1045 = CARTESIAN_POINT('',(4.,-3.25,3.502525627));
#1046 = B_SPLINE_CURVE_WITH_KNOTS('',1,(#1047,#1048),.UNSPECIFIED.,.F.,
  .F.,(2,2),(-0.,4.),.PIECEWISE_BEZIER_KNOTS.);
#1047 = CARTESIAN_POINT('',(4.,0.75,3.502525627));
#1048 = CARTESIAN_POINT('',(4.,-3.25,3.502525627));
#1049 = ORIENTED_EDGE('',*,*,#1050,.F.);
#1050 = EDGE_CURVE('',#1051,#1042,#1053,.T.);
#1051 = VERTEX_POINT('',#1052);
#1052 = CARTESIAN_POINT('',(3.,0.75,3.502525627));
#1053 = B_SPLINE_CURVE_WITH_KNOTS('',1,(#1054,#1055),.UNSPECIFIED.,.F.,
  .F.,(2,2),(0.,1.),.PIECEWISE_BEZIER_KNOTS.);
#1054 = CARTESIAN_POINT('',(3.,0.75,3.502525627));
#1055 = CARTESIAN_POINT('',(4.,0.75,3.502525627));
#1056 = ORIENTED_EDGE('',*,*,#1057,.T.);
#1057 = EDGE_CURVE('',#1051,#1058,#1060,.T.);
#1058 = VERTEX_POINT('',#1059);
#1059 = CARTESIAN_POINT('',(3.,-3.25,3.502525627));
#1060 = B_SPLINE_CURVE_WITH_KNOTS('',1,(#1061,#1062),.UNSPECIFIED.,.F.,
  .F.,(2,2),(-0.,4.),.PIECEWISE_BEZIER_KNOTS.);
#1061 = CARTESIAN_POINT('',(3.,0.75,3.502525627));
#1062 = CARTESIAN_POINT('',(3.,-3.25,3.502525627));
#1063 = ORIENTED_EDGE('',*,*,#1064,.F.);
#1064 = EDGE_CURVE('',#1065,#1058,#1067,.T.);
#1065 = VERTEX_POINT('',#1066);
#1066 = CARTESIAN_POINT('',(0.5,-3.25,3.502525627));
#1067 = B_SPLINE_CURVE_WITH_KNOTS('',1,(#1068,#1069),.UNSPECIFIED.,.F.,
  .F.,(2,2),(5.75,8.25),.PIECEWISE_BEZIER_KNOTS.);
#1068 = CARTESIAN_POINT('',(0.5,-3.25,3.502525627));
#1069 = CARTESIAN_POINT('',(3.,-3.25,3.502525627));
#1070 = ORIENTED_EDGE('',*,*,#1071,.F.);
#1071 = EDGE_CURVE('',#1072,#1065,#1074,.T.);
#1072 = VERTEX_POINT('',#1073);
#1073 = CARTESIAN_POINT('',(0.5,0.75,3.502525627));
#1074 = B_SPLINE_CURVE_WITH_KNOTS('',1,(#1075,#1076),.UNSPECIFIED.,.F.,
  .F.,(2,2),(-0.,4.),.PIECEWISE_BEZIER_KNOTS.);
#1075 = CARTESIAN_POINT('',(0.5,0.75,3.502525627));
#1076 = CARTESIAN_POINT('',(0.5,-3.25,3.502525627));
#1077 = ORIENTED_EDGE('',*,*,#1078,.F.);
#1078 = EDGE_CURVE('',#1079,#1072,#1081,.T.);
#1079 = VERTEX_POINT('',#1080);
#1080 = CARTESIAN_POINT('',(-0.5,0.75,3.502525627));
#1081 = B_SPLINE_CURVE_WITH_KNOTS('',1,(#1082,#1083),.UNSPECIFIED.,.F.,
  .F.,(2,2),(0.,1.),.PIECEWISE_BEZIER_KNOTS.);
#1082 = CARTESIAN_POINT('',(-0.5,0.75,3.502525627));
#1083 = CARTESIAN_POINT('',(0.5,0.75,3.502525627));
#1084 = ORIENTED_EDGE('',*,*,#1085,.T.);
#1085 = EDGE_CURVE('',#1079,#1086,#1088,.T.);
#1086 = VERTEX_POINT('',#1087);
#1087 = CARTESIAN_POINT('',(-0.5,-3.25,3.502525627));
#1088 = B_SPLINE_CURVE_WITH_KNOTS('',1,(#1089,#1090),.UNSPECIFIED.,.F.,
  .F.,(2,2),(-0.,4.),.PIECEWISE_BEZIER_KNOTS.);
#1089 = CARTESIAN_POINT('',(-0.5,0.75,3.502525627));
#1090 = CARTESIAN_POINT('',(-0.5,-3.25,3.502525627));
#1091 = ORIENTED_EDGE('',*,*,#1092,.F.);
#1092 = EDGE_CURVE('',#1093,#1086,#1095,.T.);
#1093 = VERTEX_POINT('',#1094);
#1094 = CARTESIAN_POINT('',(-3.,-3.25,3.502525627));
#1095 = B_SPLINE_CURVE_WITH_KNOTS('',1,(#1096,#1097),.UNSPECIFIED.,.F.,
  .F.,(2,2),(2.25,4.75),.PIECEWISE_BEZIER_KNOTS.);
#1096 = CARTESIAN_POINT('',(-3.,-3.25,3.502525627));
#1097 = CARTESIAN_POINT('',(-0.5,-3.25,3.502525627));
#1098 = ORIENTED_EDGE('',*,*,#1099,.F.);
#1099 = EDGE_CURVE('',#1100,#1093,#1102,.T.);
#1100 = VERTEX_POINT('',#1101);
#1101 = CARTESIAN_POINT('',(-3.,0.75,3.502525627));
#1102 = B_SPLINE_CURVE_WITH_KNOTS('',1,(#1103,#1104),.UNSPECIFIED.,.F.,
  .F.,(2,2),(-0.,4.),.PIECEWISE_BEZIER_KNOTS.);
#1103 = CARTESIAN_POINT('',(-3.,0.75,3.502525627));
#1104 = CARTESIAN_POINT('',(-3.,-3.25,3.502525627));
#1105 = ORIENTED_EDGE('',*,*,#1106,.F.);
#1106 = EDGE_CURVE('',#1107,#1100,#1109,.T.);
#1107 = VERTEX_POINT('',#1108);
#1108 = CARTESIAN_POINT('',(-4.,0.75,3.502525627));
#1109 = B_SPLINE_CURVE_WITH_KNOTS('',1,(#1110,#1111),.UNSPECIFIED.,.F.,
  .F.,(2,2),(0.,1.),.PIECEWISE_BEZIER_KNOTS.);
#1110 = CARTESIAN_POINT('',(-4.,0.75,3.502525627));
#1111 = CARTESIAN_POINT('',(-3.,0.75,3.502525627));
#1112 = ORIENTED_EDGE('',*,*,#1113,.T.);
#1113 = EDGE_CURVE('',#1107,#1114,#1116,.T.);
#1114 = VERTEX_POINT('',#1115);
#1115 = CARTESIAN_POINT('',(-4.,-3.25,3.502525627));
#1116 = B_SPLINE_CURVE_WITH_KNOTS('',1,(#1117,#1118),.UNSPECIFIED.,.F.,
  .F.,(2,2),(-0.,4.),.PIECEWISE_BEZIER_KNOTS.);
#1117 = CARTESIAN_POINT('',(-4.,0.75,3.502525627));
#1118 = CARTESIAN_POINT('',(-4.,-3.25,3.502525627));
#1119 = ORIENTED_EDGE('',*,*,#1120,.F.);
#1120 = EDGE_CURVE('',#1121,#1114,#1123,.T.);
#1121 = VERTEX_POINT('',#1122);
#1122 = CARTESIAN_POINT('',(-5.25,-3.25,3.502525627));
#1123 = B_SPLINE_CURVE_WITH_KNOTS('',1,(#1124,#1125),.UNSPECIFIED.,.F.,
  .F.,(2,2),(0.,1.25),.PIECEWISE_BEZIER_KNOTS.);
#1124 = CARTESIAN_POINT('',(-5.25,-3.25,3.502525627));
#1125 = CARTESIAN_POINT('',(-4.,-3.25,3.502525627));
#1126 = ORIENTED_EDGE('',*,*,#1127,.F.);
#1127 = EDGE_CURVE('',#1128,#1121,#1130,.T.);
#1128 = VERTEX_POINT('',#1129);
#1129 = CARTESIAN_POINT('',(-5.25,1.788163490354,3.502525627));
#1130 = B_SPLINE_CURVE_WITH_KNOTS('',1,(#1131,#1132),.UNSPECIFIED.,.F.,
  .F.,(2,2),(-5.038163490354,-0.),.PIECEWISE_BEZIER_KNOTS.);
#1131 = CARTESIAN_POINT('',(-5.25,1.788163490354,3.502525627));
#1132 = CARTESIAN_POINT('',(-5.25,-3.25,3.502525627));
#1133 = ORIENTED_EDGE('',*,*,#1134,.F.);
#1134 = EDGE_CURVE('',#1135,#1128,#1137,.T.);
#1135 = VERTEX_POINT('',#1136);
#1136 = CARTESIAN_POINT('',(-4.75,1.7,3.502525627));
#1137 = B_SPLINE_CURVE_WITH_KNOTS('',1,(#1138,#1139),.UNSPECIFIED.,.F.,
  .F.,(2,2),(4.973038728842,5.480752034785),.PIECEWISE_BEZIER_KNOTS.);
#1138 = CARTESIAN_POINT('',(-4.75,1.7,3.502525627));
#1139 = CARTESIAN_POINT('',(-5.25,1.788163490354,3.502525627));
#1140 = ORIENTED_EDGE('',*,*,#1141,.F.);
#1141 = EDGE_CURVE('',#1142,#1135,#1144,.T.);
#1142 = VERTEX_POINT('',#1143);
#1143 = CARTESIAN_POINT('',(-4.75,2.3,3.502525627));
#1144 = B_SPLINE_CURVE_WITH_KNOTS('',1,(#1145,#1146),.UNSPECIFIED.,.F.,
  .F.,(2,2),(3.573970863919E-31,0.6),.PIECEWISE_BEZIER_KNOTS.);
#1145 = CARTESIAN_POINT('',(-4.75,2.3,3.502525627));
#1146 = CARTESIAN_POINT('',(-4.75,1.7,3.502525627));
#1147 = ORIENTED_EDGE('',*,*,#1148,.T.);
#1148 = EDGE_CURVE('',#1142,#1149,#1151,.T.);
#1149 = VERTEX_POINT('',#1150);
#1150 = CARTESIAN_POINT('',(-5.25,2.211836509646,3.502525627));
#1151 = B_SPLINE_CURVE_WITH_KNOTS('',1,(#1152,#1153),.UNSPECIFIED.,.F.,
  .F.,(2,2),(0.,0.507713305943),.PIECEWISE_BEZIER_KNOTS.);
#1152 = CARTESIAN_POINT('',(-4.75,2.3,3.502525627));
#1153 = CARTESIAN_POINT('',(-5.25,2.211836509646,3.502525627));
#1154 = ORIENTED_EDGE('',*,*,#1155,.F.);
#1155 = EDGE_CURVE('',#1156,#1149,#1158,.T.);
#1156 = VERTEX_POINT('',#1157);
#1157 = CARTESIAN_POINT('',(-5.25,3.25,3.502525627));
#1158 = B_SPLINE_CURVE_WITH_KNOTS('',1,(#1159,#1160),.UNSPECIFIED.,.F.,
  .F.,(2,2),(-6.5,-5.461836509646),.PIECEWISE_BEZIER_KNOTS.);
#1159 = CARTESIAN_POINT('',(-5.25,3.25,3.502525627));
#1160 = CARTESIAN_POINT('',(-5.25,2.211836509646,3.502525627));
#1161 = ORIENTED_EDGE('',*,*,#1162,.F.);
#1162 = EDGE_CURVE('',#1163,#1156,#1165,.T.);
#1163 = VERTEX_POINT('',#1164);
#1164 = CARTESIAN_POINT('',(5.25,3.25,3.502525627));
#1165 = B_SPLINE_CURVE_WITH_KNOTS('',1,(#1166,#1167),.UNSPECIFIED.,.F.,
  .F.,(2,2),(-10.5,-0.),.PIECEWISE_BEZIER_KNOTS.);
#1166 = CARTESIAN_POINT('',(5.25,3.25,3.502525627));
#1167 = CARTESIAN_POINT('',(-5.25,3.25,3.502525627));
#1168 = ORIENTED_EDGE('',*,*,#1169,.F.);
#1169 = EDGE_CURVE('',#1170,#1163,#1172,.T.);
#1170 = VERTEX_POINT('',#1171);
#1171 = CARTESIAN_POINT('',(5.25,2.211836509646,3.502525627));
#1172 = B_SPLINE_CURVE_WITH_KNOTS('',1,(#1173,#1174),.UNSPECIFIED.,.F.,
  .F.,(2,2),(5.461836509646,6.5),.PIECEWISE_BEZIER_KNOTS.);
#1173 = CARTESIAN_POINT('',(5.25,2.211836509646,3.502525627));
#1174 = CARTESIAN_POINT('',(5.25,3.25,3.502525627));
#1175 = ORIENTED_EDGE('',*,*,#1176,.F.);
#1176 = EDGE_CURVE('',#1177,#1170,#1179,.T.);
#1177 = VERTEX_POINT('',#1178);
#1178 = CARTESIAN_POINT('',(5.75,2.3,3.502525627));
#1179 = B_SPLINE_CURVE_WITH_KNOTS('',1,(#1180,#1181),.UNSPECIFIED.,.F.,
  .F.,(2,2),(-6.062035388454,-5.554322082511),.PIECEWISE_BEZIER_KNOTS.);
#1180 = CARTESIAN_POINT('',(5.75,2.3,3.502525627));
#1181 = CARTESIAN_POINT('',(5.25,2.211836509646,3.502525627));
#1182 = ORIENTED_EDGE('',*,*,#1183,.F.);
#1183 = EDGE_CURVE('',#1184,#1177,#1186,.T.);
#1184 = VERTEX_POINT('',#1185);
#1185 = CARTESIAN_POINT('',(5.75,1.7,3.502525627));
#1186 = B_SPLINE_CURVE_WITH_KNOTS('',1,(#1187,#1188),.UNSPECIFIED.,.F.,
  .F.,(2,2),(0.,0.6),.PIECEWISE_BEZIER_KNOTS.);
#1187 = CARTESIAN_POINT('',(5.75,1.7,3.502525627));
#1188 = CARTESIAN_POINT('',(5.75,2.3,3.502525627));
#1189 = ORIENTED_EDGE('',*,*,#1190,.T.);
#1190 = EDGE_CURVE('',#1184,#1191,#1193,.T.);
#1191 = VERTEX_POINT('',#1192);
#1192 = CARTESIAN_POINT('',(5.25,1.788163490354,3.502525627));
#1193 = B_SPLINE_CURVE_WITH_KNOTS('',1,(#1194,#1195),.UNSPECIFIED.,.F.,
  .F.,(2,2),(0.,0.507713305943),.PIECEWISE_BEZIER_KNOTS.);
#1194 = CARTESIAN_POINT('',(5.75,1.7,3.502525627));
#1195 = CARTESIAN_POINT('',(5.25,1.788163490354,3.502525627));
#1196 = ORIENTED_EDGE('',*,*,#1197,.F.);
#1197 = EDGE_CURVE('',#1198,#1191,#1200,.T.);
#1198 = VERTEX_POINT('',#1199);
#1199 = CARTESIAN_POINT('',(5.25,-3.25,3.502525627));
#1200 = B_SPLINE_CURVE_WITH_KNOTS('',1,(#1201,#1202),.UNSPECIFIED.,.F.,
  .F.,(2,2),(0.,5.038163490354),.PIECEWISE_BEZIER_KNOTS.);
#1201 = CARTESIAN_POINT('',(5.25,-3.25,3.502525627));
#1202 = CARTESIAN_POINT('',(5.25,1.788163490354,3.502525627));
#1203 = ORIENTED_EDGE('',*,*,#1204,.F.);
#1204 = EDGE_CURVE('',#1044,#1198,#1205,.T.);
#1205 = B_SPLINE_CURVE_WITH_KNOTS('',1,(#1206,#1207),.UNSPECIFIED.,.F.,
  .F.,(2,2),(9.25,10.5),.PIECEWISE_BEZIER_KNOTS.);
#1206 = CARTESIAN_POINT('',(4.,-3.25,3.502525627));
#1207 = CARTESIAN_POINT('',(5.25,-3.25,3.502525627));
#1208 = FACE_BOUND('',#1209,.T.);
#1209 = EDGE_LOOP('',(#1210,#1219,#1226,#1233,#1240,#1247));
#1210 = ORIENTED_EDGE('',*,*,#1211,.T.);
#1211 = EDGE_CURVE('',#1212,#1214,#1216,.T.);
#1212 = VERTEX_POINT('',#1213);
#1213 = CARTESIAN_POINT('',(1.002322367821,1.765044904578,3.502525627));
#1214 = VERTEX_POINT('',#1215);
#1215 = CARTESIAN_POINT('',(0.813297977577,1.765044904578,3.502525627));
#1216 = B_SPLINE_CURVE_WITH_KNOTS('',1,(#1217,#1218),.UNSPECIFIED.,.F.,
  .F.,(2,2),(0.,0.189024390244),.PIECEWISE_BEZIER_KNOTS.);
#1217 = CARTESIAN_POINT('',(1.002322367821,1.765044904578,3.502525627));
#1218 = CARTESIAN_POINT('',(0.813297977577,1.765044904578,3.502525627));
#1219 = ORIENTED_EDGE('',*,*,#1220,.T.);
#1220 = EDGE_CURVE('',#1214,#1221,#1223,.T.);
#1221 = VERTEX_POINT('',#1222);
#1222 = CARTESIAN_POINT('',(0.813297977577,1.710166855798,3.502525627));
#1223 = B_SPLINE_CURVE_WITH_KNOTS('',1,(#1224,#1225),.UNSPECIFIED.,.F.,
  .F.,(2,2),(0.,5.487804878049E-02),.PIECEWISE_BEZIER_KNOTS.);
#1224 = CARTESIAN_POINT('',(0.813297977577,1.765044904578,3.502525627));
#1225 = CARTESIAN_POINT('',(0.813297977577,1.710166855798,3.502525627));
#1226 = ORIENTED_EDGE('',*,*,#1227,.T.);
#1227 = EDGE_CURVE('',#1221,#1228,#1230,.T.);
#1228 = VERTEX_POINT('',#1229);
#1229 = CARTESIAN_POINT('',(1.069395538553,1.710166855798,3.502525627));
#1230 = B_SPLINE_CURVE_WITH_KNOTS('',1,(#1231,#1232),.UNSPECIFIED.,.F.,
  .F.,(2,2),(0.,0.256097560976),.PIECEWISE_BEZIER_KNOTS.);
#1231 = CARTESIAN_POINT('',(0.813297977577,1.710166855798,3.502525627));
#1232 = CARTESIAN_POINT('',(1.069395538553,1.710166855798,3.502525627));
#1233 = ORIENTED_EDGE('',*,*,#1234,.T.);
#1234 = EDGE_CURVE('',#1228,#1235,#1237,.T.);
#1235 = VERTEX_POINT('',#1236);
#1236 = CARTESIAN_POINT('',(1.069395538553,2.210166855798,3.502525627));
#1237 = B_SPLINE_CURVE_WITH_KNOTS('',1,(#1238,#1239),.UNSPECIFIED.,.F.,
  .F.,(2,2),(0.,0.5),.PIECEWISE_BEZIER_KNOTS.);
#1238 = CARTESIAN_POINT('',(1.069395538553,1.710166855798,3.502525627));
#1239 = CARTESIAN_POINT('',(1.069395538553,2.210166855798,3.502525627));
#1240 = ORIENTED_EDGE('',*,*,#1241,.T.);
#1241 = EDGE_CURVE('',#1235,#1242,#1244,.T.);
#1242 = VERTEX_POINT('',#1243);
#1243 = CARTESIAN_POINT('',(1.002322367821,2.210166855798,3.502525627));
#1244 = B_SPLINE_CURVE_WITH_KNOTS('',1,(#1245,#1246),.UNSPECIFIED.,.F.,
  .F.,(2,2),(0.,6.707317073171E-02),.PIECEWISE_BEZIER_KNOTS.);
#1245 = CARTESIAN_POINT('',(1.069395538553,2.210166855798,3.502525627));
#1246 = CARTESIAN_POINT('',(1.002322367821,2.210166855798,3.502525627));
#1247 = ORIENTED_EDGE('',*,*,#1248,.T.);
#1248 = EDGE_CURVE('',#1242,#1212,#1249,.T.);
#1249 = B_SPLINE_CURVE_WITH_KNOTS('',1,(#1250,#1251),.UNSPECIFIED.,.F.,
  .F.,(2,2),(0.,0.44512195122),.PIECEWISE_BEZIER_KNOTS.);
#1250 = CARTESIAN_POINT('',(1.002322367821,2.210166855798,3.502525627));
#1251 = CARTESIAN_POINT('',(1.002322367821,1.765044904578,3.502525627));
#1252 = FACE_BOUND('',#1253,.T.);
#1253 = EDGE_LOOP('',(#1254,#1272,#1279,#1295,#1319,#1343,#1359,#1366,
    #1382,#1406));
#1254 = ORIENTED_EDGE('',*,*,#1255,.T.);
#1255 = EDGE_CURVE('',#1256,#1258,#1260,.T.);
#1256 = VERTEX_POINT('',#1257);
#1257 = CARTESIAN_POINT('',(0.526998434894,1.758947343603,3.502525627));
#1258 = VERTEX_POINT('',#1259);
#1259 = CARTESIAN_POINT('',(0.398663831235,1.790959538725,3.502525627));
#1260 = B_SPLINE_CURVE_WITH_KNOTS('',3,(#1261,#1262,#1263,#1264,#1265,
    #1266,#1267,#1268,#1269,#1270,#1271),.UNSPECIFIED.,.F.,.F.,(4,1,1,1,
    1,1,1,1,4),(0.,0.135294604763,0.266765657925,0.394816018836,
    0.520051654434,0.642175702971,0.762651820558,0.881834004381,1.),
  .UNSPECIFIED.);
#1261 = CARTESIAN_POINT('',(0.526998434894,1.758947343603,3.502525627));
#1262 = CARTESIAN_POINT('',(0.520960724611,1.759026613877,3.502525627));
#1263 = CARTESIAN_POINT('',(0.509055935364,1.759182914172,3.502525627));
#1264 = CARTESIAN_POINT('',(0.491499994444,1.760786901647,3.502525627));
#1265 = CARTESIAN_POINT('',(0.474494880053,1.763201011304,3.502525627));
#1266 = CARTESIAN_POINT('',(0.458114504626,1.766754368665,3.502525627));
#1267 = CARTESIAN_POINT('',(0.442302707637,1.77120237009,3.502525627));
#1268 = CARTESIAN_POINT('',(0.427149131145,1.776789400644,3.502525627));
#1269 = CARTESIAN_POINT('',(0.412491851917,1.783170944837,3.502525627));
#1270 = CARTESIAN_POINT('',(0.4032599963,1.788370761636,3.502525627));
#1271 = CARTESIAN_POINT('',(0.398663831235,1.790959538725,3.502525627));
#1272 = ORIENTED_EDGE('',*,*,#1273,.T.);
#1273 = EDGE_CURVE('',#1258,#1274,#1276,.T.);
#1274 = VERTEX_POINT('',#1275);
#1275 = CARTESIAN_POINT('',(0.398663831235,1.736081489944,3.502525627));
#1276 = B_SPLINE_CURVE_WITH_KNOTS('',1,(#1277,#1278),.UNSPECIFIED.,.F.,
  .F.,(2,2),(-2.22044604925E-16,5.487804878049E-02),
  .PIECEWISE_BEZIER_KNOTS.);
#1277 = CARTESIAN_POINT('',(0.398663831235,1.790959538725,3.502525627));
#1278 = CARTESIAN_POINT('',(0.398663831235,1.736081489944,3.502525627));
#1279 = ORIENTED_EDGE('',*,*,#1280,.T.);
#1280 = EDGE_CURVE('',#1274,#1281,#1283,.T.);
#1281 = VERTEX_POINT('',#1282);
#1282 = CARTESIAN_POINT('',(0.536240050748,1.704069294822,3.502525627));
#1283 = B_SPLINE_CURVE_WITH_KNOTS('',3,(#1284,#1285,#1286,#1287,#1288,
    #1289,#1290,#1291,#1292,#1293,#1294),.UNSPECIFIED.,.F.,.F.,(4,1,1,1,
    1,1,1,1,4),(0.,0.112448389909,0.226527675213,0.344401949326,
    0.465864972487,0.591659449352,0.722168487025,0.858606387555,1.),
  .UNSPECIFIED.);
#1284 = CARTESIAN_POINT('',(0.398663831235,1.736081489944,3.502525627));
#1285 = CARTESIAN_POINT('',(0.403355526623,1.733491865109,3.502525627));
#1286 = CARTESIAN_POINT('',(0.412806963409,1.728275056812,3.502525627));
#1287 = CARTESIAN_POINT('',(0.427921795651,1.721838011756,3.502525627));
#1288 = CARTESIAN_POINT('',(0.443826262113,1.71628575745,3.502525627));
#1289 = CARTESIAN_POINT('',(0.460659568353,1.71185833267,3.502525627));
#1290 = CARTESIAN_POINT('',(0.478309811509,1.708300124795,3.502525627));
#1291 = CARTESIAN_POINT('',(0.496870516127,1.705890023102,3.502525627));
#1292 = CARTESIAN_POINT('',(0.516268150592,1.704303531596,3.502525627));
#1293 = CARTESIAN_POINT('',(0.529504053931,1.704148296728,3.502525627));
#1294 = CARTESIAN_POINT('',(0.536240050748,1.704069294822,3.502525627));
#1295 = ORIENTED_EDGE('',*,*,#1296,.T.);
#1296 = EDGE_CURVE('',#1281,#1297,#1299,.T.);
#1297 = VERTEX_POINT('',#1298);
#1298 = CARTESIAN_POINT('',(0.770615050748,1.950734691164,3.502525627));
#1299 = B_SPLINE_CURVE_WITH_KNOTS('',3,(#1300,#1301,#1302,#1303,#1304,
    #1305,#1306,#1307,#1308,#1309,#1310,#1311,#1312,#1313,#1314,#1315,
    #1316,#1317,#1318),.UNSPECIFIED.,.F.,.F.,(4,1,1,1,1,1,1,1,1,1,1,1,1,
    1,1,1,4),(0.,6.783324845577E-02,0.132655536508,0.195050884051,
    0.255582933069,0.314799834147,0.373600472826,0.432545595327,
    0.492430629284,0.552671255963,0.612513044188,0.672610250357,
    0.733838369314,0.796594238568,0.861449799291,0.929198942351,1.),
  .UNSPECIFIED.);
#1300 = CARTESIAN_POINT('',(0.536240050748,1.704069294822,3.502525627));
#1301 = CARTESIAN_POINT('',(0.544919581523,1.704262873365,3.502525627));
#1302 = CARTESIAN_POINT('',(0.561893378856,1.704641437948,3.502525627));
#1303 = CARTESIAN_POINT('',(0.586689609789,1.707825714077,3.502525627));
#1304 = CARTESIAN_POINT('',(0.610147748179,1.713141971525,3.502525627));
#1305 = CARTESIAN_POINT('',(0.632259646297,1.720611508681,3.502525627));
#1306 = CARTESIAN_POINT('',(0.653102661927,1.730050047531,3.502525627));
#1307 = CARTESIAN_POINT('',(0.672568826167,1.741717012728,3.502525627));
#1308 = CARTESIAN_POINT('',(0.690529320503,1.755704285419,3.502525627));
#1309 = CARTESIAN_POINT('',(0.707221809499,1.771448030935,3.502525627));
#1310 = CARTESIAN_POINT('',(0.722115985317,1.789063084466,3.502525627));
#1311 = CARTESIAN_POINT('',(0.735153025478,1.808116426874,3.502525627));
#1312 = CARTESIAN_POINT('',(0.746182299767,1.828548795688,3.502525627));
#1313 = CARTESIAN_POINT('',(0.755131810516,1.850371408032,3.502525627));
#1314 = CARTESIAN_POINT('',(0.762106127226,1.873539965828,3.502525627));
#1315 = CARTESIAN_POINT('',(0.766983395638,1.898075324044,3.502525627));
#1316 = CARTESIAN_POINT('',(0.770152964289,1.923943059987,3.502525627));
#1317 = CARTESIAN_POINT('',(0.770458776502,1.941673958315,3.502525627));
#1318 = CARTESIAN_POINT('',(0.770615050748,1.950734691164,3.502525627));
#1319 = ORIENTED_EDGE('',*,*,#1320,.T.);
#1320 = EDGE_CURVE('',#1297,#1321,#1323,.T.);
#1321 = VERTEX_POINT('',#1322);
#1322 = CARTESIAN_POINT('',(0.516327703187,2.216264416774,3.502525627));
#1323 = B_SPLINE_CURVE_WITH_KNOTS('',3,(#1324,#1325,#1326,#1327,#1328,
    #1329,#1330,#1331,#1332,#1333,#1334,#1335,#1336,#1337,#1338,#1339,
    #1340,#1341,#1342),.UNSPECIFIED.,.F.,.F.,(4,1,1,1,1,1,1,1,1,1,1,1,1,
    1,1,1,4),(0.,7.064371857535E-02,0.138256715509,0.203364124218,
    0.266324093803,0.327904761543,0.388737715173,0.449423528109,
    0.510861011459,0.572079396048,0.631734428731,0.691117210579,
    0.75036002949,0.810032900531,0.871362450829,0.934427141231,1.),
  .UNSPECIFIED.);
#1324 = CARTESIAN_POINT('',(0.770615050748,1.950734691164,3.502525627));
#1325 = CARTESIAN_POINT('',(0.77039728902,1.960462446719,3.502525627));
#1326 = CARTESIAN_POINT('',(0.76997110787,1.979500622503,3.502525627));
#1327 = CARTESIAN_POINT('',(0.766583550027,2.007339101692,3.502525627));
#1328 = CARTESIAN_POINT('',(0.761025120825,2.033736099419,3.502525627));
#1329 = CARTESIAN_POINT('',(0.753070278656,2.058651545759,3.502525627));
#1330 = CARTESIAN_POINT('',(0.742940433547,2.082119115551,3.502525627));
#1331 = CARTESIAN_POINT('',(0.73062697614,2.104170034498,3.502525627));
#1332 = CARTESIAN_POINT('',(0.715929825552,2.124690689391,3.502525627));
#1333 = CARTESIAN_POINT('',(0.699083038307,2.143541602402,3.502525627));
#1334 = CARTESIAN_POINT('',(0.680644060946,2.160628355652,3.502525627));
#1335 = CARTESIAN_POINT('',(0.660748482358,2.175538567056,3.502525627));
#1336 = CARTESIAN_POINT('',(0.639636292403,2.188138941501,3.502525627));
#1337 = CARTESIAN_POINT('',(0.617337374354,2.198512569706,3.502525627));
#1338 = CARTESIAN_POINT('',(0.593769753687,2.206431201138,3.502525627));
#1339 = CARTESIAN_POINT('',(0.569043696796,2.212118151882,3.502525627));
#1340 = CARTESIAN_POINT('',(0.543074047734,2.215642116078,3.502525627));
#1341 = CARTESIAN_POINT('',(0.525358291672,2.216054304267,3.502525627));
#1342 = CARTESIAN_POINT('',(0.516327703187,2.216264416774,3.502525627));
#1343 = ORIENTED_EDGE('',*,*,#1344,.T.);
#1344 = EDGE_CURVE('',#1321,#1345,#1347,.T.);
#1345 = VERTEX_POINT('',#1346);
#1346 = CARTESIAN_POINT('',(0.398663831235,2.196447343603,3.502525627));
#1347 = B_SPLINE_CURVE_WITH_KNOTS('',3,(#1348,#1349,#1350,#1351,#1352,
    #1353,#1354,#1355,#1356,#1357,#1358),.UNSPECIFIED.,.F.,.F.,(4,1,1,1,
    1,1,1,1,4),(0.,0.145186866472,0.28344261092,0.416524365929,
    0.543181123535,0.665153082638,0.781360206313,0.892756655642,1.),
  .UNSPECIFIED.);
#1348 = CARTESIAN_POINT('',(0.516327703187,2.216264416774,3.502525627));
#1349 = CARTESIAN_POINT('',(0.510514272875,2.216222744556,3.502525627));
#1350 = CARTESIAN_POINT('',(0.499164941451,2.216141389523,3.502525627));
#1351 = CARTESIAN_POINT('',(0.482515318966,2.215121189891,3.502525627));
#1352 = CARTESIAN_POINT('',(0.466641680402,2.213679335531,3.502525627));
#1353 = CARTESIAN_POINT('',(0.451521054732,2.211431024663,3.502525627));
#1354 = CARTESIAN_POINT('',(0.437154219992,2.208754644968,3.502525627));
#1355 = CARTESIAN_POINT('',(0.423594996511,2.205265855705,3.502525627));
#1356 = CARTESIAN_POINT('',(0.410758148344,2.201356693562,3.502525627));
#1357 = CARTESIAN_POINT('',(0.402643892991,2.198062938418,3.502525627));
#1358 = CARTESIAN_POINT('',(0.398663831235,2.196447343603,3.502525627));
#1359 = ORIENTED_EDGE('',*,*,#1360,.T.);
#1360 = EDGE_CURVE('',#1345,#1361,#1363,.T.);
#1361 = VERTEX_POINT('',#1362);
#1362 = CARTESIAN_POINT('',(0.398663831235,2.129374172871,3.502525627));
#1363 = B_SPLINE_CURVE_WITH_KNOTS('',1,(#1364,#1365),.UNSPECIFIED.,.F.,
  .F.,(2,2),(0.,6.707317073171E-02),.PIECEWISE_BEZIER_KNOTS.);
#1364 = CARTESIAN_POINT('',(0.398663831235,2.196447343603,3.502525627));
#1365 = CARTESIAN_POINT('',(0.398663831235,2.129374172871,3.502525627));
#1366 = ORIENTED_EDGE('',*,*,#1367,.T.);
#1367 = EDGE_CURVE('',#1361,#1368,#1370,.T.);
#1368 = VERTEX_POINT('',#1369);
#1369 = CARTESIAN_POINT('',(0.515756056845,2.161386367993,3.502525627));
#1370 = B_SPLINE_CURVE_WITH_KNOTS('',3,(#1371,#1372,#1373,#1374,#1375,
    #1376,#1377,#1378,#1379,#1380,#1381),.UNSPECIFIED.,.F.,.F.,(4,1,1,1,
    1,1,1,1,4),(0.,0.125279696736,0.249419970742,0.373356799493,
    0.496681278782,0.620202915744,0.745086320161,0.871269195019,1.),
  .UNSPECIFIED.);
#1371 = CARTESIAN_POINT('',(0.398663831235,2.129374172871,3.502525627));
#1372 = CARTESIAN_POINT('',(0.403104024049,2.131954259367,3.502525627));
#1373 = CARTESIAN_POINT('',(0.411944025986,2.137090966392,3.502525627));
#1374 = CARTESIAN_POINT('',(0.425847741793,2.143512861105,3.502525627));
#1375 = CARTESIAN_POINT('',(0.440019363368,2.149082930192,3.502525627));
#1376 = CARTESIAN_POINT('',(0.454558099146,2.153529430607,3.502525627));
#1377 = CARTESIAN_POINT('',(0.469372446643,2.157120013817,3.502525627));
#1378 = CARTESIAN_POINT('',(0.484540089313,2.159528319174,3.502525627));
#1379 = CARTESIAN_POINT('',(0.500032289847,2.161148635968,3.502525627));
#1380 = CARTESIAN_POINT('',(0.510479991991,2.161306597695,3.502525627));
#1381 = CARTESIAN_POINT('',(0.515756056845,2.161386367993,3.502525627));
#1382 = ORIENTED_EDGE('',*,*,#1383,.T.);
#1383 = EDGE_CURVE('',#1368,#1384,#1386,.T.);
#1384 = VERTEX_POINT('',#1385);
#1385 = CARTESIAN_POINT('',(0.703541880016,1.954831489944,3.502525627));
#1386 = B_SPLINE_CURVE_WITH_KNOTS('',3,(#1387,#1388,#1389,#1390,#1391,
    #1392,#1393,#1394,#1395,#1396,#1397,#1398,#1399,#1400,#1401,#1402,
    #1403,#1404,#1405),.UNSPECIFIED.,.F.,.F.,(4,1,1,1,1,1,1,1,1,1,1,1,1,
    1,1,1,4),(0.,6.460397028839E-02,0.126702413963,0.186756814036,
    0.245505687365,0.30365202445,0.361503073971,0.420240222928,
    0.480033340777,0.540678134776,0.601191806381,0.662333502477,
    0.724739510297,0.789467736173,0.856504860044,0.926312095839,1.),
  .UNSPECIFIED.);
#1387 = CARTESIAN_POINT('',(0.515756056845,2.161386367993,3.502525627));
#1388 = CARTESIAN_POINT('',(0.522530737777,2.16124069995,3.502525627));
#1389 = CARTESIAN_POINT('',(0.535817358153,2.160955013287,3.502525627));
#1390 = CARTESIAN_POINT('',(0.555228097008,2.158150098444,3.502525627));
#1391 = CARTESIAN_POINT('',(0.573741793599,2.153953628828,3.502525627));
#1392 = CARTESIAN_POINT('',(0.591284209259,2.147811770189,3.502525627));
#1393 = CARTESIAN_POINT('',(0.607835424492,2.139884755016,3.502525627));
#1394 = CARTESIAN_POINT('',(0.623381086491,2.13014285136,3.502525627));
#1395 = CARTESIAN_POINT('',(0.63801666702,2.118794925173,3.502525627));
#1396 = CARTESIAN_POINT('',(0.65151890527,2.105699406546,3.502525627));
#1397 = CARTESIAN_POINT('',(0.663823200158,2.091217854658,3.502525627));
#1398 = CARTESIAN_POINT('',(0.674384615325,2.075254499322,3.502525627));
#1399 = CARTESIAN_POINT('',(0.683542965436,2.058241409279,3.502525627));
#1400 = CARTESIAN_POINT('',(0.690876954398,2.039880094162,3.502525627));
#1401 = CARTESIAN_POINT('',(0.69655670402,2.020311432227,3.502525627));
#1402 = CARTESIAN_POINT('',(0.700656286035,1.999562124894,3.502525627));
#1403 = CARTESIAN_POINT('',(0.703031527376,1.977593903185,3.502525627));
#1404 = CARTESIAN_POINT('',(0.703368722776,1.962554535416,3.502525627));
#1405 = CARTESIAN_POINT('',(0.703541880016,1.954831489944,3.502525627));
#1406 = ORIENTED_EDGE('',*,*,#1407,.T.);
#1407 = EDGE_CURVE('',#1384,#1256,#1408,.T.);
#1408 = B_SPLINE_CURVE_WITH_KNOTS('',3,(#1409,#1410,#1411,#1412,#1413,
    #1414,#1415,#1416,#1417,#1418,#1419,#1420,#1421,#1422,#1423,#1424,
    #1425,#1426,#1427),.UNSPECIFIED.,.F.,.F.,(4,1,1,1,1,1,1,1,1,1,1,1,1,
    1,1,1,4),(0.,7.377411937406E-02,0.144079114726,0.211348518309,
    0.27607688574,0.33852091582,0.399885116693,0.460254067465,
    0.520588964391,0.580207684563,0.638632908553,0.696364549491,
    0.75400177466,0.812805681374,0.872754425526,0.935181996978,1.),
  .UNSPECIFIED.);
#1409 = CARTESIAN_POINT('',(0.703541880016,1.954831489944,3.502525627));
#1410 = CARTESIAN_POINT('',(0.703402970091,1.947520887096,3.502525627));
#1411 = CARTESIAN_POINT('',(0.703131682284,1.9332434522,3.502525627));
#1412 = CARTESIAN_POINT('',(0.700800888973,1.912404613238,3.502525627));
#1413 = CARTESIAN_POINT('',(0.697025266851,1.892701252316,3.502525627));
#1414 = CARTESIAN_POINT('',(0.691719096002,1.874150736726,3.502525627));
#1415 = CARTESIAN_POINT('',(0.684800043408,1.856770233688,3.502525627));
#1416 = CARTESIAN_POINT('',(0.676442070365,1.840513563261,3.502525627));
#1417 = CARTESIAN_POINT('',(0.666449061488,1.825454137444,3.502525627));
#1418 = CARTESIAN_POINT('',(0.65504161159,1.81166245782,3.502525627));
#1419 = CARTESIAN_POINT('',(0.642376337412,1.799294631765,3.502525627));
#1420 = CARTESIAN_POINT('',(0.628718458442,1.788432901604,3.502525627));
#1421 = CARTESIAN_POINT('',(0.614038218374,1.779366738189,3.502525627));
#1422 = CARTESIAN_POINT('',(0.598472508036,1.771848787748,3.502525627));
#1423 = CARTESIAN_POINT('',(0.581950998509,1.766036375151,3.502525627));
#1424 = CARTESIAN_POINT('',(0.564442763354,1.761961670078,3.502525627));
#1425 = CARTESIAN_POINT('',(0.546031560311,1.759437885424,3.502525627));
#1426 = CARTESIAN_POINT('',(0.5334217724,1.759112892645,3.502525627));
#1427 = CARTESIAN_POINT('',(0.526998434894,1.758947343603,3.502525627));
#1428 = FACE_BOUND('',#1429,.T.);
#1429 = EDGE_LOOP('',(#1430,#1439,#1446,#1453,#1460,#1467,#1474,#1481,
    #1488,#1495,#1502,#1509));
#1430 = ORIENTED_EDGE('',*,*,#1431,.T.);
#1431 = EDGE_CURVE('',#1432,#1434,#1436,.T.);
#1432 = VERTEX_POINT('',#1433);
#1433 = CARTESIAN_POINT('',(0.234029684894,1.765044904578,3.502525627));
#1434 = VERTEX_POINT('',#1435);
#1435 = CARTESIAN_POINT('',(3.281017269888E-02,1.765044904578,
    3.502525627));
#1436 = B_SPLINE_CURVE_WITH_KNOTS('',1,(#1437,#1438),.UNSPECIFIED.,.F.,
  .F.,(2,2),(0.,0.201219512195),.PIECEWISE_BEZIER_KNOTS.);
#1437 = CARTESIAN_POINT('',(0.234029684894,1.765044904578,3.502525627));
#1438 = CARTESIAN_POINT('',(3.281017269888E-02,1.765044904578,
    3.502525627));
#1439 = ORIENTED_EDGE('',*,*,#1440,.T.);
#1440 = EDGE_CURVE('',#1434,#1441,#1443,.T.);
#1441 = VERTEX_POINT('',#1442);
#1442 = CARTESIAN_POINT('',(3.281017269888E-02,1.710166855798,
    3.502525627));
#1443 = B_SPLINE_CURVE_WITH_KNOTS('',1,(#1444,#1445),.UNSPECIFIED.,.F.,
  .F.,(2,2),(0.,5.487804878049E-02),.PIECEWISE_BEZIER_KNOTS.);
#1444 = CARTESIAN_POINT('',(3.281017269888E-02,1.765044904578,
    3.502525627));
#1445 = CARTESIAN_POINT('',(3.281017269888E-02,1.710166855798,
    3.502525627));
#1446 = ORIENTED_EDGE('',*,*,#1447,.T.);
#1447 = EDGE_CURVE('',#1441,#1448,#1450,.T.);
#1448 = VERTEX_POINT('',#1449);
#1449 = CARTESIAN_POINT('',(0.301102855626,1.710166855798,3.502525627));
#1450 = B_SPLINE_CURVE_WITH_KNOTS('',1,(#1451,#1452),.UNSPECIFIED.,.F.,
  .F.,(2,2),(0.,0.268292682927),.PIECEWISE_BEZIER_KNOTS.);
#1451 = CARTESIAN_POINT('',(3.281017269888E-02,1.710166855798,
    3.502525627));
#1452 = CARTESIAN_POINT('',(0.301102855626,1.710166855798,3.502525627));
#1453 = ORIENTED_EDGE('',*,*,#1454,.T.);
#1454 = EDGE_CURVE('',#1448,#1455,#1457,.T.);
#1455 = VERTEX_POINT('',#1456);
#1456 = CARTESIAN_POINT('',(0.301102855626,2.210166855798,3.502525627));
#1457 = B_SPLINE_CURVE_WITH_KNOTS('',1,(#1458,#1459),.UNSPECIFIED.,.F.,
  .F.,(2,2),(0.,0.5),.PIECEWISE_BEZIER_KNOTS.);
#1458 = CARTESIAN_POINT('',(0.301102855626,1.710166855798,3.502525627));
#1459 = CARTESIAN_POINT('',(0.301102855626,2.210166855798,3.502525627));
#1460 = ORIENTED_EDGE('',*,*,#1461,.T.);
#1461 = EDGE_CURVE('',#1455,#1462,#1464,.T.);
#1462 = VERTEX_POINT('',#1463);
#1463 = CARTESIAN_POINT('',(4.50052946501E-02,2.210166855798,3.502525627
    ));
#1464 = B_SPLINE_CURVE_WITH_KNOTS('',1,(#1465,#1466),.UNSPECIFIED.,.F.,
  .F.,(2,2),(0.,0.256097560976),.PIECEWISE_BEZIER_KNOTS.);
#1465 = CARTESIAN_POINT('',(0.301102855626,2.210166855798,3.502525627));
#1466 = CARTESIAN_POINT('',(4.50052946501E-02,2.210166855798,3.502525627
    ));
#1467 = ORIENTED_EDGE('',*,*,#1468,.T.);
#1468 = EDGE_CURVE('',#1462,#1469,#1471,.T.);
#1469 = VERTEX_POINT('',#1470);
#1470 = CARTESIAN_POINT('',(4.50052946501E-02,2.155288807017,3.502525627
    ));
#1471 = B_SPLINE_CURVE_WITH_KNOTS('',1,(#1472,#1473),.UNSPECIFIED.,.F.,
  .F.,(2,2),(0.,5.487804878049E-02),.PIECEWISE_BEZIER_KNOTS.);
#1472 = CARTESIAN_POINT('',(4.50052946501E-02,2.210166855798,3.502525627
    ));
#1473 = CARTESIAN_POINT('',(4.50052946501E-02,2.155288807017,3.502525627
    ));
#1474 = ORIENTED_EDGE('',*,*,#1475,.T.);
#1475 = EDGE_CURVE('',#1469,#1476,#1478,.T.);
#1476 = VERTEX_POINT('',#1477);
#1477 = CARTESIAN_POINT('',(0.234029684894,2.155288807017,3.502525627));
#1478 = B_SPLINE_CURVE_WITH_KNOTS('',1,(#1479,#1480),.UNSPECIFIED.,.F.,
  .F.,(2,2),(0.,0.189024390244),.PIECEWISE_BEZIER_KNOTS.);
#1479 = CARTESIAN_POINT('',(4.50052946501E-02,2.155288807017,3.502525627
    ));
#1480 = CARTESIAN_POINT('',(0.234029684894,2.155288807017,3.502525627));
#1481 = ORIENTED_EDGE('',*,*,#1482,.T.);
#1482 = EDGE_CURVE('',#1476,#1483,#1485,.T.);
#1483 = VERTEX_POINT('',#1484);
#1484 = CARTESIAN_POINT('',(0.234029684894,1.990654660676,3.502525627));
#1485 = B_SPLINE_CURVE_WITH_KNOTS('',1,(#1486,#1487),.UNSPECIFIED.,.F.,
  .F.,(2,2),(0.,0.164634146341),.PIECEWISE_BEZIER_KNOTS.);
#1486 = CARTESIAN_POINT('',(0.234029684894,2.155288807017,3.502525627));
#1487 = CARTESIAN_POINT('',(0.234029684894,1.990654660676,3.502525627));
#1488 = ORIENTED_EDGE('',*,*,#1489,.T.);
#1489 = EDGE_CURVE('',#1483,#1490,#1492,.T.);
#1490 = VERTEX_POINT('',#1491);
#1491 = CARTESIAN_POINT('',(5.720041660131E-02,1.990654660676,
    3.502525627));
#1492 = B_SPLINE_CURVE_WITH_KNOTS('',1,(#1493,#1494),.UNSPECIFIED.,.F.,
  .F.,(2,2),(0.,0.176829268293),.PIECEWISE_BEZIER_KNOTS.);
#1493 = CARTESIAN_POINT('',(0.234029684894,1.990654660676,3.502525627));
#1494 = CARTESIAN_POINT('',(5.720041660131E-02,1.990654660676,
    3.502525627));
#1495 = ORIENTED_EDGE('',*,*,#1496,.T.);
#1496 = EDGE_CURVE('',#1490,#1497,#1499,.T.);
#1497 = VERTEX_POINT('',#1498);
#1498 = CARTESIAN_POINT('',(5.720041660131E-02,1.935776611896,
    3.502525627));
#1499 = B_SPLINE_CURVE_WITH_KNOTS('',1,(#1500,#1501),.UNSPECIFIED.,.F.,
  .F.,(2,2),(0.,5.487804878049E-02),.PIECEWISE_BEZIER_KNOTS.);
#1500 = CARTESIAN_POINT('',(5.720041660131E-02,1.990654660676,
    3.502525627));
#1501 = CARTESIAN_POINT('',(5.720041660131E-02,1.935776611896,
    3.502525627));
#1502 = ORIENTED_EDGE('',*,*,#1503,.T.);
#1503 = EDGE_CURVE('',#1497,#1504,#1506,.T.);
#1504 = VERTEX_POINT('',#1505);
#1505 = CARTESIAN_POINT('',(0.234029684894,1.935776611896,3.502525627));
#1506 = B_SPLINE_CURVE_WITH_KNOTS('',1,(#1507,#1508),.UNSPECIFIED.,.F.,
  .F.,(2,2),(0.,0.176829268293),.PIECEWISE_BEZIER_KNOTS.);
#1507 = CARTESIAN_POINT('',(5.720041660131E-02,1.935776611896,
    3.502525627));
#1508 = CARTESIAN_POINT('',(0.234029684894,1.935776611896,3.502525627));
#1509 = ORIENTED_EDGE('',*,*,#1510,.T.);
#1510 = EDGE_CURVE('',#1504,#1432,#1511,.T.);
#1511 = B_SPLINE_CURVE_WITH_KNOTS('',1,(#1512,#1513),.UNSPECIFIED.,.F.,
  .F.,(2,2),(0.,0.170731707317),.PIECEWISE_BEZIER_KNOTS.);
#1512 = CARTESIAN_POINT('',(0.234029684894,1.935776611896,3.502525627));
#1513 = CARTESIAN_POINT('',(0.234029684894,1.765044904578,3.502525627));
#1514 = FACE_BOUND('',#1515,.T.);
#1515 = EDGE_LOOP('',(#1516,#1542,#1549,#1556,#1563));
#1516 = ORIENTED_EDGE('',*,*,#1517,.T.);
#1517 = EDGE_CURVE('',#1518,#1520,#1522,.T.);
#1518 = VERTEX_POINT('',#1519);
#1519 = CARTESIAN_POINT('',(-0.467189827301,1.966454965554,3.502525627)
  );
#1520 = VERTEX_POINT('',#1521);
#1521 = CARTESIAN_POINT('',(-0.200707357789,1.710166855798,3.502525627)
  );
#1522 = B_SPLINE_CURVE_WITH_KNOTS('',3,(#1523,#1524,#1525,#1526,#1527,
    #1528,#1529,#1530,#1531,#1532,#1533,#1534,#1535,#1536,#1537,#1538,
    #1539,#1540,#1541),.UNSPECIFIED.,.F.,.F.,(4,1,1,1,1,1,1,1,1,1,1,1,1,
    1,1,1,4),(0.,6.806869584499E-02,0.133427432819,0.196146033813,
    0.257048592449,0.316882663159,0.376187208666,0.435960335364,
    0.496535236863,0.557465343481,0.61768686341,0.677943640697,
    0.738805284806,0.800949336767,0.86481466747,0.931024781079,1.),
  .UNSPECIFIED.);
#1523 = CARTESIAN_POINT('',(-0.467189827301,1.966454965554,3.502525627)
  );
#1524 = CARTESIAN_POINT('',(-0.4669878937,1.957011173301,3.502525627));
#1525 = CARTESIAN_POINT('',(-0.466592065901,1.938499566155,3.502525627)
  );
#1526 = CARTESIAN_POINT('',(-0.462974176585,1.911483468616,3.502525627)
  );
#1527 = CARTESIAN_POINT('',(-0.457198828544,1.885884952144,3.502525627)
  );
#1528 = CARTESIAN_POINT('',(-0.449091947613,1.861718559725,3.502525627)
  );
#1529 = CARTESIAN_POINT('',(-0.438595904558,1.83900172205,3.502525627));
#1530 = CARTESIAN_POINT('',(-0.425582374727,1.817817433539,3.502525627)
  );
#1531 = CARTESIAN_POINT('',(-0.410402099507,1.79800417099,3.502525627));
#1532 = CARTESIAN_POINT('',(-0.392951074723,1.779833392356,3.502525627)
  );
#1533 = CARTESIAN_POINT('',(-0.373651498939,1.763570610282,3.502525627)
  );
#1534 = CARTESIAN_POINT('',(-0.353014080799,1.749107204152,3.502525627)
  );
#1535 = CARTESIAN_POINT('',(-0.330861492169,1.73709004132,3.502525627));
#1536 = CARTESIAN_POINT('',(-0.307382937937,1.727271447514,3.502525627)
  );
#1537 = CARTESIAN_POINT('',(-0.282619482151,1.719476070982,3.502525627)
  );
#1538 = CARTESIAN_POINT('',(-0.256463803284,1.714168581754,3.502525627)
  );
#1539 = CARTESIAN_POINT('',(-0.229034773017,1.71067937245,3.502525627));
#1540 = CARTESIAN_POINT('',(-0.210277716278,1.710340008486,3.502525627)
  );
#1541 = CARTESIAN_POINT('',(-0.200707357789,1.710166855798,3.502525627)
  );
#1542 = ORIENTED_EDGE('',*,*,#1543,.T.);
#1543 = EDGE_CURVE('',#1520,#1544,#1546,.T.);
#1544 = VERTEX_POINT('',#1545);
#1545 = CARTESIAN_POINT('',(-6.475080291088E-02,1.710166855798,
    3.502525627));
#1546 = B_SPLINE_CURVE_WITH_KNOTS('',1,(#1547,#1548),.UNSPECIFIED.,.F.,
  .F.,(2,2),(0.,0.135956554878),.PIECEWISE_BEZIER_KNOTS.);
#1547 = CARTESIAN_POINT('',(-0.200707357789,1.710166855798,3.502525627)
  );
#1548 = CARTESIAN_POINT('',(-6.475080291088E-02,1.710166855798,
    3.502525627));
#1549 = ORIENTED_EDGE('',*,*,#1550,.T.);
#1550 = EDGE_CURVE('',#1544,#1551,#1553,.T.);
#1551 = VERTEX_POINT('',#1552);
#1552 = CARTESIAN_POINT('',(-6.475080291088E-02,2.210166855798,
    3.502525627));
#1553 = B_SPLINE_CURVE_WITH_KNOTS('',1,(#1554,#1555),.UNSPECIFIED.,.F.,
  .F.,(2,2),(0.,0.5),.PIECEWISE_BEZIER_KNOTS.);
#1554 = CARTESIAN_POINT('',(-6.475080291088E-02,1.710166855798,
    3.502525627));
#1555 = CARTESIAN_POINT('',(-6.475080291088E-02,2.210166855798,
    3.502525627));
#1556 = ORIENTED_EDGE('',*,*,#1557,.T.);
#1557 = EDGE_CURVE('',#1551,#1558,#1560,.T.);
#1558 = VERTEX_POINT('',#1559);
#1559 = CARTESIAN_POINT('',(-0.205852174862,2.210166855798,3.502525627)
  );
#1560 = B_SPLINE_CURVE_WITH_KNOTS('',1,(#1561,#1562),.UNSPECIFIED.,.F.,
  .F.,(2,2),(0.,0.141101371951),.PIECEWISE_BEZIER_KNOTS.);
#1561 = CARTESIAN_POINT('',(-6.475080291088E-02,2.210166855798,
    3.502525627));
#1562 = CARTESIAN_POINT('',(-0.205852174862,2.210166855798,3.502525627)
  );
#1563 = ORIENTED_EDGE('',*,*,#1564,.T.);
#1564 = EDGE_CURVE('',#1558,#1518,#1565,.T.);
#1565 = B_SPLINE_CURVE_WITH_KNOTS('',3,(#1566,#1567,#1568,#1569,#1570,
    #1571,#1572,#1573,#1574,#1575,#1576,#1577,#1578,#1579,#1580,#1581,
    #1582,#1583,#1584),.UNSPECIFIED.,.F.,.F.,(4,1,1,1,1,1,1,1,1,1,1,1,1,
    1,1,1,4),(0.,6.86311786766E-02,0.134566466039,0.198328154011,
    0.260789766641,0.321999151484,0.382721746503,0.443537474036,
    0.505133429485,0.566213874765,0.626105864618,0.685349322161,
    0.744995870348,0.805415841815,0.867636266346,0.932307782302,1.),
  .UNSPECIFIED.);
#1566 = CARTESIAN_POINT('',(-0.205852174862,2.210166855798,3.502525627)
  );
#1567 = CARTESIAN_POINT('',(-0.215038106895,2.209962109822,3.502525627)
  );
#1568 = CARTESIAN_POINT('',(-0.233049139706,2.209560660466,3.502525627)
  );
#1569 = CARTESIAN_POINT('',(-0.259461211799,2.206511182844,3.502525627)
  );
#1570 = CARTESIAN_POINT('',(-0.284659133304,2.20121934794,3.502525627));
#1571 = CARTESIAN_POINT('',(-0.308712196819,2.194000098575,3.502525627)
  );
#1572 = CARTESIAN_POINT('',(-0.331648263843,2.184777586303,3.502525627)
  );
#1573 = CARTESIAN_POINT('',(-0.353251257746,2.17322424044,3.502525627));
#1574 = CARTESIAN_POINT('',(-0.373758209773,2.159741596141,3.502525627)
  );
#1575 = CARTESIAN_POINT('',(-0.392902266007,2.144300411999,3.502525627)
  );
#1576 = CARTESIAN_POINT('',(-0.410351403786,2.127131334755,3.502525627)
  );
#1577 = CARTESIAN_POINT('',(-0.425562464241,2.108353997923,3.502525627)
  );
#1578 = CARTESIAN_POINT('',(-0.43858549441,2.088219545622,3.502525627));
#1579 = CARTESIAN_POINT('',(-0.449065606556,2.066568776695,3.502525627)
  );
#1580 = CARTESIAN_POINT('',(-0.45720310078,2.043518345485,3.502525627));
#1581 = CARTESIAN_POINT('',(-0.462965507857,2.019084966511,3.502525627)
  );
#1582 = CARTESIAN_POINT('',(-0.466599981707,1.993240965968,3.502525627)
  );
#1583 = CARTESIAN_POINT('',(-0.466990243354,1.97551844884,3.502525627));
#1584 = CARTESIAN_POINT('',(-0.467189827301,1.966454965554,3.502525627)
  );
#1585 = FACE_BOUND('',#1586,.T.);
#1586 = EDGE_LOOP('',(#1587,#1596,#1603,#1610,#1617,#1624,#1631,#1638));
#1587 = ORIENTED_EDGE('',*,*,#1588,.T.);
#1588 = EDGE_CURVE('',#1589,#1591,#1593,.T.);
#1589 = VERTEX_POINT('',#1590);
#1590 = CARTESIAN_POINT('',(-0.692799583399,2.210166855798,3.502525627)
  );
#1591 = VERTEX_POINT('',#1592);
#1592 = CARTESIAN_POINT('',(-0.75987275413,2.210166855798,3.502525627));
#1593 = B_SPLINE_CURVE_WITH_KNOTS('',1,(#1594,#1595),.UNSPECIFIED.,.F.,
  .F.,(2,2),(0.,6.707317073171E-02),.PIECEWISE_BEZIER_KNOTS.);
#1594 = CARTESIAN_POINT('',(-0.692799583399,2.210166855798,3.502525627)
  );
#1595 = CARTESIAN_POINT('',(-0.75987275413,2.210166855798,3.502525627));
#1596 = ORIENTED_EDGE('',*,*,#1597,.T.);
#1597 = EDGE_CURVE('',#1591,#1598,#1600,.T.);
#1598 = VERTEX_POINT('',#1599);
#1599 = CARTESIAN_POINT('',(-0.95499470535,1.710166855798,3.502525627));
#1600 = B_SPLINE_CURVE_WITH_KNOTS('',1,(#1601,#1602),.UNSPECIFIED.,.F.,
  .F.,(2,2),(0.,0.536723928894),.PIECEWISE_BEZIER_KNOTS.);
#1601 = CARTESIAN_POINT('',(-0.75987275413,2.210166855798,3.502525627));
#1602 = CARTESIAN_POINT('',(-0.95499470535,1.710166855798,3.502525627));
#1603 = ORIENTED_EDGE('',*,*,#1604,.T.);
#1604 = EDGE_CURVE('',#1598,#1605,#1607,.T.);
#1605 = VERTEX_POINT('',#1606);
#1606 = CARTESIAN_POINT('',(-0.881823973643,1.710166855798,3.502525627)
  );
#1607 = B_SPLINE_CURVE_WITH_KNOTS('',1,(#1608,#1609),.UNSPECIFIED.,.F.,
  .F.,(2,2),(0.,7.317073170732E-02),.PIECEWISE_BEZIER_KNOTS.);
#1608 = CARTESIAN_POINT('',(-0.95499470535,1.710166855798,3.502525627));
#1609 = CARTESIAN_POINT('',(-0.881823973643,1.710166855798,3.502525627)
  );
#1610 = ORIENTED_EDGE('',*,*,#1611,.T.);
#1611 = EDGE_CURVE('',#1605,#1612,#1614,.T.);
#1612 = VERTEX_POINT('',#1613);
#1613 = CARTESIAN_POINT('',(-0.831233272423,1.850410758237,3.502525627)
  );
#1614 = B_SPLINE_CURVE_WITH_KNOTS('',1,(#1615,#1616),.UNSPECIFIED.,.F.,
  .F.,(2,2),(0.,0.149089809247),.PIECEWISE_BEZIER_KNOTS.);
#1615 = CARTESIAN_POINT('',(-0.881823973643,1.710166855798,3.502525627)
  );
#1616 = CARTESIAN_POINT('',(-0.831233272423,1.850410758237,3.502525627)
  );
#1617 = ORIENTED_EDGE('',*,*,#1618,.T.);
#1618 = EDGE_CURVE('',#1612,#1619,#1621,.T.);
#1619 = VERTEX_POINT('',#1620);
#1620 = CARTESIAN_POINT('',(-0.624678394374,1.850410758237,3.502525627)
  );
#1621 = B_SPLINE_CURVE_WITH_KNOTS('',1,(#1622,#1623),.UNSPECIFIED.,.F.,
  .F.,(2,2),(0.,0.206554878049),.PIECEWISE_BEZIER_KNOTS.);
#1622 = CARTESIAN_POINT('',(-0.831233272423,1.850410758237,3.502525627)
  );
#1623 = CARTESIAN_POINT('',(-0.624678394374,1.850410758237,3.502525627)
  );
#1624 = ORIENTED_EDGE('',*,*,#1625,.T.);
#1625 = EDGE_CURVE('',#1619,#1626,#1628,.T.);
#1626 = VERTEX_POINT('',#1627);
#1627 = CARTESIAN_POINT('',(-0.576945924862,1.710166855798,3.502525627)
  );
#1628 = B_SPLINE_CURVE_WITH_KNOTS('',1,(#1629,#1630),.UNSPECIFIED.,.F.,
  .F.,(2,2),(0.,0.148144324282),.PIECEWISE_BEZIER_KNOTS.);
#1629 = CARTESIAN_POINT('',(-0.624678394374,1.850410758237,3.502525627)
  );
#1630 = CARTESIAN_POINT('',(-0.576945924862,1.710166855798,3.502525627)
  );
#1631 = ORIENTED_EDGE('',*,*,#1632,.T.);
#1632 = EDGE_CURVE('',#1626,#1633,#1635,.T.);
#1633 = VERTEX_POINT('',#1634);
#1634 = CARTESIAN_POINT('',(-0.503775193155,1.710166855798,3.502525627)
  );
#1635 = B_SPLINE_CURVE_WITH_KNOTS('',1,(#1636,#1637),.UNSPECIFIED.,.F.,
  .F.,(2,2),(0.,7.317073170732E-02),.PIECEWISE_BEZIER_KNOTS.);
#1636 = CARTESIAN_POINT('',(-0.576945924862,1.710166855798,3.502525627)
  );
#1637 = CARTESIAN_POINT('',(-0.503775193155,1.710166855798,3.502525627)
  );
#1638 = ORIENTED_EDGE('',*,*,#1639,.T.);
#1639 = EDGE_CURVE('',#1633,#1589,#1640,.T.);
#1640 = B_SPLINE_CURVE_WITH_KNOTS('',1,(#1641,#1642),.UNSPECIFIED.,.F.,
  .F.,(2,2),(0.,0.534537388877),.PIECEWISE_BEZIER_KNOTS.);
#1641 = CARTESIAN_POINT('',(-0.503775193155,1.710166855798,3.502525627)
  );
#1642 = CARTESIAN_POINT('',(-0.692799583399,2.210166855798,3.502525627)
  );
#1643 = B_SPLINE_SURFACE_WITH_KNOTS('',1,1,(
    (#1644,#1645)
    ,(#1646,#1647
    )),.UNSPECIFIED.,.F.,.F.,.F.,(2,2),(2,2),(-5.75,5.25),(-3.25,3.25),
  .PIECEWISE_BEZIER_KNOTS.);
#1644 = CARTESIAN_POINT('',(5.75,-3.25,3.502525627));
#1645 = CARTESIAN_POINT('',(5.75,3.25,3.502525627));
#1646 = CARTESIAN_POINT('',(-5.25,-3.25,3.502525627));
#1647 = CARTESIAN_POINT('',(-5.25,3.25,3.502525627));
#1648 = ADVANCED_FACE('',(#1649),#1720,.T.);
#1649 = FACE_BOUND('',#1650,.T.);
#1650 = EDGE_LOOP('',(#1651,#1677,#1684,#1691,#1698));
#1651 = ORIENTED_EDGE('',*,*,#1652,.T.);
#1652 = EDGE_CURVE('',#1653,#1655,#1657,.T.);
#1653 = VERTEX_POINT('',#1654);
#1654 = CARTESIAN_POINT('',(-0.400116656569,1.9650258497,3.502525627));
#1655 = VERTEX_POINT('',#1656);
#1656 = CARTESIAN_POINT('',(-0.205566351691,2.155288807017,3.502525627)
  );
#1657 = B_SPLINE_CURVE_WITH_KNOTS('',3,(#1658,#1659,#1660,#1661,#1662,
    #1663,#1664,#1665,#1666,#1667,#1668,#1669,#1670,#1671,#1672,#1673,
    #1674,#1675,#1676),.UNSPECIFIED.,.F.,.F.,(4,1,1,1,1,1,1,1,1,1,1,1,1,
    1,1,1,4),(0.,7.430379644282E-02,0.144393610364,0.210499496103,
    0.273542606503,0.333824744579,0.392529672409,0.4500874546,
    0.507820611556,0.565464912777,0.623148722334,0.681297192791,
    0.740913498157,0.801855752196,0.865241237721,0.930941657047,1.),
  .UNSPECIFIED.);
#1658 = CARTESIAN_POINT('',(-0.400116656569,1.9650258497,3.502525627));
#1659 = CARTESIAN_POINT('',(-0.399952766278,1.972686292269,3.502525627)
  );
#1660 = CARTESIAN_POINT('',(-0.399634280387,1.987572731623,3.502525627)
  );
#1661 = CARTESIAN_POINT('',(-0.397156173286,2.009163235556,3.502525627)
  );
#1662 = CARTESIAN_POINT('',(-0.393003180763,2.029306723124,3.502525627)
  );
#1663 = CARTESIAN_POINT('',(-0.387098775426,2.047956096529,3.502525627)
  );
#1664 = CARTESIAN_POINT('',(-0.379562510246,2.065183266503,3.502525627)
  );
#1665 = CARTESIAN_POINT('',(-0.370282594496,2.080889530717,3.502525627)
  );
#1666 = CARTESIAN_POINT('',(-0.359330960969,2.0951518891,3.502525627));
#1667 = CARTESIAN_POINT('',(-0.346709186756,2.107806675299,3.502525627)
  );
#1668 = CARTESIAN_POINT('',(-0.332727174335,2.118932058694,3.502525627)
  );
#1669 = CARTESIAN_POINT('',(-0.317728677109,2.128722943769,3.502525627)
  );
#1670 = CARTESIAN_POINT('',(-0.301583587345,2.136943763945,3.502525627)
  );
#1671 = CARTESIAN_POINT('',(-0.284418371404,2.143699226963,3.502525627)
  );
#1672 = CARTESIAN_POINT('',(-0.266174935014,2.148970503746,3.502525627)
  );
#1673 = CARTESIAN_POINT('',(-0.246909247964,2.152629304214,3.502525627)
  );
#1674 = CARTESIAN_POINT('',(-0.226579077547,2.154856439103,3.502525627)
  );
#1675 = CARTESIAN_POINT('',(-0.212685989795,2.155142309933,3.502525627)
  );
#1676 = CARTESIAN_POINT('',(-0.205566351691,2.155288807017,3.502525627)
  );
#1677 = ORIENTED_EDGE('',*,*,#1678,.T.);
#1678 = EDGE_CURVE('',#1655,#1679,#1681,.T.);
#1679 = VERTEX_POINT('',#1680);
#1680 = CARTESIAN_POINT('',(-0.131823973643,2.155288807017,3.502525627)
  );
#1681 = B_SPLINE_CURVE_WITH_KNOTS('',1,(#1682,#1683),.UNSPECIFIED.,.F.,
  .F.,(2,2),(0.,7.374237804878E-02),.PIECEWISE_BEZIER_KNOTS.);
#1682 = CARTESIAN_POINT('',(-0.205566351691,2.155288807017,3.502525627)
  );
#1683 = CARTESIAN_POINT('',(-0.131823973643,2.155288807017,3.502525627)
  );
#1684 = ORIENTED_EDGE('',*,*,#1685,.T.);
#1685 = EDGE_CURVE('',#1679,#1686,#1688,.T.);
#1686 = VERTEX_POINT('',#1687);
#1687 = CARTESIAN_POINT('',(-0.131823973643,1.765044904578,3.502525627)
  );
#1688 = B_SPLINE_CURVE_WITH_KNOTS('',1,(#1689,#1690),.UNSPECIFIED.,.F.,
  .F.,(2,2),(0.,0.390243902439),.PIECEWISE_BEZIER_KNOTS.);
#1689 = CARTESIAN_POINT('',(-0.131823973643,2.155288807017,3.502525627)
  );
#1690 = CARTESIAN_POINT('',(-0.131823973643,1.765044904578,3.502525627)
  );
#1691 = ORIENTED_EDGE('',*,*,#1692,.T.);
#1692 = EDGE_CURVE('',#1686,#1693,#1695,.T.);
#1693 = VERTEX_POINT('',#1694);
#1694 = CARTESIAN_POINT('',(-0.202803394374,1.765044904578,3.502525627)
  );
#1695 = B_SPLINE_CURVE_WITH_KNOTS('',1,(#1696,#1697),.UNSPECIFIED.,.F.,
  .F.,(2,2),(0.,7.097942073171E-02),.PIECEWISE_BEZIER_KNOTS.);
#1696 = CARTESIAN_POINT('',(-0.131823973643,1.765044904578,3.502525627)
  );
#1697 = CARTESIAN_POINT('',(-0.202803394374,1.765044904578,3.502525627)
  );
#1698 = ORIENTED_EDGE('',*,*,#1699,.T.);
#1699 = EDGE_CURVE('',#1693,#1653,#1700,.T.);
#1700 = B_SPLINE_CURVE_WITH_KNOTS('',3,(#1701,#1702,#1703,#1704,#1705,
    #1706,#1707,#1708,#1709,#1710,#1711,#1712,#1713,#1714,#1715,#1716,
    #1717,#1718,#1719),.UNSPECIFIED.,.F.,.F.,(4,1,1,1,1,1,1,1,1,1,1,1,1,
    1,1,1,4),(0.,7.082657255516E-02,0.13816903328,0.202475331534,
    0.263973754414,0.323380320598,0.381797622713,0.439390074519,
    0.496902724546,0.554662169609,0.612741878492,0.671538836391,
    0.73165572209,0.794297811614,0.859482204979,0.927681325453,1.),
  .UNSPECIFIED.);
#1701 = CARTESIAN_POINT('',(-0.202803394374,1.765044904578,3.502525627)
  );
#1702 = CARTESIAN_POINT('',(-0.21033717876,1.765207759037,3.502525627));
#1703 = CARTESIAN_POINT('',(-0.225034144432,1.765525456792,3.502525627)
  );
#1704 = CARTESIAN_POINT('',(-0.246452422705,1.768048357598,3.502525627)
  );
#1705 = CARTESIAN_POINT('',(-0.266610855275,1.772099654856,3.502525627)
  );
#1706 = CARTESIAN_POINT('',(-0.285512111591,1.777774902269,3.502525627)
  );
#1707 = CARTESIAN_POINT('',(-0.303074305081,1.785297712624,3.502525627)
  );
#1708 = CARTESIAN_POINT('',(-0.319439111545,1.794325511862,3.502525627)
  );
#1709 = CARTESIAN_POINT('',(-0.334494127504,1.805068421468,3.502525627)
  );
#1710 = CARTESIAN_POINT('',(-0.348178324931,1.817405951824,3.502525627)
  );
#1711 = CARTESIAN_POINT('',(-0.360375696877,1.831276667184,3.502525627)
  );
#1712 = CARTESIAN_POINT('',(-0.371136879809,1.846463588863,3.502525627)
  );
#1713 = CARTESIAN_POINT('',(-0.380077634889,1.863073236608,3.502525627)
  );
#1714 = CARTESIAN_POINT('',(-0.387481379996,1.880940881281,3.502525627)
  );
#1715 = CARTESIAN_POINT('',(-0.39313888941,1.900145261332,3.502525627));
#1716 = CARTESIAN_POINT('',(-0.397240028089,1.920609442943,3.502525627)
  );
#1717 = CARTESIAN_POINT('',(-0.399608812117,1.942390162257,3.502525627)
  );
#1718 = CARTESIAN_POINT('',(-0.399944098559,1.957334578948,3.502525627)
  );
#1719 = CARTESIAN_POINT('',(-0.400116656569,1.9650258497,3.502525627));
#1720 = B_SPLINE_SURFACE_WITH_KNOTS('',1,1,(
    (#1721,#1722)
    ,(#1723,#1724
    )),.UNSPECIFIED.,.F.,.F.,.F.,(2,2),(2,2),(0.131823973643,
    0.400116656569),(1.765044904578,2.155288807017),
  .PIECEWISE_BEZIER_KNOTS.);
#1721 = CARTESIAN_POINT('',(-0.131823973643,1.765044904578,3.502525627)
  );
#1722 = CARTESIAN_POINT('',(-0.131823973643,2.155288807017,3.502525627)
  );
#1723 = CARTESIAN_POINT('',(-0.400116656569,1.765044904578,3.502525627)
  );
#1724 = CARTESIAN_POINT('',(-0.400116656569,2.155288807017,3.502525627)
  );
#1725 = ADVANCED_FACE('',(#1726,#1734),#1744,.T.);
#1726 = FACE_BOUND('',#1727,.T.);
#1727 = EDGE_LOOP('',(#1728,#1729,#1730,#1731,#1732,#1733));
#1728 = ORIENTED_EDGE('',*,*,#990,.F.);
#1729 = ORIENTED_EDGE('',*,*,#981,.F.);
#1730 = ORIENTED_EDGE('',*,*,#1023,.F.);
#1731 = ORIENTED_EDGE('',*,*,#1016,.F.);
#1732 = ORIENTED_EDGE('',*,*,#1004,.F.);
#1733 = ORIENTED_EDGE('',*,*,#997,.F.);
#1734 = FACE_BOUND('',#1735,.T.);
#1735 = EDGE_LOOP('',(#1736,#1737,#1738,#1739,#1740,#1741,#1742,#1743));
#1736 = ORIENTED_EDGE('',*,*,#1597,.F.);
#1737 = ORIENTED_EDGE('',*,*,#1588,.F.);
#1738 = ORIENTED_EDGE('',*,*,#1639,.F.);
#1739 = ORIENTED_EDGE('',*,*,#1632,.F.);
#1740 = ORIENTED_EDGE('',*,*,#1625,.F.);
#1741 = ORIENTED_EDGE('',*,*,#1618,.F.);
#1742 = ORIENTED_EDGE('',*,*,#1611,.F.);
#1743 = ORIENTED_EDGE('',*,*,#1604,.F.);
#1744 = B_SPLINE_SURFACE_WITH_KNOTS('',1,1,(
    (#1745,#1746)
    ,(#1747,#1748
    )),.UNSPECIFIED.,.F.,.F.,.F.,(2,2),(2,2),(0.503775193155,
    0.95499470535),(1.710166855798,2.210166855798),
  .PIECEWISE_BEZIER_KNOTS.);
#1745 = CARTESIAN_POINT('',(-0.503775193155,1.710166855798,3.502525627)
  );
#1746 = CARTESIAN_POINT('',(-0.503775193155,2.210166855798,3.502525627)
  );
#1747 = CARTESIAN_POINT('',(-0.95499470535,1.710166855798,3.502525627));
#1748 = CARTESIAN_POINT('',(-0.95499470535,2.210166855798,3.502525627));
#1749 = ADVANCED_FACE('',(#1750,#1757),#1764,.T.);
#1750 = FACE_BOUND('',#1751,.T.);
#1751 = EDGE_LOOP('',(#1752,#1753,#1754,#1755,#1756));
#1752 = ORIENTED_EDGE('',*,*,#1678,.F.);
#1753 = ORIENTED_EDGE('',*,*,#1652,.F.);
#1754 = ORIENTED_EDGE('',*,*,#1699,.F.);
#1755 = ORIENTED_EDGE('',*,*,#1692,.F.);
#1756 = ORIENTED_EDGE('',*,*,#1685,.F.);
#1757 = FACE_BOUND('',#1758,.T.);
#1758 = EDGE_LOOP('',(#1759,#1760,#1761,#1762,#1763));
#1759 = ORIENTED_EDGE('',*,*,#1543,.F.);
#1760 = ORIENTED_EDGE('',*,*,#1517,.F.);
#1761 = ORIENTED_EDGE('',*,*,#1564,.F.);
#1762 = ORIENTED_EDGE('',*,*,#1557,.F.);
#1763 = ORIENTED_EDGE('',*,*,#1550,.F.);
#1764 = B_SPLINE_SURFACE_WITH_KNOTS('',1,1,(
    (#1765,#1766)
    ,(#1767,#1768
    )),.UNSPECIFIED.,.F.,.F.,.F.,(2,2),(2,2),(6.475080291088E-02,
    0.467189827301),(1.710166855798,2.210166855798),
  .PIECEWISE_BEZIER_KNOTS.);
#1765 = CARTESIAN_POINT('',(-6.475080291088E-02,1.710166855798,
    3.502525627));
#1766 = CARTESIAN_POINT('',(-6.475080291088E-02,2.210166855798,
    3.502525627));
#1767 = CARTESIAN_POINT('',(-0.467189827301,1.710166855798,3.502525627)
  );
#1768 = CARTESIAN_POINT('',(-0.467189827301,2.210166855798,3.502525627)
  );
#1769 = ADVANCED_FACE('',(#1770),#1784,.T.);
#1770 = FACE_BOUND('',#1771,.T.);
#1771 = EDGE_LOOP('',(#1772,#1773,#1774,#1775,#1776,#1777,#1778,#1779,
    #1780,#1781,#1782,#1783));
#1772 = ORIENTED_EDGE('',*,*,#1440,.F.);
#1773 = ORIENTED_EDGE('',*,*,#1431,.F.);
#1774 = ORIENTED_EDGE('',*,*,#1510,.F.);
#1775 = ORIENTED_EDGE('',*,*,#1503,.F.);
#1776 = ORIENTED_EDGE('',*,*,#1496,.F.);
#1777 = ORIENTED_EDGE('',*,*,#1489,.F.);
#1778 = ORIENTED_EDGE('',*,*,#1482,.F.);
#1779 = ORIENTED_EDGE('',*,*,#1475,.F.);
#1780 = ORIENTED_EDGE('',*,*,#1468,.F.);
#1781 = ORIENTED_EDGE('',*,*,#1461,.F.);
#1782 = ORIENTED_EDGE('',*,*,#1454,.F.);
#1783 = ORIENTED_EDGE('',*,*,#1447,.F.);
#1784 = B_SPLINE_SURFACE_WITH_KNOTS('',1,1,(
    (#1785,#1786)
    ,(#1787,#1788
    )),.UNSPECIFIED.,.F.,.F.,.F.,(2,2),(2,2),(-0.301102855626,
    -3.281017269887E-02),(1.710166855798,2.210166855798),
  .PIECEWISE_BEZIER_KNOTS.);
#1785 = CARTESIAN_POINT('',(0.301102855626,1.710166855798,3.502525627));
#1786 = CARTESIAN_POINT('',(0.301102855626,2.210166855798,3.502525627));
#1787 = CARTESIAN_POINT('',(3.281017269888E-02,1.710166855798,
    3.502525627));
#1788 = CARTESIAN_POINT('',(3.281017269888E-02,2.210166855798,
    3.502525627));
#1789 = ADVANCED_FACE('',(#1790),#1802,.T.);
#1790 = FACE_BOUND('',#1791,.T.);
#1791 = EDGE_LOOP('',(#1792,#1793,#1794,#1795,#1796,#1797,#1798,#1799,
    #1800,#1801));
#1792 = ORIENTED_EDGE('',*,*,#1273,.F.);
#1793 = ORIENTED_EDGE('',*,*,#1255,.F.);
#1794 = ORIENTED_EDGE('',*,*,#1407,.F.);
#1795 = ORIENTED_EDGE('',*,*,#1383,.F.);
#1796 = ORIENTED_EDGE('',*,*,#1367,.F.);
#1797 = ORIENTED_EDGE('',*,*,#1360,.F.);
#1798 = ORIENTED_EDGE('',*,*,#1344,.F.);
#1799 = ORIENTED_EDGE('',*,*,#1320,.F.);
#1800 = ORIENTED_EDGE('',*,*,#1296,.F.);
#1801 = ORIENTED_EDGE('',*,*,#1280,.F.);
#1802 = B_SPLINE_SURFACE_WITH_KNOTS('',1,1,(
    (#1803,#1804)
    ,(#1805,#1806
    )),.UNSPECIFIED.,.F.,.F.,.F.,(2,2),(2,2),(-0.770615050748,
    -0.398663831235),(1.704069294822,2.216264416774),
  .PIECEWISE_BEZIER_KNOTS.);
#1803 = CARTESIAN_POINT('',(0.770615050748,1.704069294822,3.502525627));
#1804 = CARTESIAN_POINT('',(0.770615050748,2.216264416774,3.502525627));
#1805 = CARTESIAN_POINT('',(0.398663831235,1.704069294822,3.502525627));
#1806 = CARTESIAN_POINT('',(0.398663831235,2.216264416774,3.502525627));
#1807 = ADVANCED_FACE('',(#1808),#1827,.T.);
#1808 = FACE_BOUND('',#1809,.T.);
#1809 = EDGE_LOOP('',(#1810,#1819));
#1810 = ORIENTED_EDGE('',*,*,#1811,.F.);
#1811 = EDGE_CURVE('',#1812,#1814,#1816,.T.);
#1812 = VERTEX_POINT('',#1813);
#1813 = CARTESIAN_POINT('',(4.184390728155,0.861167423452,11.102525627)
  );
#1814 = VERTEX_POINT('',#1815);
#1815 = CARTESIAN_POINT('',(2.638832576548,-0.684390728155,11.102525627)
  );
#1816 = B_SPLINE_CURVE_WITH_KNOTS('',1,(#1817,#1818),.UNSPECIFIED.,.F.,
  .F.,(2,2),(-2.29287464972,-0.10712535028),.PIECEWISE_BEZIER_KNOTS.);
#1817 = CARTESIAN_POINT('',(4.184390728155,0.861167423452,11.102525627)
  );
#1818 = CARTESIAN_POINT('',(2.638832576548,-0.684390728155,11.102525627)
  );
#1819 = ORIENTED_EDGE('',*,*,#1820,.T.);
#1820 = EDGE_CURVE('',#1812,#1814,#1821,.T.);
#1821 = ( BOUNDED_CURVE() B_SPLINE_CURVE(2,(#1822,#1823,#1824,#1825,
#1826),.UNSPECIFIED.,.F.,.F.) B_SPLINE_CURVE_WITH_KNOTS((3,2,3),(
    0.899280527851,2.356194490192,3.813108452534),
.PIECEWISE_BEZIER_KNOTS.) CURVE() GEOMETRIC_REPRESENTATION_ITEM() 
RATIONAL_B_SPLINE_CURVE((1.,0.746202507245,1.,0.746202507245,1.)) 
REPRESENTATION_ITEM('') );
#1822 = CARTESIAN_POINT('',(4.184390728155,0.861167423452,11.102525627)
  );
#1823 = CARTESIAN_POINT('',(3.416106608763,1.471741527374,11.102525627)
  );
#1824 = CARTESIAN_POINT('',(2.722182540695,0.777817459305,11.102525627)
  );
#1825 = CARTESIAN_POINT('',(2.028258472626,8.389339123658E-02,
    11.102525627));
#1826 = CARTESIAN_POINT('',(2.638832576548,-0.684390728155,11.102525627)
  );
#1827 = B_SPLINE_SURFACE_WITH_KNOTS('',1,1,(
    (#1828,#1829)
    ,(#1830,#1831
    )),.UNSPECIFIED.,.F.,.F.,.F.,(2,2),(2,2),(-1.1,0.684390728155),(
    -0.684390728155,1.1),.PIECEWISE_BEZIER_KNOTS.);
#1828 = CARTESIAN_POINT('',(2.4,-0.684390728155,11.102525627));
#1829 = CARTESIAN_POINT('',(2.4,1.1,11.102525627));
#1830 = CARTESIAN_POINT('',(4.184390728155,-0.684390728155,11.102525627)
  );
#1831 = CARTESIAN_POINT('',(4.184390728155,1.1,11.102525627));
#1832 = ADVANCED_FACE('',(#1833),#1886,.T.);
#1833 = FACE_BOUND('',#1834,.T.);
#1834 = EDGE_LOOP('',(#1835,#1854,#1855,#1863,#1885));
#1835 = ORIENTED_EDGE('',*,*,#1836,.F.);
#1836 = EDGE_CURVE('',#170,#1812,#1837,.T.);
#1837 = B_SPLINE_CURVE_WITH_KNOTS('',3,(#1838,#1839,#1840,#1841,#1842,
    #1843,#1844,#1845,#1846,#1847,#1848,#1849,#1850,#1851,#1852,#1853),
  .UNSPECIFIED.,.F.,.F.,(4,3,3,3,3,4),(1.971892756457E-07,
    3.343762151512E-05,6.687047335435E-05,1.003792802473E-04,
    1.340649014769E-04,1.570311028837E-04),.UNSPECIFIED.);
#1838 = CARTESIAN_POINT('',(4.255523673833,0.932300369129,11.002525627)
  );
#1839 = CARTESIAN_POINT('',(4.255523673833,0.932300369129,
    11.013605776677));
#1840 = CARTESIAN_POINT('',(4.254177272607,0.930953967903,
    11.024836933772));
#1841 = CARTESIAN_POINT('',(4.251596892613,0.92837358791,11.035298912316
    ));
#1842 = CARTESIAN_POINT('',(4.249001412241,0.925778107537,11.04582211434
    ));
#1843 = CARTESIAN_POINT('',(4.245086340295,0.921863035592,
    11.055855635231));
#1844 = CARTESIAN_POINT('',(4.240179295331,0.916955990627,
    11.064576451535));
#1845 = CARTESIAN_POINT('',(4.235260926273,0.91203762157,11.073317393055
    ));
#1846 = CARTESIAN_POINT('',(4.229211812565,0.905988507862,
    11.080979487429));
#1847 = CARTESIAN_POINT('',(4.22253253207,0.899309227367,11.086942640218
    ));
#1848 = CARTESIAN_POINT('',(4.215818290446,0.892594985743,
    11.092937005734));
#1849 = CARTESIAN_POINT('',(4.208283779658,0.885060474955,
    11.097379231201));
#1850 = CARTESIAN_POINT('',(4.200548460624,0.87732515592,11.099913827419
    ));
#1851 = CARTESIAN_POINT('',(4.195267379494,0.872044074791,
    11.101644254853));
#1852 = CARTESIAN_POINT('',(4.189811706614,0.866588401911,11.102525627)
  );
#1853 = CARTESIAN_POINT('',(4.184390728155,0.861167423452,11.102525627)
  );
#1854 = ORIENTED_EDGE('',*,*,#169,.F.);
#1855 = ORIENTED_EDGE('',*,*,#1856,.F.);
#1856 = EDGE_CURVE('',#1857,#163,#1859,.T.);
#1857 = VERTEX_POINT('',#1858);
#1858 = CARTESIAN_POINT('',(2.567699630871,-0.755523673833,11.002525627)
  );
#1859 = ( BOUNDED_CURVE() B_SPLINE_CURVE(2,(#1860,#1861,#1862),
.UNSPECIFIED.,.F.,.F.) B_SPLINE_CURVE_WITH_KNOTS((3,3),(2.460550462781,
3.14159265359),.PIECEWISE_BEZIER_KNOTS.) CURVE() 
GEOMETRIC_REPRESENTATION_ITEM() RATIONAL_B_SPLINE_CURVE((1.,
0.942580758947,1.)) REPRESENTATION_ITEM('') );
#1860 = CARTESIAN_POINT('',(2.567699630871,-0.755523673833,11.002525627)
  );
#1861 = CARTESIAN_POINT('',(2.3,-0.425187943371,11.002525627));
#1862 = CARTESIAN_POINT('',(2.3,-1.901572587732E-15,11.002525627));
#1863 = ORIENTED_EDGE('',*,*,#1864,.F.);
#1864 = EDGE_CURVE('',#1814,#1857,#1865,.T.);
#1865 = B_SPLINE_CURVE_WITH_KNOTS('',3,(#1866,#1867,#1868,#1869,#1870,
    #1871,#1872,#1873,#1874,#1875,#1876,#1877,#1878,#1879,#1880,#1881,
    #1882,#1883,#1884),.UNSPECIFIED.,.F.,.F.,(4,3,3,3,3,3,4),(
    1.571115741965E-04,1.679645499723E-04,2.019880911971E-04,
    2.359349689456E-04,2.697071017123E-04,3.032854539101E-04,
    3.138247984442E-04),.UNSPECIFIED.);
#1866 = CARTESIAN_POINT('',(2.638832576548,-0.684390728155,11.102525627)
  );
#1867 = CARTESIAN_POINT('',(2.636257905878,-0.686965398825,11.102525627)
  );
#1868 = CARTESIAN_POINT('',(2.633679497538,-0.689543807166,
    11.102328762636));
#1869 = CARTESIAN_POINT('',(2.631119801247,-0.692103503457,
    11.10193663012));
#1870 = CARTESIAN_POINT('',(2.623148578266,-0.700074726437,
    11.100715479103));
#1871 = CARTESIAN_POINT('',(2.615215596263,-0.70800770844,
    11.097529929954));
#1872 = CARTESIAN_POINT('',(2.60798241173,-0.715240892973,
    11.092637682574));
#1873 = CARTESIAN_POINT('',(2.600765780002,-0.722457524702,
    11.087756630874));
#1874 = CARTESIAN_POINT('',(2.594045540298,-0.729177764405,
    11.081040198908));
#1875 = CARTESIAN_POINT('',(2.58838837865,-0.734834926053,
    11.073041620479));
#1876 = CARTESIAN_POINT('',(2.582760121762,-0.740463182942,
    11.065083910068));
#1877 = CARTESIAN_POINT('',(2.578027991679,-0.745195313025,
    11.055635377751));
#1878 = CARTESIAN_POINT('',(2.574593777856,-0.748629526847,
    11.045481951874));
#1879 = CARTESIAN_POINT('',(2.571178972956,-0.752044331747,
    11.035385909451));
#1880 = CARTESIAN_POINT('',(2.568952909901,-0.754270394802,
    11.02431277461));
#1881 = CARTESIAN_POINT('',(2.5681047473,-0.755118557403,11.013185641196
    ));
#1882 = CARTESIAN_POINT('',(2.567835066587,-0.755388238116,
    11.009647671864));
#1883 = CARTESIAN_POINT('',(2.56769963087,-0.755523673834,
    11.006084093294));
#1884 = CARTESIAN_POINT('',(2.567699630871,-0.755523673833,11.002525627)
  );
#1885 = ORIENTED_EDGE('',*,*,#1820,.F.);
#1886 = ( BOUNDED_SURFACE() B_SPLINE_SURFACE(2,2,(
    (#1887,#1888,#1889)
    ,(#1890,#1891,#1892)
    ,(#1893,#1894,#1895)
    ,(#1896,#1897,#1898)
    ,(#1899,#1900,#1901
)),.UNSPECIFIED.,.F.,.F.,.F.) B_SPLINE_SURFACE_WITH_KNOTS((3,2,3),(3,3),
  (0.889754135986,2.356194490192,3.822634844399),(0.,1.570796326795),
.PIECEWISE_BEZIER_KNOTS.) GEOMETRIC_REPRESENTATION_ITEM() 
RATIONAL_B_SPLINE_SURFACE((
    (1.,0.707106781187,1.)
    ,(0.743023104172,0.525396675538,0.743023104172)
    ,(1.,0.707106781187,1.)
    ,(0.743023104172,0.525396675538,0.743023104172)
,(1.,0.707106781187,1.))) REPRESENTATION_ITEM('') SURFACE() );
#1887 = CARTESIAN_POINT('',(4.255523673833,0.932300369129,11.002525627)
  );
#1888 = CARTESIAN_POINT('',(4.255523673833,0.932300369129,11.102525627)
  );
#1889 = CARTESIAN_POINT('',(4.19256336768,0.854608671702,11.102525627));
#1890 = CARTESIAN_POINT('',(3.415769542408,1.612825817256,11.002525627)
  );
#1891 = CARTESIAN_POINT('',(3.415769542408,1.612825817256,11.102525627)
  );
#1892 = CARTESIAN_POINT('',(3.422788747207,1.478423665818,11.102525627)
  );
#1893 = CARTESIAN_POINT('',(2.651471862576,0.848528137424,11.002525627)
  );
#1894 = CARTESIAN_POINT('',(2.651471862576,0.848528137424,11.102525627)
  );
#1895 = CARTESIAN_POINT('',(2.722182540695,0.777817459305,11.102525627)
  );
#1896 = CARTESIAN_POINT('',(1.887174182744,8.423045759208E-02,
    11.002525627));
#1897 = CARTESIAN_POINT('',(1.887174182744,8.423045759208E-02,
    11.102525627));
#1898 = CARTESIAN_POINT('',(2.021576334182,7.721125279274E-02,
    11.102525627));
#1899 = CARTESIAN_POINT('',(2.567699630871,-0.755523673833,11.002525627)
  );
#1900 = CARTESIAN_POINT('',(2.567699630871,-0.755523673833,11.102525627)
  );
#1901 = CARTESIAN_POINT('',(2.645391328298,-0.69256336768,11.102525627)
  );
#1902 = ADVANCED_FACE('',(#1903),#1922,.T.);
#1903 = FACE_BOUND('',#1904,.T.);
#1904 = EDGE_LOOP('',(#1905,#1914));
#1905 = ORIENTED_EDGE('',*,*,#1906,.F.);
#1906 = EDGE_CURVE('',#1907,#1909,#1911,.T.);
#1907 = VERTEX_POINT('',#1908);
#1908 = CARTESIAN_POINT('',(0.684390728155,0.861167423452,11.102525627)
  );
#1909 = VERTEX_POINT('',#1910);
#1910 = CARTESIAN_POINT('',(-0.861167423452,-0.684390728155,11.102525627
    ));
#1911 = B_SPLINE_CURVE_WITH_KNOTS('',1,(#1912,#1913),.UNSPECIFIED.,.F.,
  .F.,(2,2),(-2.29287464972,-0.10712535028),.PIECEWISE_BEZIER_KNOTS.);
#1912 = CARTESIAN_POINT('',(0.684390728155,0.861167423452,11.102525627)
  );
#1913 = CARTESIAN_POINT('',(-0.861167423452,-0.684390728155,11.102525627
    ));
#1914 = ORIENTED_EDGE('',*,*,#1915,.T.);
#1915 = EDGE_CURVE('',#1907,#1909,#1916,.T.);
#1916 = ( BOUNDED_CURVE() B_SPLINE_CURVE(2,(#1917,#1918,#1919,#1920,
#1921),.UNSPECIFIED.,.F.,.F.) B_SPLINE_CURVE_WITH_KNOTS((3,2,3),(
    0.899280527851,2.356194490192,3.813108452534),
.PIECEWISE_BEZIER_KNOTS.) CURVE() GEOMETRIC_REPRESENTATION_ITEM() 
RATIONAL_B_SPLINE_CURVE((1.,0.746202507245,1.,0.746202507245,1.)) 
REPRESENTATION_ITEM('') );
#1917 = CARTESIAN_POINT('',(0.684390728155,0.861167423452,11.102525627)
  );
#1918 = CARTESIAN_POINT('',(-8.389339123659E-02,1.471741527374,
    11.102525627));
#1919 = CARTESIAN_POINT('',(-0.777817459305,0.777817459305,11.102525627)
  );
#1920 = CARTESIAN_POINT('',(-1.471741527374,8.389339123658E-02,
    11.102525627));
#1921 = CARTESIAN_POINT('',(-0.861167423452,-0.684390728155,11.102525627
    ));
#1922 = B_SPLINE_SURFACE_WITH_KNOTS('',1,1,(
    (#1923,#1924)
    ,(#1925,#1926
    )),.UNSPECIFIED.,.F.,.F.,.F.,(2,2),(2,2),(-1.1,0.684390728155),(
    -0.684390728155,1.1),.PIECEWISE_BEZIER_KNOTS.);
#1923 = CARTESIAN_POINT('',(-1.1,-0.684390728155,11.102525627));
#1924 = CARTESIAN_POINT('',(-1.1,1.1,11.102525627));
#1925 = CARTESIAN_POINT('',(0.684390728155,-0.684390728155,11.102525627)
  );
#1926 = CARTESIAN_POINT('',(0.684390728155,1.1,11.102525627));
#1927 = ADVANCED_FACE('',(#1928),#1981,.T.);
#1928 = FACE_BOUND('',#1929,.T.);
#1929 = EDGE_LOOP('',(#1930,#1949,#1950,#1958,#1980));
#1930 = ORIENTED_EDGE('',*,*,#1931,.F.);
#1931 = EDGE_CURVE('',#244,#1907,#1932,.T.);
#1932 = B_SPLINE_CURVE_WITH_KNOTS('',3,(#1933,#1934,#1935,#1936,#1937,
    #1938,#1939,#1940,#1941,#1942,#1943,#1944,#1945,#1946,#1947,#1948),
  .UNSPECIFIED.,.F.,.F.,(4,3,3,3,3,4),(1.971892756457E-07,
    3.343762151512E-05,6.687047335435E-05,1.003792802473E-04,
    1.340649014769E-04,1.570311028837E-04),.UNSPECIFIED.);
#1933 = CARTESIAN_POINT('',(0.755523673833,0.932300369129,11.002525627)
  );
#1934 = CARTESIAN_POINT('',(0.755523673833,0.932300369129,
    11.013605776677));
#1935 = CARTESIAN_POINT('',(0.754177272607,0.930953967903,
    11.024836933772));
#1936 = CARTESIAN_POINT('',(0.751596892613,0.92837358791,11.035298912316
    ));
#1937 = CARTESIAN_POINT('',(0.749001412241,0.925778107537,11.04582211434
    ));
#1938 = CARTESIAN_POINT('',(0.745086340295,0.921863035592,
    11.055855635231));
#1939 = CARTESIAN_POINT('',(0.740179295331,0.916955990627,
    11.064576451535));
#1940 = CARTESIAN_POINT('',(0.735260926273,0.91203762157,11.073317393055
    ));
#1941 = CARTESIAN_POINT('',(0.729211812565,0.905988507862,
    11.080979487429));
#1942 = CARTESIAN_POINT('',(0.72253253207,0.899309227367,11.086942640218
    ));
#1943 = CARTESIAN_POINT('',(0.715818290446,0.892594985743,
    11.092937005734));
#1944 = CARTESIAN_POINT('',(0.708283779658,0.885060474955,
    11.097379231201));
#1945 = CARTESIAN_POINT('',(0.700548460624,0.87732515592,11.099913827419
    ));
#1946 = CARTESIAN_POINT('',(0.695267379494,0.872044074791,
    11.101644254853));
#1947 = CARTESIAN_POINT('',(0.689811706614,0.866588401911,11.102525627)
  );
#1948 = CARTESIAN_POINT('',(0.684390728155,0.861167423452,11.102525627)
  );
#1949 = ORIENTED_EDGE('',*,*,#243,.F.);
#1950 = ORIENTED_EDGE('',*,*,#1951,.F.);
#1951 = EDGE_CURVE('',#1952,#237,#1954,.T.);
#1952 = VERTEX_POINT('',#1953);
#1953 = CARTESIAN_POINT('',(-0.932300369129,-0.755523673833,11.002525627
    ));
#1954 = ( BOUNDED_CURVE() B_SPLINE_CURVE(2,(#1955,#1956,#1957),
.UNSPECIFIED.,.F.,.F.) B_SPLINE_CURVE_WITH_KNOTS((3,3),(2.460550462781,
3.14159265359),.PIECEWISE_BEZIER_KNOTS.) CURVE() 
GEOMETRIC_REPRESENTATION_ITEM() RATIONAL_B_SPLINE_CURVE((1.,
0.942580758947,1.)) REPRESENTATION_ITEM('') );
#1955 = CARTESIAN_POINT('',(-0.932300369129,-0.755523673833,11.002525627
    ));
#1956 = CARTESIAN_POINT('',(-1.2,-0.425187943371,11.002525627));
#1957 = CARTESIAN_POINT('',(-1.2,-1.757012298068E-15,11.002525627));
#1958 = ORIENTED_EDGE('',*,*,#1959,.F.);
#1959 = EDGE_CURVE('',#1909,#1952,#1960,.T.);
#1960 = B_SPLINE_CURVE_WITH_KNOTS('',3,(#1961,#1962,#1963,#1964,#1965,
    #1966,#1967,#1968,#1969,#1970,#1971,#1972,#1973,#1974,#1975,#1976,
    #1977,#1978,#1979),.UNSPECIFIED.,.F.,.F.,(4,3,3,3,3,3,4),(
    1.571115741965E-04,1.679645499723E-04,2.019880911971E-04,
    2.359349689456E-04,2.697071017123E-04,3.032854539101E-04,
    3.138247984442E-04),.UNSPECIFIED.);
#1961 = CARTESIAN_POINT('',(-0.861167423452,-0.684390728155,11.102525627
    ));
#1962 = CARTESIAN_POINT('',(-0.863742094122,-0.686965398825,11.102525627
    ));
#1963 = CARTESIAN_POINT('',(-0.866320502462,-0.689543807166,
    11.102328762636));
#1964 = CARTESIAN_POINT('',(-0.868880198753,-0.692103503457,
    11.10193663012));
#1965 = CARTESIAN_POINT('',(-0.876851421734,-0.700074726437,
    11.100715479103));
#1966 = CARTESIAN_POINT('',(-0.884784403737,-0.70800770844,
    11.097529929954));
#1967 = CARTESIAN_POINT('',(-0.89201758827,-0.715240892973,
    11.092637682574));
#1968 = CARTESIAN_POINT('',(-0.899234219998,-0.722457524702,
    11.087756630874));
#1969 = CARTESIAN_POINT('',(-0.905954459702,-0.729177764405,
    11.081040198908));
#1970 = CARTESIAN_POINT('',(-0.91161162135,-0.734834926053,
    11.073041620479));
#1971 = CARTESIAN_POINT('',(-0.917239878238,-0.740463182942,
    11.065083910068));
#1972 = CARTESIAN_POINT('',(-0.921972008321,-0.745195313025,
    11.055635377751));
#1973 = CARTESIAN_POINT('',(-0.925406222144,-0.748629526847,
    11.045481951874));
#1974 = CARTESIAN_POINT('',(-0.928821027044,-0.752044331747,
    11.035385909451));
#1975 = CARTESIAN_POINT('',(-0.931047090099,-0.754270394802,
    11.02431277461));
#1976 = CARTESIAN_POINT('',(-0.9318952527,-0.755118557403,
    11.013185641196));
#1977 = CARTESIAN_POINT('',(-0.932164933413,-0.755388238116,
    11.009647671864));
#1978 = CARTESIAN_POINT('',(-0.93230036913,-0.755523673834,
    11.006084093294));
#1979 = CARTESIAN_POINT('',(-0.932300369129,-0.755523673833,11.002525627
    ));
#1980 = ORIENTED_EDGE('',*,*,#1915,.F.);
#1981 = ( BOUNDED_SURFACE() B_SPLINE_SURFACE(2,2,(
    (#1982,#1983,#1984)
    ,(#1985,#1986,#1987)
    ,(#1988,#1989,#1990)
    ,(#1991,#1992,#1993)
    ,(#1994,#1995,#1996
)),.UNSPECIFIED.,.F.,.F.,.F.) B_SPLINE_SURFACE_WITH_KNOTS((3,2,3),(3,3),
  (0.889754135986,2.356194490192,3.822634844399),(0.,1.570796326795),
.PIECEWISE_BEZIER_KNOTS.) GEOMETRIC_REPRESENTATION_ITEM() 
RATIONAL_B_SPLINE_SURFACE((
    (1.,0.707106781187,1.)
    ,(0.743023104172,0.525396675538,0.743023104172)
    ,(1.,0.707106781187,1.)
    ,(0.743023104172,0.525396675538,0.743023104172)
,(1.,0.707106781187,1.))) REPRESENTATION_ITEM('') SURFACE() );
#1982 = CARTESIAN_POINT('',(0.755523673833,0.932300369129,11.002525627)
  );
#1983 = CARTESIAN_POINT('',(0.755523673833,0.932300369129,11.102525627)
  );
#1984 = CARTESIAN_POINT('',(0.69256336768,0.854608671702,11.102525627));
#1985 = CARTESIAN_POINT('',(-8.42304575921E-02,1.612825817256,
    11.002525627));
#1986 = CARTESIAN_POINT('',(-8.42304575921E-02,1.612825817256,
    11.102525627));
#1987 = CARTESIAN_POINT('',(-7.721125279275E-02,1.478423665818,
    11.102525627));
#1988 = CARTESIAN_POINT('',(-0.848528137424,0.848528137424,11.002525627)
  );
#1989 = CARTESIAN_POINT('',(-0.848528137424,0.848528137424,11.102525627)
  );
#1990 = CARTESIAN_POINT('',(-0.777817459305,0.777817459305,11.102525627)
  );
#1991 = CARTESIAN_POINT('',(-1.612825817256,8.423045759208E-02,
    11.002525627));
#1992 = CARTESIAN_POINT('',(-1.612825817256,8.423045759208E-02,
    11.102525627));
#1993 = CARTESIAN_POINT('',(-1.478423665818,7.721125279274E-02,
    11.102525627));
#1994 = CARTESIAN_POINT('',(-0.932300369129,-0.755523673833,11.002525627
    ));
#1995 = CARTESIAN_POINT('',(-0.932300369129,-0.755523673833,11.102525627
    ));
#1996 = CARTESIAN_POINT('',(-0.854608671702,-0.69256336768,11.102525627)
  );
#1997 = ADVANCED_FACE('',(#1998,#2056),#2086,.F.);
#1998 = FACE_BOUND('',#1999,.T.);
#1999 = EDGE_LOOP('',(#2000,#2009,#2016,#2023,#2030,#2037,#2044,#2051));
#2000 = ORIENTED_EDGE('',*,*,#2001,.T.);
#2001 = EDGE_CURVE('',#2002,#2004,#2006,.T.);
#2002 = VERTEX_POINT('',#2003);
#2003 = CARTESIAN_POINT('',(5.,-1.555918254823,7.802525627));
#2004 = VERTEX_POINT('',#2005);
#2005 = CARTESIAN_POINT('',(5.,-3.25,7.802525627));
#2006 = B_SPLINE_CURVE_WITH_KNOTS('',1,(#2007,#2008),.UNSPECIFIED.,.F.,
  .F.,(2,2),(2.305918254823,4.),.PIECEWISE_BEZIER_KNOTS.);
#2007 = CARTESIAN_POINT('',(5.,-1.555918254823,7.802525627));
#2008 = CARTESIAN_POINT('',(5.,-3.25,7.802525627));
#2009 = ORIENTED_EDGE('',*,*,#2010,.T.);
#2010 = EDGE_CURVE('',#2004,#2011,#2013,.T.);
#2011 = VERTEX_POINT('',#2012);
#2012 = CARTESIAN_POINT('',(2.,-3.25,7.802525627));
#2013 = B_SPLINE_CURVE_WITH_KNOTS('',1,(#2014,#2015),.UNSPECIFIED.,.F.,
  .F.,(2,2),(-3.,-0.),.PIECEWISE_BEZIER_KNOTS.);
#2014 = CARTESIAN_POINT('',(5.,-3.25,7.802525627));
#2015 = CARTESIAN_POINT('',(2.,-3.25,7.802525627));
#2016 = ORIENTED_EDGE('',*,*,#2017,.F.);
#2017 = EDGE_CURVE('',#2018,#2011,#2020,.T.);
#2018 = VERTEX_POINT('',#2019);
#2019 = CARTESIAN_POINT('',(2.,0.75,7.802525627));
#2020 = B_SPLINE_CURVE_WITH_KNOTS('',1,(#2021,#2022),.UNSPECIFIED.,.F.,
  .F.,(2,2),(-0.,4.),.PIECEWISE_BEZIER_KNOTS.);
#2021 = CARTESIAN_POINT('',(2.,0.75,7.802525627));
#2022 = CARTESIAN_POINT('',(2.,-3.25,7.802525627));
#2023 = ORIENTED_EDGE('',*,*,#2024,.F.);
#2024 = EDGE_CURVE('',#2025,#2018,#2027,.T.);
#2025 = VERTEX_POINT('',#2026);
#2026 = CARTESIAN_POINT('',(5.,0.75,7.802525627));
#2027 = B_SPLINE_CURVE_WITH_KNOTS('',1,(#2028,#2029),.UNSPECIFIED.,.F.,
  .F.,(2,2),(-3.,-0.),.PIECEWISE_BEZIER_KNOTS.);
#2028 = CARTESIAN_POINT('',(5.,0.75,7.802525627));
#2029 = CARTESIAN_POINT('',(2.,0.75,7.802525627));
#2030 = ORIENTED_EDGE('',*,*,#2031,.T.);
#2031 = EDGE_CURVE('',#2025,#2032,#2034,.T.);
#2032 = VERTEX_POINT('',#2033);
#2033 = CARTESIAN_POINT('',(5.,-1.044081745177,7.802525627));
#2034 = B_SPLINE_CURVE_WITH_KNOTS('',1,(#2035,#2036),.UNSPECIFIED.,.F.,
  .F.,(2,2),(-0.,1.794081745177),.PIECEWISE_BEZIER_KNOTS.);
#2035 = CARTESIAN_POINT('',(5.,0.75,7.802525627));
#2036 = CARTESIAN_POINT('',(5.,-1.044081745177,7.802525627));
#2037 = ORIENTED_EDGE('',*,*,#2038,.F.);
#2038 = EDGE_CURVE('',#2039,#2032,#2041,.T.);
#2039 = VERTEX_POINT('',#2040);
#2040 = CARTESIAN_POINT('',(4.75,-1.,7.802525627));
#2041 = B_SPLINE_CURVE_WITH_KNOTS('',1,(#2042,#2043),.UNSPECIFIED.,.F.,
  .F.,(2,2),(0.,0.253856652971),.PIECEWISE_BEZIER_KNOTS.);
#2042 = CARTESIAN_POINT('',(4.75,-1.,7.802525627));
#2043 = CARTESIAN_POINT('',(5.,-1.044081745177,7.802525627));
#2044 = ORIENTED_EDGE('',*,*,#2045,.F.);
#2045 = EDGE_CURVE('',#2046,#2039,#2048,.T.);
#2046 = VERTEX_POINT('',#2047);
#2047 = CARTESIAN_POINT('',(4.75,-1.6,7.802525627));
#2048 = B_SPLINE_CURVE_WITH_KNOTS('',1,(#2049,#2050),.UNSPECIFIED.,.F.,
  .F.,(2,2),(-1.6,-1.),.PIECEWISE_BEZIER_KNOTS.);
#2049 = CARTESIAN_POINT('',(4.75,-1.6,7.802525627));
#2050 = CARTESIAN_POINT('',(4.75,-1.,7.802525627));
#2051 = ORIENTED_EDGE('',*,*,#2052,.F.);
#2052 = EDGE_CURVE('',#2002,#2046,#2053,.T.);
#2053 = B_SPLINE_CURVE_WITH_KNOTS('',1,(#2054,#2055),.UNSPECIFIED.,.F.,
  .F.,(2,2),(-0.253856652971,0.),.PIECEWISE_BEZIER_KNOTS.);
#2054 = CARTESIAN_POINT('',(5.,-1.555918254823,7.802525627));
#2055 = CARTESIAN_POINT('',(4.75,-1.6,7.802525627));
#2056 = FACE_BOUND('',#2057,.T.);
#2057 = EDGE_LOOP('',(#2058,#2067,#2074,#2081));
#2058 = ORIENTED_EDGE('',*,*,#2059,.T.);
#2059 = EDGE_CURVE('',#2060,#2062,#2064,.T.);
#2060 = VERTEX_POINT('',#2061);
#2061 = CARTESIAN_POINT('',(4.6,-0.9,7.802525627));
#2062 = VERTEX_POINT('',#2063);
#2063 = CARTESIAN_POINT('',(4.6,0.6,7.802525627));
#2064 = B_SPLINE_CURVE_WITH_KNOTS('',1,(#2065,#2066),.UNSPECIFIED.,.F.,
  .F.,(2,2),(0.,1.5),.PIECEWISE_BEZIER_KNOTS.);
#2065 = CARTESIAN_POINT('',(4.6,-0.9,7.802525627));
#2066 = CARTESIAN_POINT('',(4.6,0.6,7.802525627));
#2067 = ORIENTED_EDGE('',*,*,#2068,.T.);
#2068 = EDGE_CURVE('',#2062,#2069,#2071,.T.);
#2069 = VERTEX_POINT('',#2070);
#2070 = CARTESIAN_POINT('',(2.4,0.6,7.802525627));
#2071 = B_SPLINE_CURVE_WITH_KNOTS('',1,(#2072,#2073),.UNSPECIFIED.,.F.,
  .F.,(2,2),(-2.2,-0.),.PIECEWISE_BEZIER_KNOTS.);
#2072 = CARTESIAN_POINT('',(4.6,0.6,7.802525627));
#2073 = CARTESIAN_POINT('',(2.4,0.6,7.802525627));
#2074 = ORIENTED_EDGE('',*,*,#2075,.F.);
#2075 = EDGE_CURVE('',#2076,#2069,#2078,.T.);
#2076 = VERTEX_POINT('',#2077);
#2077 = CARTESIAN_POINT('',(2.4,-0.9,7.802525627));
#2078 = B_SPLINE_CURVE_WITH_KNOTS('',1,(#2079,#2080),.UNSPECIFIED.,.F.,
  .F.,(2,2),(0.,1.5),.PIECEWISE_BEZIER_KNOTS.);
#2079 = CARTESIAN_POINT('',(2.4,-0.9,7.802525627));
#2080 = CARTESIAN_POINT('',(2.4,0.6,7.802525627));
#2081 = ORIENTED_EDGE('',*,*,#2082,.F.);
#2082 = EDGE_CURVE('',#2060,#2076,#2083,.T.);
#2083 = B_SPLINE_CURVE_WITH_KNOTS('',1,(#2084,#2085),.UNSPECIFIED.,.F.,
  .F.,(2,2),(-2.2,-0.),.PIECEWISE_BEZIER_KNOTS.);
#2084 = CARTESIAN_POINT('',(4.6,-0.9,7.802525627));
#2085 = CARTESIAN_POINT('',(2.4,-0.9,7.802525627));
#2086 = B_SPLINE_SURFACE_WITH_KNOTS('',1,1,(
    (#2087,#2088)
    ,(#2089,#2090
    )),.UNSPECIFIED.,.F.,.F.,.F.,(2,2),(2,2),(0.,3.),(-4.,0.),
  .PIECEWISE_BEZIER_KNOTS.);
#2087 = CARTESIAN_POINT('',(2.,-3.25,7.802525627));
#2088 = CARTESIAN_POINT('',(2.,0.75,7.802525627));
#2089 = CARTESIAN_POINT('',(5.,-3.25,7.802525627));
#2090 = CARTESIAN_POINT('',(5.,0.75,7.802525627));
#2091 = ADVANCED_FACE('',(#2092,#2122),#2152,.F.);
#2092 = FACE_BOUND('',#2093,.T.);
#2093 = EDGE_LOOP('',(#2094,#2103,#2110,#2117));
#2094 = ORIENTED_EDGE('',*,*,#2095,.T.);
#2095 = EDGE_CURVE('',#2096,#2098,#2100,.T.);
#2096 = VERTEX_POINT('',#2097);
#2097 = CARTESIAN_POINT('',(1.5,-3.25,7.802525627));
#2098 = VERTEX_POINT('',#2099);
#2099 = CARTESIAN_POINT('',(-1.5,-3.25,7.802525627));
#2100 = B_SPLINE_CURVE_WITH_KNOTS('',1,(#2101,#2102),.UNSPECIFIED.,.F.,
  .F.,(2,2),(-3.,-0.),.PIECEWISE_BEZIER_KNOTS.);
#2101 = CARTESIAN_POINT('',(1.5,-3.25,7.802525627));
#2102 = CARTESIAN_POINT('',(-1.5,-3.25,7.802525627));
#2103 = ORIENTED_EDGE('',*,*,#2104,.F.);
#2104 = EDGE_CURVE('',#2105,#2098,#2107,.T.);
#2105 = VERTEX_POINT('',#2106);
#2106 = CARTESIAN_POINT('',(-1.5,0.75,7.802525627));
#2107 = B_SPLINE_CURVE_WITH_KNOTS('',1,(#2108,#2109),.UNSPECIFIED.,.F.,
  .F.,(2,2),(-0.,4.),.PIECEWISE_BEZIER_KNOTS.);
#2108 = CARTESIAN_POINT('',(-1.5,0.75,7.802525627));
#2109 = CARTESIAN_POINT('',(-1.5,-3.25,7.802525627));
#2110 = ORIENTED_EDGE('',*,*,#2111,.F.);
#2111 = EDGE_CURVE('',#2112,#2105,#2114,.T.);
#2112 = VERTEX_POINT('',#2113);
#2113 = CARTESIAN_POINT('',(1.5,0.75,7.802525627));
#2114 = B_SPLINE_CURVE_WITH_KNOTS('',1,(#2115,#2116),.UNSPECIFIED.,.F.,
  .F.,(2,2),(-3.,-0.),.PIECEWISE_BEZIER_KNOTS.);
#2115 = CARTESIAN_POINT('',(1.5,0.75,7.802525627));
#2116 = CARTESIAN_POINT('',(-1.5,0.75,7.802525627));
#2117 = ORIENTED_EDGE('',*,*,#2118,.T.);
#2118 = EDGE_CURVE('',#2112,#2096,#2119,.T.);
#2119 = B_SPLINE_CURVE_WITH_KNOTS('',1,(#2120,#2121),.UNSPECIFIED.,.F.,
  .F.,(2,2),(-0.,4.),.PIECEWISE_BEZIER_KNOTS.);
#2120 = CARTESIAN_POINT('',(1.5,0.75,7.802525627));
#2121 = CARTESIAN_POINT('',(1.5,-3.25,7.802525627));
#2122 = FACE_BOUND('',#2123,.T.);
#2123 = EDGE_LOOP('',(#2124,#2133,#2140,#2147));
#2124 = ORIENTED_EDGE('',*,*,#2125,.T.);
#2125 = EDGE_CURVE('',#2126,#2128,#2130,.T.);
#2126 = VERTEX_POINT('',#2127);
#2127 = CARTESIAN_POINT('',(1.1,-0.9,7.802525627));
#2128 = VERTEX_POINT('',#2129);
#2129 = CARTESIAN_POINT('',(1.1,0.6,7.802525627));
#2130 = B_SPLINE_CURVE_WITH_KNOTS('',1,(#2131,#2132),.UNSPECIFIED.,.F.,
  .F.,(2,2),(0.,1.5),.PIECEWISE_BEZIER_KNOTS.);
#2131 = CARTESIAN_POINT('',(1.1,-0.9,7.802525627));
#2132 = CARTESIAN_POINT('',(1.1,0.6,7.802525627));
#2133 = ORIENTED_EDGE('',*,*,#2134,.T.);
#2134 = EDGE_CURVE('',#2128,#2135,#2137,.T.);
#2135 = VERTEX_POINT('',#2136);
#2136 = CARTESIAN_POINT('',(-1.1,0.6,7.802525627));
#2137 = B_SPLINE_CURVE_WITH_KNOTS('',1,(#2138,#2139),.UNSPECIFIED.,.F.,
  .F.,(2,2),(-2.2,-0.),.PIECEWISE_BEZIER_KNOTS.);
#2138 = CARTESIAN_POINT('',(1.1,0.6,7.802525627));
#2139 = CARTESIAN_POINT('',(-1.1,0.6,7.802525627));
#2140 = ORIENTED_EDGE('',*,*,#2141,.F.);
#2141 = EDGE_CURVE('',#2142,#2135,#2144,.T.);
#2142 = VERTEX_POINT('',#2143);
#2143 = CARTESIAN_POINT('',(-1.1,-0.9,7.802525627));
#2144 = B_SPLINE_CURVE_WITH_KNOTS('',1,(#2145,#2146),.UNSPECIFIED.,.F.,
  .F.,(2,2),(0.,1.5),.PIECEWISE_BEZIER_KNOTS.);
#2145 = CARTESIAN_POINT('',(-1.1,-0.9,7.802525627));
#2146 = CARTESIAN_POINT('',(-1.1,0.6,7.802525627));
#2147 = ORIENTED_EDGE('',*,*,#2148,.F.);
#2148 = EDGE_CURVE('',#2126,#2142,#2149,.T.);
#2149 = B_SPLINE_CURVE_WITH_KNOTS('',1,(#2150,#2151),.UNSPECIFIED.,.F.,
  .F.,(2,2),(-2.2,-0.),.PIECEWISE_BEZIER_KNOTS.);
#2150 = CARTESIAN_POINT('',(1.1,-0.9,7.802525627));
#2151 = CARTESIAN_POINT('',(-1.1,-0.9,7.802525627));
#2152 = B_SPLINE_SURFACE_WITH_KNOTS('',1,1,(
    (#2153,#2154)
    ,(#2155,#2156
    )),.UNSPECIFIED.,.F.,.F.,.F.,(2,2),(2,2),(0.,3.),(-4.,0.),
  .PIECEWISE_BEZIER_KNOTS.);
#2153 = CARTESIAN_POINT('',(-1.5,-3.25,7.802525627));
#2154 = CARTESIAN_POINT('',(-1.5,0.75,7.802525627));
#2155 = CARTESIAN_POINT('',(1.5,-3.25,7.802525627));
#2156 = CARTESIAN_POINT('',(1.5,0.75,7.802525627));
#2157 = ADVANCED_FACE('',(#2158),#2177,.T.);
#2158 = FACE_BOUND('',#2159,.T.);
#2159 = EDGE_LOOP('',(#2160,#2169));
#2160 = ORIENTED_EDGE('',*,*,#2161,.F.);
#2161 = EDGE_CURVE('',#2162,#2164,#2166,.T.);
#2162 = VERTEX_POINT('',#2163);
#2163 = CARTESIAN_POINT('',(-2.815609271845,0.861167423452,11.102525627)
  );
#2164 = VERTEX_POINT('',#2165);
#2165 = CARTESIAN_POINT('',(-4.361167423452,-0.684390728155,11.102525627
    ));
#2166 = B_SPLINE_CURVE_WITH_KNOTS('',1,(#2167,#2168),.UNSPECIFIED.,.F.,
  .F.,(2,2),(-2.29287464972,-0.10712535028),.PIECEWISE_BEZIER_KNOTS.);
#2167 = CARTESIAN_POINT('',(-2.815609271845,0.861167423452,11.102525627)
  );
#2168 = CARTESIAN_POINT('',(-4.361167423452,-0.684390728155,11.102525627
    ));
#2169 = ORIENTED_EDGE('',*,*,#2170,.T.);
#2170 = EDGE_CURVE('',#2162,#2164,#2171,.T.);
#2171 = ( BOUNDED_CURVE() B_SPLINE_CURVE(2,(#2172,#2173,#2174,#2175,
#2176),.UNSPECIFIED.,.F.,.F.) B_SPLINE_CURVE_WITH_KNOTS((3,2,3),(
    0.899280527851,2.356194490192,3.813108452534),
.PIECEWISE_BEZIER_KNOTS.) CURVE() GEOMETRIC_REPRESENTATION_ITEM() 
RATIONAL_B_SPLINE_CURVE((1.,0.746202507245,1.,0.746202507245,1.)) 
REPRESENTATION_ITEM('') );
#2172 = CARTESIAN_POINT('',(-2.815609271845,0.861167423452,11.102525627)
  );
#2173 = CARTESIAN_POINT('',(-3.583893391237,1.471741527374,11.102525627)
  );
#2174 = CARTESIAN_POINT('',(-4.277817459305,0.777817459305,11.102525627)
  );
#2175 = CARTESIAN_POINT('',(-4.971741527374,8.389339123658E-02,
    11.102525627));
#2176 = CARTESIAN_POINT('',(-4.361167423452,-0.684390728155,11.102525627
    ));
#2177 = B_SPLINE_SURFACE_WITH_KNOTS('',1,1,(
    (#2178,#2179)
    ,(#2180,#2181
    )),.UNSPECIFIED.,.F.,.F.,.F.,(2,2),(2,2),(-1.1,0.684390728155),(
    -0.684390728155,1.1),.PIECEWISE_BEZIER_KNOTS.);
#2178 = CARTESIAN_POINT('',(-4.6,-0.684390728155,11.102525627));
#2179 = CARTESIAN_POINT('',(-4.6,1.1,11.102525627));
#2180 = CARTESIAN_POINT('',(-2.815609271845,-0.684390728155,11.102525627
    ));
#2181 = CARTESIAN_POINT('',(-2.815609271845,1.1,11.102525627));
#2182 = ADVANCED_FACE('',(#2183),#2236,.T.);
#2183 = FACE_BOUND('',#2184,.T.);
#2184 = EDGE_LOOP('',(#2185,#2204,#2205,#2213,#2235));
#2185 = ORIENTED_EDGE('',*,*,#2186,.F.);
#2186 = EDGE_CURVE('',#752,#2162,#2187,.T.);
#2187 = B_SPLINE_CURVE_WITH_KNOTS('',3,(#2188,#2189,#2190,#2191,#2192,
    #2193,#2194,#2195,#2196,#2197,#2198,#2199,#2200,#2201,#2202,#2203),
  .UNSPECIFIED.,.F.,.F.,(4,3,3,3,3,4),(1.971892756457E-07,
    3.343762151512E-05,6.687047335435E-05,1.003792802473E-04,
    1.340649014769E-04,1.570311028837E-04),.UNSPECIFIED.);
#2188 = CARTESIAN_POINT('',(-2.744476326167,0.932300369129,11.002525627)
  );
#2189 = CARTESIAN_POINT('',(-2.744476326167,0.932300369129,
    11.013605776677));
#2190 = CARTESIAN_POINT('',(-2.745822727393,0.930953967903,
    11.024836933772));
#2191 = CARTESIAN_POINT('',(-2.748403107387,0.92837358791,
    11.035298912316));
#2192 = CARTESIAN_POINT('',(-2.750998587759,0.925778107537,
    11.04582211434));
#2193 = CARTESIAN_POINT('',(-2.754913659705,0.921863035592,
    11.055855635231));
#2194 = CARTESIAN_POINT('',(-2.759820704669,0.916955990627,
    11.064576451535));
#2195 = CARTESIAN_POINT('',(-2.764739073727,0.91203762157,
    11.073317393055));
#2196 = CARTESIAN_POINT('',(-2.770788187435,0.905988507862,
    11.080979487429));
#2197 = CARTESIAN_POINT('',(-2.77746746793,0.899309227367,
    11.086942640218));
#2198 = CARTESIAN_POINT('',(-2.784181709554,0.892594985743,
    11.092937005734));
#2199 = CARTESIAN_POINT('',(-2.791716220342,0.885060474955,
    11.097379231201));
#2200 = CARTESIAN_POINT('',(-2.799451539376,0.87732515592,
    11.099913827419));
#2201 = CARTESIAN_POINT('',(-2.804732620506,0.872044074791,
    11.101644254853));
#2202 = CARTESIAN_POINT('',(-2.810188293386,0.866588401911,11.102525627)
  );
#2203 = CARTESIAN_POINT('',(-2.815609271845,0.861167423452,11.102525627)
  );
#2204 = ORIENTED_EDGE('',*,*,#751,.F.);
#2205 = ORIENTED_EDGE('',*,*,#2206,.F.);
#2206 = EDGE_CURVE('',#2207,#745,#2209,.T.);
#2207 = VERTEX_POINT('',#2208);
#2208 = CARTESIAN_POINT('',(-4.432300369129,-0.755523673833,11.002525627
    ));
#2209 = ( BOUNDED_CURVE() B_SPLINE_CURVE(2,(#2210,#2211,#2212),
.UNSPECIFIED.,.F.,.F.) B_SPLINE_CURVE_WITH_KNOTS((3,3),(2.460550462781,
3.14159265359),.PIECEWISE_BEZIER_KNOTS.) CURVE() 
GEOMETRIC_REPRESENTATION_ITEM() RATIONAL_B_SPLINE_CURVE((1.,
0.942580758947,1.)) REPRESENTATION_ITEM('') );
#2210 = CARTESIAN_POINT('',(-4.432300369129,-0.755523673833,11.002525627
    ));
#2211 = CARTESIAN_POINT('',(-4.7,-0.425187943371,11.002525627));
#2212 = CARTESIAN_POINT('',(-4.7,-1.612452008403E-15,11.002525627));
#2213 = ORIENTED_EDGE('',*,*,#2214,.F.);
#2214 = EDGE_CURVE('',#2164,#2207,#2215,.T.);
#2215 = B_SPLINE_CURVE_WITH_KNOTS('',3,(#2216,#2217,#2218,#2219,#2220,
    #2221,#2222,#2223,#2224,#2225,#2226,#2227,#2228,#2229,#2230,#2231,
    #2232,#2233,#2234),.UNSPECIFIED.,.F.,.F.,(4,3,3,3,3,3,4),(
    1.571115741965E-04,1.679645499723E-04,2.019880911971E-04,
    2.359349689456E-04,2.697071017123E-04,3.032854539101E-04,
    3.138247984442E-04),.UNSPECIFIED.);
#2216 = CARTESIAN_POINT('',(-4.361167423452,-0.684390728155,11.102525627
    ));
#2217 = CARTESIAN_POINT('',(-4.363742094122,-0.686965398825,11.102525627
    ));
#2218 = CARTESIAN_POINT('',(-4.366320502462,-0.689543807166,
    11.102328762636));
#2219 = CARTESIAN_POINT('',(-4.368880198753,-0.692103503457,
    11.10193663012));
#2220 = CARTESIAN_POINT('',(-4.376851421734,-0.700074726437,
    11.100715479103));
#2221 = CARTESIAN_POINT('',(-4.384784403737,-0.70800770844,
    11.097529929954));
#2222 = CARTESIAN_POINT('',(-4.39201758827,-0.715240892973,
    11.092637682574));
#2223 = CARTESIAN_POINT('',(-4.399234219998,-0.722457524702,
    11.087756630874));
#2224 = CARTESIAN_POINT('',(-4.405954459702,-0.729177764405,
    11.081040198908));
#2225 = CARTESIAN_POINT('',(-4.41161162135,-0.734834926053,
    11.073041620479));
#2226 = CARTESIAN_POINT('',(-4.417239878238,-0.740463182942,
    11.065083910068));
#2227 = CARTESIAN_POINT('',(-4.421972008321,-0.745195313025,
    11.055635377751));
#2228 = CARTESIAN_POINT('',(-4.425406222144,-0.748629526847,
    11.045481951874));
#2229 = CARTESIAN_POINT('',(-4.428821027044,-0.752044331747,
    11.035385909451));
#2230 = CARTESIAN_POINT('',(-4.431047090099,-0.754270394802,
    11.02431277461));
#2231 = CARTESIAN_POINT('',(-4.4318952527,-0.755118557403,
    11.013185641196));
#2232 = CARTESIAN_POINT('',(-4.432164933413,-0.755388238116,
    11.009647671864));
#2233 = CARTESIAN_POINT('',(-4.43230036913,-0.755523673834,
    11.006084093294));
#2234 = CARTESIAN_POINT('',(-4.432300369129,-0.755523673833,11.002525627
    ));
#2235 = ORIENTED_EDGE('',*,*,#2170,.F.);
#2236 = ( BOUNDED_SURFACE() B_SPLINE_SURFACE(2,2,(
    (#2237,#2238,#2239)
    ,(#2240,#2241,#2242)
    ,(#2243,#2244,#2245)
    ,(#2246,#2247,#2248)
    ,(#2249,#2250,#2251
)),.UNSPECIFIED.,.F.,.F.,.F.) B_SPLINE_SURFACE_WITH_KNOTS((3,2,3),(3,3),
  (0.889754135986,2.356194490192,3.822634844399),(0.,1.570796326795),
.PIECEWISE_BEZIER_KNOTS.) GEOMETRIC_REPRESENTATION_ITEM() 
RATIONAL_B_SPLINE_SURFACE((
    (1.,0.707106781187,1.)
    ,(0.743023104172,0.525396675538,0.743023104172)
    ,(1.,0.707106781187,1.)
    ,(0.743023104172,0.525396675538,0.743023104172)
,(1.,0.707106781187,1.))) REPRESENTATION_ITEM('') SURFACE() );
#2237 = CARTESIAN_POINT('',(-2.744476326167,0.932300369129,11.002525627)
  );
#2238 = CARTESIAN_POINT('',(-2.744476326167,0.932300369129,11.102525627)
  );
#2239 = CARTESIAN_POINT('',(-2.80743663232,0.854608671702,11.102525627)
  );
#2240 = CARTESIAN_POINT('',(-3.584230457592,1.612825817256,11.002525627)
  );
#2241 = CARTESIAN_POINT('',(-3.584230457592,1.612825817256,11.102525627)
  );
#2242 = CARTESIAN_POINT('',(-3.577211252793,1.478423665818,11.102525627)
  );
#2243 = CARTESIAN_POINT('',(-4.348528137424,0.848528137424,11.002525627)
  );
#2244 = CARTESIAN_POINT('',(-4.348528137424,0.848528137424,11.102525627)
  );
#2245 = CARTESIAN_POINT('',(-4.277817459305,0.777817459305,11.102525627)
  );
#2246 = CARTESIAN_POINT('',(-5.112825817256,8.423045759208E-02,
    11.002525627));
#2247 = CARTESIAN_POINT('',(-5.112825817256,8.423045759208E-02,
    11.102525627));
#2248 = CARTESIAN_POINT('',(-4.978423665818,7.721125279274E-02,
    11.102525627));
#2249 = CARTESIAN_POINT('',(-4.432300369129,-0.755523673833,11.002525627
    ));
#2250 = CARTESIAN_POINT('',(-4.432300369129,-0.755523673833,11.102525627
    ));
#2251 = CARTESIAN_POINT('',(-4.354608671702,-0.69256336768,11.102525627)
  );
#2252 = ADVANCED_FACE('',(#2253),#2337,.F.);
#2253 = FACE_BOUND('',#2254,.T.);
#2254 = EDGE_LOOP('',(#2255,#2264,#2271,#2278,#2285,#2290,#2291,#2298,
    #2305,#2310,#2311,#2318,#2325,#2332));
#2255 = ORIENTED_EDGE('',*,*,#2256,.F.);
#2256 = EDGE_CURVE('',#2257,#2259,#2261,.T.);
#2257 = VERTEX_POINT('',#2258);
#2258 = CARTESIAN_POINT('',(5.25,-1.511836509646,7.702525627));
#2259 = VERTEX_POINT('',#2260);
#2260 = CARTESIAN_POINT('',(5.25,-1.088163490354,7.702525627));
#2261 = B_SPLINE_CURVE_WITH_KNOTS('',1,(#2262,#2263),.UNSPECIFIED.,.F.,
  .F.,(2,2),(-0.511836509646,-8.816349035423E-02),
  .PIECEWISE_BEZIER_KNOTS.);
#2262 = CARTESIAN_POINT('',(5.25,-1.511836509646,7.702525627));
#2263 = CARTESIAN_POINT('',(5.25,-1.088163490354,7.702525627));
#2264 = ORIENTED_EDGE('',*,*,#2265,.F.);
#2265 = EDGE_CURVE('',#2266,#2257,#2268,.T.);
#2266 = VERTEX_POINT('',#2267);
#2267 = CARTESIAN_POINT('',(5.25,-1.511836509646,11.902525627));
#2268 = B_SPLINE_CURVE_WITH_KNOTS('',1,(#2269,#2270),.UNSPECIFIED.,.F.,
  .F.,(2,2),(-4.2,-0.),.PIECEWISE_BEZIER_KNOTS.);
#2269 = CARTESIAN_POINT('',(5.25,-1.511836509646,11.902525627));
#2270 = CARTESIAN_POINT('',(5.25,-1.511836509646,7.702525627));
#2271 = ORIENTED_EDGE('',*,*,#2272,.F.);
#2272 = EDGE_CURVE('',#2273,#2266,#2275,.T.);
#2273 = VERTEX_POINT('',#2274);
#2274 = CARTESIAN_POINT('',(5.25,-1.75,11.902525627));
#2275 = B_SPLINE_CURVE_WITH_KNOTS('',1,(#2276,#2277),.UNSPECIFIED.,.F.,
  .F.,(2,2),(1.5,1.738163490354),.PIECEWISE_BEZIER_KNOTS.);
#2276 = CARTESIAN_POINT('',(5.25,-1.75,11.902525627));
#2277 = CARTESIAN_POINT('',(5.25,-1.511836509646,11.902525627));
#2278 = ORIENTED_EDGE('',*,*,#2279,.F.);
#2279 = EDGE_CURVE('',#2280,#2273,#2282,.T.);
#2280 = VERTEX_POINT('',#2281);
#2281 = CARTESIAN_POINT('',(5.25,-3.25,7.902525627));
#2282 = B_SPLINE_CURVE_WITH_KNOTS('',1,(#2283,#2284),.UNSPECIFIED.,.F.,
  .F.,(2,2),(-4.272001872659,-1.559301317348E-16),
  .PIECEWISE_BEZIER_KNOTS.);
#2283 = CARTESIAN_POINT('',(5.25,-3.25,7.902525627));
#2284 = CARTESIAN_POINT('',(5.25,-1.75,11.902525627));
#2285 = ORIENTED_EDGE('',*,*,#2286,.T.);
#2286 = EDGE_CURVE('',#2280,#1198,#2287,.T.);
#2287 = B_SPLINE_CURVE_WITH_KNOTS('',1,(#2288,#2289),.UNSPECIFIED.,.F.,
  .F.,(2,2),(4.,8.4),.PIECEWISE_BEZIER_KNOTS.);
#2288 = CARTESIAN_POINT('',(5.25,-3.25,7.902525627));
#2289 = CARTESIAN_POINT('',(5.25,-3.25,3.502525627));
#2290 = ORIENTED_EDGE('',*,*,#1197,.T.);
#2291 = ORIENTED_EDGE('',*,*,#2292,.F.);
#2292 = EDGE_CURVE('',#2293,#1191,#2295,.T.);
#2293 = VERTEX_POINT('',#2294);
#2294 = CARTESIAN_POINT('',(5.25,1.788163490354,7.902525627));
#2295 = B_SPLINE_CURVE_WITH_KNOTS('',1,(#2296,#2297),.UNSPECIFIED.,.F.,
  .F.,(2,2),(4.,8.4),.PIECEWISE_BEZIER_KNOTS.);
#2296 = CARTESIAN_POINT('',(5.25,1.788163490354,7.902525627));
#2297 = CARTESIAN_POINT('',(5.25,1.788163490354,3.502525627));
#2298 = ORIENTED_EDGE('',*,*,#2299,.F.);
#2299 = EDGE_CURVE('',#2300,#2293,#2302,.T.);
#2300 = VERTEX_POINT('',#2301);
#2301 = CARTESIAN_POINT('',(5.25,2.211836509646,7.902525627));
#2302 = B_SPLINE_CURVE_WITH_KNOTS('',1,(#2303,#2304),.UNSPECIFIED.,.F.,
  .F.,(2,2),(-0.511836509646,-8.816349035423E-02),
  .PIECEWISE_BEZIER_KNOTS.);
#2303 = CARTESIAN_POINT('',(5.25,2.211836509646,7.902525627));
#2304 = CARTESIAN_POINT('',(5.25,1.788163490354,7.902525627));
#2305 = ORIENTED_EDGE('',*,*,#2306,.F.);
#2306 = EDGE_CURVE('',#1170,#2300,#2307,.T.);
#2307 = B_SPLINE_CURVE_WITH_KNOTS('',1,(#2308,#2309),.UNSPECIFIED.,.F.,
  .F.,(2,2),(-8.4,-4.),.PIECEWISE_BEZIER_KNOTS.);
#2308 = CARTESIAN_POINT('',(5.25,2.211836509646,3.502525627));
#2309 = CARTESIAN_POINT('',(5.25,2.211836509646,7.902525627));
#2310 = ORIENTED_EDGE('',*,*,#1169,.T.);
#2311 = ORIENTED_EDGE('',*,*,#2312,.F.);
#2312 = EDGE_CURVE('',#2313,#1163,#2315,.T.);
#2313 = VERTEX_POINT('',#2314);
#2314 = CARTESIAN_POINT('',(5.25,3.25,7.902525627));
#2315 = B_SPLINE_CURVE_WITH_KNOTS('',1,(#2316,#2317),.UNSPECIFIED.,.F.,
  .F.,(2,2),(4.,8.4),.PIECEWISE_BEZIER_KNOTS.);
#2316 = CARTESIAN_POINT('',(5.25,3.25,7.902525627));
#2317 = CARTESIAN_POINT('',(5.25,3.25,3.502525627));
#2318 = ORIENTED_EDGE('',*,*,#2319,.F.);
#2319 = EDGE_CURVE('',#2320,#2313,#2322,.T.);
#2320 = VERTEX_POINT('',#2321);
#2321 = CARTESIAN_POINT('',(5.25,1.75,11.902525627));
#2322 = B_SPLINE_CURVE_WITH_KNOTS('',1,(#2323,#2324),.UNSPECIFIED.,.F.,
  .F.,(2,2),(-4.272001872659,0.),.PIECEWISE_BEZIER_KNOTS.);
#2323 = CARTESIAN_POINT('',(5.25,1.75,11.902525627));
#2324 = CARTESIAN_POINT('',(5.25,3.25,7.902525627));
#2325 = ORIENTED_EDGE('',*,*,#2326,.F.);
#2326 = EDGE_CURVE('',#2327,#2320,#2329,.T.);
#2327 = VERTEX_POINT('',#2328);
#2328 = CARTESIAN_POINT('',(5.25,-1.088163490354,11.902525627));
#2329 = B_SPLINE_CURVE_WITH_KNOTS('',1,(#2330,#2331),.UNSPECIFIED.,.F.,
  .F.,(2,2),(2.161836509646,5.),.PIECEWISE_BEZIER_KNOTS.);
#2330 = CARTESIAN_POINT('',(5.25,-1.088163490354,11.902525627));
#2331 = CARTESIAN_POINT('',(5.25,1.75,11.902525627));
#2332 = ORIENTED_EDGE('',*,*,#2333,.F.);
#2333 = EDGE_CURVE('',#2259,#2327,#2334,.T.);
#2334 = B_SPLINE_CURVE_WITH_KNOTS('',1,(#2335,#2336),.UNSPECIFIED.,.F.,
  .F.,(2,2),(-4.2,0.),.PIECEWISE_BEZIER_KNOTS.);
#2335 = CARTESIAN_POINT('',(5.25,-1.088163490354,7.702525627));
#2336 = CARTESIAN_POINT('',(5.25,-1.088163490354,11.902525627));
#2337 = B_SPLINE_SURFACE_WITH_KNOTS('',1,1,(
    (#2338,#2339)
    ,(#2340,#2341
    )),.UNSPECIFIED.,.F.,.F.,.F.,(2,2),(2,2),(-8.4,4.440892098501E-16),(
    0.,6.5),.PIECEWISE_BEZIER_KNOTS.);
#2338 = CARTESIAN_POINT('',(5.25,-3.25,3.502525627));
#2339 = CARTESIAN_POINT('',(5.25,3.25,3.502525627));
#2340 = CARTESIAN_POINT('',(5.25,-3.25,11.902525627));
#2341 = CARTESIAN_POINT('',(5.25,3.25,11.902525627));
#2342 = ADVANCED_FACE('',(#2343),#2427,.F.);
#2343 = FACE_BOUND('',#2344,.T.);
#2344 = EDGE_LOOP('',(#2345,#2354,#2359,#2360,#2367,#2374,#2381,#2388,
    #2395,#2402,#2409,#2416,#2421,#2422));
#2345 = ORIENTED_EDGE('',*,*,#2346,.F.);
#2346 = EDGE_CURVE('',#2347,#2349,#2351,.T.);
#2347 = VERTEX_POINT('',#2348);
#2348 = CARTESIAN_POINT('',(-5.25,1.788163490354,7.902525627));
#2349 = VERTEX_POINT('',#2350);
#2350 = CARTESIAN_POINT('',(-5.25,2.211836509646,7.902525627));
#2351 = B_SPLINE_CURVE_WITH_KNOTS('',1,(#2352,#2353),.UNSPECIFIED.,.F.,
  .F.,(2,2),(-0.511836509646,-8.816349035423E-02),
  .PIECEWISE_BEZIER_KNOTS.);
#2352 = CARTESIAN_POINT('',(-5.25,1.788163490354,7.902525627));
#2353 = CARTESIAN_POINT('',(-5.25,2.211836509646,7.902525627));
#2354 = ORIENTED_EDGE('',*,*,#2355,.F.);
#2355 = EDGE_CURVE('',#1128,#2347,#2356,.T.);
#2356 = B_SPLINE_CURVE_WITH_KNOTS('',1,(#2357,#2358),.UNSPECIFIED.,.F.,
  .F.,(2,2),(-4.4,0.),.PIECEWISE_BEZIER_KNOTS.);
#2357 = CARTESIAN_POINT('',(-5.25,1.788163490354,3.502525627));
#2358 = CARTESIAN_POINT('',(-5.25,1.788163490354,7.902525627));
#2359 = ORIENTED_EDGE('',*,*,#1127,.T.);
#2360 = ORIENTED_EDGE('',*,*,#2361,.F.);
#2361 = EDGE_CURVE('',#2362,#1121,#2364,.T.);
#2362 = VERTEX_POINT('',#2363);
#2363 = CARTESIAN_POINT('',(-5.25,-3.25,7.902525627));
#2364 = B_SPLINE_CURVE_WITH_KNOTS('',1,(#2365,#2366),.UNSPECIFIED.,.F.,
  .F.,(2,2),(4.,8.4),.PIECEWISE_BEZIER_KNOTS.);
#2365 = CARTESIAN_POINT('',(-5.25,-3.25,7.902525627));
#2366 = CARTESIAN_POINT('',(-5.25,-3.25,3.502525627));
#2367 = ORIENTED_EDGE('',*,*,#2368,.T.);
#2368 = EDGE_CURVE('',#2362,#2369,#2371,.T.);
#2369 = VERTEX_POINT('',#2370);
#2370 = CARTESIAN_POINT('',(-5.25,-1.75,11.902525627));
#2371 = B_SPLINE_CURVE_WITH_KNOTS('',1,(#2372,#2373),.UNSPECIFIED.,.F.,
  .F.,(2,2),(-4.272001872659,0.),.PIECEWISE_BEZIER_KNOTS.);
#2372 = CARTESIAN_POINT('',(-5.25,-3.25,7.902525627));
#2373 = CARTESIAN_POINT('',(-5.25,-1.75,11.902525627));
#2374 = ORIENTED_EDGE('',*,*,#2375,.F.);
#2375 = EDGE_CURVE('',#2376,#2369,#2378,.T.);
#2376 = VERTEX_POINT('',#2377);
#2377 = CARTESIAN_POINT('',(-5.25,-1.511836509646,11.902525627));
#2378 = B_SPLINE_CURVE_WITH_KNOTS('',1,(#2379,#2380),.UNSPECIFIED.,.F.,
  .F.,(2,2),(-1.738163490354,-1.5),.PIECEWISE_BEZIER_KNOTS.);
#2379 = CARTESIAN_POINT('',(-5.25,-1.511836509646,11.902525627));
#2380 = CARTESIAN_POINT('',(-5.25,-1.75,11.902525627));
#2381 = ORIENTED_EDGE('',*,*,#2382,.F.);
#2382 = EDGE_CURVE('',#2383,#2376,#2385,.T.);
#2383 = VERTEX_POINT('',#2384);
#2384 = CARTESIAN_POINT('',(-5.25,-1.511836509646,7.702525627));
#2385 = B_SPLINE_CURVE_WITH_KNOTS('',1,(#2386,#2387),.UNSPECIFIED.,.F.,
  .F.,(2,2),(-4.2,0.),.PIECEWISE_BEZIER_KNOTS.);
#2386 = CARTESIAN_POINT('',(-5.25,-1.511836509646,7.702525627));
#2387 = CARTESIAN_POINT('',(-5.25,-1.511836509646,11.902525627));
#2388 = ORIENTED_EDGE('',*,*,#2389,.F.);
#2389 = EDGE_CURVE('',#2390,#2383,#2392,.T.);
#2390 = VERTEX_POINT('',#2391);
#2391 = CARTESIAN_POINT('',(-5.25,-1.088163490354,7.702525627));
#2392 = B_SPLINE_CURVE_WITH_KNOTS('',1,(#2393,#2394),.UNSPECIFIED.,.F.,
  .F.,(2,2),(-0.511836509646,-8.816349035423E-02),
  .PIECEWISE_BEZIER_KNOTS.);
#2393 = CARTESIAN_POINT('',(-5.25,-1.088163490354,7.702525627));
#2394 = CARTESIAN_POINT('',(-5.25,-1.511836509646,7.702525627));
#2395 = ORIENTED_EDGE('',*,*,#2396,.F.);
#2396 = EDGE_CURVE('',#2397,#2390,#2399,.T.);
#2397 = VERTEX_POINT('',#2398);
#2398 = CARTESIAN_POINT('',(-5.25,-1.088163490354,11.902525627));
#2399 = B_SPLINE_CURVE_WITH_KNOTS('',1,(#2400,#2401),.UNSPECIFIED.,.F.,
  .F.,(2,2),(-0.,4.2),.PIECEWISE_BEZIER_KNOTS.);
#2400 = CARTESIAN_POINT('',(-5.25,-1.088163490354,11.902525627));
#2401 = CARTESIAN_POINT('',(-5.25,-1.088163490354,7.702525627));
#2402 = ORIENTED_EDGE('',*,*,#2403,.F.);
#2403 = EDGE_CURVE('',#2404,#2397,#2406,.T.);
#2404 = VERTEX_POINT('',#2405);
#2405 = CARTESIAN_POINT('',(-5.25,1.75,11.902525627));
#2406 = B_SPLINE_CURVE_WITH_KNOTS('',1,(#2407,#2408),.UNSPECIFIED.,.F.,
  .F.,(2,2),(-5.,-2.161836509646),.PIECEWISE_BEZIER_KNOTS.);
#2407 = CARTESIAN_POINT('',(-5.25,1.75,11.902525627));
#2408 = CARTESIAN_POINT('',(-5.25,-1.088163490354,11.902525627));
#2409 = ORIENTED_EDGE('',*,*,#2410,.T.);
#2410 = EDGE_CURVE('',#2404,#2411,#2413,.T.);
#2411 = VERTEX_POINT('',#2412);
#2412 = CARTESIAN_POINT('',(-5.25,3.25,7.902525627));
#2413 = B_SPLINE_CURVE_WITH_KNOTS('',1,(#2414,#2415),.UNSPECIFIED.,.F.,
  .F.,(2,2),(-4.272001872659,0.),.PIECEWISE_BEZIER_KNOTS.);
#2414 = CARTESIAN_POINT('',(-5.25,1.75,11.902525627));
#2415 = CARTESIAN_POINT('',(-5.25,3.25,7.902525627));
#2416 = ORIENTED_EDGE('',*,*,#2417,.T.);
#2417 = EDGE_CURVE('',#2411,#1156,#2418,.T.);
#2418 = B_SPLINE_CURVE_WITH_KNOTS('',1,(#2419,#2420),.UNSPECIFIED.,.F.,
  .F.,(2,2),(4.,8.4),.PIECEWISE_BEZIER_KNOTS.);
#2419 = CARTESIAN_POINT('',(-5.25,3.25,7.902525627));
#2420 = CARTESIAN_POINT('',(-5.25,3.25,3.502525627));
#2421 = ORIENTED_EDGE('',*,*,#1155,.T.);
#2422 = ORIENTED_EDGE('',*,*,#2423,.F.);
#2423 = EDGE_CURVE('',#2349,#1149,#2424,.T.);
#2424 = B_SPLINE_CURVE_WITH_KNOTS('',1,(#2425,#2426),.UNSPECIFIED.,.F.,
  .F.,(2,2),(-4.4,6.321123485301E-16),.PIECEWISE_BEZIER_KNOTS.);
#2425 = CARTESIAN_POINT('',(-5.25,2.211836509646,7.902525627));
#2426 = CARTESIAN_POINT('',(-5.25,2.211836509646,3.502525627));
#2427 = B_SPLINE_SURFACE_WITH_KNOTS('',1,1,(
    (#2428,#2429)
    ,(#2430,#2431
    )),.UNSPECIFIED.,.F.,.F.,.F.,(2,2),(2,2),(-1.7763568394E-15,8.4),(0.
    ,6.5),.PIECEWISE_BEZIER_KNOTS.);
#2428 = CARTESIAN_POINT('',(-5.25,-3.25,11.902525627));
#2429 = CARTESIAN_POINT('',(-5.25,3.25,11.902525627));
#2430 = CARTESIAN_POINT('',(-5.25,-3.25,3.502525627));
#2431 = CARTESIAN_POINT('',(-5.25,3.25,3.502525627));
#2432 = ADVANCED_FACE('',(#2433,#2463),#2493,.F.);
#2433 = FACE_BOUND('',#2434,.T.);
#2434 = EDGE_LOOP('',(#2435,#2444,#2451,#2458));
#2435 = ORIENTED_EDGE('',*,*,#2436,.T.);
#2436 = EDGE_CURVE('',#2437,#2439,#2441,.T.);
#2437 = VERTEX_POINT('',#2438);
#2438 = CARTESIAN_POINT('',(-2.,-3.25,7.802525627));
#2439 = VERTEX_POINT('',#2440);
#2440 = CARTESIAN_POINT('',(-5.,-3.25,7.802525627));
#2441 = B_SPLINE_CURVE_WITH_KNOTS('',1,(#2442,#2443),.UNSPECIFIED.,.F.,
  .F.,(2,2),(-3.,-0.),.PIECEWISE_BEZIER_KNOTS.);
#2442 = CARTESIAN_POINT('',(-2.,-3.25,7.802525627));
#2443 = CARTESIAN_POINT('',(-5.,-3.25,7.802525627));
#2444 = ORIENTED_EDGE('',*,*,#2445,.F.);
#2445 = EDGE_CURVE('',#2446,#2439,#2448,.T.);
#2446 = VERTEX_POINT('',#2447);
#2447 = CARTESIAN_POINT('',(-5.,0.75,7.802525627));
#2448 = B_SPLINE_CURVE_WITH_KNOTS('',1,(#2449,#2450),.UNSPECIFIED.,.F.,
  .F.,(2,2),(-0.,4.),.PIECEWISE_BEZIER_KNOTS.);
#2449 = CARTESIAN_POINT('',(-5.,0.75,7.802525627));
#2450 = CARTESIAN_POINT('',(-5.,-3.25,7.802525627));
#2451 = ORIENTED_EDGE('',*,*,#2452,.F.);
#2452 = EDGE_CURVE('',#2453,#2446,#2455,.T.);
#2453 = VERTEX_POINT('',#2454);
#2454 = CARTESIAN_POINT('',(-2.,0.75,7.802525627));
#2455 = B_SPLINE_CURVE_WITH_KNOTS('',1,(#2456,#2457),.UNSPECIFIED.,.F.,
  .F.,(2,2),(-3.,-0.),.PIECEWISE_BEZIER_KNOTS.);
#2456 = CARTESIAN_POINT('',(-2.,0.75,7.802525627));
#2457 = CARTESIAN_POINT('',(-5.,0.75,7.802525627));
#2458 = ORIENTED_EDGE('',*,*,#2459,.T.);
#2459 = EDGE_CURVE('',#2453,#2437,#2460,.T.);
#2460 = B_SPLINE_CURVE_WITH_KNOTS('',1,(#2461,#2462),.UNSPECIFIED.,.F.,
  .F.,(2,2),(-0.,4.),.PIECEWISE_BEZIER_KNOTS.);
#2461 = CARTESIAN_POINT('',(-2.,0.75,7.802525627));
#2462 = CARTESIAN_POINT('',(-2.,-3.25,7.802525627));
#2463 = FACE_BOUND('',#2464,.T.);
#2464 = EDGE_LOOP('',(#2465,#2474,#2481,#2488));
#2465 = ORIENTED_EDGE('',*,*,#2466,.T.);
#2466 = EDGE_CURVE('',#2467,#2469,#2471,.T.);
#2467 = VERTEX_POINT('',#2468);
#2468 = CARTESIAN_POINT('',(-2.4,-0.9,7.802525627));
#2469 = VERTEX_POINT('',#2470);
#2470 = CARTESIAN_POINT('',(-2.4,0.6,7.802525627));
#2471 = B_SPLINE_CURVE_WITH_KNOTS('',1,(#2472,#2473),.UNSPECIFIED.,.F.,
  .F.,(2,2),(0.,1.5),.PIECEWISE_BEZIER_KNOTS.);
#2472 = CARTESIAN_POINT('',(-2.4,-0.9,7.802525627));
#2473 = CARTESIAN_POINT('',(-2.4,0.6,7.802525627));
#2474 = ORIENTED_EDGE('',*,*,#2475,.T.);
#2475 = EDGE_CURVE('',#2469,#2476,#2478,.T.);
#2476 = VERTEX_POINT('',#2477);
#2477 = CARTESIAN_POINT('',(-4.6,0.6,7.802525627));
#2478 = B_SPLINE_CURVE_WITH_KNOTS('',1,(#2479,#2480),.UNSPECIFIED.,.F.,
  .F.,(2,2),(-2.2,-0.),.PIECEWISE_BEZIER_KNOTS.);
#2479 = CARTESIAN_POINT('',(-2.4,0.6,7.802525627));
#2480 = CARTESIAN_POINT('',(-4.6,0.6,7.802525627));
#2481 = ORIENTED_EDGE('',*,*,#2482,.F.);
#2482 = EDGE_CURVE('',#2483,#2476,#2485,.T.);
#2483 = VERTEX_POINT('',#2484);
#2484 = CARTESIAN_POINT('',(-4.6,-0.9,7.802525627));
#2485 = B_SPLINE_CURVE_WITH_KNOTS('',1,(#2486,#2487),.UNSPECIFIED.,.F.,
  .F.,(2,2),(0.,1.5),.PIECEWISE_BEZIER_KNOTS.);
#2486 = CARTESIAN_POINT('',(-4.6,-0.9,7.802525627));
#2487 = CARTESIAN_POINT('',(-4.6,0.6,7.802525627));
#2488 = ORIENTED_EDGE('',*,*,#2489,.F.);
#2489 = EDGE_CURVE('',#2467,#2483,#2490,.T.);
#2490 = B_SPLINE_CURVE_WITH_KNOTS('',1,(#2491,#2492),.UNSPECIFIED.,.F.,
  .F.,(2,2),(-2.2,-0.),.PIECEWISE_BEZIER_KNOTS.);
#2491 = CARTESIAN_POINT('',(-2.4,-0.9,7.802525627));
#2492 = CARTESIAN_POINT('',(-4.6,-0.9,7.802525627));
#2493 = B_SPLINE_SURFACE_WITH_KNOTS('',1,1,(
    (#2494,#2495)
    ,(#2496,#2497
    )),.UNSPECIFIED.,.F.,.F.,.F.,(2,2),(2,2),(0.,3.),(-4.,0.),
  .PIECEWISE_BEZIER_KNOTS.);
#2494 = CARTESIAN_POINT('',(-5.,-3.25,7.802525627));
#2495 = CARTESIAN_POINT('',(-5.,0.75,7.802525627));
#2496 = CARTESIAN_POINT('',(-2.,-3.25,7.802525627));
#2497 = CARTESIAN_POINT('',(-2.,0.75,7.802525627));
#2498 = ADVANCED_FACE('',(#2499),#2509,.F.);
#2499 = FACE_BOUND('',#2500,.T.);
#2500 = EDGE_LOOP('',(#2501,#2502,#2507,#2508));
#2501 = ORIENTED_EDGE('',*,*,#2417,.F.);
#2502 = ORIENTED_EDGE('',*,*,#2503,.T.);
#2503 = EDGE_CURVE('',#2411,#2313,#2504,.T.);
#2504 = B_SPLINE_CURVE_WITH_KNOTS('',1,(#2505,#2506),.UNSPECIFIED.,.F.,
  .F.,(2,2),(0.,10.5),.PIECEWISE_BEZIER_KNOTS.);
#2505 = CARTESIAN_POINT('',(-5.25,3.25,7.902525627));
#2506 = CARTESIAN_POINT('',(5.25,3.25,7.902525627));
#2507 = ORIENTED_EDGE('',*,*,#2312,.T.);
#2508 = ORIENTED_EDGE('',*,*,#1162,.T.);
#2509 = B_SPLINE_SURFACE_WITH_KNOTS('',1,1,(
    (#2510,#2511)
    ,(#2512,#2513
    )),.UNSPECIFIED.,.F.,.F.,.F.,(2,2),(2,2),(4.,8.4),(0.,10.5),
  .PIECEWISE_BEZIER_KNOTS.);
#2510 = CARTESIAN_POINT('',(-5.25,3.25,7.902525627));
#2511 = CARTESIAN_POINT('',(5.25,3.25,7.902525627));
#2512 = CARTESIAN_POINT('',(-5.25,3.25,3.502525627));
#2513 = CARTESIAN_POINT('',(5.25,3.25,3.502525627));
#2514 = ADVANCED_FACE('',(#2515),#2645,.F.);
#2515 = FACE_BOUND('',#2516,.T.);
#2516 = EDGE_LOOP('',(#2517,#2526,#2531,#2532,#2533,#2538,#2539,#2540,
    #2547,#2554,#2559,#2560,#2567,#2574,#2579,#2580,#2587,#2594,#2599,
    #2600,#2607,#2614,#2619,#2620,#2627,#2634,#2639,#2640));
#2517 = ORIENTED_EDGE('',*,*,#2518,.F.);
#2518 = EDGE_CURVE('',#2519,#2521,#2523,.T.);
#2519 = VERTEX_POINT('',#2520);
#2520 = CARTESIAN_POINT('',(4.,-3.25,4.002525627));
#2521 = VERTEX_POINT('',#2522);
#2522 = CARTESIAN_POINT('',(5.,-3.25,4.002525627));
#2523 = B_SPLINE_CURVE_WITH_KNOTS('',1,(#2524,#2525),.UNSPECIFIED.,.F.,
  .F.,(2,2),(0.,1.),.PIECEWISE_BEZIER_KNOTS.);
#2524 = CARTESIAN_POINT('',(4.,-3.25,4.002525627));
#2525 = CARTESIAN_POINT('',(5.,-3.25,4.002525627));
#2526 = ORIENTED_EDGE('',*,*,#2527,.F.);
#2527 = EDGE_CURVE('',#1044,#2519,#2528,.T.);
#2528 = B_SPLINE_CURVE_WITH_KNOTS('',1,(#2529,#2530),.UNSPECIFIED.,.F.,
  .F.,(2,2),(-0.5,0.),.PIECEWISE_BEZIER_KNOTS.);
#2529 = CARTESIAN_POINT('',(4.,-3.25,3.502525627));
#2530 = CARTESIAN_POINT('',(4.,-3.25,4.002525627));
#2531 = ORIENTED_EDGE('',*,*,#1204,.T.);
#2532 = ORIENTED_EDGE('',*,*,#2286,.F.);
#2533 = ORIENTED_EDGE('',*,*,#2534,.F.);
#2534 = EDGE_CURVE('',#2362,#2280,#2535,.T.);
#2535 = B_SPLINE_CURVE_WITH_KNOTS('',1,(#2536,#2537),.UNSPECIFIED.,.F.,
  .F.,(2,2),(0.,10.5),.PIECEWISE_BEZIER_KNOTS.);
#2536 = CARTESIAN_POINT('',(-5.25,-3.25,7.902525627));
#2537 = CARTESIAN_POINT('',(5.25,-3.25,7.902525627));
#2538 = ORIENTED_EDGE('',*,*,#2361,.T.);
#2539 = ORIENTED_EDGE('',*,*,#1120,.T.);
#2540 = ORIENTED_EDGE('',*,*,#2541,.F.);
#2541 = EDGE_CURVE('',#2542,#1114,#2544,.T.);
#2542 = VERTEX_POINT('',#2543);
#2543 = CARTESIAN_POINT('',(-4.,-3.25,4.002525627));
#2544 = B_SPLINE_CURVE_WITH_KNOTS('',1,(#2545,#2546),.UNSPECIFIED.,.F.,
  .F.,(2,2),(0.,0.5),.PIECEWISE_BEZIER_KNOTS.);
#2545 = CARTESIAN_POINT('',(-4.,-3.25,4.002525627));
#2546 = CARTESIAN_POINT('',(-4.,-3.25,3.502525627));
#2547 = ORIENTED_EDGE('',*,*,#2548,.F.);
#2548 = EDGE_CURVE('',#2549,#2542,#2551,.T.);
#2549 = VERTEX_POINT('',#2550);
#2550 = CARTESIAN_POINT('',(-5.,-3.25,4.002525627));
#2551 = B_SPLINE_CURVE_WITH_KNOTS('',1,(#2552,#2553),.UNSPECIFIED.,.F.,
  .F.,(2,2),(0.,1.),.PIECEWISE_BEZIER_KNOTS.);
#2552 = CARTESIAN_POINT('',(-5.,-3.25,4.002525627));
#2553 = CARTESIAN_POINT('',(-4.,-3.25,4.002525627));
#2554 = ORIENTED_EDGE('',*,*,#2555,.F.);
#2555 = EDGE_CURVE('',#2439,#2549,#2556,.T.);
#2556 = B_SPLINE_CURVE_WITH_KNOTS('',1,(#2557,#2558),.UNSPECIFIED.,.F.,
  .F.,(2,2),(-3.8,-0.),.PIECEWISE_BEZIER_KNOTS.);
#2557 = CARTESIAN_POINT('',(-5.,-3.25,7.802525627));
#2558 = CARTESIAN_POINT('',(-5.,-3.25,4.002525627));
#2559 = ORIENTED_EDGE('',*,*,#2436,.F.);
#2560 = ORIENTED_EDGE('',*,*,#2561,.F.);
#2561 = EDGE_CURVE('',#2562,#2437,#2564,.T.);
#2562 = VERTEX_POINT('',#2563);
#2563 = CARTESIAN_POINT('',(-2.,-3.25,4.002525627));
#2564 = B_SPLINE_CURVE_WITH_KNOTS('',1,(#2565,#2566),.UNSPECIFIED.,.F.,
  .F.,(2,2),(0.,3.8),.PIECEWISE_BEZIER_KNOTS.);
#2565 = CARTESIAN_POINT('',(-2.,-3.25,4.002525627));
#2566 = CARTESIAN_POINT('',(-2.,-3.25,7.802525627));
#2567 = ORIENTED_EDGE('',*,*,#2568,.F.);
#2568 = EDGE_CURVE('',#2569,#2562,#2571,.T.);
#2569 = VERTEX_POINT('',#2570);
#2570 = CARTESIAN_POINT('',(-3.,-3.25,4.002525627));
#2571 = B_SPLINE_CURVE_WITH_KNOTS('',1,(#2572,#2573),.UNSPECIFIED.,.F.,
  .F.,(2,2),(0.,1.),.PIECEWISE_BEZIER_KNOTS.);
#2572 = CARTESIAN_POINT('',(-3.,-3.25,4.002525627));
#2573 = CARTESIAN_POINT('',(-2.,-3.25,4.002525627));
#2574 = ORIENTED_EDGE('',*,*,#2575,.F.);
#2575 = EDGE_CURVE('',#1093,#2569,#2576,.T.);
#2576 = B_SPLINE_CURVE_WITH_KNOTS('',1,(#2577,#2578),.UNSPECIFIED.,.F.,
  .F.,(2,2),(-0.5,0.),.PIECEWISE_BEZIER_KNOTS.);
#2577 = CARTESIAN_POINT('',(-3.,-3.25,3.502525627));
#2578 = CARTESIAN_POINT('',(-3.,-3.25,4.002525627));
#2579 = ORIENTED_EDGE('',*,*,#1092,.T.);
#2580 = ORIENTED_EDGE('',*,*,#2581,.F.);
#2581 = EDGE_CURVE('',#2582,#1086,#2584,.T.);
#2582 = VERTEX_POINT('',#2583);
#2583 = CARTESIAN_POINT('',(-0.5,-3.25,4.002525627));
#2584 = B_SPLINE_CURVE_WITH_KNOTS('',1,(#2585,#2586),.UNSPECIFIED.,.F.,
  .F.,(2,2),(0.,0.5),.PIECEWISE_BEZIER_KNOTS.);
#2585 = CARTESIAN_POINT('',(-0.5,-3.25,4.002525627));
#2586 = CARTESIAN_POINT('',(-0.5,-3.25,3.502525627));
#2587 = ORIENTED_EDGE('',*,*,#2588,.F.);
#2588 = EDGE_CURVE('',#2589,#2582,#2591,.T.);
#2589 = VERTEX_POINT('',#2590);
#2590 = CARTESIAN_POINT('',(-1.5,-3.25,4.002525627));
#2591 = B_SPLINE_CURVE_WITH_KNOTS('',1,(#2592,#2593),.UNSPECIFIED.,.F.,
  .F.,(2,2),(0.,1.),.PIECEWISE_BEZIER_KNOTS.);
#2592 = CARTESIAN_POINT('',(-1.5,-3.25,4.002525627));
#2593 = CARTESIAN_POINT('',(-0.5,-3.25,4.002525627));
#2594 = ORIENTED_EDGE('',*,*,#2595,.F.);
#2595 = EDGE_CURVE('',#2098,#2589,#2596,.T.);
#2596 = B_SPLINE_CURVE_WITH_KNOTS('',1,(#2597,#2598),.UNSPECIFIED.,.F.,
  .F.,(2,2),(-3.8,-0.),.PIECEWISE_BEZIER_KNOTS.);
#2597 = CARTESIAN_POINT('',(-1.5,-3.25,7.802525627));
#2598 = CARTESIAN_POINT('',(-1.5,-3.25,4.002525627));
#2599 = ORIENTED_EDGE('',*,*,#2095,.F.);
#2600 = ORIENTED_EDGE('',*,*,#2601,.F.);
#2601 = EDGE_CURVE('',#2602,#2096,#2604,.T.);
#2602 = VERTEX_POINT('',#2603);
#2603 = CARTESIAN_POINT('',(1.5,-3.25,4.002525627));
#2604 = B_SPLINE_CURVE_WITH_KNOTS('',1,(#2605,#2606),.UNSPECIFIED.,.F.,
  .F.,(2,2),(0.,3.8),.PIECEWISE_BEZIER_KNOTS.);
#2605 = CARTESIAN_POINT('',(1.5,-3.25,4.002525627));
#2606 = CARTESIAN_POINT('',(1.5,-3.25,7.802525627));
#2607 = ORIENTED_EDGE('',*,*,#2608,.F.);
#2608 = EDGE_CURVE('',#2609,#2602,#2611,.T.);
#2609 = VERTEX_POINT('',#2610);
#2610 = CARTESIAN_POINT('',(0.5,-3.25,4.002525627));
#2611 = B_SPLINE_CURVE_WITH_KNOTS('',1,(#2612,#2613),.UNSPECIFIED.,.F.,
  .F.,(2,2),(0.,1.),.PIECEWISE_BEZIER_KNOTS.);
#2612 = CARTESIAN_POINT('',(0.5,-3.25,4.002525627));
#2613 = CARTESIAN_POINT('',(1.5,-3.25,4.002525627));
#2614 = ORIENTED_EDGE('',*,*,#2615,.F.);
#2615 = EDGE_CURVE('',#1065,#2609,#2616,.T.);
#2616 = B_SPLINE_CURVE_WITH_KNOTS('',1,(#2617,#2618),.UNSPECIFIED.,.F.,
  .F.,(2,2),(-0.5,0.),.PIECEWISE_BEZIER_KNOTS.);
#2617 = CARTESIAN_POINT('',(0.5,-3.25,3.502525627));
#2618 = CARTESIAN_POINT('',(0.5,-3.25,4.002525627));
#2619 = ORIENTED_EDGE('',*,*,#1064,.T.);
#2620 = ORIENTED_EDGE('',*,*,#2621,.F.);
#2621 = EDGE_CURVE('',#2622,#1058,#2624,.T.);
#2622 = VERTEX_POINT('',#2623);
#2623 = CARTESIAN_POINT('',(3.,-3.25,4.002525627));
#2624 = B_SPLINE_CURVE_WITH_KNOTS('',1,(#2625,#2626),.UNSPECIFIED.,.F.,
  .F.,(2,2),(0.,0.5),.PIECEWISE_BEZIER_KNOTS.);
#2625 = CARTESIAN_POINT('',(3.,-3.25,4.002525627));
#2626 = CARTESIAN_POINT('',(3.,-3.25,3.502525627));
#2627 = ORIENTED_EDGE('',*,*,#2628,.F.);
#2628 = EDGE_CURVE('',#2629,#2622,#2631,.T.);
#2629 = VERTEX_POINT('',#2630);
#2630 = CARTESIAN_POINT('',(2.,-3.25,4.002525627));
#2631 = B_SPLINE_CURVE_WITH_KNOTS('',1,(#2632,#2633),.UNSPECIFIED.,.F.,
  .F.,(2,2),(0.,1.),.PIECEWISE_BEZIER_KNOTS.);
#2632 = CARTESIAN_POINT('',(2.,-3.25,4.002525627));
#2633 = CARTESIAN_POINT('',(3.,-3.25,4.002525627));
#2634 = ORIENTED_EDGE('',*,*,#2635,.F.);
#2635 = EDGE_CURVE('',#2011,#2629,#2636,.T.);
#2636 = B_SPLINE_CURVE_WITH_KNOTS('',1,(#2637,#2638),.UNSPECIFIED.,.F.,
  .F.,(2,2),(-3.8,-0.),.PIECEWISE_BEZIER_KNOTS.);
#2637 = CARTESIAN_POINT('',(2.,-3.25,7.802525627));
#2638 = CARTESIAN_POINT('',(2.,-3.25,4.002525627));
#2639 = ORIENTED_EDGE('',*,*,#2010,.F.);
#2640 = ORIENTED_EDGE('',*,*,#2641,.F.);
#2641 = EDGE_CURVE('',#2521,#2004,#2642,.T.);
#2642 = B_SPLINE_CURVE_WITH_KNOTS('',1,(#2643,#2644),.UNSPECIFIED.,.F.,
  .F.,(2,2),(0.,3.8),.PIECEWISE_BEZIER_KNOTS.);
#2643 = CARTESIAN_POINT('',(5.,-3.25,4.002525627));
#2644 = CARTESIAN_POINT('',(5.,-3.25,7.802525627));
#2645 = B_SPLINE_SURFACE_WITH_KNOTS('',1,1,(
    (#2646,#2647)
    ,(#2648,#2649
    )),.UNSPECIFIED.,.F.,.F.,.F.,(2,2),(2,2),(-8.4,-4.),(0.,10.5),
  .PIECEWISE_BEZIER_KNOTS.);
#2646 = CARTESIAN_POINT('',(-5.25,-3.25,3.502525627));
#2647 = CARTESIAN_POINT('',(5.25,-3.25,3.502525627));
#2648 = CARTESIAN_POINT('',(-5.25,-3.25,7.902525627));
#2649 = CARTESIAN_POINT('',(5.25,-3.25,7.902525627));
#2650 = ADVANCED_FACE('',(#2651,#2662,#2673,#2684),#2738,.F.);
#2651 = FACE_BOUND('',#2652,.T.);
#2652 = EDGE_LOOP('',(#2653,#2661));
#2653 = ORIENTED_EDGE('',*,*,#2654,.F.);
#2654 = EDGE_CURVE('',#568,#575,#2655,.T.);
#2655 = ( BOUNDED_CURVE() B_SPLINE_CURVE(2,(#2656,#2657,#2658,#2659,
#2660),.UNSPECIFIED.,.F.,.F.) B_SPLINE_CURVE_WITH_KNOTS((3,2,3),(0.,
1.570796326795,3.14159265359),.PIECEWISE_BEZIER_KNOTS.) CURVE() 
GEOMETRIC_REPRESENTATION_ITEM() RATIONAL_B_SPLINE_CURVE((1.,
0.707106781187,1.,0.707106781187,1.)) REPRESENTATION_ITEM('') );
#2656 = CARTESIAN_POINT('',(4.75,3.770132354456E-16,11.902525627));
#2657 = CARTESIAN_POINT('',(4.75,1.25,11.902525627));
#2658 = CARTESIAN_POINT('',(3.5,1.25,11.902525627));
#2659 = CARTESIAN_POINT('',(2.25,1.25,11.902525627));
#2660 = CARTESIAN_POINT('',(2.25,5.30094085339E-16,11.902525627));
#2661 = ORIENTED_EDGE('',*,*,#574,.F.);
#2662 = FACE_BOUND('',#2663,.T.);
#2663 = EDGE_LOOP('',(#2664,#2672));
#2664 = ORIENTED_EDGE('',*,*,#2665,.F.);
#2665 = EDGE_CURVE('',#616,#623,#2666,.T.);
#2666 = ( BOUNDED_CURVE() B_SPLINE_CURVE(2,(#2667,#2668,#2669,#2670,
#2671),.UNSPECIFIED.,.F.,.F.) B_SPLINE_CURVE_WITH_KNOTS((3,2,3),(0.,
1.570796326795,3.14159265359),.PIECEWISE_BEZIER_KNOTS.) CURVE() 
GEOMETRIC_REPRESENTATION_ITEM() RATIONAL_B_SPLINE_CURVE((1.,
0.707106781187,1.,0.707106781187,1.)) REPRESENTATION_ITEM('') );
#2667 = CARTESIAN_POINT('',(1.25,5.215735251104E-16,11.902525627));
#2668 = CARTESIAN_POINT('',(1.25,1.25,11.902525627));
#2669 = CARTESIAN_POINT('',(-3.363237623358E-16,1.25,11.902525627));
#2670 = CARTESIAN_POINT('',(-1.25,1.25,11.902525627));
#2671 = CARTESIAN_POINT('',(-1.25,6.746543750038E-16,11.902525627));
#2672 = ORIENTED_EDGE('',*,*,#622,.F.);
#2673 = FACE_BOUND('',#2674,.T.);
#2674 = EDGE_LOOP('',(#2675,#2683));
#2675 = ORIENTED_EDGE('',*,*,#2676,.F.);
#2676 = EDGE_CURVE('',#796,#803,#2677,.T.);
#2677 = ( BOUNDED_CURVE() B_SPLINE_CURVE(2,(#2678,#2679,#2680,#2681,
#2682),.UNSPECIFIED.,.F.,.F.) B_SPLINE_CURVE_WITH_KNOTS((3,2,3),(0.,
1.570796326795,3.14159265359),.PIECEWISE_BEZIER_KNOTS.) CURVE() 
GEOMETRIC_REPRESENTATION_ITEM() RATIONAL_B_SPLINE_CURVE((1.,
0.707106781187,1.,0.707106781187,1.)) REPRESENTATION_ITEM('') );
#2678 = CARTESIAN_POINT('',(-2.25,6.661338147751E-16,11.902525627));
#2679 = CARTESIAN_POINT('',(-2.25,1.25,11.902525627));
#2680 = CARTESIAN_POINT('',(-3.5,1.25,11.902525627));
#2681 = CARTESIAN_POINT('',(-4.75,1.25,11.902525627));
#2682 = CARTESIAN_POINT('',(-4.75,8.192146646685E-16,11.902525627));
#2683 = ORIENTED_EDGE('',*,*,#802,.F.);
#2684 = FACE_BOUND('',#2685,.T.);
#2685 = EDGE_LOOP('',(#2686,#2687,#2694,#2701,#2706,#2707,#2712,#2713,
    #2720,#2727,#2732,#2733));
#2686 = ORIENTED_EDGE('',*,*,#2272,.T.);
#2687 = ORIENTED_EDGE('',*,*,#2688,.F.);
#2688 = EDGE_CURVE('',#2689,#2266,#2691,.T.);
#2689 = VERTEX_POINT('',#2690);
#2690 = CARTESIAN_POINT('',(4.75,-1.6,11.902525627));
#2691 = B_SPLINE_CURVE_WITH_KNOTS('',1,(#2692,#2693),.UNSPECIFIED.,.F.,
  .F.,(2,2),(0.,0.507713305943),.PIECEWISE_BEZIER_KNOTS.);
#2692 = CARTESIAN_POINT('',(4.75,-1.6,11.902525627));
#2693 = CARTESIAN_POINT('',(5.25,-1.511836509646,11.902525627));
#2694 = ORIENTED_EDGE('',*,*,#2695,.F.);
#2695 = EDGE_CURVE('',#2696,#2689,#2698,.T.);
#2696 = VERTEX_POINT('',#2697);
#2697 = CARTESIAN_POINT('',(4.75,-1.,11.902525627));
#2698 = B_SPLINE_CURVE_WITH_KNOTS('',1,(#2699,#2700),.UNSPECIFIED.,.F.,
  .F.,(2,2),(-0.6,-0.),.PIECEWISE_BEZIER_KNOTS.);
#2699 = CARTESIAN_POINT('',(4.75,-1.,11.902525627));
#2700 = CARTESIAN_POINT('',(4.75,-1.6,11.902525627));
#2701 = ORIENTED_EDGE('',*,*,#2702,.T.);
#2702 = EDGE_CURVE('',#2696,#2327,#2703,.T.);
#2703 = B_SPLINE_CURVE_WITH_KNOTS('',1,(#2704,#2705),.UNSPECIFIED.,.F.,
  .F.,(2,2),(4.851485004475,5.359198310418),.PIECEWISE_BEZIER_KNOTS.);
#2704 = CARTESIAN_POINT('',(4.75,-1.,11.902525627));
#2705 = CARTESIAN_POINT('',(5.25,-1.088163490354,11.902525627));
#2706 = ORIENTED_EDGE('',*,*,#2326,.T.);
#2707 = ORIENTED_EDGE('',*,*,#2708,.F.);
#2708 = EDGE_CURVE('',#2404,#2320,#2709,.T.);
#2709 = B_SPLINE_CURVE_WITH_KNOTS('',1,(#2710,#2711),.UNSPECIFIED.,.F.,
  .F.,(2,2),(0.,10.5),.PIECEWISE_BEZIER_KNOTS.);
#2710 = CARTESIAN_POINT('',(-5.25,1.75,11.902525627));
#2711 = CARTESIAN_POINT('',(5.25,1.75,11.902525627));
#2712 = ORIENTED_EDGE('',*,*,#2403,.T.);
#2713 = ORIENTED_EDGE('',*,*,#2714,.F.);
#2714 = EDGE_CURVE('',#2715,#2397,#2717,.T.);
#2715 = VERTEX_POINT('',#2716);
#2716 = CARTESIAN_POINT('',(-5.75,-1.,11.902525627));
#2717 = B_SPLINE_CURVE_WITH_KNOTS('',1,(#2718,#2719),.UNSPECIFIED.,.F.,
  .F.,(2,2),(0.,0.507713305943),.PIECEWISE_BEZIER_KNOTS.);
#2718 = CARTESIAN_POINT('',(-5.75,-1.,11.902525627));
#2719 = CARTESIAN_POINT('',(-5.25,-1.088163490354,11.902525627));
#2720 = ORIENTED_EDGE('',*,*,#2721,.F.);
#2721 = EDGE_CURVE('',#2722,#2715,#2724,.T.);
#2722 = VERTEX_POINT('',#2723);
#2723 = CARTESIAN_POINT('',(-5.75,-1.6,11.902525627));
#2724 = B_SPLINE_CURVE_WITH_KNOTS('',1,(#2725,#2726),.UNSPECIFIED.,.F.,
  .F.,(2,2),(0.,0.6),.PIECEWISE_BEZIER_KNOTS.);
#2725 = CARTESIAN_POINT('',(-5.75,-1.6,11.902525627));
#2726 = CARTESIAN_POINT('',(-5.75,-1.,11.902525627));
#2727 = ORIENTED_EDGE('',*,*,#2728,.T.);
#2728 = EDGE_CURVE('',#2722,#2376,#2729,.T.);
#2729 = B_SPLINE_CURVE_WITH_KNOTS('',1,(#2730,#2731),.UNSPECIFIED.,.F.,
  .F.,(2,2),(-5.940481664087,-5.432768358144),.PIECEWISE_BEZIER_KNOTS.);
#2730 = CARTESIAN_POINT('',(-5.75,-1.6,11.902525627));
#2731 = CARTESIAN_POINT('',(-5.25,-1.511836509646,11.902525627));
#2732 = ORIENTED_EDGE('',*,*,#2375,.T.);
#2733 = ORIENTED_EDGE('',*,*,#2734,.T.);
#2734 = EDGE_CURVE('',#2369,#2273,#2735,.T.);
#2735 = B_SPLINE_CURVE_WITH_KNOTS('',1,(#2736,#2737),.UNSPECIFIED.,.F.,
  .F.,(2,2),(0.,10.5),.PIECEWISE_BEZIER_KNOTS.);
#2736 = CARTESIAN_POINT('',(-5.25,-1.75,11.902525627));
#2737 = CARTESIAN_POINT('',(5.25,-1.75,11.902525627));
#2738 = B_SPLINE_SURFACE_WITH_KNOTS('',1,1,(
    (#2739,#2740)
    ,(#2741,#2742
    )),.UNSPECIFIED.,.F.,.F.,.F.,(2,2),(2,2),(-5.25,5.75),(-1.75,1.75),
  .PIECEWISE_BEZIER_KNOTS.);
#2739 = CARTESIAN_POINT('',(5.25,-1.75,11.902525627));
#2740 = CARTESIAN_POINT('',(5.25,1.75,11.902525627));
#2741 = CARTESIAN_POINT('',(-5.75,-1.75,11.902525627));
#2742 = CARTESIAN_POINT('',(-5.75,1.75,11.902525627));
#2743 = ADVANCED_FACE('',(#2744),#2752,.T.);
#2744 = FACE_BOUND('',#2745,.T.);
#2745 = EDGE_LOOP('',(#2746,#2747,#2748,#2749,#2750,#2751));
#2746 = ORIENTED_EDGE('',*,*,#1220,.F.);
#2747 = ORIENTED_EDGE('',*,*,#1211,.F.);
#2748 = ORIENTED_EDGE('',*,*,#1248,.F.);
#2749 = ORIENTED_EDGE('',*,*,#1241,.F.);
#2750 = ORIENTED_EDGE('',*,*,#1234,.F.);
#2751 = ORIENTED_EDGE('',*,*,#1227,.F.);
#2752 = B_SPLINE_SURFACE_WITH_KNOTS('',1,1,(
    (#2753,#2754)
    ,(#2755,#2756
    )),.UNSPECIFIED.,.F.,.F.,.F.,(2,2),(2,2),(-1.069395538553,
    -0.813297977577),(1.710166855798,2.210166855798),
  .PIECEWISE_BEZIER_KNOTS.);
#2753 = CARTESIAN_POINT('',(1.069395538553,1.710166855798,3.502525627));
#2754 = CARTESIAN_POINT('',(1.069395538553,2.210166855798,3.502525627));
#2755 = CARTESIAN_POINT('',(0.813297977577,1.710166855798,3.502525627));
#2756 = CARTESIAN_POINT('',(0.813297977577,2.210166855798,3.502525627));
#2757 = ADVANCED_FACE('',(#2758),#2764,.F.);
#2758 = FACE_BOUND('',#2759,.T.);
#2759 = EDGE_LOOP('',(#2760,#2761,#2762,#2763));
#2760 = ORIENTED_EDGE('',*,*,#2503,.F.);
#2761 = ORIENTED_EDGE('',*,*,#2410,.F.);
#2762 = ORIENTED_EDGE('',*,*,#2708,.T.);
#2763 = ORIENTED_EDGE('',*,*,#2319,.T.);
#2764 = B_SPLINE_SURFACE_WITH_KNOTS('',1,1,(
    (#2765,#2766)
    ,(#2767,#2768
    )),.UNSPECIFIED.,.F.,.F.,.F.,(2,2),(2,2),(-4.272001872659,0.),(0.,
    10.5),.PIECEWISE_BEZIER_KNOTS.);
#2765 = CARTESIAN_POINT('',(-5.25,1.75,11.902525627));
#2766 = CARTESIAN_POINT('',(5.25,1.75,11.902525627));
#2767 = CARTESIAN_POINT('',(-5.25,3.25,7.902525627));
#2768 = CARTESIAN_POINT('',(5.25,3.25,7.902525627));
#2769 = ADVANCED_FACE('',(#2770),#2776,.F.);
#2770 = FACE_BOUND('',#2771,.T.);
#2771 = EDGE_LOOP('',(#2772,#2773,#2774,#2775));
#2772 = ORIENTED_EDGE('',*,*,#2734,.F.);
#2773 = ORIENTED_EDGE('',*,*,#2368,.F.);
#2774 = ORIENTED_EDGE('',*,*,#2534,.T.);
#2775 = ORIENTED_EDGE('',*,*,#2279,.T.);
#2776 = B_SPLINE_SURFACE_WITH_KNOTS('',1,1,(
    (#2777,#2778)
    ,(#2779,#2780
    )),.UNSPECIFIED.,.F.,.F.,.F.,(2,2),(2,2),(-4.272001872659,0.),(0.,
    10.5),.PIECEWISE_BEZIER_KNOTS.);
#2777 = CARTESIAN_POINT('',(-5.25,-3.25,7.902525627));
#2778 = CARTESIAN_POINT('',(5.25,-3.25,7.902525627));
#2779 = CARTESIAN_POINT('',(-5.25,-1.75,11.902525627));
#2780 = CARTESIAN_POINT('',(5.25,-1.75,11.902525627));
#2781 = ADVANCED_FACE('',(#2782),#2798,.F.);
#2782 = FACE_BOUND('',#2783,.T.);
#2783 = EDGE_LOOP('',(#2784,#2785,#2786,#2793));
#2784 = ORIENTED_EDGE('',*,*,#2561,.T.);
#2785 = ORIENTED_EDGE('',*,*,#2459,.F.);
#2786 = ORIENTED_EDGE('',*,*,#2787,.F.);
#2787 = EDGE_CURVE('',#2788,#2453,#2790,.T.);
#2788 = VERTEX_POINT('',#2789);
#2789 = CARTESIAN_POINT('',(-2.,0.75,4.002525627));
#2790 = B_SPLINE_CURVE_WITH_KNOTS('',1,(#2791,#2792),.UNSPECIFIED.,.F.,
  .F.,(2,2),(0.,3.8),.PIECEWISE_BEZIER_KNOTS.);
#2791 = CARTESIAN_POINT('',(-2.,0.75,4.002525627));
#2792 = CARTESIAN_POINT('',(-2.,0.75,7.802525627));
#2793 = ORIENTED_EDGE('',*,*,#2794,.T.);
#2794 = EDGE_CURVE('',#2788,#2562,#2795,.T.);
#2795 = B_SPLINE_CURVE_WITH_KNOTS('',1,(#2796,#2797),.UNSPECIFIED.,.F.,
  .F.,(2,2),(-0.,4.),.PIECEWISE_BEZIER_KNOTS.);
#2796 = CARTESIAN_POINT('',(-2.,0.75,4.002525627));
#2797 = CARTESIAN_POINT('',(-2.,-3.25,4.002525627));
#2798 = B_SPLINE_SURFACE_WITH_KNOTS('',1,1,(
    (#2799,#2800)
    ,(#2801,#2802
    )),.UNSPECIFIED.,.F.,.F.,.F.,(2,2),(2,2),(-3.8,0.),(-4.,0.),
  .PIECEWISE_BEZIER_KNOTS.);
#2799 = CARTESIAN_POINT('',(-2.,-3.25,7.802525627));
#2800 = CARTESIAN_POINT('',(-2.,0.75,7.802525627));
#2801 = CARTESIAN_POINT('',(-2.,-3.25,4.002525627));
#2802 = CARTESIAN_POINT('',(-2.,0.75,4.002525627));
#2803 = ADVANCED_FACE('',(#2804),#2820,.F.);
#2804 = FACE_BOUND('',#2805,.T.);
#2805 = EDGE_LOOP('',(#2806,#2807,#2808,#2815));
#2806 = ORIENTED_EDGE('',*,*,#2568,.T.);
#2807 = ORIENTED_EDGE('',*,*,#2794,.F.);
#2808 = ORIENTED_EDGE('',*,*,#2809,.F.);
#2809 = EDGE_CURVE('',#2810,#2788,#2812,.T.);
#2810 = VERTEX_POINT('',#2811);
#2811 = CARTESIAN_POINT('',(-3.,0.75,4.002525627));
#2812 = B_SPLINE_CURVE_WITH_KNOTS('',1,(#2813,#2814),.UNSPECIFIED.,.F.,
  .F.,(2,2),(0.,1.),.PIECEWISE_BEZIER_KNOTS.);
#2813 = CARTESIAN_POINT('',(-3.,0.75,4.002525627));
#2814 = CARTESIAN_POINT('',(-2.,0.75,4.002525627));
#2815 = ORIENTED_EDGE('',*,*,#2816,.T.);
#2816 = EDGE_CURVE('',#2810,#2569,#2817,.T.);
#2817 = B_SPLINE_CURVE_WITH_KNOTS('',1,(#2818,#2819),.UNSPECIFIED.,.F.,
  .F.,(2,2),(-0.,4.),.PIECEWISE_BEZIER_KNOTS.);
#2818 = CARTESIAN_POINT('',(-3.,0.75,4.002525627));
#2819 = CARTESIAN_POINT('',(-3.,-3.25,4.002525627));
#2820 = B_SPLINE_SURFACE_WITH_KNOTS('',1,1,(
    (#2821,#2822)
    ,(#2823,#2824
    )),.UNSPECIFIED.,.F.,.F.,.F.,(2,2),(2,2),(-1.,0.),(-4.,0.),
  .PIECEWISE_BEZIER_KNOTS.);
#2821 = CARTESIAN_POINT('',(-2.,-3.25,4.002525627));
#2822 = CARTESIAN_POINT('',(-2.,0.75,4.002525627));
#2823 = CARTESIAN_POINT('',(-3.,-3.25,4.002525627));
#2824 = CARTESIAN_POINT('',(-3.,0.75,4.002525627));
#2825 = ADVANCED_FACE('',(#2826),#2836,.F.);
#2826 = FACE_BOUND('',#2827,.T.);
#2827 = EDGE_LOOP('',(#2828,#2829,#2830,#2835));
#2828 = ORIENTED_EDGE('',*,*,#2575,.T.);
#2829 = ORIENTED_EDGE('',*,*,#2816,.F.);
#2830 = ORIENTED_EDGE('',*,*,#2831,.F.);
#2831 = EDGE_CURVE('',#1100,#2810,#2832,.T.);
#2832 = B_SPLINE_CURVE_WITH_KNOTS('',1,(#2833,#2834),.UNSPECIFIED.,.F.,
  .F.,(2,2),(-0.5,0.),.PIECEWISE_BEZIER_KNOTS.);
#2833 = CARTESIAN_POINT('',(-3.,0.75,3.502525627));
#2834 = CARTESIAN_POINT('',(-3.,0.75,4.002525627));
#2835 = ORIENTED_EDGE('',*,*,#1099,.T.);
#2836 = B_SPLINE_SURFACE_WITH_KNOTS('',1,1,(
    (#2837,#2838)
    ,(#2839,#2840
    )),.UNSPECIFIED.,.F.,.F.,.F.,(2,2),(2,2),(0.,0.5),(-4.,0.),
  .PIECEWISE_BEZIER_KNOTS.);
#2837 = CARTESIAN_POINT('',(-3.,-3.25,4.002525627));
#2838 = CARTESIAN_POINT('',(-3.,0.75,4.002525627));
#2839 = CARTESIAN_POINT('',(-3.,-3.25,3.502525627));
#2840 = CARTESIAN_POINT('',(-3.,0.75,3.502525627));
#2841 = ADVANCED_FACE('',(#2842),#2858,.F.);
#2842 = FACE_BOUND('',#2843,.T.);
#2843 = EDGE_LOOP('',(#2844,#2845,#2846,#2853));
#2844 = ORIENTED_EDGE('',*,*,#2541,.T.);
#2845 = ORIENTED_EDGE('',*,*,#1113,.F.);
#2846 = ORIENTED_EDGE('',*,*,#2847,.F.);
#2847 = EDGE_CURVE('',#2848,#1107,#2850,.T.);
#2848 = VERTEX_POINT('',#2849);
#2849 = CARTESIAN_POINT('',(-4.,0.75,4.002525627));
#2850 = B_SPLINE_CURVE_WITH_KNOTS('',1,(#2851,#2852),.UNSPECIFIED.,.F.,
  .F.,(2,2),(0.,0.5),.PIECEWISE_BEZIER_KNOTS.);
#2851 = CARTESIAN_POINT('',(-4.,0.75,4.002525627));
#2852 = CARTESIAN_POINT('',(-4.,0.75,3.502525627));
#2853 = ORIENTED_EDGE('',*,*,#2854,.T.);
#2854 = EDGE_CURVE('',#2848,#2542,#2855,.T.);
#2855 = B_SPLINE_CURVE_WITH_KNOTS('',1,(#2856,#2857),.UNSPECIFIED.,.F.,
  .F.,(2,2),(-0.,4.),.PIECEWISE_BEZIER_KNOTS.);
#2856 = CARTESIAN_POINT('',(-4.,0.75,4.002525627));
#2857 = CARTESIAN_POINT('',(-4.,-3.25,4.002525627));
#2858 = B_SPLINE_SURFACE_WITH_KNOTS('',1,1,(
    (#2859,#2860)
    ,(#2861,#2862
    )),.UNSPECIFIED.,.F.,.F.,.F.,(2,2),(2,2),(-0.5,0.),(-4.,0.),
  .PIECEWISE_BEZIER_KNOTS.);
#2859 = CARTESIAN_POINT('',(-4.,-3.25,3.502525627));
#2860 = CARTESIAN_POINT('',(-4.,0.75,3.502525627));
#2861 = CARTESIAN_POINT('',(-4.,-3.25,4.002525627));
#2862 = CARTESIAN_POINT('',(-4.,0.75,4.002525627));
#2863 = ADVANCED_FACE('',(#2864),#2880,.F.);
#2864 = FACE_BOUND('',#2865,.T.);
#2865 = EDGE_LOOP('',(#2866,#2867,#2868,#2875));
#2866 = ORIENTED_EDGE('',*,*,#2548,.T.);
#2867 = ORIENTED_EDGE('',*,*,#2854,.F.);
#2868 = ORIENTED_EDGE('',*,*,#2869,.F.);
#2869 = EDGE_CURVE('',#2870,#2848,#2872,.T.);
#2870 = VERTEX_POINT('',#2871);
#2871 = CARTESIAN_POINT('',(-5.,0.75,4.002525627));
#2872 = B_SPLINE_CURVE_WITH_KNOTS('',1,(#2873,#2874),.UNSPECIFIED.,.F.,
  .F.,(2,2),(0.,1.),.PIECEWISE_BEZIER_KNOTS.);
#2873 = CARTESIAN_POINT('',(-5.,0.75,4.002525627));
#2874 = CARTESIAN_POINT('',(-4.,0.75,4.002525627));
#2875 = ORIENTED_EDGE('',*,*,#2876,.T.);
#2876 = EDGE_CURVE('',#2870,#2549,#2877,.T.);
#2877 = B_SPLINE_CURVE_WITH_KNOTS('',1,(#2878,#2879),.UNSPECIFIED.,.F.,
  .F.,(2,2),(-0.,4.),.PIECEWISE_BEZIER_KNOTS.);
#2878 = CARTESIAN_POINT('',(-5.,0.75,4.002525627));
#2879 = CARTESIAN_POINT('',(-5.,-3.25,4.002525627));
#2880 = B_SPLINE_SURFACE_WITH_KNOTS('',1,1,(
    (#2881,#2882)
    ,(#2883,#2884
    )),.UNSPECIFIED.,.F.,.F.,.F.,(2,2),(2,2),(-1.,0.),(-4.,0.),
  .PIECEWISE_BEZIER_KNOTS.);
#2881 = CARTESIAN_POINT('',(-4.,-3.25,4.002525627));
#2882 = CARTESIAN_POINT('',(-4.,0.75,4.002525627));
#2883 = CARTESIAN_POINT('',(-5.,-3.25,4.002525627));
#2884 = CARTESIAN_POINT('',(-5.,0.75,4.002525627));
#2885 = ADVANCED_FACE('',(#2886),#2896,.F.);
#2886 = FACE_BOUND('',#2887,.T.);
#2887 = EDGE_LOOP('',(#2888,#2889,#2890,#2895));
#2888 = ORIENTED_EDGE('',*,*,#2555,.T.);
#2889 = ORIENTED_EDGE('',*,*,#2876,.F.);
#2890 = ORIENTED_EDGE('',*,*,#2891,.F.);
#2891 = EDGE_CURVE('',#2446,#2870,#2892,.T.);
#2892 = B_SPLINE_CURVE_WITH_KNOTS('',1,(#2893,#2894),.UNSPECIFIED.,.F.,
  .F.,(2,2),(-3.8,-0.),.PIECEWISE_BEZIER_KNOTS.);
#2893 = CARTESIAN_POINT('',(-5.,0.75,7.802525627));
#2894 = CARTESIAN_POINT('',(-5.,0.75,4.002525627));
#2895 = ORIENTED_EDGE('',*,*,#2445,.T.);
#2896 = B_SPLINE_SURFACE_WITH_KNOTS('',1,1,(
    (#2897,#2898)
    ,(#2899,#2900
    )),.UNSPECIFIED.,.F.,.F.,.F.,(2,2),(2,2),(0.,3.8),(-4.,0.),
  .PIECEWISE_BEZIER_KNOTS.);
#2897 = CARTESIAN_POINT('',(-5.,-3.25,4.002525627));
#2898 = CARTESIAN_POINT('',(-5.,0.75,4.002525627));
#2899 = CARTESIAN_POINT('',(-5.,-3.25,7.802525627));
#2900 = CARTESIAN_POINT('',(-5.,0.75,7.802525627));
#2901 = ADVANCED_FACE('',(#2902),#2912,.F.);
#2902 = FACE_BOUND('',#2903,.T.);
#2903 = EDGE_LOOP('',(#2904,#2905,#2906,#2907,#2908,#2909,#2910,#2911));
#2904 = ORIENTED_EDGE('',*,*,#2787,.T.);
#2905 = ORIENTED_EDGE('',*,*,#2452,.T.);
#2906 = ORIENTED_EDGE('',*,*,#2891,.T.);
#2907 = ORIENTED_EDGE('',*,*,#2869,.T.);
#2908 = ORIENTED_EDGE('',*,*,#2847,.T.);
#2909 = ORIENTED_EDGE('',*,*,#1106,.T.);
#2910 = ORIENTED_EDGE('',*,*,#2831,.T.);
#2911 = ORIENTED_EDGE('',*,*,#2809,.T.);
#2912 = B_SPLINE_SURFACE_WITH_KNOTS('',1,1,(
    (#2913,#2914)
    ,(#2915,#2916
    )),.UNSPECIFIED.,.F.,.F.,.F.,(2,2),(2,2),(0.,4.3),(-5.,-2.),
  .PIECEWISE_BEZIER_KNOTS.);
#2913 = CARTESIAN_POINT('',(-5.,0.75,3.502525627));
#2914 = CARTESIAN_POINT('',(-2.,0.75,3.502525627));
#2915 = CARTESIAN_POINT('',(-5.,0.75,7.802525627));
#2916 = CARTESIAN_POINT('',(-2.,0.75,7.802525627));
#2917 = ADVANCED_FACE('',(#2918,#2940),#2951,.F.);
#2918 = FACE_BOUND('',#2919,.T.);
#2919 = EDGE_LOOP('',(#2920,#2927,#2928,#2935));
#2920 = ORIENTED_EDGE('',*,*,#2921,.T.);
#2921 = EDGE_CURVE('',#2922,#2467,#2924,.T.);
#2922 = VERTEX_POINT('',#2923);
#2923 = CARTESIAN_POINT('',(-2.4,-0.9,4.302525627));
#2924 = B_SPLINE_CURVE_WITH_KNOTS('',1,(#2925,#2926),.UNSPECIFIED.,.F.,
  .F.,(2,2),(0.,3.5),.PIECEWISE_BEZIER_KNOTS.);
#2925 = CARTESIAN_POINT('',(-2.4,-0.9,4.302525627));
#2926 = CARTESIAN_POINT('',(-2.4,-0.9,7.802525627));
#2927 = ORIENTED_EDGE('',*,*,#2489,.T.);
#2928 = ORIENTED_EDGE('',*,*,#2929,.T.);
#2929 = EDGE_CURVE('',#2483,#2930,#2932,.T.);
#2930 = VERTEX_POINT('',#2931);
#2931 = CARTESIAN_POINT('',(-4.6,-0.9,4.302525627));
#2932 = B_SPLINE_CURVE_WITH_KNOTS('',1,(#2933,#2934),.UNSPECIFIED.,.F.,
  .F.,(2,2),(-3.5,-0.),.PIECEWISE_BEZIER_KNOTS.);
#2933 = CARTESIAN_POINT('',(-4.6,-0.9,7.802525627));
#2934 = CARTESIAN_POINT('',(-4.6,-0.9,4.302525627));
#2935 = ORIENTED_EDGE('',*,*,#2936,.T.);
#2936 = EDGE_CURVE('',#2930,#2922,#2937,.T.);
#2937 = B_SPLINE_CURVE_WITH_KNOTS('',1,(#2938,#2939),.UNSPECIFIED.,.F.,
  .F.,(2,2),(0.,2.2),.PIECEWISE_BEZIER_KNOTS.);
#2938 = CARTESIAN_POINT('',(-4.6,-0.9,4.302525627));
#2939 = CARTESIAN_POINT('',(-2.4,-0.9,4.302525627));
#2940 = FACE_BOUND('',#2941,.T.);
#2941 = EDGE_LOOP('',(#2942,#2943));
#2942 = ORIENTED_EDGE('',*,*,#959,.F.);
#2943 = ORIENTED_EDGE('',*,*,#2944,.F.);
#2944 = EDGE_CURVE('',#953,#934,#2945,.T.);
#2945 = ( BOUNDED_CURVE() B_SPLINE_CURVE(2,(#2946,#2947,#2948,#2949,
#2950),.UNSPECIFIED.,.F.,.F.) B_SPLINE_CURVE_WITH_KNOTS((3,2,3),(0.,
1.570796326795,3.14159265359),.PIECEWISE_BEZIER_KNOTS.) CURVE() 
GEOMETRIC_REPRESENTATION_ITEM() RATIONAL_B_SPLINE_CURVE((1.,
0.707106781187,1.,0.707106781187,1.)) REPRESENTATION_ITEM('') );
#2946 = CARTESIAN_POINT('',(-3.5,-0.9,4.552525627));
#2947 = CARTESIAN_POINT('',(-2.6,-0.9,4.552525627));
#2948 = CARTESIAN_POINT('',(-2.6,-0.9,5.452525627));
#2949 = CARTESIAN_POINT('',(-2.6,-0.9,6.352525627));
#2950 = CARTESIAN_POINT('',(-3.5,-0.9,6.352525627));
#2951 = B_SPLINE_SURFACE_WITH_KNOTS('',1,1,(
    (#2952,#2953)
    ,(#2954,#2955
    )),.UNSPECIFIED.,.F.,.F.,.F.,(2,2),(2,2),(0.8,4.3),(-4.6,-2.4),
  .PIECEWISE_BEZIER_KNOTS.);
#2952 = CARTESIAN_POINT('',(-4.6,-0.9,4.302525627));
#2953 = CARTESIAN_POINT('',(-2.4,-0.9,4.302525627));
#2954 = CARTESIAN_POINT('',(-4.6,-0.9,7.802525627));
#2955 = CARTESIAN_POINT('',(-2.4,-0.9,7.802525627));
#2956 = ADVANCED_FACE('',(#2957,#2979),#2990,.T.);
#2957 = FACE_BOUND('',#2958,.T.);
#2958 = EDGE_LOOP('',(#2959,#2966,#2973,#2978));
#2959 = ORIENTED_EDGE('',*,*,#2960,.F.);
#2960 = EDGE_CURVE('',#2961,#2469,#2963,.T.);
#2961 = VERTEX_POINT('',#2962);
#2962 = CARTESIAN_POINT('',(-2.4,0.6,4.302525627));
#2963 = B_SPLINE_CURVE_WITH_KNOTS('',1,(#2964,#2965),.UNSPECIFIED.,.F.,
  .F.,(2,2),(0.,3.5),.PIECEWISE_BEZIER_KNOTS.);
#2964 = CARTESIAN_POINT('',(-2.4,0.6,4.302525627));
#2965 = CARTESIAN_POINT('',(-2.4,0.6,7.802525627));
#2966 = ORIENTED_EDGE('',*,*,#2967,.F.);
#2967 = EDGE_CURVE('',#2968,#2961,#2970,.T.);
#2968 = VERTEX_POINT('',#2969);
#2969 = CARTESIAN_POINT('',(-4.6,0.6,4.302525627));
#2970 = B_SPLINE_CURVE_WITH_KNOTS('',1,(#2971,#2972),.UNSPECIFIED.,.F.,
  .F.,(2,2),(0.,2.2),.PIECEWISE_BEZIER_KNOTS.);
#2971 = CARTESIAN_POINT('',(-4.6,0.6,4.302525627));
#2972 = CARTESIAN_POINT('',(-2.4,0.6,4.302525627));
#2973 = ORIENTED_EDGE('',*,*,#2974,.F.);
#2974 = EDGE_CURVE('',#2476,#2968,#2975,.T.);
#2975 = B_SPLINE_CURVE_WITH_KNOTS('',1,(#2976,#2977),.UNSPECIFIED.,.F.,
  .F.,(2,2),(-3.5,-0.),.PIECEWISE_BEZIER_KNOTS.);
#2976 = CARTESIAN_POINT('',(-4.6,0.6,7.802525627));
#2977 = CARTESIAN_POINT('',(-4.6,0.6,4.302525627));
#2978 = ORIENTED_EDGE('',*,*,#2475,.F.);
#2979 = FACE_BOUND('',#2980,.T.);
#2980 = EDGE_LOOP('',(#2981,#2982));
#2981 = ORIENTED_EDGE('',*,*,#942,.T.);
#2982 = ORIENTED_EDGE('',*,*,#2983,.T.);
#2983 = EDGE_CURVE('',#943,#936,#2984,.T.);
#2984 = ( BOUNDED_CURVE() B_SPLINE_CURVE(2,(#2985,#2986,#2987,#2988,
#2989),.UNSPECIFIED.,.F.,.F.) B_SPLINE_CURVE_WITH_KNOTS((3,2,3),(0.,
1.570796326795,3.14159265359),.PIECEWISE_BEZIER_KNOTS.) CURVE() 
GEOMETRIC_REPRESENTATION_ITEM() RATIONAL_B_SPLINE_CURVE((1.,
0.707106781187,1.,0.707106781187,1.)) REPRESENTATION_ITEM('') );
#2985 = CARTESIAN_POINT('',(-3.5,0.6,4.552525627));
#2986 = CARTESIAN_POINT('',(-2.6,0.6,4.552525627));
#2987 = CARTESIAN_POINT('',(-2.6,0.6,5.452525627));
#2988 = CARTESIAN_POINT('',(-2.6,0.6,6.352525627));
#2989 = CARTESIAN_POINT('',(-3.5,0.6,6.352525627));
#2990 = B_SPLINE_SURFACE_WITH_KNOTS('',1,1,(
    (#2991,#2992)
    ,(#2993,#2994
    )),.UNSPECIFIED.,.F.,.F.,.F.,(2,2),(2,2),(0.8,4.3),(-4.6,-2.4),
  .PIECEWISE_BEZIER_KNOTS.);
#2991 = CARTESIAN_POINT('',(-4.6,0.6,4.302525627));
#2992 = CARTESIAN_POINT('',(-2.4,0.6,4.302525627));
#2993 = CARTESIAN_POINT('',(-4.6,0.6,7.802525627));
#2994 = CARTESIAN_POINT('',(-2.4,0.6,7.802525627));
#2995 = ADVANCED_FACE('',(#2996),#3006,.F.);
#2996 = FACE_BOUND('',#2997,.T.);
#2997 = EDGE_LOOP('',(#2998,#2999,#3000,#3001));
#2998 = ORIENTED_EDGE('',*,*,#2960,.T.);
#2999 = ORIENTED_EDGE('',*,*,#2466,.F.);
#3000 = ORIENTED_EDGE('',*,*,#2921,.F.);
#3001 = ORIENTED_EDGE('',*,*,#3002,.T.);
#3002 = EDGE_CURVE('',#2922,#2961,#3003,.T.);
#3003 = B_SPLINE_CURVE_WITH_KNOTS('',1,(#3004,#3005),.UNSPECIFIED.,.F.,
  .F.,(2,2),(0.,1.5),.PIECEWISE_BEZIER_KNOTS.);
#3004 = CARTESIAN_POINT('',(-2.4,-0.9,4.302525627));
#3005 = CARTESIAN_POINT('',(-2.4,0.6,4.302525627));
#3006 = B_SPLINE_SURFACE_WITH_KNOTS('',1,1,(
    (#3007,#3008)
    ,(#3009,#3010
    )),.UNSPECIFIED.,.F.,.F.,.F.,(2,2),(2,2),(0.,3.5),(0.,1.5),
  .PIECEWISE_BEZIER_KNOTS.);
#3007 = CARTESIAN_POINT('',(-2.4,-0.9,4.302525627));
#3008 = CARTESIAN_POINT('',(-2.4,0.6,4.302525627));
#3009 = CARTESIAN_POINT('',(-2.4,-0.9,7.802525627));
#3010 = CARTESIAN_POINT('',(-2.4,0.6,7.802525627));
#3011 = ADVANCED_FACE('',(#3012),#3022,.F.);
#3012 = FACE_BOUND('',#3013,.T.);
#3013 = EDGE_LOOP('',(#3014,#3015,#3020,#3021));
#3014 = ORIENTED_EDGE('',*,*,#2974,.T.);
#3015 = ORIENTED_EDGE('',*,*,#3016,.F.);
#3016 = EDGE_CURVE('',#2930,#2968,#3017,.T.);
#3017 = B_SPLINE_CURVE_WITH_KNOTS('',1,(#3018,#3019),.UNSPECIFIED.,.F.,
  .F.,(2,2),(0.,1.5),.PIECEWISE_BEZIER_KNOTS.);
#3018 = CARTESIAN_POINT('',(-4.6,-0.9,4.302525627));
#3019 = CARTESIAN_POINT('',(-4.6,0.6,4.302525627));
#3020 = ORIENTED_EDGE('',*,*,#2929,.F.);
#3021 = ORIENTED_EDGE('',*,*,#2482,.T.);
#3022 = B_SPLINE_SURFACE_WITH_KNOTS('',1,1,(
    (#3023,#3024)
    ,(#3025,#3026
    )),.UNSPECIFIED.,.F.,.F.,.F.,(2,2),(2,2),(-3.5,0.),(0.,1.5),
  .PIECEWISE_BEZIER_KNOTS.);
#3023 = CARTESIAN_POINT('',(-4.6,-0.9,7.802525627));
#3024 = CARTESIAN_POINT('',(-4.6,0.6,7.802525627));
#3025 = CARTESIAN_POINT('',(-4.6,-0.9,4.302525627));
#3026 = CARTESIAN_POINT('',(-4.6,0.6,4.302525627));
#3027 = ADVANCED_FACE('',(#3028,#3039),#3045,.F.);
#3028 = FACE_BOUND('',#3029,.T.);
#3029 = EDGE_LOOP('',(#3030,#3038));
#3030 = ORIENTED_EDGE('',*,*,#3031,.F.);
#3031 = EDGE_CURVE('',#905,#898,#3032,.T.);
#3032 = ( BOUNDED_CURVE() B_SPLINE_CURVE(2,(#3033,#3034,#3035,#3036,
#3037),.UNSPECIFIED.,.F.,.F.) B_SPLINE_CURVE_WITH_KNOTS((3,2,3),(0.,
1.570796326795,3.14159265359),.PIECEWISE_BEZIER_KNOTS.) CURVE() 
GEOMETRIC_REPRESENTATION_ITEM() RATIONAL_B_SPLINE_CURVE((1.,
0.707106781187,1.,0.707106781187,1.)) REPRESENTATION_ITEM('') );
#3033 = CARTESIAN_POINT('',(-3.1,-0.15,4.302525627));
#3034 = CARTESIAN_POINT('',(-3.1,-0.55,4.302525627));
#3035 = CARTESIAN_POINT('',(-3.5,-0.55,4.302525627));
#3036 = CARTESIAN_POINT('',(-3.9,-0.55,4.302525627));
#3037 = CARTESIAN_POINT('',(-3.9,-0.15,4.302525627));
#3038 = ORIENTED_EDGE('',*,*,#904,.F.);
#3039 = FACE_BOUND('',#3040,.T.);
#3040 = EDGE_LOOP('',(#3041,#3042,#3043,#3044));
#3041 = ORIENTED_EDGE('',*,*,#2967,.T.);
#3042 = ORIENTED_EDGE('',*,*,#3002,.F.);
#3043 = ORIENTED_EDGE('',*,*,#2936,.F.);
#3044 = ORIENTED_EDGE('',*,*,#3016,.T.);
#3045 = B_SPLINE_SURFACE_WITH_KNOTS('',1,1,(
    (#3046,#3047)
    ,(#3048,#3049
    )),.UNSPECIFIED.,.F.,.F.,.F.,(2,2),(2,2),(0.,2.2),(0.,1.5),
  .PIECEWISE_BEZIER_KNOTS.);
#3046 = CARTESIAN_POINT('',(-4.6,-0.9,4.302525627));
#3047 = CARTESIAN_POINT('',(-4.6,0.6,4.302525627));
#3048 = CARTESIAN_POINT('',(-2.4,-0.9,4.302525627));
#3049 = CARTESIAN_POINT('',(-2.4,0.6,4.302525627));
#3050 = ADVANCED_FACE('',(#3051),#3057,.F.);
#3051 = FACE_BOUND('',#3052,.F.);
#3052 = EDGE_LOOP('',(#3053,#3054,#3055,#3056));
#3053 = ORIENTED_EDGE('',*,*,#2983,.T.);
#3054 = ORIENTED_EDGE('',*,*,#933,.F.);
#3055 = ORIENTED_EDGE('',*,*,#2944,.F.);
#3056 = ORIENTED_EDGE('',*,*,#952,.T.);
#3057 = ( BOUNDED_SURFACE() B_SPLINE_SURFACE(2,1,(
    (#3058,#3059)
    ,(#3060,#3061)
    ,(#3062,#3063)
    ,(#3064,#3065)
    ,(#3066,#3067
)),.UNSPECIFIED.,.F.,.F.,.F.) B_SPLINE_SURFACE_WITH_KNOTS((3,2,3),(2,2),
  (0.,1.570796326795,3.14159265359),(0.,1.5),.PIECEWISE_BEZIER_KNOTS.) 
GEOMETRIC_REPRESENTATION_ITEM() RATIONAL_B_SPLINE_SURFACE((
    (1.,1.)
    ,(0.707106781187,0.707106781187)
    ,(1.,1.)
    ,(0.707106781187,0.707106781187)
,(1.,1.))) REPRESENTATION_ITEM('') SURFACE() );
#3058 = CARTESIAN_POINT('',(-3.5,-0.9,6.352525627));
#3059 = CARTESIAN_POINT('',(-3.5,0.6,6.352525627));
#3060 = CARTESIAN_POINT('',(-2.6,-0.9,6.352525627));
#3061 = CARTESIAN_POINT('',(-2.6,0.6,6.352525627));
#3062 = CARTESIAN_POINT('',(-2.6,-0.9,5.452525627));
#3063 = CARTESIAN_POINT('',(-2.6,0.6,5.452525627));
#3064 = CARTESIAN_POINT('',(-2.6,-0.9,4.552525627));
#3065 = CARTESIAN_POINT('',(-2.6,0.6,4.552525627));
#3066 = CARTESIAN_POINT('',(-3.5,-0.9,4.552525627));
#3067 = CARTESIAN_POINT('',(-3.5,0.6,4.552525627));
#3068 = ADVANCED_FACE('',(#3069),#3082,.T.);
#3069 = FACE_BOUND('',#3070,.T.);
#3070 = EDGE_LOOP('',(#3071,#3072,#3080,#3081));
#3071 = ORIENTED_EDGE('',*,*,#897,.F.);
#3072 = ORIENTED_EDGE('',*,*,#3073,.T.);
#3073 = EDGE_CURVE('',#844,#842,#3074,.T.);
#3074 = ( BOUNDED_CURVE() B_SPLINE_CURVE(2,(#3075,#3076,#3077,#3078,
#3079),.UNSPECIFIED.,.F.,.F.) B_SPLINE_CURVE_WITH_KNOTS((3,2,3),(0.,
1.570796326795,3.14159265359),.PIECEWISE_BEZIER_KNOTS.) CURVE() 
GEOMETRIC_REPRESENTATION_ITEM() RATIONAL_B_SPLINE_CURVE((1.,
0.707106781187,1.,0.707106781187,1.)) REPRESENTATION_ITEM('') );
#3075 = CARTESIAN_POINT('',(-3.9,-0.15,0.102525627));
#3076 = CARTESIAN_POINT('',(-3.9,-0.55,0.102525627));
#3077 = CARTESIAN_POINT('',(-3.5,-0.55,0.102525627));
#3078 = CARTESIAN_POINT('',(-3.1,-0.55,0.102525627));
#3079 = CARTESIAN_POINT('',(-3.1,-0.15,0.102525627));
#3080 = ORIENTED_EDGE('',*,*,#914,.T.);
#3081 = ORIENTED_EDGE('',*,*,#3031,.T.);
#3082 = ( BOUNDED_SURFACE() B_SPLINE_SURFACE(2,1,(
    (#3083,#3084)
    ,(#3085,#3086)
    ,(#3087,#3088)
    ,(#3089,#3090)
    ,(#3091,#3092
)),.UNSPECIFIED.,.F.,.F.,.F.) B_SPLINE_SURFACE_WITH_KNOTS((3,2,3),(2,2),
  (3.14159265359,4.712388980385,6.28318530718),(4.731370849898,
    8.931370849898),.PIECEWISE_BEZIER_KNOTS.) 
GEOMETRIC_REPRESENTATION_ITEM() RATIONAL_B_SPLINE_SURFACE((
    (1.,1.)
    ,(0.707106781187,0.707106781187)
    ,(1.,1.)
    ,(0.707106781187,0.707106781187)
,(1.,1.))) REPRESENTATION_ITEM('') SURFACE() );
#3083 = CARTESIAN_POINT('',(-3.9,-0.15,0.102525627));
#3084 = CARTESIAN_POINT('',(-3.9,-0.15,4.302525627));
#3085 = CARTESIAN_POINT('',(-3.9,-0.55,0.102525627));
#3086 = CARTESIAN_POINT('',(-3.9,-0.55,4.302525627));
#3087 = CARTESIAN_POINT('',(-3.5,-0.55,0.102525627));
#3088 = CARTESIAN_POINT('',(-3.5,-0.55,4.302525627));
#3089 = CARTESIAN_POINT('',(-3.1,-0.55,0.102525627));
#3090 = CARTESIAN_POINT('',(-3.1,-0.55,4.302525627));
#3091 = CARTESIAN_POINT('',(-3.1,-0.15,0.102525627));
#3092 = CARTESIAN_POINT('',(-3.1,-0.15,4.302525627));
#3093 = ADVANCED_FACE('',(#3094),#3105,.T.);
#3094 = FACE_BOUND('',#3095,.T.);
#3095 = EDGE_LOOP('',(#3096,#3097));
#3096 = ORIENTED_EDGE('',*,*,#861,.T.);
#3097 = ORIENTED_EDGE('',*,*,#3098,.T.);
#3098 = EDGE_CURVE('',#854,#862,#3099,.T.);
#3099 = ( BOUNDED_CURVE() B_SPLINE_CURVE(2,(#3100,#3101,#3102,#3103,
#3104),.UNSPECIFIED.,.F.,.F.) B_SPLINE_CURVE_WITH_KNOTS((3,2,3),(
    3.14159265359,4.712388980385,6.28318530718),
.PIECEWISE_BEZIER_KNOTS.) CURVE() GEOMETRIC_REPRESENTATION_ITEM() 
RATIONAL_B_SPLINE_CURVE((1.,0.707106781187,1.,0.707106781187,1.)) 
REPRESENTATION_ITEM('') );
#3100 = CARTESIAN_POINT('',(-3.2,-0.15,2.525626999679E-03));
#3101 = CARTESIAN_POINT('',(-3.2,-0.45,2.525626999679E-03));
#3102 = CARTESIAN_POINT('',(-3.5,-0.45,2.525626999679E-03));
#3103 = CARTESIAN_POINT('',(-3.8,-0.45,2.525626999679E-03));
#3104 = CARTESIAN_POINT('',(-3.8,-0.15,2.525626999679E-03));
#3105 = B_SPLINE_SURFACE_WITH_KNOTS('',1,1,(
    (#3106,#3107)
    ,(#3108,#3109
    )),.UNSPECIFIED.,.F.,.F.,.F.,(2,2),(2,2),(3.2,3.8),(-0.45,0.15),
  .PIECEWISE_BEZIER_KNOTS.);
#3106 = CARTESIAN_POINT('',(-3.2,-0.45,2.525626999679E-03));
#3107 = CARTESIAN_POINT('',(-3.2,0.15,2.525626999679E-03));
#3108 = CARTESIAN_POINT('',(-3.8,-0.45,2.525626999679E-03));
#3109 = CARTESIAN_POINT('',(-3.8,0.15,2.525626999679E-03));
#3110 = ADVANCED_FACE('',(#3111),#3117,.T.);
#3111 = FACE_BOUND('',#3112,.T.);
#3112 = EDGE_LOOP('',(#3113,#3114,#3115,#3116));
#3113 = ORIENTED_EDGE('',*,*,#853,.F.);
#3114 = ORIENTED_EDGE('',*,*,#3073,.F.);
#3115 = ORIENTED_EDGE('',*,*,#871,.T.);
#3116 = ORIENTED_EDGE('',*,*,#3098,.F.);
#3117 = ( BOUNDED_SURFACE() B_SPLINE_SURFACE(2,2,(
    (#3118,#3119,#3120)
    ,(#3121,#3122,#3123)
    ,(#3124,#3125,#3126)
    ,(#3127,#3128,#3129)
    ,(#3130,#3131,#3132
)),.UNSPECIFIED.,.F.,.F.,.F.) B_SPLINE_SURFACE_WITH_KNOTS((3,2,3),(3,3),
  (3.14159265359,4.712388980385,6.28318530718),(0.,1.570796326795),
.PIECEWISE_BEZIER_KNOTS.) GEOMETRIC_REPRESENTATION_ITEM() 
RATIONAL_B_SPLINE_SURFACE((
    (1.,0.707106781187,1.)
    ,(0.707106781187,0.5,0.707106781187)
    ,(1.,0.707106781187,1.)
    ,(0.707106781187,0.5,0.707106781187)
,(1.,0.707106781187,1.))) REPRESENTATION_ITEM('') SURFACE() );
#3118 = CARTESIAN_POINT('',(-3.1,-0.15,0.102525627));
#3119 = CARTESIAN_POINT('',(-3.1,-0.15,2.525626999678E-03));
#3120 = CARTESIAN_POINT('',(-3.2,-0.15,2.525626999678E-03));
#3121 = CARTESIAN_POINT('',(-3.1,-0.55,0.102525627));
#3122 = CARTESIAN_POINT('',(-3.1,-0.55,2.525626999678E-03));
#3123 = CARTESIAN_POINT('',(-3.2,-0.45,2.525626999678E-03));
#3124 = CARTESIAN_POINT('',(-3.5,-0.55,0.102525627));
#3125 = CARTESIAN_POINT('',(-3.5,-0.55,2.525626999678E-03));
#3126 = CARTESIAN_POINT('',(-3.5,-0.45,2.525626999678E-03));
#3127 = CARTESIAN_POINT('',(-3.9,-0.55,0.102525627));
#3128 = CARTESIAN_POINT('',(-3.9,-0.55,2.525626999678E-03));
#3129 = CARTESIAN_POINT('',(-3.8,-0.45,2.525626999678E-03));
#3130 = CARTESIAN_POINT('',(-3.9,-0.15,0.102525627));
#3131 = CARTESIAN_POINT('',(-3.9,-0.15,2.525626999678E-03));
#3132 = CARTESIAN_POINT('',(-3.8,-0.15,2.525626999678E-03));
#3133 = ADVANCED_FACE('',(#3134),#3150,.T.);
#3134 = FACE_BOUND('',#3135,.T.);
#3135 = EDGE_LOOP('',(#3136,#3137,#3144,#3149));
#3136 = ORIENTED_EDGE('',*,*,#2396,.T.);
#3137 = ORIENTED_EDGE('',*,*,#3138,.F.);
#3138 = EDGE_CURVE('',#3139,#2390,#3141,.T.);
#3139 = VERTEX_POINT('',#3140);
#3140 = CARTESIAN_POINT('',(-5.75,-1.,7.702525627));
#3141 = B_SPLINE_CURVE_WITH_KNOTS('',1,(#3142,#3143),.UNSPECIFIED.,.F.,
  .F.,(2,2),(-0.1041889066,0.403524399343),.PIECEWISE_BEZIER_KNOTS.);
#3142 = CARTESIAN_POINT('',(-5.75,-1.,7.702525627));
#3143 = CARTESIAN_POINT('',(-5.25,-1.088163490354,7.702525627));
#3144 = ORIENTED_EDGE('',*,*,#3145,.F.);
#3145 = EDGE_CURVE('',#2715,#3139,#3146,.T.);
#3146 = B_SPLINE_CURVE_WITH_KNOTS('',1,(#3147,#3148),.UNSPECIFIED.,.F.,
  .F.,(2,2),(-4.2,-0.),.PIECEWISE_BEZIER_KNOTS.);
#3147 = CARTESIAN_POINT('',(-5.75,-1.,11.902525627));
#3148 = CARTESIAN_POINT('',(-5.75,-1.,7.702525627));
#3149 = ORIENTED_EDGE('',*,*,#2714,.T.);
#3150 = B_SPLINE_SURFACE_WITH_KNOTS('',1,1,(
    (#3151,#3152)
    ,(#3153,#3154
    )),.UNSPECIFIED.,.F.,.F.,.F.,(2,2),(2,2),(-0.507713305943,0.),(0.,
    4.2),.PIECEWISE_BEZIER_KNOTS.);
#3151 = CARTESIAN_POINT('',(-5.25,-1.088163490354,7.702525627));
#3152 = CARTESIAN_POINT('',(-5.25,-1.088163490354,11.902525627));
#3153 = CARTESIAN_POINT('',(-5.75,-1.,7.702525627));
#3154 = CARTESIAN_POINT('',(-5.75,-1.,11.902525627));
#3155 = ADVANCED_FACE('',(#3156),#3172,.F.);
#3156 = FACE_BOUND('',#3157,.T.);
#3157 = EDGE_LOOP('',(#3158,#3159,#3166,#3171));
#3158 = ORIENTED_EDGE('',*,*,#2389,.T.);
#3159 = ORIENTED_EDGE('',*,*,#3160,.F.);
#3160 = EDGE_CURVE('',#3161,#2383,#3163,.T.);
#3161 = VERTEX_POINT('',#3162);
#3162 = CARTESIAN_POINT('',(-5.75,-1.6,7.702525627));
#3163 = B_SPLINE_CURVE_WITH_KNOTS('',1,(#3164,#3165),.UNSPECIFIED.,.F.,
  .F.,(2,2),(0.,0.507713305943),.PIECEWISE_BEZIER_KNOTS.);
#3164 = CARTESIAN_POINT('',(-5.75,-1.6,7.702525627));
#3165 = CARTESIAN_POINT('',(-5.25,-1.511836509646,7.702525627));
#3166 = ORIENTED_EDGE('',*,*,#3167,.F.);
#3167 = EDGE_CURVE('',#3139,#3161,#3168,.T.);
#3168 = B_SPLINE_CURVE_WITH_KNOTS('',1,(#3169,#3170),.UNSPECIFIED.,.F.,
  .F.,(2,2),(-0.6,-0.),.PIECEWISE_BEZIER_KNOTS.);
#3169 = CARTESIAN_POINT('',(-5.75,-1.,7.702525627));
#3170 = CARTESIAN_POINT('',(-5.75,-1.6,7.702525627));
#3171 = ORIENTED_EDGE('',*,*,#3138,.T.);
#3172 = B_SPLINE_SURFACE_WITH_KNOTS('',1,1,(
    (#3173,#3174)
    ,(#3175,#3176
    )),.UNSPECIFIED.,.F.,.F.,.F.,(2,2),(2,2),(0.,0.5),(0.,0.6),
  .PIECEWISE_BEZIER_KNOTS.);
#3173 = CARTESIAN_POINT('',(-5.75,-1.6,7.702525627));
#3174 = CARTESIAN_POINT('',(-5.75,-1.,7.702525627));
#3175 = CARTESIAN_POINT('',(-5.25,-1.6,7.702525627));
#3176 = CARTESIAN_POINT('',(-5.25,-1.,7.702525627));
#3177 = ADVANCED_FACE('',(#3178),#3188,.T.);
#3178 = FACE_BOUND('',#3179,.T.);
#3179 = EDGE_LOOP('',(#3180,#3181,#3182,#3187));
#3180 = ORIENTED_EDGE('',*,*,#2382,.T.);
#3181 = ORIENTED_EDGE('',*,*,#2728,.F.);
#3182 = ORIENTED_EDGE('',*,*,#3183,.F.);
#3183 = EDGE_CURVE('',#3161,#2722,#3184,.T.);
#3184 = B_SPLINE_CURVE_WITH_KNOTS('',1,(#3185,#3186),.UNSPECIFIED.,.F.,
  .F.,(2,2),(0.,4.2),.PIECEWISE_BEZIER_KNOTS.);
#3185 = CARTESIAN_POINT('',(-5.75,-1.6,7.702525627));
#3186 = CARTESIAN_POINT('',(-5.75,-1.6,11.902525627));
#3187 = ORIENTED_EDGE('',*,*,#3160,.T.);
#3188 = B_SPLINE_SURFACE_WITH_KNOTS('',1,1,(
    (#3189,#3190)
    ,(#3191,#3192
    )),.UNSPECIFIED.,.F.,.F.,.F.,(2,2),(2,2),(0.,0.507713305943),(0.,4.2
    ),.PIECEWISE_BEZIER_KNOTS.);
#3189 = CARTESIAN_POINT('',(-5.75,-1.6,7.702525627));
#3190 = CARTESIAN_POINT('',(-5.75,-1.6,11.902525627));
#3191 = CARTESIAN_POINT('',(-5.25,-1.511836509646,7.702525627));
#3192 = CARTESIAN_POINT('',(-5.25,-1.511836509646,11.902525627));
#3193 = ADVANCED_FACE('',(#3194),#3200,.F.);
#3194 = FACE_BOUND('',#3195,.T.);
#3195 = EDGE_LOOP('',(#3196,#3197,#3198,#3199));
#3196 = ORIENTED_EDGE('',*,*,#2721,.T.);
#3197 = ORIENTED_EDGE('',*,*,#3145,.T.);
#3198 = ORIENTED_EDGE('',*,*,#3167,.T.);
#3199 = ORIENTED_EDGE('',*,*,#3183,.T.);
#3200 = B_SPLINE_SURFACE_WITH_KNOTS('',1,1,(
    (#3201,#3202)
    ,(#3203,#3204
    )),.UNSPECIFIED.,.F.,.F.,.F.,(2,2),(2,2),(-8.4,-4.2),(-1.6,-1.),
  .PIECEWISE_BEZIER_KNOTS.);
#3201 = CARTESIAN_POINT('',(-5.75,-1.6,11.902525627));
#3202 = CARTESIAN_POINT('',(-5.75,-1.,11.902525627));
#3203 = CARTESIAN_POINT('',(-5.75,-1.6,7.702525627));
#3204 = CARTESIAN_POINT('',(-5.75,-1.,7.702525627));
#3205 = ADVANCED_FACE('',(#3206),#3228,.F.);
#3206 = FACE_BOUND('',#3207,.T.);
#3207 = EDGE_LOOP('',(#3208,#3209,#3216,#3223));
#3208 = ORIENTED_EDGE('',*,*,#2299,.T.);
#3209 = ORIENTED_EDGE('',*,*,#3210,.F.);
#3210 = EDGE_CURVE('',#3211,#2293,#3213,.T.);
#3211 = VERTEX_POINT('',#3212);
#3212 = CARTESIAN_POINT('',(5.75,1.7,7.902525627));
#3213 = B_SPLINE_CURVE_WITH_KNOTS('',1,(#3214,#3215),.UNSPECIFIED.,.F.,
  .F.,(2,2),(0.,0.507713305943),.PIECEWISE_BEZIER_KNOTS.);
#3214 = CARTESIAN_POINT('',(5.75,1.7,7.902525627));
#3215 = CARTESIAN_POINT('',(5.25,1.788163490354,7.902525627));
#3216 = ORIENTED_EDGE('',*,*,#3217,.F.);
#3217 = EDGE_CURVE('',#3218,#3211,#3220,.T.);
#3218 = VERTEX_POINT('',#3219);
#3219 = CARTESIAN_POINT('',(5.75,2.3,7.902525627));
#3220 = B_SPLINE_CURVE_WITH_KNOTS('',1,(#3221,#3222),.UNSPECIFIED.,.F.,
  .F.,(2,2),(-0.6,-0.),.PIECEWISE_BEZIER_KNOTS.);
#3221 = CARTESIAN_POINT('',(5.75,2.3,7.902525627));
#3222 = CARTESIAN_POINT('',(5.75,1.7,7.902525627));
#3223 = ORIENTED_EDGE('',*,*,#3224,.T.);
#3224 = EDGE_CURVE('',#3218,#2300,#3225,.T.);
#3225 = B_SPLINE_CURVE_WITH_KNOTS('',1,(#3226,#3227),.UNSPECIFIED.,.F.,
  .F.,(2,2),(-0.1041889066,0.403524399343),.PIECEWISE_BEZIER_KNOTS.);
#3226 = CARTESIAN_POINT('',(5.75,2.3,7.902525627));
#3227 = CARTESIAN_POINT('',(5.25,2.211836509646,7.902525627));
#3228 = B_SPLINE_SURFACE_WITH_KNOTS('',1,1,(
    (#3229,#3230)
    ,(#3231,#3232
    )),.UNSPECIFIED.,.F.,.F.,.F.,(2,2),(2,2),(0.,0.5),(0.,0.6),
  .PIECEWISE_BEZIER_KNOTS.);
#3229 = CARTESIAN_POINT('',(5.75,1.7,7.902525627));
#3230 = CARTESIAN_POINT('',(5.75,2.3,7.902525627));
#3231 = CARTESIAN_POINT('',(5.25,1.7,7.902525627));
#3232 = CARTESIAN_POINT('',(5.25,2.3,7.902525627));
#3233 = ADVANCED_FACE('',(#3234),#3244,.T.);
#3234 = FACE_BOUND('',#3235,.T.);
#3235 = EDGE_LOOP('',(#3236,#3237,#3238,#3243));
#3236 = ORIENTED_EDGE('',*,*,#2292,.T.);
#3237 = ORIENTED_EDGE('',*,*,#1190,.F.);
#3238 = ORIENTED_EDGE('',*,*,#3239,.F.);
#3239 = EDGE_CURVE('',#3211,#1184,#3240,.T.);
#3240 = B_SPLINE_CURVE_WITH_KNOTS('',1,(#3241,#3242),.UNSPECIFIED.,.F.,
  .F.,(2,2),(-4.4,0.),.PIECEWISE_BEZIER_KNOTS.);
#3241 = CARTESIAN_POINT('',(5.75,1.7,7.902525627));
#3242 = CARTESIAN_POINT('',(5.75,1.7,3.502525627));
#3243 = ORIENTED_EDGE('',*,*,#3210,.T.);
#3244 = B_SPLINE_SURFACE_WITH_KNOTS('',1,1,(
    (#3245,#3246)
    ,(#3247,#3248
    )),.UNSPECIFIED.,.F.,.F.,.F.,(2,2),(2,2),(-0.507713305943,
    7.711528201201E-17),(-3.061616997868E-16,4.4),
  .PIECEWISE_BEZIER_KNOTS.);
#3245 = CARTESIAN_POINT('',(5.25,1.788163490354,3.502525627));
#3246 = CARTESIAN_POINT('',(5.25,1.788163490354,7.902525627));
#3247 = CARTESIAN_POINT('',(5.75,1.7,3.502525627));
#3248 = CARTESIAN_POINT('',(5.75,1.7,7.902525627));
#3249 = ADVANCED_FACE('',(#3250),#3260,.T.);
#3250 = FACE_BOUND('',#3251,.T.);
#3251 = EDGE_LOOP('',(#3252,#3253,#3254,#3259));
#3252 = ORIENTED_EDGE('',*,*,#2306,.T.);
#3253 = ORIENTED_EDGE('',*,*,#3224,.F.);
#3254 = ORIENTED_EDGE('',*,*,#3255,.F.);
#3255 = EDGE_CURVE('',#1177,#3218,#3256,.T.);
#3256 = B_SPLINE_CURVE_WITH_KNOTS('',1,(#3257,#3258),.UNSPECIFIED.,.F.,
  .F.,(2,2),(0.,4.4),.PIECEWISE_BEZIER_KNOTS.);
#3257 = CARTESIAN_POINT('',(5.75,2.3,3.502525627));
#3258 = CARTESIAN_POINT('',(5.75,2.3,7.902525627));
#3259 = ORIENTED_EDGE('',*,*,#1176,.T.);
#3260 = B_SPLINE_SURFACE_WITH_KNOTS('',1,1,(
    (#3261,#3262)
    ,(#3263,#3264
    )),.UNSPECIFIED.,.F.,.F.,.F.,(2,2),(2,2),(0.,0.507713305943),(
    -6.408020801461E-16,4.4),.PIECEWISE_BEZIER_KNOTS.);
#3261 = CARTESIAN_POINT('',(5.75,2.3,3.502525627));
#3262 = CARTESIAN_POINT('',(5.75,2.3,7.902525627));
#3263 = CARTESIAN_POINT('',(5.25,2.211836509646,3.502525627));
#3264 = CARTESIAN_POINT('',(5.25,2.211836509646,7.902525627));
#3265 = ADVANCED_FACE('',(#3266),#3272,.T.);
#3266 = FACE_BOUND('',#3267,.T.);
#3267 = EDGE_LOOP('',(#3268,#3269,#3270,#3271));
#3268 = ORIENTED_EDGE('',*,*,#3217,.T.);
#3269 = ORIENTED_EDGE('',*,*,#3239,.T.);
#3270 = ORIENTED_EDGE('',*,*,#1183,.T.);
#3271 = ORIENTED_EDGE('',*,*,#3255,.T.);
#3272 = B_SPLINE_SURFACE_WITH_KNOTS('',1,1,(
    (#3273,#3274)
    ,(#3275,#3276
    )),.UNSPECIFIED.,.F.,.F.,.F.,(2,2),(2,2),(-4.4,-3.061616997868E-16),
  (1.7,2.3),.PIECEWISE_BEZIER_KNOTS.);
#3273 = CARTESIAN_POINT('',(5.75,1.7,7.902525627));
#3274 = CARTESIAN_POINT('',(5.75,2.3,7.902525627));
#3275 = CARTESIAN_POINT('',(5.75,1.7,3.502525627));
#3276 = CARTESIAN_POINT('',(5.75,2.3,3.502525627));
#3277 = ADVANCED_FACE('',(#3278),#3300,.F.);
#3278 = FACE_BOUND('',#3279,.T.);
#3279 = EDGE_LOOP('',(#3280,#3287,#3294,#3299));
#3280 = ORIENTED_EDGE('',*,*,#3281,.F.);
#3281 = EDGE_CURVE('',#3282,#2259,#3284,.T.);
#3282 = VERTEX_POINT('',#3283);
#3283 = CARTESIAN_POINT('',(5.,-1.044081745177,7.702525627));
#3284 = B_SPLINE_CURVE_WITH_KNOTS('',1,(#3285,#3286),.UNSPECIFIED.,.F.,
  .F.,(2,2),(0.253856652971,0.507713305943),.PIECEWISE_BEZIER_KNOTS.);
#3285 = CARTESIAN_POINT('',(5.,-1.044081745177,7.702525627));
#3286 = CARTESIAN_POINT('',(5.25,-1.088163490354,7.702525627));
#3287 = ORIENTED_EDGE('',*,*,#3288,.T.);
#3288 = EDGE_CURVE('',#3282,#3289,#3291,.T.);
#3289 = VERTEX_POINT('',#3290);
#3290 = CARTESIAN_POINT('',(5.,-1.555918254823,7.702525627));
#3291 = B_SPLINE_CURVE_WITH_KNOTS('',1,(#3292,#3293),.UNSPECIFIED.,.F.,
  .F.,(2,2),(4.408174517712E-02,0.555918254823),
  .PIECEWISE_BEZIER_KNOTS.);
#3292 = CARTESIAN_POINT('',(5.,-1.044081745177,7.702525627));
#3293 = CARTESIAN_POINT('',(5.,-1.555918254823,7.702525627));
#3294 = ORIENTED_EDGE('',*,*,#3295,.T.);
#3295 = EDGE_CURVE('',#3289,#2257,#3296,.T.);
#3296 = B_SPLINE_CURVE_WITH_KNOTS('',1,(#3297,#3298),.UNSPECIFIED.,.F.,
  .F.,(2,2),(0.253856652971,0.507713305943),.PIECEWISE_BEZIER_KNOTS.);
#3297 = CARTESIAN_POINT('',(5.,-1.555918254823,7.702525627));
#3298 = CARTESIAN_POINT('',(5.25,-1.511836509646,7.702525627));
#3299 = ORIENTED_EDGE('',*,*,#2256,.T.);
#3300 = B_SPLINE_SURFACE_WITH_KNOTS('',1,1,(
    (#3301,#3302)
    ,(#3303,#3304
    )),.UNSPECIFIED.,.F.,.F.,.F.,(2,2),(2,2),(-0.5,-0.25),(
    -0.555918254823,-4.408174517712E-02),.PIECEWISE_BEZIER_KNOTS.);
#3301 = CARTESIAN_POINT('',(5.25,-1.555918254823,7.702525627));
#3302 = CARTESIAN_POINT('',(5.25,-1.044081745177,7.702525627));
#3303 = CARTESIAN_POINT('',(5.,-1.555918254823,7.702525627));
#3304 = CARTESIAN_POINT('',(5.,-1.044081745177,7.702525627));
#3305 = ADVANCED_FACE('',(#3306),#3322,.T.);
#3306 = FACE_BOUND('',#3307,.T.);
#3307 = EDGE_LOOP('',(#3308,#3309,#3314,#3315,#3320,#3321));
#3308 = ORIENTED_EDGE('',*,*,#3295,.F.);
#3309 = ORIENTED_EDGE('',*,*,#3310,.T.);
#3310 = EDGE_CURVE('',#3289,#2002,#3311,.T.);
#3311 = B_SPLINE_CURVE_WITH_KNOTS('',1,(#3312,#3313),.UNSPECIFIED.,.F.,
  .F.,(2,2),(0.,1.E-01),.PIECEWISE_BEZIER_KNOTS.);
#3312 = CARTESIAN_POINT('',(5.,-1.555918254823,7.702525627));
#3313 = CARTESIAN_POINT('',(5.,-1.555918254823,7.802525627));
#3314 = ORIENTED_EDGE('',*,*,#2052,.T.);
#3315 = ORIENTED_EDGE('',*,*,#3316,.F.);
#3316 = EDGE_CURVE('',#2689,#2046,#3317,.T.);
#3317 = B_SPLINE_CURVE_WITH_KNOTS('',1,(#3318,#3319),.UNSPECIFIED.,.F.,
  .F.,(2,2),(-4.2,-1.E-01),.PIECEWISE_BEZIER_KNOTS.);
#3318 = CARTESIAN_POINT('',(4.75,-1.6,11.902525627));
#3319 = CARTESIAN_POINT('',(4.75,-1.6,7.802525627));
#3320 = ORIENTED_EDGE('',*,*,#2688,.T.);
#3321 = ORIENTED_EDGE('',*,*,#2265,.T.);
#3322 = B_SPLINE_SURFACE_WITH_KNOTS('',1,1,(
    (#3323,#3324)
    ,(#3325,#3326
    )),.UNSPECIFIED.,.F.,.F.,.F.,(2,2),(2,2),(-0.507713305943,0.),(0.,
    4.2),.PIECEWISE_BEZIER_KNOTS.);
#3323 = CARTESIAN_POINT('',(5.25,-1.511836509646,7.702525627));
#3324 = CARTESIAN_POINT('',(5.25,-1.511836509646,11.902525627));
#3325 = CARTESIAN_POINT('',(4.75,-1.6,7.702525627));
#3326 = CARTESIAN_POINT('',(4.75,-1.6,11.902525627));
#3327 = ADVANCED_FACE('',(#3328),#3344,.T.);
#3328 = FACE_BOUND('',#3329,.T.);
#3329 = EDGE_LOOP('',(#3330,#3331,#3336,#3337,#3338,#3339));
#3330 = ORIENTED_EDGE('',*,*,#2038,.T.);
#3331 = ORIENTED_EDGE('',*,*,#3332,.T.);
#3332 = EDGE_CURVE('',#2032,#3282,#3333,.T.);
#3333 = B_SPLINE_CURVE_WITH_KNOTS('',1,(#3334,#3335),.UNSPECIFIED.,.F.,
  .F.,(2,2),(4.1,4.2),.PIECEWISE_BEZIER_KNOTS.);
#3334 = CARTESIAN_POINT('',(5.,-1.044081745177,7.802525627));
#3335 = CARTESIAN_POINT('',(5.,-1.044081745177,7.702525627));
#3336 = ORIENTED_EDGE('',*,*,#3281,.T.);
#3337 = ORIENTED_EDGE('',*,*,#2333,.T.);
#3338 = ORIENTED_EDGE('',*,*,#2702,.F.);
#3339 = ORIENTED_EDGE('',*,*,#3340,.F.);
#3340 = EDGE_CURVE('',#2039,#2696,#3341,.T.);
#3341 = B_SPLINE_CURVE_WITH_KNOTS('',1,(#3342,#3343),.UNSPECIFIED.,.F.,
  .F.,(2,2),(-4.1,0.),.PIECEWISE_BEZIER_KNOTS.);
#3342 = CARTESIAN_POINT('',(4.75,-1.,7.802525627));
#3343 = CARTESIAN_POINT('',(4.75,-1.,11.902525627));
#3344 = B_SPLINE_SURFACE_WITH_KNOTS('',1,1,(
    (#3345,#3346)
    ,(#3347,#3348
    )),.UNSPECIFIED.,.F.,.F.,.F.,(2,2),(2,2),(0.,0.507713305943),(-4.2,
    0.),.PIECEWISE_BEZIER_KNOTS.);
#3345 = CARTESIAN_POINT('',(4.75,-1.,7.702525627));
#3346 = CARTESIAN_POINT('',(4.75,-1.,11.902525627));
#3347 = CARTESIAN_POINT('',(5.25,-1.088163490354,7.702525627));
#3348 = CARTESIAN_POINT('',(5.25,-1.088163490354,11.902525627));
#3349 = ADVANCED_FACE('',(#3350),#3356,.F.);
#3350 = FACE_BOUND('',#3351,.T.);
#3351 = EDGE_LOOP('',(#3352,#3353,#3354,#3355));
#3352 = ORIENTED_EDGE('',*,*,#3316,.T.);
#3353 = ORIENTED_EDGE('',*,*,#2045,.T.);
#3354 = ORIENTED_EDGE('',*,*,#3340,.T.);
#3355 = ORIENTED_EDGE('',*,*,#2695,.T.);
#3356 = B_SPLINE_SURFACE_WITH_KNOTS('',1,1,(
    (#3357,#3358)
    ,(#3359,#3360
    )),.UNSPECIFIED.,.F.,.F.,.F.,(2,2),(2,2),(4.3,8.4),(-1.6,-1.),
  .PIECEWISE_BEZIER_KNOTS.);
#3357 = CARTESIAN_POINT('',(4.75,-1.6,7.802525627));
#3358 = CARTESIAN_POINT('',(4.75,-1.,7.802525627));
#3359 = CARTESIAN_POINT('',(4.75,-1.6,11.902525627));
#3360 = CARTESIAN_POINT('',(4.75,-1.,11.902525627));
#3361 = ADVANCED_FACE('',(#3362),#3384,.F.);
#3362 = FACE_BOUND('',#3363,.T.);
#3363 = EDGE_LOOP('',(#3364,#3365,#3372,#3379));
#3364 = ORIENTED_EDGE('',*,*,#2346,.T.);
#3365 = ORIENTED_EDGE('',*,*,#3366,.F.);
#3366 = EDGE_CURVE('',#3367,#2349,#3369,.T.);
#3367 = VERTEX_POINT('',#3368);
#3368 = CARTESIAN_POINT('',(-4.75,2.3,7.902525627));
#3369 = B_SPLINE_CURVE_WITH_KNOTS('',1,(#3370,#3371),.UNSPECIFIED.,.F.,
  .F.,(2,2),(-0.,0.507713305943),.PIECEWISE_BEZIER_KNOTS.);
#3370 = CARTESIAN_POINT('',(-4.75,2.3,7.902525627));
#3371 = CARTESIAN_POINT('',(-5.25,2.211836509646,7.902525627));
#3372 = ORIENTED_EDGE('',*,*,#3373,.F.);
#3373 = EDGE_CURVE('',#3374,#3367,#3376,.T.);
#3374 = VERTEX_POINT('',#3375);
#3375 = CARTESIAN_POINT('',(-4.75,1.7,7.902525627));
#3376 = B_SPLINE_CURVE_WITH_KNOTS('',1,(#3377,#3378),.UNSPECIFIED.,.F.,
  .F.,(2,2),(-0.6,0.),.PIECEWISE_BEZIER_KNOTS.);
#3377 = CARTESIAN_POINT('',(-4.75,1.7,7.902525627));
#3378 = CARTESIAN_POINT('',(-4.75,2.3,7.902525627));
#3379 = ORIENTED_EDGE('',*,*,#3380,.T.);
#3380 = EDGE_CURVE('',#3374,#2347,#3381,.T.);
#3381 = B_SPLINE_CURVE_WITH_KNOTS('',1,(#3382,#3383),.UNSPECIFIED.,.F.,
  .F.,(2,2),(0.,0.507713305943),.PIECEWISE_BEZIER_KNOTS.);
#3382 = CARTESIAN_POINT('',(-4.75,1.7,7.902525627));
#3383 = CARTESIAN_POINT('',(-5.25,1.788163490354,7.902525627));
#3384 = B_SPLINE_SURFACE_WITH_KNOTS('',1,1,(
    (#3385,#3386)
    ,(#3387,#3388
    )),.UNSPECIFIED.,.F.,.F.,.F.,(2,2),(2,2),(-0.5,0.),(-0.6,0.),
  .PIECEWISE_BEZIER_KNOTS.);
#3385 = CARTESIAN_POINT('',(-5.25,1.7,7.902525627));
#3386 = CARTESIAN_POINT('',(-5.25,2.3,7.902525627));
#3387 = CARTESIAN_POINT('',(-4.75,1.7,7.902525627));
#3388 = CARTESIAN_POINT('',(-4.75,2.3,7.902525627));
#3389 = ADVANCED_FACE('',(#3390),#3400,.T.);
#3390 = FACE_BOUND('',#3391,.T.);
#3391 = EDGE_LOOP('',(#3392,#3393,#3394,#3399));
#3392 = ORIENTED_EDGE('',*,*,#2355,.T.);
#3393 = ORIENTED_EDGE('',*,*,#3380,.F.);
#3394 = ORIENTED_EDGE('',*,*,#3395,.F.);
#3395 = EDGE_CURVE('',#1135,#3374,#3396,.T.);
#3396 = B_SPLINE_CURVE_WITH_KNOTS('',1,(#3397,#3398),.UNSPECIFIED.,.F.,
  .F.,(2,2),(-4.4,0.),.PIECEWISE_BEZIER_KNOTS.);
#3397 = CARTESIAN_POINT('',(-4.75,1.7,3.502525627));
#3398 = CARTESIAN_POINT('',(-4.75,1.7,7.902525627));
#3399 = ORIENTED_EDGE('',*,*,#1134,.T.);
#3400 = B_SPLINE_SURFACE_WITH_KNOTS('',1,1,(
    (#3401,#3402)
    ,(#3403,#3404
    )),.UNSPECIFIED.,.F.,.F.,.F.,(2,2),(2,2),(0.,0.507713305943),(-4.4,
    4.69353724358E-33),.PIECEWISE_BEZIER_KNOTS.);
#3401 = CARTESIAN_POINT('',(-4.75,1.7,3.502525627));
#3402 = CARTESIAN_POINT('',(-4.75,1.7,7.902525627));
#3403 = CARTESIAN_POINT('',(-5.25,1.788163490354,3.502525627));
#3404 = CARTESIAN_POINT('',(-5.25,1.788163490354,7.902525627));
#3405 = ADVANCED_FACE('',(#3406),#3416,.T.);
#3406 = FACE_BOUND('',#3407,.T.);
#3407 = EDGE_LOOP('',(#3408,#3409,#3410,#3415));
#3408 = ORIENTED_EDGE('',*,*,#2423,.T.);
#3409 = ORIENTED_EDGE('',*,*,#1148,.F.);
#3410 = ORIENTED_EDGE('',*,*,#3411,.F.);
#3411 = EDGE_CURVE('',#3367,#1142,#3412,.T.);
#3412 = B_SPLINE_CURVE_WITH_KNOTS('',1,(#3413,#3414),.UNSPECIFIED.,.F.,
  .F.,(2,2),(-4.4,6.408020801461E-16),.PIECEWISE_BEZIER_KNOTS.);
#3413 = CARTESIAN_POINT('',(-4.75,2.3,7.902525627));
#3414 = CARTESIAN_POINT('',(-4.75,2.3,3.502525627));
#3415 = ORIENTED_EDGE('',*,*,#3366,.T.);
#3416 = B_SPLINE_SURFACE_WITH_KNOTS('',1,1,(
    (#3417,#3418)
    ,(#3419,#3420
    )),.UNSPECIFIED.,.F.,.F.,.F.,(2,2),(2,2),(-0.507713305943,
    1.09676032325E-32),(-6.408020801461E-16,4.4),
  .PIECEWISE_BEZIER_KNOTS.);
#3417 = CARTESIAN_POINT('',(-5.25,2.211836509646,3.502525627));
#3418 = CARTESIAN_POINT('',(-5.25,2.211836509646,7.902525627));
#3419 = CARTESIAN_POINT('',(-4.75,2.3,3.502525627));
#3420 = CARTESIAN_POINT('',(-4.75,2.3,7.902525627));
#3421 = ADVANCED_FACE('',(#3422),#3428,.F.);
#3422 = FACE_BOUND('',#3423,.T.);
#3423 = EDGE_LOOP('',(#3424,#3425,#3426,#3427));
#3424 = ORIENTED_EDGE('',*,*,#3373,.T.);
#3425 = ORIENTED_EDGE('',*,*,#3411,.T.);
#3426 = ORIENTED_EDGE('',*,*,#1141,.T.);
#3427 = ORIENTED_EDGE('',*,*,#3395,.T.);
#3428 = B_SPLINE_SURFACE_WITH_KNOTS('',1,1,(
    (#3429,#3430)
    ,(#3431,#3432
    )),.UNSPECIFIED.,.F.,.F.,.F.,(2,2),(2,2),(-4.4,0.),(1.7,2.3),
  .PIECEWISE_BEZIER_KNOTS.);
#3429 = CARTESIAN_POINT('',(-4.75,1.7,7.902525627));
#3430 = CARTESIAN_POINT('',(-4.75,2.3,7.902525627));
#3431 = CARTESIAN_POINT('',(-4.75,1.7,3.502525627));
#3432 = CARTESIAN_POINT('',(-4.75,2.3,3.502525627));
#3433 = ADVANCED_FACE('',(#3434),#3447,.F.);
#3434 = FACE_BOUND('',#3435,.F.);
#3435 = EDGE_LOOP('',(#3436,#3437,#3438,#3446));
#3436 = ORIENTED_EDGE('',*,*,#2676,.F.);
#3437 = ORIENTED_EDGE('',*,*,#793,.F.);
#3438 = ORIENTED_EDGE('',*,*,#3439,.T.);
#3439 = EDGE_CURVE('',#794,#813,#3440,.T.);
#3440 = ( BOUNDED_CURVE() B_SPLINE_CURVE(2,(#3441,#3442,#3443,#3444,
#3445),.UNSPECIFIED.,.F.,.F.) B_SPLINE_CURVE_WITH_KNOTS((3,2,3),(0.,
1.570796326795,3.14159265359),.PIECEWISE_BEZIER_KNOTS.) CURVE() 
GEOMETRIC_REPRESENTATION_ITEM() RATIONAL_B_SPLINE_CURVE((1.,
0.707106781187,1.,0.707106781187,1.)) REPRESENTATION_ITEM('') );
#3441 = CARTESIAN_POINT('',(-2.25,6.661338147751E-16,9.902525627));
#3442 = CARTESIAN_POINT('',(-2.25,1.25,9.902525627));
#3443 = CARTESIAN_POINT('',(-3.5,1.25,9.902525627));
#3444 = CARTESIAN_POINT('',(-4.75,1.25,9.902525627));
#3445 = CARTESIAN_POINT('',(-4.75,8.192146646685E-16,9.902525627));
#3446 = ORIENTED_EDGE('',*,*,#812,.T.);
#3447 = ( BOUNDED_SURFACE() B_SPLINE_SURFACE(2,1,(
    (#3448,#3449)
    ,(#3450,#3451)
    ,(#3452,#3453)
    ,(#3454,#3455)
    ,(#3456,#3457
)),.UNSPECIFIED.,.F.,.F.,.F.) B_SPLINE_SURFACE_WITH_KNOTS((3,2,3),(2,2),
  (0.,1.570796326795,3.14159265359),(0.,2.),.PIECEWISE_BEZIER_KNOTS.) 
GEOMETRIC_REPRESENTATION_ITEM() RATIONAL_B_SPLINE_SURFACE((
    (1.,1.)
    ,(0.707106781187,0.707106781187)
    ,(1.,1.)
    ,(0.707106781187,0.707106781187)
,(1.,1.))) REPRESENTATION_ITEM('') SURFACE() );
#3448 = CARTESIAN_POINT('',(-2.25,6.661338147751E-16,9.902525627));
#3449 = CARTESIAN_POINT('',(-2.25,6.661338147751E-16,11.902525627));
#3450 = CARTESIAN_POINT('',(-2.25,1.25,9.902525627));
#3451 = CARTESIAN_POINT('',(-2.25,1.25,11.902525627));
#3452 = CARTESIAN_POINT('',(-3.5,1.25,9.902525627));
#3453 = CARTESIAN_POINT('',(-3.5,1.25,11.902525627));
#3454 = CARTESIAN_POINT('',(-4.75,1.25,9.902525627));
#3455 = CARTESIAN_POINT('',(-4.75,1.25,11.902525627));
#3456 = CARTESIAN_POINT('',(-4.75,8.192146646685E-16,9.902525627));
#3457 = CARTESIAN_POINT('',(-4.75,8.192146646685E-16,11.902525627));
#3458 = ADVANCED_FACE('',(#3459,#3470),#3474,.T.);
#3459 = FACE_BOUND('',#3460,.T.);
#3460 = EDGE_LOOP('',(#3461,#3469));
#3461 = ORIENTED_EDGE('',*,*,#3462,.F.);
#3462 = EDGE_CURVE('',#735,#728,#3463,.T.);
#3463 = ( BOUNDED_CURVE() B_SPLINE_CURVE(2,(#3464,#3465,#3466,#3467,
#3468),.UNSPECIFIED.,.F.,.F.) B_SPLINE_CURVE_WITH_KNOTS((3,2,3),(
    3.14159265359,4.712388980385,6.28318530718),
.PIECEWISE_BEZIER_KNOTS.) CURVE() GEOMETRIC_REPRESENTATION_ITEM() 
RATIONAL_B_SPLINE_CURVE((1.,0.707106781187,1.,0.707106781187,1.)) 
REPRESENTATION_ITEM('') );
#3464 = CARTESIAN_POINT('',(-4.7,8.130914306728E-16,9.902525627));
#3465 = CARTESIAN_POINT('',(-4.7,-1.2,9.902525627));
#3466 = CARTESIAN_POINT('',(-3.5,-1.2,9.902525627));
#3467 = CARTESIAN_POINT('',(-2.3,-1.2,9.902525627));
#3468 = CARTESIAN_POINT('',(-2.3,3.722185829797E-16,9.902525627));
#3469 = ORIENTED_EDGE('',*,*,#734,.F.);
#3470 = FACE_BOUND('',#3471,.T.);
#3471 = EDGE_LOOP('',(#3472,#3473));
#3472 = ORIENTED_EDGE('',*,*,#3439,.T.);
#3473 = ORIENTED_EDGE('',*,*,#819,.T.);
#3474 = B_SPLINE_SURFACE_WITH_KNOTS('',1,1,(
    (#3475,#3476)
    ,(#3477,#3478
    )),.UNSPECIFIED.,.F.,.F.,.F.,(2,2),(2,2),(-1.25,1.25),(-1.25,1.25),
  .PIECEWISE_BEZIER_KNOTS.);
#3475 = CARTESIAN_POINT('',(-4.75,-1.25,9.902525627));
#3476 = CARTESIAN_POINT('',(-4.75,1.25,9.902525627));
#3477 = CARTESIAN_POINT('',(-2.25,-1.25,9.902525627));
#3478 = CARTESIAN_POINT('',(-2.25,1.25,9.902525627));
#3479 = ADVANCED_FACE('',(#3480),#3507,.T.);
#3480 = FACE_BOUND('',#3481,.T.);
#3481 = EDGE_LOOP('',(#3482,#3483,#3484,#3491,#3499,#3504,#3505,#3506));
#3482 = ORIENTED_EDGE('',*,*,#727,.F.);
#3483 = ORIENTED_EDGE('',*,*,#661,.T.);
#3484 = ORIENTED_EDGE('',*,*,#3485,.T.);
#3485 = EDGE_CURVE('',#664,#3486,#3488,.T.);
#3486 = VERTEX_POINT('',#3487);
#3487 = CARTESIAN_POINT('',(-4.255523673833,-0.932300369129,10.302525627
    ));
#3488 = B_SPLINE_CURVE_WITH_KNOTS('',1,(#3489,#3490),.UNSPECIFIED.,.F.,
  .F.,(2,2),(1.E-01,0.8),.PIECEWISE_BEZIER_KNOTS.);
#3489 = CARTESIAN_POINT('',(-4.255523673833,-0.932300369129,11.002525627
    ));
#3490 = CARTESIAN_POINT('',(-4.255523673833,-0.932300369129,10.302525627
    ));
#3491 = ORIENTED_EDGE('',*,*,#3492,.F.);
#3492 = EDGE_CURVE('',#3493,#3486,#3495,.T.);
#3493 = VERTEX_POINT('',#3494);
#3494 = CARTESIAN_POINT('',(-4.432300369129,-0.755523673833,10.302525627
    ));
#3495 = ( BOUNDED_CURVE() B_SPLINE_CURVE(2,(#3496,#3497,#3498),
.UNSPECIFIED.,.F.,.F.) B_SPLINE_CURVE_WITH_KNOTS((3,3),(3.822634844399,
4.031346789576),.PIECEWISE_BEZIER_KNOTS.) CURVE() 
GEOMETRIC_REPRESENTATION_ITEM() RATIONAL_B_SPLINE_CURVE((1.,
0.99455985519,1.)) REPRESENTATION_ITEM('') );
#3496 = CARTESIAN_POINT('',(-4.432300369129,-0.755523673833,10.302525627
    ));
#3497 = CARTESIAN_POINT('',(-4.353169503068,-0.853169503068,10.302525627
    ));
#3498 = CARTESIAN_POINT('',(-4.255523673833,-0.932300369129,10.302525627
    ));
#3499 = ORIENTED_EDGE('',*,*,#3500,.T.);
#3500 = EDGE_CURVE('',#3493,#2207,#3501,.T.);
#3501 = B_SPLINE_CURVE_WITH_KNOTS('',1,(#3502,#3503),.UNSPECIFIED.,.F.,
  .F.,(2,2),(-0.8,-1.E-01),.PIECEWISE_BEZIER_KNOTS.);
#3502 = CARTESIAN_POINT('',(-4.432300369129,-0.755523673833,10.302525627
    ));
#3503 = CARTESIAN_POINT('',(-4.432300369129,-0.755523673833,11.002525627
    ));
#3504 = ORIENTED_EDGE('',*,*,#2206,.T.);
#3505 = ORIENTED_EDGE('',*,*,#744,.T.);
#3506 = ORIENTED_EDGE('',*,*,#3462,.T.);
#3507 = ( BOUNDED_SURFACE() B_SPLINE_SURFACE(2,1,(
    (#3508,#3509)
    ,(#3510,#3511)
    ,(#3512,#3513)
    ,(#3514,#3515)
    ,(#3516,#3517
)),.UNSPECIFIED.,.F.,.F.,.F.) B_SPLINE_SURFACE_WITH_KNOTS((3,2,3),(2,2),
  (3.14159265359,4.712388980385,6.28318530718),(1.E-01,1.2),
.PIECEWISE_BEZIER_KNOTS.) GEOMETRIC_REPRESENTATION_ITEM() 
RATIONAL_B_SPLINE_SURFACE((
    (1.,1.)
    ,(0.707106781187,0.707106781187)
    ,(1.,1.)
    ,(0.707106781187,0.707106781187)
,(1.,1.))) REPRESENTATION_ITEM('') SURFACE() );
#3508 = CARTESIAN_POINT('',(-2.3,8.130914306728E-16,11.002525627));
#3509 = CARTESIAN_POINT('',(-2.3,8.130914306728E-16,9.902525627));
#3510 = CARTESIAN_POINT('',(-2.3,-1.2,11.002525627));
#3511 = CARTESIAN_POINT('',(-2.3,-1.2,9.902525627));
#3512 = CARTESIAN_POINT('',(-3.5,-1.2,11.002525627));
#3513 = CARTESIAN_POINT('',(-3.5,-1.2,9.902525627));
#3514 = CARTESIAN_POINT('',(-4.7,-1.2,11.002525627));
#3515 = CARTESIAN_POINT('',(-4.7,-1.2,9.902525627));
#3516 = CARTESIAN_POINT('',(-4.7,3.722185829797E-16,11.002525627));
#3517 = CARTESIAN_POINT('',(-4.7,3.722185829797E-16,9.902525627));
#3518 = ADVANCED_FACE('',(#3519),#3535,.T.);
#3519 = FACE_BOUND('',#3520,.T.);
#3520 = EDGE_LOOP('',(#3521,#3528,#3529));
#3521 = ORIENTED_EDGE('',*,*,#3522,.F.);
#3522 = EDGE_CURVE('',#680,#3523,#3525,.T.);
#3523 = VERTEX_POINT('',#3524);
#3524 = CARTESIAN_POINT('',(-2.638832576548,0.684390728155,11.102525627)
  );
#3525 = B_SPLINE_CURVE_WITH_KNOTS('',1,(#3526,#3527),.UNSPECIFIED.,.F.,
  .F.,(2,2),(0.10712535028,2.29287464972),.PIECEWISE_BEZIER_KNOTS.);
#3526 = CARTESIAN_POINT('',(-4.184390728155,-0.861167423452,11.102525627
    ));
#3527 = CARTESIAN_POINT('',(-2.638832576548,0.684390728155,11.102525627)
  );
#3528 = ORIENTED_EDGE('',*,*,#679,.T.);
#3529 = ORIENTED_EDGE('',*,*,#3530,.T.);
#3530 = EDGE_CURVE('',#672,#3523,#3531,.T.);
#3531 = ( BOUNDED_CURVE() B_SPLINE_CURVE(2,(#3532,#3533,#3534),
.UNSPECIFIED.,.F.,.F.) B_SPLINE_CURVE_WITH_KNOTS((3,3),(0.,
0.671515798944),.PIECEWISE_BEZIER_KNOTS.) CURVE() 
GEOMETRIC_REPRESENTATION_ITEM() RATIONAL_B_SPLINE_CURVE((1.,
0.944160864436,1.)) REPRESENTATION_ITEM('') );
#3532 = CARTESIAN_POINT('',(-2.4,6.661338147751E-16,11.102525627));
#3533 = CARTESIAN_POINT('',(-2.4,0.383868196039,11.102525627));
#3534 = CARTESIAN_POINT('',(-2.638832576548,0.684390728155,11.102525627)
  );
#3535 = B_SPLINE_SURFACE_WITH_KNOTS('',1,1,(
    (#3536,#3537)
    ,(#3538,#3539
    )),.UNSPECIFIED.,.F.,.F.,.F.,(2,2),(2,2),(-0.684390728155,1.1),(-1.1
    ,0.684390728155),.PIECEWISE_BEZIER_KNOTS.);
#3536 = CARTESIAN_POINT('',(-4.184390728155,-1.1,11.102525627));
#3537 = CARTESIAN_POINT('',(-4.184390728155,0.684390728155,11.102525627)
  );
#3538 = CARTESIAN_POINT('',(-2.4,-1.1,11.102525627));
#3539 = CARTESIAN_POINT('',(-2.4,0.684390728155,11.102525627));
#3540 = ADVANCED_FACE('',(#3541),#3568,.T.);
#3541 = FACE_BOUND('',#3542,.T.);
#3542 = EDGE_LOOP('',(#3543,#3544,#3545,#3567));
#3543 = ORIENTED_EDGE('',*,*,#671,.F.);
#3544 = ORIENTED_EDGE('',*,*,#719,.F.);
#3545 = ORIENTED_EDGE('',*,*,#3546,.F.);
#3546 = EDGE_CURVE('',#3523,#720,#3547,.T.);
#3547 = B_SPLINE_CURVE_WITH_KNOTS('',3,(#3548,#3549,#3550,#3551,#3552,
    #3553,#3554,#3555,#3556,#3557,#3558,#3559,#3560,#3561,#3562,#3563,
    #3564,#3565,#3566),.UNSPECIFIED.,.F.,.F.,(4,3,3,3,3,3,4),(
    1.571115741965E-04,1.679645499723E-04,2.019880911971E-04,
    2.359349689456E-04,2.697071017123E-04,3.032854539101E-04,
    3.138247984442E-04),.UNSPECIFIED.);
#3548 = CARTESIAN_POINT('',(-2.638832576548,0.684390728155,11.102525627)
  );
#3549 = CARTESIAN_POINT('',(-2.636257905878,0.686965398825,11.102525627)
  );
#3550 = CARTESIAN_POINT('',(-2.633679497538,0.689543807166,
    11.102328762636));
#3551 = CARTESIAN_POINT('',(-2.631119801247,0.692103503457,
    11.10193663012));
#3552 = CARTESIAN_POINT('',(-2.623148578266,0.700074726437,
    11.100715479103));
#3553 = CARTESIAN_POINT('',(-2.615215596263,0.70800770844,
    11.097529929954));
#3554 = CARTESIAN_POINT('',(-2.60798241173,0.715240892973,
    11.092637682574));
#3555 = CARTESIAN_POINT('',(-2.600765780002,0.722457524702,
    11.087756630874));
#3556 = CARTESIAN_POINT('',(-2.594045540298,0.729177764405,
    11.081040198908));
#3557 = CARTESIAN_POINT('',(-2.58838837865,0.734834926053,
    11.073041620479));
#3558 = CARTESIAN_POINT('',(-2.582760121762,0.740463182942,
    11.065083910068));
#3559 = CARTESIAN_POINT('',(-2.578027991679,0.745195313025,
    11.055635377751));
#3560 = CARTESIAN_POINT('',(-2.574593777856,0.748629526847,
    11.045481951874));
#3561 = CARTESIAN_POINT('',(-2.571178972956,0.752044331747,
    11.035385909451));
#3562 = CARTESIAN_POINT('',(-2.568952909901,0.754270394802,
    11.02431277461));
#3563 = CARTESIAN_POINT('',(-2.5681047473,0.755118557403,11.013185641196
    ));
#3564 = CARTESIAN_POINT('',(-2.567835066587,0.755388238116,
    11.009647671864));
#3565 = CARTESIAN_POINT('',(-2.56769963087,0.755523673834,
    11.006084093294));
#3566 = CARTESIAN_POINT('',(-2.567699630871,0.755523673833,11.002525627)
  );
#3567 = ORIENTED_EDGE('',*,*,#3530,.F.);
#3568 = ( BOUNDED_SURFACE() B_SPLINE_SURFACE(2,2,(
    (#3569,#3570,#3571)
    ,(#3572,#3573,#3574)
    ,(#3575,#3576,#3577
)),.UNSPECIFIED.,.F.,.F.,.F.) B_SPLINE_SURFACE_WITH_KNOTS((3,3),(3,3),(
    0.,0.681042190809),(0.,1.570796326795),.PIECEWISE_BEZIER_KNOTS.) 
GEOMETRIC_REPRESENTATION_ITEM() RATIONAL_B_SPLINE_SURFACE((
    (1.,0.707106781187,1.)
    ,(0.942580758947,0.666505246467,0.942580758947)
,(1.,0.707106781187,1.))) REPRESENTATION_ITEM('') SURFACE() );
#3569 = CARTESIAN_POINT('',(-2.3,6.661338147751E-16,11.002525627));
#3570 = CARTESIAN_POINT('',(-2.3,6.661338147751E-16,11.102525627));
#3571 = CARTESIAN_POINT('',(-2.4,6.661338147751E-16,11.102525627));
#3572 = CARTESIAN_POINT('',(-2.3,0.425187943371,11.002525627));
#3573 = CARTESIAN_POINT('',(-2.3,0.425187943371,11.102525627));
#3574 = CARTESIAN_POINT('',(-2.4,0.389755614757,11.102525627));
#3575 = CARTESIAN_POINT('',(-2.567699630871,0.755523673833,11.002525627)
  );
#3576 = CARTESIAN_POINT('',(-2.567699630871,0.755523673833,11.102525627)
  );
#3577 = CARTESIAN_POINT('',(-2.645391328298,0.69256336768,11.102525627)
  );
#3578 = ADVANCED_FACE('',(#3579),#3593,.T.);
#3579 = FACE_BOUND('',#3580,.T.);
#3580 = EDGE_LOOP('',(#3581,#3586,#3587,#3592));
#3581 = ORIENTED_EDGE('',*,*,#3582,.T.);
#3582 = EDGE_CURVE('',#3486,#767,#3583,.T.);
#3583 = B_SPLINE_CURVE_WITH_KNOTS('',1,(#3584,#3585),.UNSPECIFIED.,.F.,
  .F.,(2,2),(6.528173771999E-03,2.393471826228),
  .PIECEWISE_BEZIER_KNOTS.);
#3584 = CARTESIAN_POINT('',(-4.255523673833,-0.932300369129,10.302525627
    ));
#3585 = CARTESIAN_POINT('',(-2.567699630871,0.755523673833,10.302525627)
  );
#3586 = ORIENTED_EDGE('',*,*,#766,.T.);
#3587 = ORIENTED_EDGE('',*,*,#3588,.T.);
#3588 = EDGE_CURVE('',#760,#3493,#3589,.T.);
#3589 = B_SPLINE_CURVE_WITH_KNOTS('',1,(#3590,#3591),.UNSPECIFIED.,.F.,
  .F.,(2,2),(-2.393471826228,-6.528173771997E-03),
  .PIECEWISE_BEZIER_KNOTS.);
#3590 = CARTESIAN_POINT('',(-2.744476326167,0.932300369129,10.302525627)
  );
#3591 = CARTESIAN_POINT('',(-4.432300369129,-0.755523673833,10.302525627
    ));
#3592 = ORIENTED_EDGE('',*,*,#3492,.T.);
#3593 = B_SPLINE_SURFACE_WITH_KNOTS('',1,1,(
    (#3594,#3595)
    ,(#3596,#3597
    )),.UNSPECIFIED.,.F.,.F.,.F.,(2,2),(2,2),(-4.432300369129,
    -2.567699630871),(-0.932300369129,0.932300369129),
  .PIECEWISE_BEZIER_KNOTS.);
#3594 = CARTESIAN_POINT('',(-4.432300369129,-0.932300369129,10.302525627
    ));
#3595 = CARTESIAN_POINT('',(-4.432300369129,0.932300369129,10.302525627)
  );
#3596 = CARTESIAN_POINT('',(-2.567699630871,-0.932300369129,10.302525627
    ));
#3597 = CARTESIAN_POINT('',(-2.567699630871,0.932300369129,10.302525627)
  );
#3598 = ADVANCED_FACE('',(#3599),#3607,.F.);
#3599 = FACE_BOUND('',#3600,.T.);
#3600 = EDGE_LOOP('',(#3601,#3602,#3603,#3604,#3605,#3606));
#3601 = ORIENTED_EDGE('',*,*,#2186,.T.);
#3602 = ORIENTED_EDGE('',*,*,#2161,.T.);
#3603 = ORIENTED_EDGE('',*,*,#2214,.T.);
#3604 = ORIENTED_EDGE('',*,*,#3500,.F.);
#3605 = ORIENTED_EDGE('',*,*,#3588,.F.);
#3606 = ORIENTED_EDGE('',*,*,#759,.F.);
#3607 = B_SPLINE_SURFACE_WITH_KNOTS('',1,1,(
    (#3608,#3609)
    ,(#3610,#3611
    )),.UNSPECIFIED.,.F.,.F.,.F.,(2,2),(2,2),(-2.393471826228,
    -6.528173770268E-03),(0.,0.8),.PIECEWISE_BEZIER_KNOTS.);
#3608 = CARTESIAN_POINT('',(-2.744476326167,0.932300369129,10.302525627)
  );
#3609 = CARTESIAN_POINT('',(-2.744476326167,0.932300369129,11.102525627)
  );
#3610 = CARTESIAN_POINT('',(-4.43230036913,-0.755523673834,10.302525627)
  );
#3611 = CARTESIAN_POINT('',(-4.43230036913,-0.755523673834,11.102525627)
  );
#3612 = ADVANCED_FACE('',(#3613),#3621,.F.);
#3613 = FACE_BOUND('',#3614,.T.);
#3614 = EDGE_LOOP('',(#3615,#3616,#3617,#3618,#3619,#3620));
#3615 = ORIENTED_EDGE('',*,*,#3582,.F.);
#3616 = ORIENTED_EDGE('',*,*,#3485,.F.);
#3617 = ORIENTED_EDGE('',*,*,#687,.T.);
#3618 = ORIENTED_EDGE('',*,*,#3522,.T.);
#3619 = ORIENTED_EDGE('',*,*,#3546,.T.);
#3620 = ORIENTED_EDGE('',*,*,#774,.F.);
#3621 = B_SPLINE_SURFACE_WITH_KNOTS('',1,1,(
    (#3622,#3623)
    ,(#3624,#3625
    )),.UNSPECIFIED.,.F.,.F.,.F.,(2,2),(2,2),(6.528173771998E-03,
    2.39347182623),(0.,0.8),.PIECEWISE_BEZIER_KNOTS.);
#3622 = CARTESIAN_POINT('',(-4.255523673833,-0.932300369129,10.302525627
    ));
#3623 = CARTESIAN_POINT('',(-4.255523673833,-0.932300369129,11.102525627
    ));
#3624 = CARTESIAN_POINT('',(-2.56769963087,0.755523673834,10.302525627)
  );
#3625 = CARTESIAN_POINT('',(-2.56769963087,0.755523673834,11.102525627)
  );
#3626 = ADVANCED_FACE('',(#3627),#3643,.F.);
#3627 = FACE_BOUND('',#3628,.T.);
#3628 = EDGE_LOOP('',(#3629,#3630,#3631,#3638));
#3629 = ORIENTED_EDGE('',*,*,#2601,.T.);
#3630 = ORIENTED_EDGE('',*,*,#2118,.F.);
#3631 = ORIENTED_EDGE('',*,*,#3632,.F.);
#3632 = EDGE_CURVE('',#3633,#2112,#3635,.T.);
#3633 = VERTEX_POINT('',#3634);
#3634 = CARTESIAN_POINT('',(1.5,0.75,4.002525627));
#3635 = B_SPLINE_CURVE_WITH_KNOTS('',1,(#3636,#3637),.UNSPECIFIED.,.F.,
  .F.,(2,2),(0.,3.8),.PIECEWISE_BEZIER_KNOTS.);
#3636 = CARTESIAN_POINT('',(1.5,0.75,4.002525627));
#3637 = CARTESIAN_POINT('',(1.5,0.75,7.802525627));
#3638 = ORIENTED_EDGE('',*,*,#3639,.T.);
#3639 = EDGE_CURVE('',#3633,#2602,#3640,.T.);
#3640 = B_SPLINE_CURVE_WITH_KNOTS('',1,(#3641,#3642),.UNSPECIFIED.,.F.,
  .F.,(2,2),(-0.,4.),.PIECEWISE_BEZIER_KNOTS.);
#3641 = CARTESIAN_POINT('',(1.5,0.75,4.002525627));
#3642 = CARTESIAN_POINT('',(1.5,-3.25,4.002525627));
#3643 = B_SPLINE_SURFACE_WITH_KNOTS('',1,1,(
    (#3644,#3645)
    ,(#3646,#3647
    )),.UNSPECIFIED.,.F.,.F.,.F.,(2,2),(2,2),(-3.8,0.),(-4.,0.),
  .PIECEWISE_BEZIER_KNOTS.);
#3644 = CARTESIAN_POINT('',(1.5,-3.25,7.802525627));
#3645 = CARTESIAN_POINT('',(1.5,0.75,7.802525627));
#3646 = CARTESIAN_POINT('',(1.5,-3.25,4.002525627));
#3647 = CARTESIAN_POINT('',(1.5,0.75,4.002525627));
#3648 = ADVANCED_FACE('',(#3649),#3665,.F.);
#3649 = FACE_BOUND('',#3650,.T.);
#3650 = EDGE_LOOP('',(#3651,#3652,#3653,#3660));
#3651 = ORIENTED_EDGE('',*,*,#2608,.T.);
#3652 = ORIENTED_EDGE('',*,*,#3639,.F.);
#3653 = ORIENTED_EDGE('',*,*,#3654,.F.);
#3654 = EDGE_CURVE('',#3655,#3633,#3657,.T.);
#3655 = VERTEX_POINT('',#3656);
#3656 = CARTESIAN_POINT('',(0.5,0.75,4.002525627));
#3657 = B_SPLINE_CURVE_WITH_KNOTS('',1,(#3658,#3659),.UNSPECIFIED.,.F.,
  .F.,(2,2),(0.,1.),.PIECEWISE_BEZIER_KNOTS.);
#3658 = CARTESIAN_POINT('',(0.5,0.75,4.002525627));
#3659 = CARTESIAN_POINT('',(1.5,0.75,4.002525627));
#3660 = ORIENTED_EDGE('',*,*,#3661,.T.);
#3661 = EDGE_CURVE('',#3655,#2609,#3662,.T.);
#3662 = B_SPLINE_CURVE_WITH_KNOTS('',1,(#3663,#3664),.UNSPECIFIED.,.F.,
  .F.,(2,2),(-0.,4.),.PIECEWISE_BEZIER_KNOTS.);
#3663 = CARTESIAN_POINT('',(0.5,0.75,4.002525627));
#3664 = CARTESIAN_POINT('',(0.5,-3.25,4.002525627));
#3665 = B_SPLINE_SURFACE_WITH_KNOTS('',1,1,(
    (#3666,#3667)
    ,(#3668,#3669
    )),.UNSPECIFIED.,.F.,.F.,.F.,(2,2),(2,2),(-1.,0.),(-4.,0.),
  .PIECEWISE_BEZIER_KNOTS.);
#3666 = CARTESIAN_POINT('',(1.5,-3.25,4.002525627));
#3667 = CARTESIAN_POINT('',(1.5,0.75,4.002525627));
#3668 = CARTESIAN_POINT('',(0.5,-3.25,4.002525627));
#3669 = CARTESIAN_POINT('',(0.5,0.75,4.002525627));
#3670 = ADVANCED_FACE('',(#3671),#3681,.F.);
#3671 = FACE_BOUND('',#3672,.T.);
#3672 = EDGE_LOOP('',(#3673,#3674,#3675,#3680));
#3673 = ORIENTED_EDGE('',*,*,#2615,.T.);
#3674 = ORIENTED_EDGE('',*,*,#3661,.F.);
#3675 = ORIENTED_EDGE('',*,*,#3676,.F.);
#3676 = EDGE_CURVE('',#1072,#3655,#3677,.T.);
#3677 = B_SPLINE_CURVE_WITH_KNOTS('',1,(#3678,#3679),.UNSPECIFIED.,.F.,
  .F.,(2,2),(-0.5,0.),.PIECEWISE_BEZIER_KNOTS.);
#3678 = CARTESIAN_POINT('',(0.5,0.75,3.502525627));
#3679 = CARTESIAN_POINT('',(0.5,0.75,4.002525627));
#3680 = ORIENTED_EDGE('',*,*,#1071,.T.);
#3681 = B_SPLINE_SURFACE_WITH_KNOTS('',1,1,(
    (#3682,#3683)
    ,(#3684,#3685
    )),.UNSPECIFIED.,.F.,.F.,.F.,(2,2),(2,2),(0.,0.5),(-4.,0.),
  .PIECEWISE_BEZIER_KNOTS.);
#3682 = CARTESIAN_POINT('',(0.5,-3.25,4.002525627));
#3683 = CARTESIAN_POINT('',(0.5,0.75,4.002525627));
#3684 = CARTESIAN_POINT('',(0.5,-3.25,3.502525627));
#3685 = CARTESIAN_POINT('',(0.5,0.75,3.502525627));
#3686 = ADVANCED_FACE('',(#3687),#3703,.F.);
#3687 = FACE_BOUND('',#3688,.T.);
#3688 = EDGE_LOOP('',(#3689,#3690,#3691,#3698));
#3689 = ORIENTED_EDGE('',*,*,#2581,.T.);
#3690 = ORIENTED_EDGE('',*,*,#1085,.F.);
#3691 = ORIENTED_EDGE('',*,*,#3692,.F.);
#3692 = EDGE_CURVE('',#3693,#1079,#3695,.T.);
#3693 = VERTEX_POINT('',#3694);
#3694 = CARTESIAN_POINT('',(-0.5,0.75,4.002525627));
#3695 = B_SPLINE_CURVE_WITH_KNOTS('',1,(#3696,#3697),.UNSPECIFIED.,.F.,
  .F.,(2,2),(0.,0.5),.PIECEWISE_BEZIER_KNOTS.);
#3696 = CARTESIAN_POINT('',(-0.5,0.75,4.002525627));
#3697 = CARTESIAN_POINT('',(-0.5,0.75,3.502525627));
#3698 = ORIENTED_EDGE('',*,*,#3699,.T.);
#3699 = EDGE_CURVE('',#3693,#2582,#3700,.T.);
#3700 = B_SPLINE_CURVE_WITH_KNOTS('',1,(#3701,#3702),.UNSPECIFIED.,.F.,
  .F.,(2,2),(-0.,4.),.PIECEWISE_BEZIER_KNOTS.);
#3701 = CARTESIAN_POINT('',(-0.5,0.75,4.002525627));
#3702 = CARTESIAN_POINT('',(-0.5,-3.25,4.002525627));
#3703 = B_SPLINE_SURFACE_WITH_KNOTS('',1,1,(
    (#3704,#3705)
    ,(#3706,#3707
    )),.UNSPECIFIED.,.F.,.F.,.F.,(2,2),(2,2),(-0.5,0.),(-4.,0.),
  .PIECEWISE_BEZIER_KNOTS.);
#3704 = CARTESIAN_POINT('',(-0.5,-3.25,3.502525627));
#3705 = CARTESIAN_POINT('',(-0.5,0.75,3.502525627));
#3706 = CARTESIAN_POINT('',(-0.5,-3.25,4.002525627));
#3707 = CARTESIAN_POINT('',(-0.5,0.75,4.002525627));
#3708 = ADVANCED_FACE('',(#3709),#3725,.F.);
#3709 = FACE_BOUND('',#3710,.T.);
#3710 = EDGE_LOOP('',(#3711,#3712,#3713,#3720));
#3711 = ORIENTED_EDGE('',*,*,#2588,.T.);
#3712 = ORIENTED_EDGE('',*,*,#3699,.F.);
#3713 = ORIENTED_EDGE('',*,*,#3714,.F.);
#3714 = EDGE_CURVE('',#3715,#3693,#3717,.T.);
#3715 = VERTEX_POINT('',#3716);
#3716 = CARTESIAN_POINT('',(-1.5,0.75,4.002525627));
#3717 = B_SPLINE_CURVE_WITH_KNOTS('',1,(#3718,#3719),.UNSPECIFIED.,.F.,
  .F.,(2,2),(0.,1.),.PIECEWISE_BEZIER_KNOTS.);
#3718 = CARTESIAN_POINT('',(-1.5,0.75,4.002525627));
#3719 = CARTESIAN_POINT('',(-0.5,0.75,4.002525627));
#3720 = ORIENTED_EDGE('',*,*,#3721,.T.);
#3721 = EDGE_CURVE('',#3715,#2589,#3722,.T.);
#3722 = B_SPLINE_CURVE_WITH_KNOTS('',1,(#3723,#3724),.UNSPECIFIED.,.F.,
  .F.,(2,2),(-0.,4.),.PIECEWISE_BEZIER_KNOTS.);
#3723 = CARTESIAN_POINT('',(-1.5,0.75,4.002525627));
#3724 = CARTESIAN_POINT('',(-1.5,-3.25,4.002525627));
#3725 = B_SPLINE_SURFACE_WITH_KNOTS('',1,1,(
    (#3726,#3727)
    ,(#3728,#3729
    )),.UNSPECIFIED.,.F.,.F.,.F.,(2,2),(2,2),(-1.,0.),(-4.,0.),
  .PIECEWISE_BEZIER_KNOTS.);
#3726 = CARTESIAN_POINT('',(-0.5,-3.25,4.002525627));
#3727 = CARTESIAN_POINT('',(-0.5,0.75,4.002525627));
#3728 = CARTESIAN_POINT('',(-1.5,-3.25,4.002525627));
#3729 = CARTESIAN_POINT('',(-1.5,0.75,4.002525627));
#3730 = ADVANCED_FACE('',(#3731),#3741,.F.);
#3731 = FACE_BOUND('',#3732,.T.);
#3732 = EDGE_LOOP('',(#3733,#3734,#3735,#3740));
#3733 = ORIENTED_EDGE('',*,*,#2595,.T.);
#3734 = ORIENTED_EDGE('',*,*,#3721,.F.);
#3735 = ORIENTED_EDGE('',*,*,#3736,.F.);
#3736 = EDGE_CURVE('',#2105,#3715,#3737,.T.);
#3737 = B_SPLINE_CURVE_WITH_KNOTS('',1,(#3738,#3739),.UNSPECIFIED.,.F.,
  .F.,(2,2),(-3.8,-0.),.PIECEWISE_BEZIER_KNOTS.);
#3738 = CARTESIAN_POINT('',(-1.5,0.75,7.802525627));
#3739 = CARTESIAN_POINT('',(-1.5,0.75,4.002525627));
#3740 = ORIENTED_EDGE('',*,*,#2104,.T.);
#3741 = B_SPLINE_SURFACE_WITH_KNOTS('',1,1,(
    (#3742,#3743)
    ,(#3744,#3745
    )),.UNSPECIFIED.,.F.,.F.,.F.,(2,2),(2,2),(0.,3.8),(-4.,0.),
  .PIECEWISE_BEZIER_KNOTS.);
#3742 = CARTESIAN_POINT('',(-1.5,-3.25,4.002525627));
#3743 = CARTESIAN_POINT('',(-1.5,0.75,4.002525627));
#3744 = CARTESIAN_POINT('',(-1.5,-3.25,7.802525627));
#3745 = CARTESIAN_POINT('',(-1.5,0.75,7.802525627));
#3746 = ADVANCED_FACE('',(#3747),#3757,.F.);
#3747 = FACE_BOUND('',#3748,.T.);
#3748 = EDGE_LOOP('',(#3749,#3750,#3751,#3752,#3753,#3754,#3755,#3756));
#3749 = ORIENTED_EDGE('',*,*,#3632,.T.);
#3750 = ORIENTED_EDGE('',*,*,#2111,.T.);
#3751 = ORIENTED_EDGE('',*,*,#3736,.T.);
#3752 = ORIENTED_EDGE('',*,*,#3714,.T.);
#3753 = ORIENTED_EDGE('',*,*,#3692,.T.);
#3754 = ORIENTED_EDGE('',*,*,#1078,.T.);
#3755 = ORIENTED_EDGE('',*,*,#3676,.T.);
#3756 = ORIENTED_EDGE('',*,*,#3654,.T.);
#3757 = B_SPLINE_SURFACE_WITH_KNOTS('',1,1,(
    (#3758,#3759)
    ,(#3760,#3761
    )),.UNSPECIFIED.,.F.,.F.,.F.,(2,2),(2,2),(0.,4.3),(-5.,-2.),
  .PIECEWISE_BEZIER_KNOTS.);
#3758 = CARTESIAN_POINT('',(-1.5,0.75,3.502525627));
#3759 = CARTESIAN_POINT('',(1.5,0.75,3.502525627));
#3760 = CARTESIAN_POINT('',(-1.5,0.75,7.802525627));
#3761 = CARTESIAN_POINT('',(1.5,0.75,7.802525627));
#3762 = ADVANCED_FACE('',(#3763),#3783,.F.);
#3763 = FACE_BOUND('',#3764,.T.);
#3764 = EDGE_LOOP('',(#3765,#3766,#3767,#3768,#3775,#3780,#3781,#3782));
#3765 = ORIENTED_EDGE('',*,*,#3288,.F.);
#3766 = ORIENTED_EDGE('',*,*,#3332,.F.);
#3767 = ORIENTED_EDGE('',*,*,#2031,.F.);
#3768 = ORIENTED_EDGE('',*,*,#3769,.F.);
#3769 = EDGE_CURVE('',#3770,#2025,#3772,.T.);
#3770 = VERTEX_POINT('',#3771);
#3771 = CARTESIAN_POINT('',(5.,0.75,4.002525627));
#3772 = B_SPLINE_CURVE_WITH_KNOTS('',1,(#3773,#3774),.UNSPECIFIED.,.F.,
  .F.,(2,2),(0.,3.8),.PIECEWISE_BEZIER_KNOTS.);
#3773 = CARTESIAN_POINT('',(5.,0.75,4.002525627));
#3774 = CARTESIAN_POINT('',(5.,0.75,7.802525627));
#3775 = ORIENTED_EDGE('',*,*,#3776,.T.);
#3776 = EDGE_CURVE('',#3770,#2521,#3777,.T.);
#3777 = B_SPLINE_CURVE_WITH_KNOTS('',1,(#3778,#3779),.UNSPECIFIED.,.F.,
  .F.,(2,2),(-0.,4.),.PIECEWISE_BEZIER_KNOTS.);
#3778 = CARTESIAN_POINT('',(5.,0.75,4.002525627));
#3779 = CARTESIAN_POINT('',(5.,-3.25,4.002525627));
#3780 = ORIENTED_EDGE('',*,*,#2641,.T.);
#3781 = ORIENTED_EDGE('',*,*,#2001,.F.);
#3782 = ORIENTED_EDGE('',*,*,#3310,.F.);
#3783 = B_SPLINE_SURFACE_WITH_KNOTS('',1,1,(
    (#3784,#3785)
    ,(#3786,#3787
    )),.UNSPECIFIED.,.F.,.F.,.F.,(2,2),(2,2),(-3.8,0.),(-4.,0.),
  .PIECEWISE_BEZIER_KNOTS.);
#3784 = CARTESIAN_POINT('',(5.,-3.25,7.802525627));
#3785 = CARTESIAN_POINT('',(5.,0.75,7.802525627));
#3786 = CARTESIAN_POINT('',(5.,-3.25,4.002525627));
#3787 = CARTESIAN_POINT('',(5.,0.75,4.002525627));
#3788 = ADVANCED_FACE('',(#3789),#3805,.F.);
#3789 = FACE_BOUND('',#3790,.T.);
#3790 = EDGE_LOOP('',(#3791,#3792,#3793,#3800));
#3791 = ORIENTED_EDGE('',*,*,#2518,.T.);
#3792 = ORIENTED_EDGE('',*,*,#3776,.F.);
#3793 = ORIENTED_EDGE('',*,*,#3794,.F.);
#3794 = EDGE_CURVE('',#3795,#3770,#3797,.T.);
#3795 = VERTEX_POINT('',#3796);
#3796 = CARTESIAN_POINT('',(4.,0.75,4.002525627));
#3797 = B_SPLINE_CURVE_WITH_KNOTS('',1,(#3798,#3799),.UNSPECIFIED.,.F.,
  .F.,(2,2),(0.,1.),.PIECEWISE_BEZIER_KNOTS.);
#3798 = CARTESIAN_POINT('',(4.,0.75,4.002525627));
#3799 = CARTESIAN_POINT('',(5.,0.75,4.002525627));
#3800 = ORIENTED_EDGE('',*,*,#3801,.T.);
#3801 = EDGE_CURVE('',#3795,#2519,#3802,.T.);
#3802 = B_SPLINE_CURVE_WITH_KNOTS('',1,(#3803,#3804),.UNSPECIFIED.,.F.,
  .F.,(2,2),(-0.,4.),.PIECEWISE_BEZIER_KNOTS.);
#3803 = CARTESIAN_POINT('',(4.,0.75,4.002525627));
#3804 = CARTESIAN_POINT('',(4.,-3.25,4.002525627));
#3805 = B_SPLINE_SURFACE_WITH_KNOTS('',1,1,(
    (#3806,#3807)
    ,(#3808,#3809
    )),.UNSPECIFIED.,.F.,.F.,.F.,(2,2),(2,2),(-1.,0.),(-4.,0.),
  .PIECEWISE_BEZIER_KNOTS.);
#3806 = CARTESIAN_POINT('',(5.,-3.25,4.002525627));
#3807 = CARTESIAN_POINT('',(5.,0.75,4.002525627));
#3808 = CARTESIAN_POINT('',(4.,-3.25,4.002525627));
#3809 = CARTESIAN_POINT('',(4.,0.75,4.002525627));
#3810 = ADVANCED_FACE('',(#3811),#3821,.F.);
#3811 = FACE_BOUND('',#3812,.T.);
#3812 = EDGE_LOOP('',(#3813,#3814,#3815,#3820));
#3813 = ORIENTED_EDGE('',*,*,#2527,.T.);
#3814 = ORIENTED_EDGE('',*,*,#3801,.F.);
#3815 = ORIENTED_EDGE('',*,*,#3816,.F.);
#3816 = EDGE_CURVE('',#1042,#3795,#3817,.T.);
#3817 = B_SPLINE_CURVE_WITH_KNOTS('',1,(#3818,#3819),.UNSPECIFIED.,.F.,
  .F.,(2,2),(-0.5,0.),.PIECEWISE_BEZIER_KNOTS.);
#3818 = CARTESIAN_POINT('',(4.,0.75,3.502525627));
#3819 = CARTESIAN_POINT('',(4.,0.75,4.002525627));
#3820 = ORIENTED_EDGE('',*,*,#1041,.T.);
#3821 = B_SPLINE_SURFACE_WITH_KNOTS('',1,1,(
    (#3822,#3823)
    ,(#3824,#3825
    )),.UNSPECIFIED.,.F.,.F.,.F.,(2,2),(2,2),(0.,0.5),(-4.,0.),
  .PIECEWISE_BEZIER_KNOTS.);
#3822 = CARTESIAN_POINT('',(4.,-3.25,4.002525627));
#3823 = CARTESIAN_POINT('',(4.,0.75,4.002525627));
#3824 = CARTESIAN_POINT('',(4.,-3.25,3.502525627));
#3825 = CARTESIAN_POINT('',(4.,0.75,3.502525627));
#3826 = ADVANCED_FACE('',(#3827),#3843,.F.);
#3827 = FACE_BOUND('',#3828,.T.);
#3828 = EDGE_LOOP('',(#3829,#3830,#3831,#3838));
#3829 = ORIENTED_EDGE('',*,*,#2621,.T.);
#3830 = ORIENTED_EDGE('',*,*,#1057,.F.);
#3831 = ORIENTED_EDGE('',*,*,#3832,.F.);
#3832 = EDGE_CURVE('',#3833,#1051,#3835,.T.);
#3833 = VERTEX_POINT('',#3834);
#3834 = CARTESIAN_POINT('',(3.,0.75,4.002525627));
#3835 = B_SPLINE_CURVE_WITH_KNOTS('',1,(#3836,#3837),.UNSPECIFIED.,.F.,
  .F.,(2,2),(0.,0.5),.PIECEWISE_BEZIER_KNOTS.);
#3836 = CARTESIAN_POINT('',(3.,0.75,4.002525627));
#3837 = CARTESIAN_POINT('',(3.,0.75,3.502525627));
#3838 = ORIENTED_EDGE('',*,*,#3839,.T.);
#3839 = EDGE_CURVE('',#3833,#2622,#3840,.T.);
#3840 = B_SPLINE_CURVE_WITH_KNOTS('',1,(#3841,#3842),.UNSPECIFIED.,.F.,
  .F.,(2,2),(-0.,4.),.PIECEWISE_BEZIER_KNOTS.);
#3841 = CARTESIAN_POINT('',(3.,0.75,4.002525627));
#3842 = CARTESIAN_POINT('',(3.,-3.25,4.002525627));
#3843 = B_SPLINE_SURFACE_WITH_KNOTS('',1,1,(
    (#3844,#3845)
    ,(#3846,#3847
    )),.UNSPECIFIED.,.F.,.F.,.F.,(2,2),(2,2),(-0.5,0.),(-4.,0.),
  .PIECEWISE_BEZIER_KNOTS.);
#3844 = CARTESIAN_POINT('',(3.,-3.25,3.502525627));
#3845 = CARTESIAN_POINT('',(3.,0.75,3.502525627));
#3846 = CARTESIAN_POINT('',(3.,-3.25,4.002525627));
#3847 = CARTESIAN_POINT('',(3.,0.75,4.002525627));
#3848 = ADVANCED_FACE('',(#3849),#3865,.F.);
#3849 = FACE_BOUND('',#3850,.T.);
#3850 = EDGE_LOOP('',(#3851,#3852,#3853,#3860));
#3851 = ORIENTED_EDGE('',*,*,#2628,.T.);
#3852 = ORIENTED_EDGE('',*,*,#3839,.F.);
#3853 = ORIENTED_EDGE('',*,*,#3854,.F.);
#3854 = EDGE_CURVE('',#3855,#3833,#3857,.T.);
#3855 = VERTEX_POINT('',#3856);
#3856 = CARTESIAN_POINT('',(2.,0.75,4.002525627));
#3857 = B_SPLINE_CURVE_WITH_KNOTS('',1,(#3858,#3859),.UNSPECIFIED.,.F.,
  .F.,(2,2),(0.,1.),.PIECEWISE_BEZIER_KNOTS.);
#3858 = CARTESIAN_POINT('',(2.,0.75,4.002525627));
#3859 = CARTESIAN_POINT('',(3.,0.75,4.002525627));
#3860 = ORIENTED_EDGE('',*,*,#3861,.T.);
#3861 = EDGE_CURVE('',#3855,#2629,#3862,.T.);
#3862 = B_SPLINE_CURVE_WITH_KNOTS('',1,(#3863,#3864),.UNSPECIFIED.,.F.,
  .F.,(2,2),(-0.,4.),.PIECEWISE_BEZIER_KNOTS.);
#3863 = CARTESIAN_POINT('',(2.,0.75,4.002525627));
#3864 = CARTESIAN_POINT('',(2.,-3.25,4.002525627));
#3865 = B_SPLINE_SURFACE_WITH_KNOTS('',1,1,(
    (#3866,#3867)
    ,(#3868,#3869
    )),.UNSPECIFIED.,.F.,.F.,.F.,(2,2),(2,2),(-1.,0.),(-4.,0.),
  .PIECEWISE_BEZIER_KNOTS.);
#3866 = CARTESIAN_POINT('',(3.,-3.25,4.002525627));
#3867 = CARTESIAN_POINT('',(3.,0.75,4.002525627));
#3868 = CARTESIAN_POINT('',(2.,-3.25,4.002525627));
#3869 = CARTESIAN_POINT('',(2.,0.75,4.002525627));
#3870 = ADVANCED_FACE('',(#3871),#3881,.F.);
#3871 = FACE_BOUND('',#3872,.T.);
#3872 = EDGE_LOOP('',(#3873,#3874,#3875,#3880));
#3873 = ORIENTED_EDGE('',*,*,#2635,.T.);
#3874 = ORIENTED_EDGE('',*,*,#3861,.F.);
#3875 = ORIENTED_EDGE('',*,*,#3876,.F.);
#3876 = EDGE_CURVE('',#2018,#3855,#3877,.T.);
#3877 = B_SPLINE_CURVE_WITH_KNOTS('',1,(#3878,#3879),.UNSPECIFIED.,.F.,
  .F.,(2,2),(-3.8,-0.),.PIECEWISE_BEZIER_KNOTS.);
#3878 = CARTESIAN_POINT('',(2.,0.75,7.802525627));
#3879 = CARTESIAN_POINT('',(2.,0.75,4.002525627));
#3880 = ORIENTED_EDGE('',*,*,#2017,.T.);
#3881 = B_SPLINE_SURFACE_WITH_KNOTS('',1,1,(
    (#3882,#3883)
    ,(#3884,#3885
    )),.UNSPECIFIED.,.F.,.F.,.F.,(2,2),(2,2),(0.,3.8),(-4.,0.),
  .PIECEWISE_BEZIER_KNOTS.);
#3882 = CARTESIAN_POINT('',(2.,-3.25,4.002525627));
#3883 = CARTESIAN_POINT('',(2.,0.75,4.002525627));
#3884 = CARTESIAN_POINT('',(2.,-3.25,7.802525627));
#3885 = CARTESIAN_POINT('',(2.,0.75,7.802525627));
#3886 = ADVANCED_FACE('',(#3887),#3897,.F.);
#3887 = FACE_BOUND('',#3888,.T.);
#3888 = EDGE_LOOP('',(#3889,#3890,#3891,#3892,#3893,#3894,#3895,#3896));
#3889 = ORIENTED_EDGE('',*,*,#3769,.T.);
#3890 = ORIENTED_EDGE('',*,*,#2024,.T.);
#3891 = ORIENTED_EDGE('',*,*,#3876,.T.);
#3892 = ORIENTED_EDGE('',*,*,#3854,.T.);
#3893 = ORIENTED_EDGE('',*,*,#3832,.T.);
#3894 = ORIENTED_EDGE('',*,*,#1050,.T.);
#3895 = ORIENTED_EDGE('',*,*,#3816,.T.);
#3896 = ORIENTED_EDGE('',*,*,#3794,.T.);
#3897 = B_SPLINE_SURFACE_WITH_KNOTS('',1,1,(
    (#3898,#3899)
    ,(#3900,#3901
    )),.UNSPECIFIED.,.F.,.F.,.F.,(2,2),(2,2),(0.,4.3),(-5.,-2.),
  .PIECEWISE_BEZIER_KNOTS.);
#3898 = CARTESIAN_POINT('',(2.,0.75,3.502525627));
#3899 = CARTESIAN_POINT('',(5.,0.75,3.502525627));
#3900 = CARTESIAN_POINT('',(2.,0.75,7.802525627));
#3901 = CARTESIAN_POINT('',(5.,0.75,7.802525627));
#3902 = ADVANCED_FACE('',(#3903),#3916,.F.);
#3903 = FACE_BOUND('',#3904,.F.);
#3904 = EDGE_LOOP('',(#3905,#3906,#3907,#3915));
#3905 = ORIENTED_EDGE('',*,*,#2665,.F.);
#3906 = ORIENTED_EDGE('',*,*,#613,.F.);
#3907 = ORIENTED_EDGE('',*,*,#3908,.T.);
#3908 = EDGE_CURVE('',#614,#633,#3909,.T.);
#3909 = ( BOUNDED_CURVE() B_SPLINE_CURVE(2,(#3910,#3911,#3912,#3913,
#3914),.UNSPECIFIED.,.F.,.F.) B_SPLINE_CURVE_WITH_KNOTS((3,2,3),(0.,
1.570796326795,3.14159265359),.PIECEWISE_BEZIER_KNOTS.) CURVE() 
GEOMETRIC_REPRESENTATION_ITEM() RATIONAL_B_SPLINE_CURVE((1.,
0.707106781187,1.,0.707106781187,1.)) REPRESENTATION_ITEM('') );
#3910 = CARTESIAN_POINT('',(1.25,5.215735251104E-16,9.902525627));
#3911 = CARTESIAN_POINT('',(1.25,1.25,9.902525627));
#3912 = CARTESIAN_POINT('',(-3.363237623358E-16,1.25,9.902525627));
#3913 = CARTESIAN_POINT('',(-1.25,1.25,9.902525627));
#3914 = CARTESIAN_POINT('',(-1.25,6.746543750038E-16,9.902525627));
#3915 = ORIENTED_EDGE('',*,*,#632,.T.);
#3916 = ( BOUNDED_SURFACE() B_SPLINE_SURFACE(2,1,(
    (#3917,#3918)
    ,(#3919,#3920)
    ,(#3921,#3922)
    ,(#3923,#3924)
    ,(#3925,#3926
)),.UNSPECIFIED.,.F.,.F.,.F.) B_SPLINE_SURFACE_WITH_KNOTS((3,2,3),(2,2),
  (0.,1.570796326795,3.14159265359),(0.,2.),.PIECEWISE_BEZIER_KNOTS.) 
GEOMETRIC_REPRESENTATION_ITEM() RATIONAL_B_SPLINE_SURFACE((
    (1.,1.)
    ,(0.707106781187,0.707106781187)
    ,(1.,1.)
    ,(0.707106781187,0.707106781187)
,(1.,1.))) REPRESENTATION_ITEM('') SURFACE() );
#3917 = CARTESIAN_POINT('',(1.25,5.215735251104E-16,9.902525627));
#3918 = CARTESIAN_POINT('',(1.25,5.215735251104E-16,11.902525627));
#3919 = CARTESIAN_POINT('',(1.25,1.25,9.902525627));
#3920 = CARTESIAN_POINT('',(1.25,1.25,11.902525627));
#3921 = CARTESIAN_POINT('',(-3.363237623358E-16,1.25,9.902525627));
#3922 = CARTESIAN_POINT('',(-3.363237623358E-16,1.25,11.902525627));
#3923 = CARTESIAN_POINT('',(-1.25,1.25,9.902525627));
#3924 = CARTESIAN_POINT('',(-1.25,1.25,11.902525627));
#3925 = CARTESIAN_POINT('',(-1.25,6.746543750038E-16,9.902525627));
#3926 = CARTESIAN_POINT('',(-1.25,6.746543750038E-16,11.902525627));
#3927 = ADVANCED_FACE('',(#3928,#3939),#3943,.T.);
#3928 = FACE_BOUND('',#3929,.T.);
#3929 = EDGE_LOOP('',(#3930,#3938));
#3930 = ORIENTED_EDGE('',*,*,#3931,.F.);
#3931 = EDGE_CURVE('',#227,#220,#3932,.T.);
#3932 = ( BOUNDED_CURVE() B_SPLINE_CURVE(2,(#3933,#3934,#3935,#3936,
#3937),.UNSPECIFIED.,.F.,.F.) B_SPLINE_CURVE_WITH_KNOTS((3,2,3),(
    3.14159265359,4.712388980385,6.28318530718),
.PIECEWISE_BEZIER_KNOTS.) CURVE() GEOMETRIC_REPRESENTATION_ITEM() 
RATIONAL_B_SPLINE_CURVE((1.,0.707106781187,1.,0.707106781187,1.)) 
REPRESENTATION_ITEM('') );
#3933 = CARTESIAN_POINT('',(-1.2,6.68531141008E-16,9.902525627));
#3934 = CARTESIAN_POINT('',(-1.2,-1.2,9.902525627));
#3935 = CARTESIAN_POINT('',(-6.33300611129E-16,-1.2,9.902525627));
#3936 = CARTESIAN_POINT('',(1.2,-1.2,9.902525627));
#3937 = CARTESIAN_POINT('',(1.2,2.27658293315E-16,9.902525627));
#3938 = ORIENTED_EDGE('',*,*,#226,.F.);
#3939 = FACE_BOUND('',#3940,.T.);
#3940 = EDGE_LOOP('',(#3941,#3942));
#3941 = ORIENTED_EDGE('',*,*,#3908,.T.);
#3942 = ORIENTED_EDGE('',*,*,#639,.T.);
#3943 = B_SPLINE_SURFACE_WITH_KNOTS('',1,1,(
    (#3944,#3945)
    ,(#3946,#3947
    )),.UNSPECIFIED.,.F.,.F.,.F.,(2,2),(2,2),(-1.25,1.25),(-1.25,1.25),
  .PIECEWISE_BEZIER_KNOTS.);
#3944 = CARTESIAN_POINT('',(-1.25,-1.25,9.902525627));
#3945 = CARTESIAN_POINT('',(-1.25,1.25,9.902525627));
#3946 = CARTESIAN_POINT('',(1.25,-1.25,9.902525627));
#3947 = CARTESIAN_POINT('',(1.25,1.25,9.902525627));
#3948 = ADVANCED_FACE('',(#3949),#3962,.F.);
#3949 = FACE_BOUND('',#3950,.F.);
#3950 = EDGE_LOOP('',(#3951,#3952,#3953,#3961));
#3951 = ORIENTED_EDGE('',*,*,#2654,.F.);
#3952 = ORIENTED_EDGE('',*,*,#565,.F.);
#3953 = ORIENTED_EDGE('',*,*,#3954,.T.);
#3954 = EDGE_CURVE('',#566,#585,#3955,.T.);
#3955 = ( BOUNDED_CURVE() B_SPLINE_CURVE(2,(#3956,#3957,#3958,#3959,
#3960),.UNSPECIFIED.,.F.,.F.) B_SPLINE_CURVE_WITH_KNOTS((3,2,3),(0.,
1.570796326795,3.14159265359),.PIECEWISE_BEZIER_KNOTS.) CURVE() 
GEOMETRIC_REPRESENTATION_ITEM() RATIONAL_B_SPLINE_CURVE((1.,
0.707106781187,1.,0.707106781187,1.)) REPRESENTATION_ITEM('') );
#3956 = CARTESIAN_POINT('',(4.75,3.770132354456E-16,9.902525627));
#3957 = CARTESIAN_POINT('',(4.75,1.25,9.902525627));
#3958 = CARTESIAN_POINT('',(3.5,1.25,9.902525627));
#3959 = CARTESIAN_POINT('',(2.25,1.25,9.902525627));
#3960 = CARTESIAN_POINT('',(2.25,5.30094085339E-16,9.902525627));
#3961 = ORIENTED_EDGE('',*,*,#584,.T.);
#3962 = ( BOUNDED_SURFACE() B_SPLINE_SURFACE(2,1,(
    (#3963,#3964)
    ,(#3965,#3966)
    ,(#3967,#3968)
    ,(#3969,#3970)
    ,(#3971,#3972
)),.UNSPECIFIED.,.F.,.F.,.F.) B_SPLINE_SURFACE_WITH_KNOTS((3,2,3),(2,2),
  (0.,1.570796326795,3.14159265359),(0.,2.),.PIECEWISE_BEZIER_KNOTS.) 
GEOMETRIC_REPRESENTATION_ITEM() RATIONAL_B_SPLINE_SURFACE((
    (1.,1.)
    ,(0.707106781187,0.707106781187)
    ,(1.,1.)
    ,(0.707106781187,0.707106781187)
,(1.,1.))) REPRESENTATION_ITEM('') SURFACE() );
#3963 = CARTESIAN_POINT('',(4.75,3.770132354456E-16,9.902525627));
#3964 = CARTESIAN_POINT('',(4.75,3.770132354456E-16,11.902525627));
#3965 = CARTESIAN_POINT('',(4.75,1.25,9.902525627));
#3966 = CARTESIAN_POINT('',(4.75,1.25,11.902525627));
#3967 = CARTESIAN_POINT('',(3.5,1.25,9.902525627));
#3968 = CARTESIAN_POINT('',(3.5,1.25,11.902525627));
#3969 = CARTESIAN_POINT('',(2.25,1.25,9.902525627));
#3970 = CARTESIAN_POINT('',(2.25,1.25,11.902525627));
#3971 = CARTESIAN_POINT('',(2.25,5.30094085339E-16,9.902525627));
#3972 = CARTESIAN_POINT('',(2.25,5.30094085339E-16,11.902525627));
#3973 = ADVANCED_FACE('',(#3974,#3985),#3989,.T.);
#3974 = FACE_BOUND('',#3975,.T.);
#3975 = EDGE_LOOP('',(#3976,#3984));
#3976 = ORIENTED_EDGE('',*,*,#3977,.F.);
#3977 = EDGE_CURVE('',#153,#146,#3978,.T.);
#3978 = ( BOUNDED_CURVE() B_SPLINE_CURVE(2,(#3979,#3980,#3981,#3982,
#3983),.UNSPECIFIED.,.F.,.F.) B_SPLINE_CURVE_WITH_KNOTS((3,2,3),(
    3.14159265359,4.712388980385,6.28318530718),
.PIECEWISE_BEZIER_KNOTS.) CURVE() GEOMETRIC_REPRESENTATION_ITEM() 
RATIONAL_B_SPLINE_CURVE((1.,0.707106781187,1.,0.707106781187,1.)) 
REPRESENTATION_ITEM('') );
#3979 = CARTESIAN_POINT('',(2.3,5.239708513433E-16,9.902525627));
#3980 = CARTESIAN_POINT('',(2.3,-1.2,9.902525627));
#3981 = CARTESIAN_POINT('',(3.5,-1.2,9.902525627));
#3982 = CARTESIAN_POINT('',(4.7,-1.2,9.902525627));
#3983 = CARTESIAN_POINT('',(4.7,8.309800365026E-17,9.902525627));
#3984 = ORIENTED_EDGE('',*,*,#152,.F.);
#3985 = FACE_BOUND('',#3986,.T.);
#3986 = EDGE_LOOP('',(#3987,#3988));
#3987 = ORIENTED_EDGE('',*,*,#3954,.T.);
#3988 = ORIENTED_EDGE('',*,*,#591,.T.);
#3989 = B_SPLINE_SURFACE_WITH_KNOTS('',1,1,(
    (#3990,#3991)
    ,(#3992,#3993
    )),.UNSPECIFIED.,.F.,.F.,.F.,(2,2),(2,2),(-1.25,1.25),(-1.25,1.25),
  .PIECEWISE_BEZIER_KNOTS.);
#3990 = CARTESIAN_POINT('',(2.25,-1.25,9.902525627));
#3991 = CARTESIAN_POINT('',(2.25,1.25,9.902525627));
#3992 = CARTESIAN_POINT('',(4.75,-1.25,9.902525627));
#3993 = CARTESIAN_POINT('',(4.75,1.25,9.902525627));
#3994 = ADVANCED_FACE('',(#3995,#4017),#4028,.F.);
#3995 = FACE_BOUND('',#3996,.T.);
#3996 = EDGE_LOOP('',(#3997,#4004,#4005,#4012));
#3997 = ORIENTED_EDGE('',*,*,#3998,.T.);
#3998 = EDGE_CURVE('',#3999,#2126,#4001,.T.);
#3999 = VERTEX_POINT('',#4000);
#4000 = CARTESIAN_POINT('',(1.1,-0.9,4.302525627));
#4001 = B_SPLINE_CURVE_WITH_KNOTS('',1,(#4002,#4003),.UNSPECIFIED.,.F.,
  .F.,(2,2),(0.,3.5),.PIECEWISE_BEZIER_KNOTS.);
#4002 = CARTESIAN_POINT('',(1.1,-0.9,4.302525627));
#4003 = CARTESIAN_POINT('',(1.1,-0.9,7.802525627));
#4004 = ORIENTED_EDGE('',*,*,#2148,.T.);
#4005 = ORIENTED_EDGE('',*,*,#4006,.T.);
#4006 = EDGE_CURVE('',#2142,#4007,#4009,.T.);
#4007 = VERTEX_POINT('',#4008);
#4008 = CARTESIAN_POINT('',(-1.1,-0.9,4.302525627));
#4009 = B_SPLINE_CURVE_WITH_KNOTS('',1,(#4010,#4011),.UNSPECIFIED.,.F.,
  .F.,(2,2),(-3.5,-0.),.PIECEWISE_BEZIER_KNOTS.);
#4010 = CARTESIAN_POINT('',(-1.1,-0.9,7.802525627));
#4011 = CARTESIAN_POINT('',(-1.1,-0.9,4.302525627));
#4012 = ORIENTED_EDGE('',*,*,#4013,.T.);
#4013 = EDGE_CURVE('',#4007,#3999,#4014,.T.);
#4014 = B_SPLINE_CURVE_WITH_KNOTS('',1,(#4015,#4016),.UNSPECIFIED.,.F.,
  .F.,(2,2),(0.,2.2),.PIECEWISE_BEZIER_KNOTS.);
#4015 = CARTESIAN_POINT('',(-1.1,-0.9,4.302525627));
#4016 = CARTESIAN_POINT('',(1.1,-0.9,4.302525627));
#4017 = FACE_BOUND('',#4018,.T.);
#4018 = EDGE_LOOP('',(#4019,#4020));
#4019 = ORIENTED_EDGE('',*,*,#543,.F.);
#4020 = ORIENTED_EDGE('',*,*,#4021,.F.);
#4021 = EDGE_CURVE('',#537,#518,#4022,.T.);
#4022 = ( BOUNDED_CURVE() B_SPLINE_CURVE(2,(#4023,#4024,#4025,#4026,
#4027),.UNSPECIFIED.,.F.,.F.) B_SPLINE_CURVE_WITH_KNOTS((3,2,3),(0.,
1.570796326795,3.14159265359),.PIECEWISE_BEZIER_KNOTS.) CURVE() 
GEOMETRIC_REPRESENTATION_ITEM() RATIONAL_B_SPLINE_CURVE((1.,
0.707106781187,1.,0.707106781187,1.)) REPRESENTATION_ITEM('') );
#4023 = CARTESIAN_POINT('',(2.081668171172E-17,-0.9,4.552525627));
#4024 = CARTESIAN_POINT('',(0.9,-0.9,4.552525627));
#4025 = CARTESIAN_POINT('',(0.9,-0.9,5.452525627));
#4026 = CARTESIAN_POINT('',(0.9,-0.9,6.352525627));
#4027 = CARTESIAN_POINT('',(1.31034893635E-16,-0.9,6.352525627));
#4028 = B_SPLINE_SURFACE_WITH_KNOTS('',1,1,(
    (#4029,#4030)
    ,(#4031,#4032
    )),.UNSPECIFIED.,.F.,.F.,.F.,(2,2),(2,2),(0.8,4.3),(-4.6,-2.4),
  .PIECEWISE_BEZIER_KNOTS.);
#4029 = CARTESIAN_POINT('',(-1.1,-0.9,4.302525627));
#4030 = CARTESIAN_POINT('',(1.1,-0.9,4.302525627));
#4031 = CARTESIAN_POINT('',(-1.1,-0.9,7.802525627));
#4032 = CARTESIAN_POINT('',(1.1,-0.9,7.802525627));
#4033 = ADVANCED_FACE('',(#4034,#4056),#4067,.T.);
#4034 = FACE_BOUND('',#4035,.T.);
#4035 = EDGE_LOOP('',(#4036,#4043,#4050,#4055));
#4036 = ORIENTED_EDGE('',*,*,#4037,.F.);
#4037 = EDGE_CURVE('',#4038,#2128,#4040,.T.);
#4038 = VERTEX_POINT('',#4039);
#4039 = CARTESIAN_POINT('',(1.1,0.6,4.302525627));
#4040 = B_SPLINE_CURVE_WITH_KNOTS('',1,(#4041,#4042),.UNSPECIFIED.,.F.,
  .F.,(2,2),(0.,3.5),.PIECEWISE_BEZIER_KNOTS.);
#4041 = CARTESIAN_POINT('',(1.1,0.6,4.302525627));
#4042 = CARTESIAN_POINT('',(1.1,0.6,7.802525627));
#4043 = ORIENTED_EDGE('',*,*,#4044,.F.);
#4044 = EDGE_CURVE('',#4045,#4038,#4047,.T.);
#4045 = VERTEX_POINT('',#4046);
#4046 = CARTESIAN_POINT('',(-1.1,0.6,4.302525627));
#4047 = B_SPLINE_CURVE_WITH_KNOTS('',1,(#4048,#4049),.UNSPECIFIED.,.F.,
  .F.,(2,2),(0.,2.2),.PIECEWISE_BEZIER_KNOTS.);
#4048 = CARTESIAN_POINT('',(-1.1,0.6,4.302525627));
#4049 = CARTESIAN_POINT('',(1.1,0.6,4.302525627));
#4050 = ORIENTED_EDGE('',*,*,#4051,.F.);
#4051 = EDGE_CURVE('',#2135,#4045,#4052,.T.);
#4052 = B_SPLINE_CURVE_WITH_KNOTS('',1,(#4053,#4054),.UNSPECIFIED.,.F.,
  .F.,(2,2),(-3.5,-0.),.PIECEWISE_BEZIER_KNOTS.);
#4053 = CARTESIAN_POINT('',(-1.1,0.6,7.802525627));
#4054 = CARTESIAN_POINT('',(-1.1,0.6,4.302525627));
#4055 = ORIENTED_EDGE('',*,*,#2134,.F.);
#4056 = FACE_BOUND('',#4057,.T.);
#4057 = EDGE_LOOP('',(#4058,#4059));
#4058 = ORIENTED_EDGE('',*,*,#526,.T.);
#4059 = ORIENTED_EDGE('',*,*,#4060,.T.);
#4060 = EDGE_CURVE('',#527,#520,#4061,.T.);
#4061 = ( BOUNDED_CURVE() B_SPLINE_CURVE(2,(#4062,#4063,#4064,#4065,
#4066),.UNSPECIFIED.,.F.,.F.) B_SPLINE_CURVE_WITH_KNOTS((3,2,3),(0.,
1.570796326795,3.14159265359),.PIECEWISE_BEZIER_KNOTS.) CURVE() 
GEOMETRIC_REPRESENTATION_ITEM() RATIONAL_B_SPLINE_CURVE((1.,
0.707106781187,1.,0.707106781187,1.)) REPRESENTATION_ITEM('') );
#4062 = CARTESIAN_POINT('',(2.081668171172E-17,0.6,4.552525627));
#4063 = CARTESIAN_POINT('',(0.9,0.6,4.552525627));
#4064 = CARTESIAN_POINT('',(0.9,0.6,5.452525627));
#4065 = CARTESIAN_POINT('',(0.9,0.6,6.352525627));
#4066 = CARTESIAN_POINT('',(1.31034893635E-16,0.6,6.352525627));
#4067 = B_SPLINE_SURFACE_WITH_KNOTS('',1,1,(
    (#4068,#4069)
    ,(#4070,#4071
    )),.UNSPECIFIED.,.F.,.F.,.F.,(2,2),(2,2),(0.8,4.3),(-4.6,-2.4),
  .PIECEWISE_BEZIER_KNOTS.);
#4068 = CARTESIAN_POINT('',(-1.1,0.6,4.302525627));
#4069 = CARTESIAN_POINT('',(1.1,0.6,4.302525627));
#4070 = CARTESIAN_POINT('',(-1.1,0.6,7.802525627));
#4071 = CARTESIAN_POINT('',(1.1,0.6,7.802525627));
#4072 = ADVANCED_FACE('',(#4073),#4083,.F.);
#4073 = FACE_BOUND('',#4074,.T.);
#4074 = EDGE_LOOP('',(#4075,#4076,#4077,#4078));
#4075 = ORIENTED_EDGE('',*,*,#4037,.T.);
#4076 = ORIENTED_EDGE('',*,*,#2125,.F.);
#4077 = ORIENTED_EDGE('',*,*,#3998,.F.);
#4078 = ORIENTED_EDGE('',*,*,#4079,.T.);
#4079 = EDGE_CURVE('',#3999,#4038,#4080,.T.);
#4080 = B_SPLINE_CURVE_WITH_KNOTS('',1,(#4081,#4082),.UNSPECIFIED.,.F.,
  .F.,(2,2),(0.,1.5),.PIECEWISE_BEZIER_KNOTS.);
#4081 = CARTESIAN_POINT('',(1.1,-0.9,4.302525627));
#4082 = CARTESIAN_POINT('',(1.1,0.6,4.302525627));
#4083 = B_SPLINE_SURFACE_WITH_KNOTS('',1,1,(
    (#4084,#4085)
    ,(#4086,#4087
    )),.UNSPECIFIED.,.F.,.F.,.F.,(2,2),(2,2),(0.,3.5),(0.,1.5),
  .PIECEWISE_BEZIER_KNOTS.);
#4084 = CARTESIAN_POINT('',(1.1,-0.9,4.302525627));
#4085 = CARTESIAN_POINT('',(1.1,0.6,4.302525627));
#4086 = CARTESIAN_POINT('',(1.1,-0.9,7.802525627));
#4087 = CARTESIAN_POINT('',(1.1,0.6,7.802525627));
#4088 = ADVANCED_FACE('',(#4089),#4099,.F.);
#4089 = FACE_BOUND('',#4090,.T.);
#4090 = EDGE_LOOP('',(#4091,#4092,#4097,#4098));
#4091 = ORIENTED_EDGE('',*,*,#4051,.T.);
#4092 = ORIENTED_EDGE('',*,*,#4093,.F.);
#4093 = EDGE_CURVE('',#4007,#4045,#4094,.T.);
#4094 = B_SPLINE_CURVE_WITH_KNOTS('',1,(#4095,#4096),.UNSPECIFIED.,.F.,
  .F.,(2,2),(0.,1.5),.PIECEWISE_BEZIER_KNOTS.);
#4095 = CARTESIAN_POINT('',(-1.1,-0.9,4.302525627));
#4096 = CARTESIAN_POINT('',(-1.1,0.6,4.302525627));
#4097 = ORIENTED_EDGE('',*,*,#4006,.F.);
#4098 = ORIENTED_EDGE('',*,*,#2141,.T.);
#4099 = B_SPLINE_SURFACE_WITH_KNOTS('',1,1,(
    (#4100,#4101)
    ,(#4102,#4103
    )),.UNSPECIFIED.,.F.,.F.,.F.,(2,2),(2,2),(-3.5,0.),(0.,1.5),
  .PIECEWISE_BEZIER_KNOTS.);
#4100 = CARTESIAN_POINT('',(-1.1,-0.9,7.802525627));
#4101 = CARTESIAN_POINT('',(-1.1,0.6,7.802525627));
#4102 = CARTESIAN_POINT('',(-1.1,-0.9,4.302525627));
#4103 = CARTESIAN_POINT('',(-1.1,0.6,4.302525627));
#4104 = ADVANCED_FACE('',(#4105,#4116),#4122,.F.);
#4105 = FACE_BOUND('',#4106,.T.);
#4106 = EDGE_LOOP('',(#4107,#4115));
#4107 = ORIENTED_EDGE('',*,*,#4108,.F.);
#4108 = EDGE_CURVE('',#441,#434,#4109,.T.);
#4109 = ( BOUNDED_CURVE() B_SPLINE_CURVE(2,(#4110,#4111,#4112,#4113,
#4114),.UNSPECIFIED.,.F.,.F.) B_SPLINE_CURVE_WITH_KNOTS((3,2,3),(0.,
1.570796326795,3.14159265359),.PIECEWISE_BEZIER_KNOTS.) CURVE() 
GEOMETRIC_REPRESENTATION_ITEM() RATIONAL_B_SPLINE_CURVE((1.,
0.707106781187,1.,0.707106781187,1.)) REPRESENTATION_ITEM('') );
#4110 = CARTESIAN_POINT('',(0.4,-0.15,4.302525627));
#4111 = CARTESIAN_POINT('',(0.4,-0.55,4.302525627));
#4112 = CARTESIAN_POINT('',(1.346352224677E-15,-0.55,4.302525627));
#4113 = CARTESIAN_POINT('',(-0.4,-0.55,4.302525627));
#4114 = CARTESIAN_POINT('',(-0.4,-0.15,4.302525627));
#4115 = ORIENTED_EDGE('',*,*,#440,.F.);
#4116 = FACE_BOUND('',#4117,.T.);
#4117 = EDGE_LOOP('',(#4118,#4119,#4120,#4121));
#4118 = ORIENTED_EDGE('',*,*,#4044,.T.);
#4119 = ORIENTED_EDGE('',*,*,#4079,.F.);
#4120 = ORIENTED_EDGE('',*,*,#4013,.F.);
#4121 = ORIENTED_EDGE('',*,*,#4093,.T.);
#4122 = B_SPLINE_SURFACE_WITH_KNOTS('',1,1,(
    (#4123,#4124)
    ,(#4125,#4126
    )),.UNSPECIFIED.,.F.,.F.,.F.,(2,2),(2,2),(0.,2.2),(0.,1.5),
  .PIECEWISE_BEZIER_KNOTS.);
#4123 = CARTESIAN_POINT('',(-1.1,-0.9,4.302525627));
#4124 = CARTESIAN_POINT('',(-1.1,0.6,4.302525627));
#4125 = CARTESIAN_POINT('',(1.1,-0.9,4.302525627));
#4126 = CARTESIAN_POINT('',(1.1,0.6,4.302525627));
#4127 = ADVANCED_FACE('',(#4128),#4134,.F.);
#4128 = FACE_BOUND('',#4129,.F.);
#4129 = EDGE_LOOP('',(#4130,#4131,#4132,#4133));
#4130 = ORIENTED_EDGE('',*,*,#4060,.T.);
#4131 = ORIENTED_EDGE('',*,*,#517,.F.);
#4132 = ORIENTED_EDGE('',*,*,#4021,.F.);
#4133 = ORIENTED_EDGE('',*,*,#536,.T.);
#4134 = ( BOUNDED_SURFACE() B_SPLINE_SURFACE(2,1,(
    (#4135,#4136)
    ,(#4137,#4138)
    ,(#4139,#4140)
    ,(#4141,#4142)
    ,(#4143,#4144
)),.UNSPECIFIED.,.F.,.F.,.F.) B_SPLINE_SURFACE_WITH_KNOTS((3,2,3),(2,2),
  (0.,1.570796326795,3.14159265359),(0.,1.5),.PIECEWISE_BEZIER_KNOTS.) 
GEOMETRIC_REPRESENTATION_ITEM() RATIONAL_B_SPLINE_SURFACE((
    (1.,1.)
    ,(0.707106781187,0.707106781187)
    ,(1.,1.)
    ,(0.707106781187,0.707106781187)
,(1.,1.))) REPRESENTATION_ITEM('') SURFACE() );
#4135 = CARTESIAN_POINT('',(2.081668171172E-17,-0.9,6.352525627));
#4136 = CARTESIAN_POINT('',(2.081668171172E-17,0.6,6.352525627));
#4137 = CARTESIAN_POINT('',(0.9,-0.9,6.352525627));
#4138 = CARTESIAN_POINT('',(0.9,0.6,6.352525627));
#4139 = CARTESIAN_POINT('',(0.9,-0.9,5.452525627));
#4140 = CARTESIAN_POINT('',(0.9,0.6,5.452525627));
#4141 = CARTESIAN_POINT('',(0.9,-0.9,4.552525627));
#4142 = CARTESIAN_POINT('',(0.9,0.6,4.552525627));
#4143 = CARTESIAN_POINT('',(1.31034893635E-16,-0.9,4.552525627));
#4144 = CARTESIAN_POINT('',(1.31034893635E-16,0.6,4.552525627));
#4145 = ADVANCED_FACE('',(#4146,#4168),#4179,.F.);
#4146 = FACE_BOUND('',#4147,.T.);
#4147 = EDGE_LOOP('',(#4148,#4155,#4156,#4163));
#4148 = ORIENTED_EDGE('',*,*,#4149,.T.);
#4149 = EDGE_CURVE('',#4150,#2060,#4152,.T.);
#4150 = VERTEX_POINT('',#4151);
#4151 = CARTESIAN_POINT('',(4.6,-0.9,4.302525627));
#4152 = B_SPLINE_CURVE_WITH_KNOTS('',1,(#4153,#4154),.UNSPECIFIED.,.F.,
  .F.,(2,2),(0.,3.5),.PIECEWISE_BEZIER_KNOTS.);
#4153 = CARTESIAN_POINT('',(4.6,-0.9,4.302525627));
#4154 = CARTESIAN_POINT('',(4.6,-0.9,7.802525627));
#4155 = ORIENTED_EDGE('',*,*,#2082,.T.);
#4156 = ORIENTED_EDGE('',*,*,#4157,.T.);
#4157 = EDGE_CURVE('',#2076,#4158,#4160,.T.);
#4158 = VERTEX_POINT('',#4159);
#4159 = CARTESIAN_POINT('',(2.4,-0.9,4.302525627));
#4160 = B_SPLINE_CURVE_WITH_KNOTS('',1,(#4161,#4162),.UNSPECIFIED.,.F.,
  .F.,(2,2),(-3.5,-0.),.PIECEWISE_BEZIER_KNOTS.);
#4161 = CARTESIAN_POINT('',(2.4,-0.9,7.802525627));
#4162 = CARTESIAN_POINT('',(2.4,-0.9,4.302525627));
#4163 = ORIENTED_EDGE('',*,*,#4164,.T.);
#4164 = EDGE_CURVE('',#4158,#4150,#4165,.T.);
#4165 = B_SPLINE_CURVE_WITH_KNOTS('',1,(#4166,#4167),.UNSPECIFIED.,.F.,
  .F.,(2,2),(0.,2.2),.PIECEWISE_BEZIER_KNOTS.);
#4166 = CARTESIAN_POINT('',(2.4,-0.9,4.302525627));
#4167 = CARTESIAN_POINT('',(4.6,-0.9,4.302525627));
#4168 = FACE_BOUND('',#4169,.T.);
#4169 = EDGE_LOOP('',(#4170,#4171));
#4170 = ORIENTED_EDGE('',*,*,#495,.F.);
#4171 = ORIENTED_EDGE('',*,*,#4172,.F.);
#4172 = EDGE_CURVE('',#489,#470,#4173,.T.);
#4173 = ( BOUNDED_CURVE() B_SPLINE_CURVE(2,(#4174,#4175,#4176,#4177,
#4178),.UNSPECIFIED.,.F.,.F.) B_SPLINE_CURVE_WITH_KNOTS((3,2,3),(0.,
1.570796326795,3.14159265359),.PIECEWISE_BEZIER_KNOTS.) CURVE() 
GEOMETRIC_REPRESENTATION_ITEM() RATIONAL_B_SPLINE_CURVE((1.,
0.707106781187,1.,0.707106781187,1.)) REPRESENTATION_ITEM('') );
#4174 = CARTESIAN_POINT('',(3.5,-0.9,4.552525627));
#4175 = CARTESIAN_POINT('',(4.4,-0.9,4.552525627));
#4176 = CARTESIAN_POINT('',(4.4,-0.9,5.452525627));
#4177 = CARTESIAN_POINT('',(4.4,-0.9,6.352525627));
#4178 = CARTESIAN_POINT('',(3.5,-0.9,6.352525627));
#4179 = B_SPLINE_SURFACE_WITH_KNOTS('',1,1,(
    (#4180,#4181)
    ,(#4182,#4183
    )),.UNSPECIFIED.,.F.,.F.,.F.,(2,2),(2,2),(0.8,4.3),(-4.6,-2.4),
  .PIECEWISE_BEZIER_KNOTS.);
#4180 = CARTESIAN_POINT('',(2.4,-0.9,4.302525627));
#4181 = CARTESIAN_POINT('',(4.6,-0.9,4.302525627));
#4182 = CARTESIAN_POINT('',(2.4,-0.9,7.802525627));
#4183 = CARTESIAN_POINT('',(4.6,-0.9,7.802525627));
#4184 = ADVANCED_FACE('',(#4185,#4207),#4218,.T.);
#4185 = FACE_BOUND('',#4186,.T.);
#4186 = EDGE_LOOP('',(#4187,#4194,#4201,#4206));
#4187 = ORIENTED_EDGE('',*,*,#4188,.F.);
#4188 = EDGE_CURVE('',#4189,#2062,#4191,.T.);
#4189 = VERTEX_POINT('',#4190);
#4190 = CARTESIAN_POINT('',(4.6,0.6,4.302525627));
#4191 = B_SPLINE_CURVE_WITH_KNOTS('',1,(#4192,#4193),.UNSPECIFIED.,.F.,
  .F.,(2,2),(0.,3.5),.PIECEWISE_BEZIER_KNOTS.);
#4192 = CARTESIAN_POINT('',(4.6,0.6,4.302525627));
#4193 = CARTESIAN_POINT('',(4.6,0.6,7.802525627));
#4194 = ORIENTED_EDGE('',*,*,#4195,.F.);
#4195 = EDGE_CURVE('',#4196,#4189,#4198,.T.);
#4196 = VERTEX_POINT('',#4197);
#4197 = CARTESIAN_POINT('',(2.4,0.6,4.302525627));
#4198 = B_SPLINE_CURVE_WITH_KNOTS('',1,(#4199,#4200),.UNSPECIFIED.,.F.,
  .F.,(2,2),(0.,2.2),.PIECEWISE_BEZIER_KNOTS.);
#4199 = CARTESIAN_POINT('',(2.4,0.6,4.302525627));
#4200 = CARTESIAN_POINT('',(4.6,0.6,4.302525627));
#4201 = ORIENTED_EDGE('',*,*,#4202,.F.);
#4202 = EDGE_CURVE('',#2069,#4196,#4203,.T.);
#4203 = B_SPLINE_CURVE_WITH_KNOTS('',1,(#4204,#4205),.UNSPECIFIED.,.F.,
  .F.,(2,2),(-3.5,-0.),.PIECEWISE_BEZIER_KNOTS.);
#4204 = CARTESIAN_POINT('',(2.4,0.6,7.802525627));
#4205 = CARTESIAN_POINT('',(2.4,0.6,4.302525627));
#4206 = ORIENTED_EDGE('',*,*,#2068,.F.);
#4207 = FACE_BOUND('',#4208,.T.);
#4208 = EDGE_LOOP('',(#4209,#4210));
#4209 = ORIENTED_EDGE('',*,*,#478,.T.);
#4210 = ORIENTED_EDGE('',*,*,#4211,.T.);
#4211 = EDGE_CURVE('',#479,#472,#4212,.T.);
#4212 = ( BOUNDED_CURVE() B_SPLINE_CURVE(2,(#4213,#4214,#4215,#4216,
#4217),.UNSPECIFIED.,.F.,.F.) B_SPLINE_CURVE_WITH_KNOTS((3,2,3),(0.,
1.570796326795,3.14159265359),.PIECEWISE_BEZIER_KNOTS.) CURVE() 
GEOMETRIC_REPRESENTATION_ITEM() RATIONAL_B_SPLINE_CURVE((1.,
0.707106781187,1.,0.707106781187,1.)) REPRESENTATION_ITEM('') );
#4213 = CARTESIAN_POINT('',(3.5,0.6,4.552525627));
#4214 = CARTESIAN_POINT('',(4.4,0.6,4.552525627));
#4215 = CARTESIAN_POINT('',(4.4,0.6,5.452525627));
#4216 = CARTESIAN_POINT('',(4.4,0.6,6.352525627));
#4217 = CARTESIAN_POINT('',(3.5,0.6,6.352525627));
#4218 = B_SPLINE_SURFACE_WITH_KNOTS('',1,1,(
    (#4219,#4220)
    ,(#4221,#4222
    )),.UNSPECIFIED.,.F.,.F.,.F.,(2,2),(2,2),(0.8,4.3),(-4.6,-2.4),
  .PIECEWISE_BEZIER_KNOTS.);
#4219 = CARTESIAN_POINT('',(2.4,0.6,4.302525627));
#4220 = CARTESIAN_POINT('',(4.6,0.6,4.302525627));
#4221 = CARTESIAN_POINT('',(2.4,0.6,7.802525627));
#4222 = CARTESIAN_POINT('',(4.6,0.6,7.802525627));
#4223 = ADVANCED_FACE('',(#4224),#4234,.F.);
#4224 = FACE_BOUND('',#4225,.T.);
#4225 = EDGE_LOOP('',(#4226,#4227,#4228,#4229));
#4226 = ORIENTED_EDGE('',*,*,#4188,.T.);
#4227 = ORIENTED_EDGE('',*,*,#2059,.F.);
#4228 = ORIENTED_EDGE('',*,*,#4149,.F.);
#4229 = ORIENTED_EDGE('',*,*,#4230,.T.);
#4230 = EDGE_CURVE('',#4150,#4189,#4231,.T.);
#4231 = B_SPLINE_CURVE_WITH_KNOTS('',1,(#4232,#4233),.UNSPECIFIED.,.F.,
  .F.,(2,2),(0.,1.5),.PIECEWISE_BEZIER_KNOTS.);
#4232 = CARTESIAN_POINT('',(4.6,-0.9,4.302525627));
#4233 = CARTESIAN_POINT('',(4.6,0.6,4.302525627));
#4234 = B_SPLINE_SURFACE_WITH_KNOTS('',1,1,(
    (#4235,#4236)
    ,(#4237,#4238
    )),.UNSPECIFIED.,.F.,.F.,.F.,(2,2),(2,2),(0.,3.5),(0.,1.5),
  .PIECEWISE_BEZIER_KNOTS.);
#4235 = CARTESIAN_POINT('',(4.6,-0.9,4.302525627));
#4236 = CARTESIAN_POINT('',(4.6,0.6,4.302525627));
#4237 = CARTESIAN_POINT('',(4.6,-0.9,7.802525627));
#4238 = CARTESIAN_POINT('',(4.6,0.6,7.802525627));
#4239 = ADVANCED_FACE('',(#4240),#4250,.F.);
#4240 = FACE_BOUND('',#4241,.T.);
#4241 = EDGE_LOOP('',(#4242,#4243,#4248,#4249));
#4242 = ORIENTED_EDGE('',*,*,#4202,.T.);
#4243 = ORIENTED_EDGE('',*,*,#4244,.F.);
#4244 = EDGE_CURVE('',#4158,#4196,#4245,.T.);
#4245 = B_SPLINE_CURVE_WITH_KNOTS('',1,(#4246,#4247),.UNSPECIFIED.,.F.,
  .F.,(2,2),(0.,1.5),.PIECEWISE_BEZIER_KNOTS.);
#4246 = CARTESIAN_POINT('',(2.4,-0.9,4.302525627));
#4247 = CARTESIAN_POINT('',(2.4,0.6,4.302525627));
#4248 = ORIENTED_EDGE('',*,*,#4157,.F.);
#4249 = ORIENTED_EDGE('',*,*,#2075,.T.);
#4250 = B_SPLINE_SURFACE_WITH_KNOTS('',1,1,(
    (#4251,#4252)
    ,(#4253,#4254
    )),.UNSPECIFIED.,.F.,.F.,.F.,(2,2),(2,2),(-3.5,0.),(0.,1.5),
  .PIECEWISE_BEZIER_KNOTS.);
#4251 = CARTESIAN_POINT('',(2.4,-0.9,7.802525627));
#4252 = CARTESIAN_POINT('',(2.4,0.6,7.802525627));
#4253 = CARTESIAN_POINT('',(2.4,-0.9,4.302525627));
#4254 = CARTESIAN_POINT('',(2.4,0.6,4.302525627));
#4255 = ADVANCED_FACE('',(#4256,#4267),#4273,.F.);
#4256 = FACE_BOUND('',#4257,.T.);
#4257 = EDGE_LOOP('',(#4258,#4266));
#4258 = ORIENTED_EDGE('',*,*,#4259,.F.);
#4259 = EDGE_CURVE('',#404,#397,#4260,.T.);
#4260 = ( BOUNDED_CURVE() B_SPLINE_CURVE(2,(#4261,#4262,#4263,#4264,
#4265),.UNSPECIFIED.,.F.,.F.) B_SPLINE_CURVE_WITH_KNOTS((3,2,3),(0.,
1.570796326795,3.14159265359),.PIECEWISE_BEZIER_KNOTS.) CURVE() 
GEOMETRIC_REPRESENTATION_ITEM() RATIONAL_B_SPLINE_CURVE((1.,
0.707106781187,1.,0.707106781187,1.)) REPRESENTATION_ITEM('') );
#4261 = CARTESIAN_POINT('',(3.9,-0.15,4.302525627));
#4262 = CARTESIAN_POINT('',(3.9,-0.55,4.302525627));
#4263 = CARTESIAN_POINT('',(3.5,-0.55,4.302525627));
#4264 = CARTESIAN_POINT('',(3.1,-0.55,4.302525627));
#4265 = CARTESIAN_POINT('',(3.1,-0.15,4.302525627));
#4266 = ORIENTED_EDGE('',*,*,#403,.F.);
#4267 = FACE_BOUND('',#4268,.T.);
#4268 = EDGE_LOOP('',(#4269,#4270,#4271,#4272));
#4269 = ORIENTED_EDGE('',*,*,#4195,.T.);
#4270 = ORIENTED_EDGE('',*,*,#4230,.F.);
#4271 = ORIENTED_EDGE('',*,*,#4164,.F.);
#4272 = ORIENTED_EDGE('',*,*,#4244,.T.);
#4273 = B_SPLINE_SURFACE_WITH_KNOTS('',1,1,(
    (#4274,#4275)
    ,(#4276,#4277
    )),.UNSPECIFIED.,.F.,.F.,.F.,(2,2),(2,2),(0.,2.2),(0.,1.5),
  .PIECEWISE_BEZIER_KNOTS.);
#4274 = CARTESIAN_POINT('',(2.4,-0.9,4.302525627));
#4275 = CARTESIAN_POINT('',(2.4,0.6,4.302525627));
#4276 = CARTESIAN_POINT('',(4.6,-0.9,4.302525627));
#4277 = CARTESIAN_POINT('',(4.6,0.6,4.302525627));
#4278 = ADVANCED_FACE('',(#4279),#4285,.F.);
#4279 = FACE_BOUND('',#4280,.F.);
#4280 = EDGE_LOOP('',(#4281,#4282,#4283,#4284));
#4281 = ORIENTED_EDGE('',*,*,#4211,.T.);
#4282 = ORIENTED_EDGE('',*,*,#469,.F.);
#4283 = ORIENTED_EDGE('',*,*,#4172,.F.);
#4284 = ORIENTED_EDGE('',*,*,#488,.T.);
#4285 = ( BOUNDED_SURFACE() B_SPLINE_SURFACE(2,1,(
    (#4286,#4287)
    ,(#4288,#4289)
    ,(#4290,#4291)
    ,(#4292,#4293)
    ,(#4294,#4295
)),.UNSPECIFIED.,.F.,.F.,.F.) B_SPLINE_SURFACE_WITH_KNOTS((3,2,3),(2,2),
  (0.,1.570796326795,3.14159265359),(0.,1.5),.PIECEWISE_BEZIER_KNOTS.) 
GEOMETRIC_REPRESENTATION_ITEM() RATIONAL_B_SPLINE_SURFACE((
    (1.,1.)
    ,(0.707106781187,0.707106781187)
    ,(1.,1.)
    ,(0.707106781187,0.707106781187)
,(1.,1.))) REPRESENTATION_ITEM('') SURFACE() );
#4286 = CARTESIAN_POINT('',(3.5,-0.9,6.352525627));
#4287 = CARTESIAN_POINT('',(3.5,0.6,6.352525627));
#4288 = CARTESIAN_POINT('',(4.4,-0.9,6.352525627));
#4289 = CARTESIAN_POINT('',(4.4,0.6,6.352525627));
#4290 = CARTESIAN_POINT('',(4.4,-0.9,5.452525627));
#4291 = CARTESIAN_POINT('',(4.4,0.6,5.452525627));
#4292 = CARTESIAN_POINT('',(4.4,-0.9,4.552525627));
#4293 = CARTESIAN_POINT('',(4.4,0.6,4.552525627));
#4294 = CARTESIAN_POINT('',(3.5,-0.9,4.552525627));
#4295 = CARTESIAN_POINT('',(3.5,0.6,4.552525627));
#4296 = ADVANCED_FACE('',(#4297),#4310,.T.);
#4297 = FACE_BOUND('',#4298,.T.);
#4298 = EDGE_LOOP('',(#4299,#4300,#4308,#4309));
#4299 = ORIENTED_EDGE('',*,*,#433,.F.);
#4300 = ORIENTED_EDGE('',*,*,#4301,.T.);
#4301 = EDGE_CURVE('',#343,#341,#4302,.T.);
#4302 = ( BOUNDED_CURVE() B_SPLINE_CURVE(2,(#4303,#4304,#4305,#4306,
#4307),.UNSPECIFIED.,.F.,.F.) B_SPLINE_CURVE_WITH_KNOTS((3,2,3),(0.,
1.570796326795,3.14159265359),.PIECEWISE_BEZIER_KNOTS.) CURVE() 
GEOMETRIC_REPRESENTATION_ITEM() RATIONAL_B_SPLINE_CURVE((1.,
0.707106781187,1.,0.707106781187,1.)) REPRESENTATION_ITEM('') );
#4303 = CARTESIAN_POINT('',(-0.4,-0.15,0.102525627));
#4304 = CARTESIAN_POINT('',(-0.4,-0.55,0.102525627));
#4305 = CARTESIAN_POINT('',(1.297366352711E-15,-0.55,0.102525627));
#4306 = CARTESIAN_POINT('',(0.4,-0.55,0.102525627));
#4307 = CARTESIAN_POINT('',(0.4,-0.15,0.102525627));
#4308 = ORIENTED_EDGE('',*,*,#450,.T.);
#4309 = ORIENTED_EDGE('',*,*,#4108,.T.);
#4310 = ( BOUNDED_SURFACE() B_SPLINE_SURFACE(2,1,(
    (#4311,#4312)
    ,(#4313,#4314)
    ,(#4315,#4316)
    ,(#4317,#4318)
    ,(#4319,#4320
)),.UNSPECIFIED.,.F.,.F.,.F.) B_SPLINE_SURFACE_WITH_KNOTS((3,2,3),(2,2),
  (3.14159265359,4.712388980385,6.28318530718),(4.731370849898,
    8.931370849898),.PIECEWISE_BEZIER_KNOTS.) 
GEOMETRIC_REPRESENTATION_ITEM() RATIONAL_B_SPLINE_SURFACE((
    (1.,1.)
    ,(0.707106781187,0.707106781187)
    ,(1.,1.)
    ,(0.707106781187,0.707106781187)
,(1.,1.))) REPRESENTATION_ITEM('') SURFACE() );
#4311 = CARTESIAN_POINT('',(-0.4,-0.15,0.102525627));
#4312 = CARTESIAN_POINT('',(-0.4,-0.15,4.302525627));
#4313 = CARTESIAN_POINT('',(-0.4,-0.55,0.102525627));
#4314 = CARTESIAN_POINT('',(-0.4,-0.55,4.302525627));
#4315 = CARTESIAN_POINT('',(1.248380480745E-15,-0.55,0.102525627));
#4316 = CARTESIAN_POINT('',(1.248380480745E-15,-0.55,4.302525627));
#4317 = CARTESIAN_POINT('',(0.4,-0.55,0.102525627));
#4318 = CARTESIAN_POINT('',(0.4,-0.55,4.302525627));
#4319 = CARTESIAN_POINT('',(0.4,-0.15,0.102525627));
#4320 = CARTESIAN_POINT('',(0.4,-0.15,4.302525627));
#4321 = ADVANCED_FACE('',(#4322),#4333,.T.);
#4322 = FACE_BOUND('',#4323,.T.);
#4323 = EDGE_LOOP('',(#4324,#4325));
#4324 = ORIENTED_EDGE('',*,*,#360,.T.);
#4325 = ORIENTED_EDGE('',*,*,#4326,.T.);
#4326 = EDGE_CURVE('',#353,#361,#4327,.T.);
#4327 = ( BOUNDED_CURVE() B_SPLINE_CURVE(2,(#4328,#4329,#4330,#4331,
#4332),.UNSPECIFIED.,.F.,.F.) B_SPLINE_CURVE_WITH_KNOTS((3,2,3),(
    3.14159265359,4.712388980385,6.28318530718),
.PIECEWISE_BEZIER_KNOTS.) CURVE() GEOMETRIC_REPRESENTATION_ITEM() 
RATIONAL_B_SPLINE_CURVE((1.,0.707106781187,1.,0.707106781187,1.)) 
REPRESENTATION_ITEM('') );
#4328 = CARTESIAN_POINT('',(0.3,-0.15,2.525626999679E-03));
#4329 = CARTESIAN_POINT('',(0.3,-0.45,2.525626999679E-03));
#4330 = CARTESIAN_POINT('',(1.376968394656E-15,-0.45,2.525626999679E-03)
  );
#4331 = CARTESIAN_POINT('',(-0.3,-0.45,2.525626999679E-03));
#4332 = CARTESIAN_POINT('',(-0.3,-0.15,2.525626999679E-03));
#4333 = B_SPLINE_SURFACE_WITH_KNOTS('',1,1,(
    (#4334,#4335)
    ,(#4336,#4337
    )),.UNSPECIFIED.,.F.,.F.,.F.,(2,2),(2,2),(-0.3,0.3),(-0.45,0.15),
  .PIECEWISE_BEZIER_KNOTS.);
#4334 = CARTESIAN_POINT('',(0.3,-0.45,2.525626999679E-03));
#4335 = CARTESIAN_POINT('',(0.3,0.15,2.525626999679E-03));
#4336 = CARTESIAN_POINT('',(-0.3,-0.45,2.525626999679E-03));
#4337 = CARTESIAN_POINT('',(-0.3,0.15,2.525626999679E-03));
#4338 = ADVANCED_FACE('',(#4339),#4352,.T.);
#4339 = FACE_BOUND('',#4340,.T.);
#4340 = EDGE_LOOP('',(#4341,#4342,#4350,#4351));
#4341 = ORIENTED_EDGE('',*,*,#396,.F.);
#4342 = ORIENTED_EDGE('',*,*,#4343,.T.);
#4343 = EDGE_CURVE('',#288,#286,#4344,.T.);
#4344 = ( BOUNDED_CURVE() B_SPLINE_CURVE(2,(#4345,#4346,#4347,#4348,
#4349),.UNSPECIFIED.,.F.,.F.) B_SPLINE_CURVE_WITH_KNOTS((3,2,3),(0.,
1.570796326795,3.14159265359),.PIECEWISE_BEZIER_KNOTS.) CURVE() 
GEOMETRIC_REPRESENTATION_ITEM() RATIONAL_B_SPLINE_CURVE((1.,
0.707106781187,1.,0.707106781187,1.)) REPRESENTATION_ITEM('') );
#4345 = CARTESIAN_POINT('',(3.1,-0.15,0.102525627));
#4346 = CARTESIAN_POINT('',(3.1,-0.55,0.102525627));
#4347 = CARTESIAN_POINT('',(3.5,-0.55,0.102525627));
#4348 = CARTESIAN_POINT('',(3.9,-0.55,0.102525627));
#4349 = CARTESIAN_POINT('',(3.9,-0.15,0.102525627));
#4350 = ORIENTED_EDGE('',*,*,#413,.T.);
#4351 = ORIENTED_EDGE('',*,*,#4259,.T.);
#4352 = ( BOUNDED_SURFACE() B_SPLINE_SURFACE(2,1,(
    (#4353,#4354)
    ,(#4355,#4356)
    ,(#4357,#4358)
    ,(#4359,#4360)
    ,(#4361,#4362
)),.UNSPECIFIED.,.F.,.F.,.F.) B_SPLINE_SURFACE_WITH_KNOTS((3,2,3),(2,2),
  (3.14159265359,4.712388980385,6.28318530718),(4.731370849898,
    8.931370849898),.PIECEWISE_BEZIER_KNOTS.) 
GEOMETRIC_REPRESENTATION_ITEM() RATIONAL_B_SPLINE_SURFACE((
    (1.,1.)
    ,(0.707106781187,0.707106781187)
    ,(1.,1.)
    ,(0.707106781187,0.707106781187)
,(1.,1.))) REPRESENTATION_ITEM('') SURFACE() );
#4353 = CARTESIAN_POINT('',(3.1,-0.15,0.102525627));
#4354 = CARTESIAN_POINT('',(3.1,-0.15,4.302525627));
#4355 = CARTESIAN_POINT('',(3.1,-0.55,0.102525627));
#4356 = CARTESIAN_POINT('',(3.1,-0.55,4.302525627));
#4357 = CARTESIAN_POINT('',(3.5,-0.55,0.102525627));
#4358 = CARTESIAN_POINT('',(3.5,-0.55,4.302525627));
#4359 = CARTESIAN_POINT('',(3.9,-0.55,0.102525627));
#4360 = CARTESIAN_POINT('',(3.9,-0.55,4.302525627));
#4361 = CARTESIAN_POINT('',(3.9,-0.15,0.102525627));
#4362 = CARTESIAN_POINT('',(3.9,-0.15,4.302525627));
#4363 = ADVANCED_FACE('',(#4364),#4375,.T.);
#4364 = FACE_BOUND('',#4365,.T.);
#4365 = EDGE_LOOP('',(#4366,#4367));
#4366 = ORIENTED_EDGE('',*,*,#305,.T.);
#4367 = ORIENTED_EDGE('',*,*,#4368,.T.);
#4368 = EDGE_CURVE('',#298,#306,#4369,.T.);
#4369 = ( BOUNDED_CURVE() B_SPLINE_CURVE(2,(#4370,#4371,#4372,#4373,
#4374),.UNSPECIFIED.,.F.,.F.) B_SPLINE_CURVE_WITH_KNOTS((3,2,3),(
    3.14159265359,4.712388980385,6.28318530718),
.PIECEWISE_BEZIER_KNOTS.) CURVE() GEOMETRIC_REPRESENTATION_ITEM() 
RATIONAL_B_SPLINE_CURVE((1.,0.707106781187,1.,0.707106781187,1.)) 
REPRESENTATION_ITEM('') );
#4370 = CARTESIAN_POINT('',(3.8,-0.15,2.525626999679E-03));
#4371 = CARTESIAN_POINT('',(3.8,-0.45,2.525626999679E-03));
#4372 = CARTESIAN_POINT('',(3.5,-0.45,2.525626999679E-03));
#4373 = CARTESIAN_POINT('',(3.2,-0.45,2.525626999679E-03));
#4374 = CARTESIAN_POINT('',(3.2,-0.15,2.525626999679E-03));
#4375 = B_SPLINE_SURFACE_WITH_KNOTS('',1,1,(
    (#4376,#4377)
    ,(#4378,#4379
    )),.UNSPECIFIED.,.F.,.F.,.F.,(2,2),(2,2),(-3.8,-3.2),(-0.45,0.15),
  .PIECEWISE_BEZIER_KNOTS.);
#4376 = CARTESIAN_POINT('',(3.8,-0.45,2.525626999679E-03));
#4377 = CARTESIAN_POINT('',(3.8,0.15,2.525626999679E-03));
#4378 = CARTESIAN_POINT('',(3.2,-0.45,2.525626999679E-03));
#4379 = CARTESIAN_POINT('',(3.2,0.15,2.525626999679E-03));
#4380 = ADVANCED_FACE('',(#4381),#4387,.T.);
#4381 = FACE_BOUND('',#4382,.T.);
#4382 = EDGE_LOOP('',(#4383,#4384,#4385,#4386));
#4383 = ORIENTED_EDGE('',*,*,#352,.F.);
#4384 = ORIENTED_EDGE('',*,*,#4301,.F.);
#4385 = ORIENTED_EDGE('',*,*,#370,.T.);
#4386 = ORIENTED_EDGE('',*,*,#4326,.F.);
#4387 = ( BOUNDED_SURFACE() B_SPLINE_SURFACE(2,2,(
    (#4388,#4389,#4390)
    ,(#4391,#4392,#4393)
    ,(#4394,#4395,#4396)
    ,(#4397,#4398,#4399)
    ,(#4400,#4401,#4402
)),.UNSPECIFIED.,.F.,.F.,.F.) B_SPLINE_SURFACE_WITH_KNOTS((3,2,3),(3,3),
  (3.14159265359,4.712388980385,6.28318530718),(0.,1.570796326795),
.PIECEWISE_BEZIER_KNOTS.) GEOMETRIC_REPRESENTATION_ITEM() 
RATIONAL_B_SPLINE_SURFACE((
    (1.,0.707106781187,1.)
    ,(0.707106781187,0.5,0.707106781187)
    ,(1.,0.707106781187,1.)
    ,(0.707106781187,0.5,0.707106781187)
,(1.,0.707106781187,1.))) REPRESENTATION_ITEM('') SURFACE() );
#4388 = CARTESIAN_POINT('',(0.4,-0.15,0.102525627));
#4389 = CARTESIAN_POINT('',(0.4,-0.15,2.525626999678E-03));
#4390 = CARTESIAN_POINT('',(0.3,-0.15,2.525626999678E-03));
#4391 = CARTESIAN_POINT('',(0.4,-0.55,0.102525627));
#4392 = CARTESIAN_POINT('',(0.4,-0.55,2.525626999678E-03));
#4393 = CARTESIAN_POINT('',(0.3,-0.45,2.525626999678E-03));
#4394 = CARTESIAN_POINT('',(1.395338096643E-15,-0.55,0.102525627));
#4395 = CARTESIAN_POINT('',(1.395338096643E-15,-0.55,2.525626999678E-03)
  );
#4396 = CARTESIAN_POINT('',(1.376968394656E-15,-0.45,2.525626999678E-03)
  );
#4397 = CARTESIAN_POINT('',(-0.4,-0.55,0.102525627));
#4398 = CARTESIAN_POINT('',(-0.4,-0.55,2.525626999678E-03));
#4399 = CARTESIAN_POINT('',(-0.3,-0.45,2.525626999678E-03));
#4400 = CARTESIAN_POINT('',(-0.4,-0.15,0.102525627));
#4401 = CARTESIAN_POINT('',(-0.4,-0.15,2.525626999678E-03));
#4402 = CARTESIAN_POINT('',(-0.3,-0.15,2.525626999678E-03));
#4403 = ADVANCED_FACE('',(#4404),#4410,.T.);
#4404 = FACE_BOUND('',#4405,.T.);
#4405 = EDGE_LOOP('',(#4406,#4407,#4408,#4409));
#4406 = ORIENTED_EDGE('',*,*,#297,.F.);
#4407 = ORIENTED_EDGE('',*,*,#4343,.F.);
#4408 = ORIENTED_EDGE('',*,*,#315,.T.);
#4409 = ORIENTED_EDGE('',*,*,#4368,.F.);
#4410 = ( BOUNDED_SURFACE() B_SPLINE_SURFACE(2,2,(
    (#4411,#4412,#4413)
    ,(#4414,#4415,#4416)
    ,(#4417,#4418,#4419)
    ,(#4420,#4421,#4422)
    ,(#4423,#4424,#4425
)),.UNSPECIFIED.,.F.,.F.,.F.) B_SPLINE_SURFACE_WITH_KNOTS((3,2,3),(3,3),
  (3.14159265359,4.712388980385,6.28318530718),(0.,1.570796326795),
.PIECEWISE_BEZIER_KNOTS.) GEOMETRIC_REPRESENTATION_ITEM() 
RATIONAL_B_SPLINE_SURFACE((
    (1.,0.707106781187,1.)
    ,(0.707106781187,0.5,0.707106781187)
    ,(1.,0.707106781187,1.)
    ,(0.707106781187,0.5,0.707106781187)
,(1.,0.707106781187,1.))) REPRESENTATION_ITEM('') SURFACE() );
#4411 = CARTESIAN_POINT('',(3.9,-0.15,0.102525627));
#4412 = CARTESIAN_POINT('',(3.9,-0.15,2.525626999678E-03));
#4413 = CARTESIAN_POINT('',(3.8,-0.15,2.525626999678E-03));
#4414 = CARTESIAN_POINT('',(3.9,-0.55,0.102525627));
#4415 = CARTESIAN_POINT('',(3.9,-0.55,2.525626999678E-03));
#4416 = CARTESIAN_POINT('',(3.8,-0.45,2.525626999678E-03));
#4417 = CARTESIAN_POINT('',(3.5,-0.55,0.102525627));
#4418 = CARTESIAN_POINT('',(3.5,-0.55,2.525626999678E-03));
#4419 = CARTESIAN_POINT('',(3.5,-0.45,2.525626999678E-03));
#4420 = CARTESIAN_POINT('',(3.1,-0.55,0.102525627));
#4421 = CARTESIAN_POINT('',(3.1,-0.55,2.525626999678E-03));
#4422 = CARTESIAN_POINT('',(3.2,-0.45,2.525626999678E-03));
#4423 = CARTESIAN_POINT('',(3.1,-0.15,0.102525627));
#4424 = CARTESIAN_POINT('',(3.1,-0.15,2.525626999678E-03));
#4425 = CARTESIAN_POINT('',(3.2,-0.15,2.525626999678E-03));
#4426 = ADVANCED_FACE('',(#4427),#4454,.T.);
#4427 = FACE_BOUND('',#4428,.T.);
#4428 = EDGE_LOOP('',(#4429,#4430,#4431,#4438,#4446,#4451,#4452,#4453));
#4429 = ORIENTED_EDGE('',*,*,#219,.F.);
#4430 = ORIENTED_EDGE('',*,*,#79,.T.);
#4431 = ORIENTED_EDGE('',*,*,#4432,.T.);
#4432 = EDGE_CURVE('',#82,#4433,#4435,.T.);
#4433 = VERTEX_POINT('',#4434);
#4434 = CARTESIAN_POINT('',(-0.755523673833,-0.932300369129,10.302525627
    ));
#4435 = B_SPLINE_CURVE_WITH_KNOTS('',1,(#4436,#4437),.UNSPECIFIED.,.F.,
  .F.,(2,2),(1.E-01,0.8),.PIECEWISE_BEZIER_KNOTS.);
#4436 = CARTESIAN_POINT('',(-0.755523673833,-0.932300369129,11.002525627
    ));
#4437 = CARTESIAN_POINT('',(-0.755523673833,-0.932300369129,10.302525627
    ));
#4438 = ORIENTED_EDGE('',*,*,#4439,.F.);
#4439 = EDGE_CURVE('',#4440,#4433,#4442,.T.);
#4440 = VERTEX_POINT('',#4441);
#4441 = CARTESIAN_POINT('',(-0.932300369129,-0.755523673833,10.302525627
    ));
#4442 = ( BOUNDED_CURVE() B_SPLINE_CURVE(2,(#4443,#4444,#4445),
.UNSPECIFIED.,.F.,.F.) B_SPLINE_CURVE_WITH_KNOTS((3,3),(3.822634844399,
4.031346789576),.PIECEWISE_BEZIER_KNOTS.) CURVE() 
GEOMETRIC_REPRESENTATION_ITEM() RATIONAL_B_SPLINE_CURVE((1.,
0.99455985519,1.)) REPRESENTATION_ITEM('') );
#4443 = CARTESIAN_POINT('',(-0.932300369129,-0.755523673833,10.302525627
    ));
#4444 = CARTESIAN_POINT('',(-0.853169503068,-0.853169503068,10.302525627
    ));
#4445 = CARTESIAN_POINT('',(-0.755523673833,-0.932300369129,10.302525627
    ));
#4446 = ORIENTED_EDGE('',*,*,#4447,.T.);
#4447 = EDGE_CURVE('',#4440,#1952,#4448,.T.);
#4448 = B_SPLINE_CURVE_WITH_KNOTS('',1,(#4449,#4450),.UNSPECIFIED.,.F.,
  .F.,(2,2),(-0.8,-1.E-01),.PIECEWISE_BEZIER_KNOTS.);
#4449 = CARTESIAN_POINT('',(-0.932300369129,-0.755523673833,10.302525627
    ));
#4450 = CARTESIAN_POINT('',(-0.932300369129,-0.755523673833,11.002525627
    ));
#4451 = ORIENTED_EDGE('',*,*,#1951,.T.);
#4452 = ORIENTED_EDGE('',*,*,#236,.T.);
#4453 = ORIENTED_EDGE('',*,*,#3931,.T.);
#4454 = ( BOUNDED_SURFACE() B_SPLINE_SURFACE(2,1,(
    (#4455,#4456)
    ,(#4457,#4458)
    ,(#4459,#4460)
    ,(#4461,#4462)
    ,(#4463,#4464
)),.UNSPECIFIED.,.F.,.F.,.F.) B_SPLINE_SURFACE_WITH_KNOTS((3,2,3),(2,2),
  (3.14159265359,4.712388980385,6.28318530718),(1.E-01,1.2),
.PIECEWISE_BEZIER_KNOTS.) GEOMETRIC_REPRESENTATION_ITEM() 
RATIONAL_B_SPLINE_SURFACE((
    (1.,1.)
    ,(0.707106781187,0.707106781187)
    ,(1.,1.)
    ,(0.707106781187,0.707106781187)
,(1.,1.))) REPRESENTATION_ITEM('') SURFACE() );
#4455 = CARTESIAN_POINT('',(1.2,6.68531141008E-16,11.002525627));
#4456 = CARTESIAN_POINT('',(1.2,6.68531141008E-16,9.902525627));
#4457 = CARTESIAN_POINT('',(1.2,-1.2,11.002525627));
#4458 = CARTESIAN_POINT('',(1.2,-1.2,9.902525627));
#4459 = CARTESIAN_POINT('',(-1.92427763436E-16,-1.2,11.002525627));
#4460 = CARTESIAN_POINT('',(-1.92427763436E-16,-1.2,9.902525627));
#4461 = CARTESIAN_POINT('',(-1.2,-1.2,11.002525627));
#4462 = CARTESIAN_POINT('',(-1.2,-1.2,9.902525627));
#4463 = CARTESIAN_POINT('',(-1.2,2.27658293315E-16,11.002525627));
#4464 = CARTESIAN_POINT('',(-1.2,2.27658293315E-16,9.902525627));
#4465 = ADVANCED_FACE('',(#4466),#4482,.T.);
#4466 = FACE_BOUND('',#4467,.T.);
#4467 = EDGE_LOOP('',(#4468,#4475,#4476));
#4468 = ORIENTED_EDGE('',*,*,#4469,.F.);
#4469 = EDGE_CURVE('',#98,#4470,#4472,.T.);
#4470 = VERTEX_POINT('',#4471);
#4471 = CARTESIAN_POINT('',(0.861167423452,0.684390728155,11.102525627)
  );
#4472 = B_SPLINE_CURVE_WITH_KNOTS('',1,(#4473,#4474),.UNSPECIFIED.,.F.,
  .F.,(2,2),(0.10712535028,2.29287464972),.PIECEWISE_BEZIER_KNOTS.);
#4473 = CARTESIAN_POINT('',(-0.684390728155,-0.861167423452,11.102525627
    ));
#4474 = CARTESIAN_POINT('',(0.861167423452,0.684390728155,11.102525627)
  );
#4475 = ORIENTED_EDGE('',*,*,#97,.T.);
#4476 = ORIENTED_EDGE('',*,*,#4477,.T.);
#4477 = EDGE_CURVE('',#90,#4470,#4478,.T.);
#4478 = ( BOUNDED_CURVE() B_SPLINE_CURVE(2,(#4479,#4480,#4481),
.UNSPECIFIED.,.F.,.F.) B_SPLINE_CURVE_WITH_KNOTS((3,3),(0.,
0.671515798944),.PIECEWISE_BEZIER_KNOTS.) CURVE() 
GEOMETRIC_REPRESENTATION_ITEM() RATIONAL_B_SPLINE_CURVE((1.,
0.944160864436,1.)) REPRESENTATION_ITEM('') );
#4479 = CARTESIAN_POINT('',(1.1,5.215735251104E-16,11.102525627));
#4480 = CARTESIAN_POINT('',(1.1,0.383868196039,11.102525627));
#4481 = CARTESIAN_POINT('',(0.861167423452,0.684390728155,11.102525627)
  );
#4482 = B_SPLINE_SURFACE_WITH_KNOTS('',1,1,(
    (#4483,#4484)
    ,(#4485,#4486
    )),.UNSPECIFIED.,.F.,.F.,.F.,(2,2),(2,2),(-0.684390728155,1.1),(-1.1
    ,0.684390728155),.PIECEWISE_BEZIER_KNOTS.);
#4483 = CARTESIAN_POINT('',(-0.684390728155,-1.1,11.102525627));
#4484 = CARTESIAN_POINT('',(-0.684390728155,0.684390728155,11.102525627)
  );
#4485 = CARTESIAN_POINT('',(1.1,-1.1,11.102525627));
#4486 = CARTESIAN_POINT('',(1.1,0.684390728155,11.102525627));
#4487 = ADVANCED_FACE('',(#4488),#4515,.T.);
#4488 = FACE_BOUND('',#4489,.T.);
#4489 = EDGE_LOOP('',(#4490,#4491,#4492,#4499,#4507,#4512,#4513,#4514));
#4490 = ORIENTED_EDGE('',*,*,#145,.F.);
#4491 = ORIENTED_EDGE('',*,*,#21,.T.);
#4492 = ORIENTED_EDGE('',*,*,#4493,.T.);
#4493 = EDGE_CURVE('',#24,#4494,#4496,.T.);
#4494 = VERTEX_POINT('',#4495);
#4495 = CARTESIAN_POINT('',(2.744476326167,-0.932300369129,10.302525627)
  );
#4496 = B_SPLINE_CURVE_WITH_KNOTS('',1,(#4497,#4498),.UNSPECIFIED.,.F.,
  .F.,(2,2),(1.E-01,0.8),.PIECEWISE_BEZIER_KNOTS.);
#4497 = CARTESIAN_POINT('',(2.744476326167,-0.932300369129,11.002525627)
  );
#4498 = CARTESIAN_POINT('',(2.744476326167,-0.932300369129,10.302525627)
  );
#4499 = ORIENTED_EDGE('',*,*,#4500,.F.);
#4500 = EDGE_CURVE('',#4501,#4494,#4503,.T.);
#4501 = VERTEX_POINT('',#4502);
#4502 = CARTESIAN_POINT('',(2.567699630871,-0.755523673833,10.302525627)
  );
#4503 = ( BOUNDED_CURVE() B_SPLINE_CURVE(2,(#4504,#4505,#4506),
.UNSPECIFIED.,.F.,.F.) B_SPLINE_CURVE_WITH_KNOTS((3,3),(3.822634844399,
4.031346789576),.PIECEWISE_BEZIER_KNOTS.) CURVE() 
GEOMETRIC_REPRESENTATION_ITEM() RATIONAL_B_SPLINE_CURVE((1.,
0.99455985519,1.)) REPRESENTATION_ITEM('') );
#4504 = CARTESIAN_POINT('',(2.567699630871,-0.755523673833,10.302525627)
  );
#4505 = CARTESIAN_POINT('',(2.646830496932,-0.853169503068,10.302525627)
  );
#4506 = CARTESIAN_POINT('',(2.744476326167,-0.932300369129,10.302525627)
  );
#4507 = ORIENTED_EDGE('',*,*,#4508,.T.);
#4508 = EDGE_CURVE('',#4501,#1857,#4509,.T.);
#4509 = B_SPLINE_CURVE_WITH_KNOTS('',1,(#4510,#4511),.UNSPECIFIED.,.F.,
  .F.,(2,2),(-0.8,-1.E-01),.PIECEWISE_BEZIER_KNOTS.);
#4510 = CARTESIAN_POINT('',(2.567699630871,-0.755523673833,10.302525627)
  );
#4511 = CARTESIAN_POINT('',(2.567699630871,-0.755523673833,11.002525627)
  );
#4512 = ORIENTED_EDGE('',*,*,#1856,.T.);
#4513 = ORIENTED_EDGE('',*,*,#162,.T.);
#4514 = ORIENTED_EDGE('',*,*,#3977,.T.);
#4515 = ( BOUNDED_SURFACE() B_SPLINE_SURFACE(2,1,(
    (#4516,#4517)
    ,(#4518,#4519)
    ,(#4520,#4521)
    ,(#4522,#4523)
    ,(#4524,#4525
)),.UNSPECIFIED.,.F.,.F.,.F.) B_SPLINE_SURFACE_WITH_KNOTS((3,2,3),(2,2),
  (3.14159265359,4.712388980385,6.28318530718),(1.E-01,1.2),
.PIECEWISE_BEZIER_KNOTS.) GEOMETRIC_REPRESENTATION_ITEM() 
RATIONAL_B_SPLINE_SURFACE((
    (1.,1.)
    ,(0.707106781187,0.707106781187)
    ,(1.,1.)
    ,(0.707106781187,0.707106781187)
,(1.,1.))) REPRESENTATION_ITEM('') SURFACE() );
#4516 = CARTESIAN_POINT('',(4.7,5.239708513433E-16,11.002525627));
#4517 = CARTESIAN_POINT('',(4.7,5.239708513433E-16,9.902525627));
#4518 = CARTESIAN_POINT('',(4.7,-1.2,11.002525627));
#4519 = CARTESIAN_POINT('',(4.7,-1.2,9.902525627));
#4520 = CARTESIAN_POINT('',(3.5,-1.2,11.002525627));
#4521 = CARTESIAN_POINT('',(3.5,-1.2,9.902525627));
#4522 = CARTESIAN_POINT('',(2.3,-1.2,11.002525627));
#4523 = CARTESIAN_POINT('',(2.3,-1.2,9.902525627));
#4524 = CARTESIAN_POINT('',(2.3,8.309800365026E-17,11.002525627));
#4525 = CARTESIAN_POINT('',(2.3,8.309800365026E-17,9.902525627));
#4526 = ADVANCED_FACE('',(#4527),#4543,.T.);
#4527 = FACE_BOUND('',#4528,.T.);
#4528 = EDGE_LOOP('',(#4529,#4536,#4537));
#4529 = ORIENTED_EDGE('',*,*,#4530,.F.);
#4530 = EDGE_CURVE('',#40,#4531,#4533,.T.);
#4531 = VERTEX_POINT('',#4532);
#4532 = CARTESIAN_POINT('',(4.361167423452,0.684390728155,11.102525627)
  );
#4533 = B_SPLINE_CURVE_WITH_KNOTS('',1,(#4534,#4535),.UNSPECIFIED.,.F.,
  .F.,(2,2),(0.10712535028,2.29287464972),.PIECEWISE_BEZIER_KNOTS.);
#4534 = CARTESIAN_POINT('',(2.815609271845,-0.861167423452,11.102525627)
  );
#4535 = CARTESIAN_POINT('',(4.361167423452,0.684390728155,11.102525627)
  );
#4536 = ORIENTED_EDGE('',*,*,#39,.T.);
#4537 = ORIENTED_EDGE('',*,*,#4538,.T.);
#4538 = EDGE_CURVE('',#32,#4531,#4539,.T.);
#4539 = ( BOUNDED_CURVE() B_SPLINE_CURVE(2,(#4540,#4541,#4542),
.UNSPECIFIED.,.F.,.F.) B_SPLINE_CURVE_WITH_KNOTS((3,3),(0.,
0.671515798944),.PIECEWISE_BEZIER_KNOTS.) CURVE() 
GEOMETRIC_REPRESENTATION_ITEM() RATIONAL_B_SPLINE_CURVE((1.,
0.944160864436,1.)) REPRESENTATION_ITEM('') );
#4540 = CARTESIAN_POINT('',(4.6,3.770132354456E-16,11.102525627));
#4541 = CARTESIAN_POINT('',(4.6,0.383868196039,11.102525627));
#4542 = CARTESIAN_POINT('',(4.361167423452,0.684390728155,11.102525627)
  );
#4543 = B_SPLINE_SURFACE_WITH_KNOTS('',1,1,(
    (#4544,#4545)
    ,(#4546,#4547
    )),.UNSPECIFIED.,.F.,.F.,.F.,(2,2),(2,2),(-0.684390728155,1.1),(-1.1
    ,0.684390728155),.PIECEWISE_BEZIER_KNOTS.);
#4544 = CARTESIAN_POINT('',(2.815609271845,-1.1,11.102525627));
#4545 = CARTESIAN_POINT('',(2.815609271845,0.684390728155,11.102525627)
  );
#4546 = CARTESIAN_POINT('',(4.6,-1.1,11.102525627));
#4547 = CARTESIAN_POINT('',(4.6,0.684390728155,11.102525627));
#4548 = ADVANCED_FACE('',(#4549),#4576,.T.);
#4549 = FACE_BOUND('',#4550,.T.);
#4550 = EDGE_LOOP('',(#4551,#4552,#4553,#4575));
#4551 = ORIENTED_EDGE('',*,*,#89,.F.);
#4552 = ORIENTED_EDGE('',*,*,#211,.F.);
#4553 = ORIENTED_EDGE('',*,*,#4554,.F.);
#4554 = EDGE_CURVE('',#4470,#212,#4555,.T.);
#4555 = B_SPLINE_CURVE_WITH_KNOTS('',3,(#4556,#4557,#4558,#4559,#4560,
    #4561,#4562,#4563,#4564,#4565,#4566,#4567,#4568,#4569,#4570,#4571,
    #4572,#4573,#4574),.UNSPECIFIED.,.F.,.F.,(4,3,3,3,3,3,4),(
    1.571115741965E-04,1.679645499723E-04,2.019880911971E-04,
    2.359349689456E-04,2.697071017123E-04,3.032854539101E-04,
    3.138247984442E-04),.UNSPECIFIED.);
#4556 = CARTESIAN_POINT('',(0.861167423452,0.684390728155,11.102525627)
  );
#4557 = CARTESIAN_POINT('',(0.863742094122,0.686965398825,11.102525627)
  );
#4558 = CARTESIAN_POINT('',(0.866320502462,0.689543807166,
    11.102328762636));
#4559 = CARTESIAN_POINT('',(0.868880198753,0.692103503457,11.10193663012
    ));
#4560 = CARTESIAN_POINT('',(0.876851421734,0.700074726437,
    11.100715479103));
#4561 = CARTESIAN_POINT('',(0.884784403737,0.70800770844,11.097529929954
    ));
#4562 = CARTESIAN_POINT('',(0.89201758827,0.715240892973,11.092637682574
    ));
#4563 = CARTESIAN_POINT('',(0.899234219998,0.722457524702,
    11.087756630874));
#4564 = CARTESIAN_POINT('',(0.905954459702,0.729177764405,
    11.081040198908));
#4565 = CARTESIAN_POINT('',(0.91161162135,0.734834926053,11.073041620479
    ));
#4566 = CARTESIAN_POINT('',(0.917239878238,0.740463182942,
    11.065083910068));
#4567 = CARTESIAN_POINT('',(0.921972008321,0.745195313025,
    11.055635377751));
#4568 = CARTESIAN_POINT('',(0.925406222144,0.748629526847,
    11.045481951874));
#4569 = CARTESIAN_POINT('',(0.928821027044,0.752044331747,
    11.035385909451));
#4570 = CARTESIAN_POINT('',(0.931047090099,0.754270394802,11.02431277461
    ));
#4571 = CARTESIAN_POINT('',(0.9318952527,0.755118557403,11.013185641196)
  );
#4572 = CARTESIAN_POINT('',(0.932164933413,0.755388238116,
    11.009647671864));
#4573 = CARTESIAN_POINT('',(0.93230036913,0.755523673834,11.006084093294
    ));
#4574 = CARTESIAN_POINT('',(0.932300369129,0.755523673833,11.002525627)
  );
#4575 = ORIENTED_EDGE('',*,*,#4477,.F.);
#4576 = ( BOUNDED_SURFACE() B_SPLINE_SURFACE(2,2,(
    (#4577,#4578,#4579)
    ,(#4580,#4581,#4582)
    ,(#4583,#4584,#4585
)),.UNSPECIFIED.,.F.,.F.,.F.) B_SPLINE_SURFACE_WITH_KNOTS((3,3),(3,3),(
    0.,0.681042190809),(0.,1.570796326795),.PIECEWISE_BEZIER_KNOTS.) 
GEOMETRIC_REPRESENTATION_ITEM() RATIONAL_B_SPLINE_SURFACE((
    (1.,0.707106781187,1.)
    ,(0.942580758947,0.666505246467,0.942580758947)
,(1.,0.707106781187,1.))) REPRESENTATION_ITEM('') SURFACE() );
#4577 = CARTESIAN_POINT('',(1.2,5.215735251104E-16,11.002525627));
#4578 = CARTESIAN_POINT('',(1.2,5.215735251104E-16,11.102525627));
#4579 = CARTESIAN_POINT('',(1.1,5.215735251104E-16,11.102525627));
#4580 = CARTESIAN_POINT('',(1.2,0.425187943371,11.002525627));
#4581 = CARTESIAN_POINT('',(1.2,0.425187943371,11.102525627));
#4582 = CARTESIAN_POINT('',(1.1,0.389755614757,11.102525627));
#4583 = CARTESIAN_POINT('',(0.932300369129,0.755523673833,11.002525627)
  );
#4584 = CARTESIAN_POINT('',(0.932300369129,0.755523673833,11.102525627)
  );
#4585 = CARTESIAN_POINT('',(0.854608671702,0.69256336768,11.102525627));
#4586 = ADVANCED_FACE('',(#4587),#4614,.T.);
#4587 = FACE_BOUND('',#4588,.T.);
#4588 = EDGE_LOOP('',(#4589,#4590,#4591,#4613));
#4589 = ORIENTED_EDGE('',*,*,#31,.F.);
#4590 = ORIENTED_EDGE('',*,*,#137,.F.);
#4591 = ORIENTED_EDGE('',*,*,#4592,.F.);
#4592 = EDGE_CURVE('',#4531,#138,#4593,.T.);
#4593 = B_SPLINE_CURVE_WITH_KNOTS('',3,(#4594,#4595,#4596,#4597,#4598,
    #4599,#4600,#4601,#4602,#4603,#4604,#4605,#4606,#4607,#4608,#4609,
    #4610,#4611,#4612),.UNSPECIFIED.,.F.,.F.,(4,3,3,3,3,3,4),(
    1.571115741965E-04,1.679645499723E-04,2.019880911971E-04,
    2.359349689456E-04,2.697071017123E-04,3.032854539101E-04,
    3.138247984442E-04),.UNSPECIFIED.);
#4594 = CARTESIAN_POINT('',(4.361167423452,0.684390728155,11.102525627)
  );
#4595 = CARTESIAN_POINT('',(4.363742094122,0.686965398825,11.102525627)
  );
#4596 = CARTESIAN_POINT('',(4.366320502462,0.689543807166,
    11.102328762636));
#4597 = CARTESIAN_POINT('',(4.368880198753,0.692103503457,11.10193663012
    ));
#4598 = CARTESIAN_POINT('',(4.376851421734,0.700074726437,
    11.100715479103));
#4599 = CARTESIAN_POINT('',(4.384784403737,0.70800770844,11.097529929954
    ));
#4600 = CARTESIAN_POINT('',(4.39201758827,0.715240892973,11.092637682574
    ));
#4601 = CARTESIAN_POINT('',(4.399234219998,0.722457524702,
    11.087756630874));
#4602 = CARTESIAN_POINT('',(4.405954459702,0.729177764405,
    11.081040198908));
#4603 = CARTESIAN_POINT('',(4.41161162135,0.734834926053,11.073041620479
    ));
#4604 = CARTESIAN_POINT('',(4.417239878238,0.740463182942,
    11.065083910068));
#4605 = CARTESIAN_POINT('',(4.421972008321,0.745195313025,
    11.055635377751));
#4606 = CARTESIAN_POINT('',(4.425406222144,0.748629526847,
    11.045481951874));
#4607 = CARTESIAN_POINT('',(4.428821027044,0.752044331747,
    11.035385909451));
#4608 = CARTESIAN_POINT('',(4.431047090099,0.754270394802,11.02431277461
    ));
#4609 = CARTESIAN_POINT('',(4.4318952527,0.755118557403,11.013185641196)
  );
#4610 = CARTESIAN_POINT('',(4.432164933413,0.755388238116,
    11.009647671864));
#4611 = CARTESIAN_POINT('',(4.43230036913,0.755523673834,11.006084093294
    ));
#4612 = CARTESIAN_POINT('',(4.432300369129,0.755523673833,11.002525627)
  );
#4613 = ORIENTED_EDGE('',*,*,#4538,.F.);
#4614 = ( BOUNDED_SURFACE() B_SPLINE_SURFACE(2,2,(
    (#4615,#4616,#4617)
    ,(#4618,#4619,#4620)
    ,(#4621,#4622,#4623
)),.UNSPECIFIED.,.F.,.F.,.F.) B_SPLINE_SURFACE_WITH_KNOTS((3,3),(3,3),(
    0.,0.681042190809),(0.,1.570796326795),.PIECEWISE_BEZIER_KNOTS.) 
GEOMETRIC_REPRESENTATION_ITEM() RATIONAL_B_SPLINE_SURFACE((
    (1.,0.707106781187,1.)
    ,(0.942580758947,0.666505246467,0.942580758947)
,(1.,0.707106781187,1.))) REPRESENTATION_ITEM('') SURFACE() );
#4615 = CARTESIAN_POINT('',(4.7,3.770132354456E-16,11.002525627));
#4616 = CARTESIAN_POINT('',(4.7,3.770132354456E-16,11.102525627));
#4617 = CARTESIAN_POINT('',(4.6,3.770132354456E-16,11.102525627));
#4618 = CARTESIAN_POINT('',(4.7,0.425187943371,11.002525627));
#4619 = CARTESIAN_POINT('',(4.7,0.425187943371,11.102525627));
#4620 = CARTESIAN_POINT('',(4.6,0.389755614757,11.102525627));
#4621 = CARTESIAN_POINT('',(4.432300369129,0.755523673833,11.002525627)
  );
#4622 = CARTESIAN_POINT('',(4.432300369129,0.755523673833,11.102525627)
  );
#4623 = CARTESIAN_POINT('',(4.354608671702,0.69256336768,11.102525627));
#4624 = ADVANCED_FACE('',(#4625),#4639,.T.);
#4625 = FACE_BOUND('',#4626,.T.);
#4626 = EDGE_LOOP('',(#4627,#4632,#4633,#4638));
#4627 = ORIENTED_EDGE('',*,*,#4628,.T.);
#4628 = EDGE_CURVE('',#4433,#259,#4629,.T.);
#4629 = B_SPLINE_CURVE_WITH_KNOTS('',1,(#4630,#4631),.UNSPECIFIED.,.F.,
  .F.,(2,2),(6.528173771999E-03,2.393471826228),
  .PIECEWISE_BEZIER_KNOTS.);
#4630 = CARTESIAN_POINT('',(-0.755523673833,-0.932300369129,10.302525627
    ));
#4631 = CARTESIAN_POINT('',(0.932300369129,0.755523673833,10.302525627)
  );
#4632 = ORIENTED_EDGE('',*,*,#258,.T.);
#4633 = ORIENTED_EDGE('',*,*,#4634,.T.);
#4634 = EDGE_CURVE('',#252,#4440,#4635,.T.);
#4635 = B_SPLINE_CURVE_WITH_KNOTS('',1,(#4636,#4637),.UNSPECIFIED.,.F.,
  .F.,(2,2),(-2.393471826228,-6.528173771997E-03),
  .PIECEWISE_BEZIER_KNOTS.);
#4636 = CARTESIAN_POINT('',(0.755523673833,0.932300369129,10.302525627)
  );
#4637 = CARTESIAN_POINT('',(-0.932300369129,-0.755523673833,10.302525627
    ));
#4638 = ORIENTED_EDGE('',*,*,#4439,.T.);
#4639 = B_SPLINE_SURFACE_WITH_KNOTS('',1,1,(
    (#4640,#4641)
    ,(#4642,#4643
    )),.UNSPECIFIED.,.F.,.F.,.F.,(2,2),(2,2),(-4.432300369129,
    -2.567699630871),(-0.932300369129,0.932300369129),
  .PIECEWISE_BEZIER_KNOTS.);
#4640 = CARTESIAN_POINT('',(-0.932300369129,-0.932300369129,10.302525627
    ));
#4641 = CARTESIAN_POINT('',(-0.932300369129,0.932300369129,10.302525627)
  );
#4642 = CARTESIAN_POINT('',(0.932300369129,-0.932300369129,10.302525627)
  );
#4643 = CARTESIAN_POINT('',(0.932300369129,0.932300369129,10.302525627)
  );
#4644 = ADVANCED_FACE('',(#4645),#4653,.F.);
#4645 = FACE_BOUND('',#4646,.T.);
#4646 = EDGE_LOOP('',(#4647,#4648,#4649,#4650,#4651,#4652));
#4647 = ORIENTED_EDGE('',*,*,#1931,.T.);
#4648 = ORIENTED_EDGE('',*,*,#1906,.T.);
#4649 = ORIENTED_EDGE('',*,*,#1959,.T.);
#4650 = ORIENTED_EDGE('',*,*,#4447,.F.);
#4651 = ORIENTED_EDGE('',*,*,#4634,.F.);
#4652 = ORIENTED_EDGE('',*,*,#251,.F.);
#4653 = B_SPLINE_SURFACE_WITH_KNOTS('',1,1,(
    (#4654,#4655)
    ,(#4656,#4657
    )),.UNSPECIFIED.,.F.,.F.,.F.,(2,2),(2,2),(-2.393471826228,
    -6.528173770267E-03),(0.,0.8),.PIECEWISE_BEZIER_KNOTS.);
#4654 = CARTESIAN_POINT('',(0.755523673833,0.932300369129,10.302525627)
  );
#4655 = CARTESIAN_POINT('',(0.755523673833,0.932300369129,11.102525627)
  );
#4656 = CARTESIAN_POINT('',(-0.93230036913,-0.755523673834,10.302525627)
  );
#4657 = CARTESIAN_POINT('',(-0.93230036913,-0.755523673834,11.102525627)
  );
#4658 = ADVANCED_FACE('',(#4659),#4667,.F.);
#4659 = FACE_BOUND('',#4660,.T.);
#4660 = EDGE_LOOP('',(#4661,#4662,#4663,#4664,#4665,#4666));
#4661 = ORIENTED_EDGE('',*,*,#4628,.F.);
#4662 = ORIENTED_EDGE('',*,*,#4432,.F.);
#4663 = ORIENTED_EDGE('',*,*,#105,.T.);
#4664 = ORIENTED_EDGE('',*,*,#4469,.T.);
#4665 = ORIENTED_EDGE('',*,*,#4554,.T.);
#4666 = ORIENTED_EDGE('',*,*,#266,.F.);
#4667 = B_SPLINE_SURFACE_WITH_KNOTS('',1,1,(
    (#4668,#4669)
    ,(#4670,#4671
    )),.UNSPECIFIED.,.F.,.F.,.F.,(2,2),(2,2),(6.528173771998E-03,
    2.39347182623),(0.,0.8),.PIECEWISE_BEZIER_KNOTS.);
#4668 = CARTESIAN_POINT('',(-0.755523673833,-0.932300369129,10.302525627
    ));
#4669 = CARTESIAN_POINT('',(-0.755523673833,-0.932300369129,11.102525627
    ));
#4670 = CARTESIAN_POINT('',(0.93230036913,0.755523673834,10.302525627));
#4671 = CARTESIAN_POINT('',(0.93230036913,0.755523673834,11.102525627));
#4672 = ADVANCED_FACE('',(#4673),#4687,.T.);
#4673 = FACE_BOUND('',#4674,.T.);
#4674 = EDGE_LOOP('',(#4675,#4680,#4681,#4686));
#4675 = ORIENTED_EDGE('',*,*,#4676,.T.);
#4676 = EDGE_CURVE('',#4494,#185,#4677,.T.);
#4677 = B_SPLINE_CURVE_WITH_KNOTS('',1,(#4678,#4679),.UNSPECIFIED.,.F.,
  .F.,(2,2),(6.528173771999E-03,2.393471826228),
  .PIECEWISE_BEZIER_KNOTS.);
#4678 = CARTESIAN_POINT('',(2.744476326167,-0.932300369129,10.302525627)
  );
#4679 = CARTESIAN_POINT('',(4.432300369129,0.755523673833,10.302525627)
  );
#4680 = ORIENTED_EDGE('',*,*,#184,.T.);
#4681 = ORIENTED_EDGE('',*,*,#4682,.T.);
#4682 = EDGE_CURVE('',#178,#4501,#4683,.T.);
#4683 = B_SPLINE_CURVE_WITH_KNOTS('',1,(#4684,#4685),.UNSPECIFIED.,.F.,
  .F.,(2,2),(-2.393471826228,-6.528173771997E-03),
  .PIECEWISE_BEZIER_KNOTS.);
#4684 = CARTESIAN_POINT('',(4.255523673833,0.932300369129,10.302525627)
  );
#4685 = CARTESIAN_POINT('',(2.567699630871,-0.755523673833,10.302525627)
  );
#4686 = ORIENTED_EDGE('',*,*,#4500,.T.);
#4687 = B_SPLINE_SURFACE_WITH_KNOTS('',1,1,(
    (#4688,#4689)
    ,(#4690,#4691
    )),.UNSPECIFIED.,.F.,.F.,.F.,(2,2),(2,2),(-4.432300369129,
    -2.567699630871),(-0.932300369129,0.932300369129),
  .PIECEWISE_BEZIER_KNOTS.);
#4688 = CARTESIAN_POINT('',(2.567699630871,-0.932300369129,10.302525627)
  );
#4689 = CARTESIAN_POINT('',(2.567699630871,0.932300369129,10.302525627)
  );
#4690 = CARTESIAN_POINT('',(4.432300369129,-0.932300369129,10.302525627)
  );
#4691 = CARTESIAN_POINT('',(4.432300369129,0.932300369129,10.302525627)
  );
#4692 = ADVANCED_FACE('',(#4693),#4701,.F.);
#4693 = FACE_BOUND('',#4694,.T.);
#4694 = EDGE_LOOP('',(#4695,#4696,#4697,#4698,#4699,#4700));
#4695 = ORIENTED_EDGE('',*,*,#1836,.T.);
#4696 = ORIENTED_EDGE('',*,*,#1811,.T.);
#4697 = ORIENTED_EDGE('',*,*,#1864,.T.);
#4698 = ORIENTED_EDGE('',*,*,#4508,.F.);
#4699 = ORIENTED_EDGE('',*,*,#4682,.F.);
#4700 = ORIENTED_EDGE('',*,*,#177,.F.);
#4701 = B_SPLINE_SURFACE_WITH_KNOTS('',1,1,(
    (#4702,#4703)
    ,(#4704,#4705
    )),.UNSPECIFIED.,.F.,.F.,.F.,(2,2),(2,2),(-2.393471826228,
    -6.528173770267E-03),(0.,0.8),.PIECEWISE_BEZIER_KNOTS.);
#4702 = CARTESIAN_POINT('',(4.255523673833,0.932300369129,10.302525627)
  );
#4703 = CARTESIAN_POINT('',(4.255523673833,0.932300369129,11.102525627)
  );
#4704 = CARTESIAN_POINT('',(2.56769963087,-0.755523673834,10.302525627)
  );
#4705 = CARTESIAN_POINT('',(2.56769963087,-0.755523673834,11.102525627)
  );
#4706 = ADVANCED_FACE('',(#4707),#4715,.F.);
#4707 = FACE_BOUND('',#4708,.T.);
#4708 = EDGE_LOOP('',(#4709,#4710,#4711,#4712,#4713,#4714));
#4709 = ORIENTED_EDGE('',*,*,#4676,.F.);
#4710 = ORIENTED_EDGE('',*,*,#4493,.F.);
#4711 = ORIENTED_EDGE('',*,*,#47,.T.);
#4712 = ORIENTED_EDGE('',*,*,#4530,.T.);
#4713 = ORIENTED_EDGE('',*,*,#4592,.T.);
#4714 = ORIENTED_EDGE('',*,*,#192,.F.);
#4715 = B_SPLINE_SURFACE_WITH_KNOTS('',1,1,(
    (#4716,#4717)
    ,(#4718,#4719
    )),.UNSPECIFIED.,.F.,.F.,.F.,(2,2),(2,2),(6.528173771999E-03,
    2.39347182623),(0.,0.8),.PIECEWISE_BEZIER_KNOTS.);
#4716 = CARTESIAN_POINT('',(2.744476326167,-0.932300369129,10.302525627)
  );
#4717 = CARTESIAN_POINT('',(2.744476326167,-0.932300369129,11.102525627)
  );
#4718 = CARTESIAN_POINT('',(4.43230036913,0.755523673834,10.302525627));
#4719 = CARTESIAN_POINT('',(4.43230036913,0.755523673834,11.102525627));
#4720 = MANIFOLD_SOLID_BREP('',#4721);
#4721 = CLOSED_SHELL('',(#4722,#4758,#4786,#4814,#4842,#4870,#4890,#4904
    ));
#4722 = ADVANCED_FACE('',(#4723),#4753,.F.);
#4723 = FACE_BOUND('',#4724,.T.);
#4724 = EDGE_LOOP('',(#4725,#4734,#4741,#4748));
#4725 = ORIENTED_EDGE('',*,*,#4726,.T.);
#4726 = EDGE_CURVE('',#4727,#4729,#4731,.T.);
#4727 = VERTEX_POINT('',#4728);
#4728 = CARTESIAN_POINT('',(5.25,0.662791348119,10.640309598549));
#4729 = VERTEX_POINT('',#4730);
#4730 = CARTESIAN_POINT('',(5.25,0.662791348119,10.66813352039));
#4731 = B_SPLINE_CURVE_WITH_KNOTS('',1,(#4732,#4733),.UNSPECIFIED.,.F.,
  .F.,(2,2),(-2.782392184054E-02,0.),.PIECEWISE_BEZIER_KNOTS.);
#4732 = CARTESIAN_POINT('',(5.25,0.662791348119,10.640309598549));
#4733 = CARTESIAN_POINT('',(5.25,0.662791348119,10.66813352039));
#4734 = ORIENTED_EDGE('',*,*,#4735,.F.);
#4735 = EDGE_CURVE('',#4736,#4729,#4738,.T.);
#4736 = VERTEX_POINT('',#4737);
#4737 = CARTESIAN_POINT('',(5.251,0.662791348119,10.66813352039));
#4738 = B_SPLINE_CURVE_WITH_KNOTS('',1,(#4739,#4740),.UNSPECIFIED.,.F.,
  .F.,(2,2),(-0.,1.E-03),.PIECEWISE_BEZIER_KNOTS.);
#4739 = CARTESIAN_POINT('',(5.251,0.662791348119,10.66813352039));
#4740 = CARTESIAN_POINT('',(5.25,0.662791348119,10.66813352039));
#4741 = ORIENTED_EDGE('',*,*,#4742,.F.);
#4742 = EDGE_CURVE('',#4743,#4736,#4745,.T.);
#4743 = VERTEX_POINT('',#4744);
#4744 = CARTESIAN_POINT('',(5.251,0.662791348119,10.640309598549));
#4745 = B_SPLINE_CURVE_WITH_KNOTS('',1,(#4746,#4747),.UNSPECIFIED.,.F.,
  .F.,(2,2),(-2.782392184054E-02,0.),.PIECEWISE_BEZIER_KNOTS.);
#4746 = CARTESIAN_POINT('',(5.251,0.662791348119,10.640309598549));
#4747 = CARTESIAN_POINT('',(5.251,0.662791348119,10.66813352039));
#4748 = ORIENTED_EDGE('',*,*,#4749,.T.);
#4749 = EDGE_CURVE('',#4743,#4727,#4750,.T.);
#4750 = B_SPLINE_CURVE_WITH_KNOTS('',1,(#4751,#4752),.UNSPECIFIED.,.F.,
  .F.,(2,2),(-0.,1.E-03),.PIECEWISE_BEZIER_KNOTS.);
#4751 = CARTESIAN_POINT('',(5.251,0.662791348119,10.640309598549));
#4752 = CARTESIAN_POINT('',(5.25,0.662791348119,10.640309598549));
#4753 = B_SPLINE_SURFACE_WITH_KNOTS('',1,1,(
    (#4754,#4755)
    ,(#4756,#4757
    )),.UNSPECIFIED.,.F.,.F.,.F.,(2,2),(2,2),(-0.,2.782392184054E-02),(
    -1.E-03,0.),.PIECEWISE_BEZIER_KNOTS.);
#4754 = CARTESIAN_POINT('',(5.25,0.662791348119,10.66813352039));
#4755 = CARTESIAN_POINT('',(5.251,0.662791348119,10.66813352039));
#4756 = CARTESIAN_POINT('',(5.25,0.662791348119,10.640309598549));
#4757 = CARTESIAN_POINT('',(5.251,0.662791348119,10.640309598549));
#4758 = ADVANCED_FACE('',(#4759),#4781,.F.);
#4759 = FACE_BOUND('',#4760,.T.);
#4760 = EDGE_LOOP('',(#4761,#4768,#4775,#4780));
#4761 = ORIENTED_EDGE('',*,*,#4762,.T.);
#4762 = EDGE_CURVE('',#4729,#4763,#4765,.T.);
#4763 = VERTEX_POINT('',#4764);
#4764 = CARTESIAN_POINT('',(5.25,0.565594778101,10.66813352039));
#4765 = B_SPLINE_CURVE_WITH_KNOTS('',1,(#4766,#4767),.UNSPECIFIED.,.F.,
  .F.,(2,2),(-9.719657001799E-02,-0.),.PIECEWISE_BEZIER_KNOTS.);
#4766 = CARTESIAN_POINT('',(5.25,0.662791348119,10.66813352039));
#4767 = CARTESIAN_POINT('',(5.25,0.565594778101,10.66813352039));
#4768 = ORIENTED_EDGE('',*,*,#4769,.F.);
#4769 = EDGE_CURVE('',#4770,#4763,#4772,.T.);
#4770 = VERTEX_POINT('',#4771);
#4771 = CARTESIAN_POINT('',(5.251,0.565594778101,10.66813352039));
#4772 = B_SPLINE_CURVE_WITH_KNOTS('',1,(#4773,#4774),.UNSPECIFIED.,.F.,
  .F.,(2,2),(-0.,1.E-03),.PIECEWISE_BEZIER_KNOTS.);
#4773 = CARTESIAN_POINT('',(5.251,0.565594778101,10.66813352039));
#4774 = CARTESIAN_POINT('',(5.25,0.565594778101,10.66813352039));
#4775 = ORIENTED_EDGE('',*,*,#4776,.F.);
#4776 = EDGE_CURVE('',#4736,#4770,#4777,.T.);
#4777 = B_SPLINE_CURVE_WITH_KNOTS('',1,(#4778,#4779),.UNSPECIFIED.,.F.,
  .F.,(2,2),(-9.719657001799E-02,-0.),.PIECEWISE_BEZIER_KNOTS.);
#4778 = CARTESIAN_POINT('',(5.251,0.662791348119,10.66813352039));
#4779 = CARTESIAN_POINT('',(5.251,0.565594778101,10.66813352039));
#4780 = ORIENTED_EDGE('',*,*,#4735,.T.);
#4781 = B_SPLINE_SURFACE_WITH_KNOTS('',1,1,(
    (#4782,#4783)
    ,(#4784,#4785
    )),.UNSPECIFIED.,.F.,.F.,.F.,(2,2),(2,2),(0.,1.E-03),(0.,
    9.719657001799E-02),.PIECEWISE_BEZIER_KNOTS.);
#4782 = CARTESIAN_POINT('',(5.251,0.565594778101,10.66813352039));
#4783 = CARTESIAN_POINT('',(5.251,0.662791348119,10.66813352039));
#4784 = CARTESIAN_POINT('',(5.25,0.565594778101,10.66813352039));
#4785 = CARTESIAN_POINT('',(5.25,0.662791348119,10.66813352039));
#4786 = ADVANCED_FACE('',(#4787),#4809,.F.);
#4787 = FACE_BOUND('',#4788,.T.);
#4788 = EDGE_LOOP('',(#4789,#4796,#4803,#4808));
#4789 = ORIENTED_EDGE('',*,*,#4790,.T.);
#4790 = EDGE_CURVE('',#4763,#4791,#4793,.T.);
#4791 = VERTEX_POINT('',#4792);
#4792 = CARTESIAN_POINT('',(5.25,0.565594778101,10.884361576667));
#4793 = B_SPLINE_CURVE_WITH_KNOTS('',1,(#4794,#4795),.UNSPECIFIED.,.F.,
  .F.,(2,2),(-0.216228056277,0.),.PIECEWISE_BEZIER_KNOTS.);
#4794 = CARTESIAN_POINT('',(5.25,0.565594778101,10.66813352039));
#4795 = CARTESIAN_POINT('',(5.25,0.565594778101,10.884361576667));
#4796 = ORIENTED_EDGE('',*,*,#4797,.F.);
#4797 = EDGE_CURVE('',#4798,#4791,#4800,.T.);
#4798 = VERTEX_POINT('',#4799);
#4799 = CARTESIAN_POINT('',(5.251,0.565594778101,10.884361576667));
#4800 = B_SPLINE_CURVE_WITH_KNOTS('',1,(#4801,#4802),.UNSPECIFIED.,.F.,
  .F.,(2,2),(-0.,1.E-03),.PIECEWISE_BEZIER_KNOTS.);
#4801 = CARTESIAN_POINT('',(5.251,0.565594778101,10.884361576667));
#4802 = CARTESIAN_POINT('',(5.25,0.565594778101,10.884361576667));
#4803 = ORIENTED_EDGE('',*,*,#4804,.F.);
#4804 = EDGE_CURVE('',#4770,#4798,#4805,.T.);
#4805 = B_SPLINE_CURVE_WITH_KNOTS('',1,(#4806,#4807),.UNSPECIFIED.,.F.,
  .F.,(2,2),(-0.216228056277,0.),.PIECEWISE_BEZIER_KNOTS.);
#4806 = CARTESIAN_POINT('',(5.251,0.565594778101,10.66813352039));
#4807 = CARTESIAN_POINT('',(5.251,0.565594778101,10.884361576667));
#4808 = ORIENTED_EDGE('',*,*,#4769,.T.);
#4809 = B_SPLINE_SURFACE_WITH_KNOTS('',1,1,(
    (#4810,#4811)
    ,(#4812,#4813
    )),.UNSPECIFIED.,.F.,.F.,.F.,(2,2),(2,2),(0.,0.216228056277),(
    -1.E-03,0.),.PIECEWISE_BEZIER_KNOTS.);
#4810 = CARTESIAN_POINT('',(5.25,0.565594778101,10.884361576667));
#4811 = CARTESIAN_POINT('',(5.251,0.565594778101,10.884361576667));
#4812 = CARTESIAN_POINT('',(5.25,0.565594778101,10.66813352039));
#4813 = CARTESIAN_POINT('',(5.251,0.565594778101,10.66813352039));
#4814 = ADVANCED_FACE('',(#4815),#4837,.F.);
#4815 = FACE_BOUND('',#4816,.T.);
#4816 = EDGE_LOOP('',(#4817,#4824,#4831,#4836));
#4817 = ORIENTED_EDGE('',*,*,#4818,.T.);
#4818 = EDGE_CURVE('',#4791,#4819,#4821,.T.);
#4819 = VERTEX_POINT('',#4820);
#4820 = CARTESIAN_POINT('',(5.25,0.534090113237,10.884361576667));
#4821 = B_SPLINE_CURVE_WITH_KNOTS('',1,(#4822,#4823),.UNSPECIFIED.,.F.,
  .F.,(2,2),(-3.150466486427E-02,-0.),.PIECEWISE_BEZIER_KNOTS.);
#4822 = CARTESIAN_POINT('',(5.25,0.565594778101,10.884361576667));
#4823 = CARTESIAN_POINT('',(5.25,0.534090113237,10.884361576667));
#4824 = ORIENTED_EDGE('',*,*,#4825,.F.);
#4825 = EDGE_CURVE('',#4826,#4819,#4828,.T.);
#4826 = VERTEX_POINT('',#4827);
#4827 = CARTESIAN_POINT('',(5.251,0.534090113237,10.884361576667));
#4828 = B_SPLINE_CURVE_WITH_KNOTS('',1,(#4829,#4830),.UNSPECIFIED.,.F.,
  .F.,(2,2),(-0.,1.E-03),.PIECEWISE_BEZIER_KNOTS.);
#4829 = CARTESIAN_POINT('',(5.251,0.534090113237,10.884361576667));
#4830 = CARTESIAN_POINT('',(5.25,0.534090113237,10.884361576667));
#4831 = ORIENTED_EDGE('',*,*,#4832,.F.);
#4832 = EDGE_CURVE('',#4798,#4826,#4833,.T.);
#4833 = B_SPLINE_CURVE_WITH_KNOTS('',1,(#4834,#4835),.UNSPECIFIED.,.F.,
  .F.,(2,2),(-3.150466486427E-02,-0.),.PIECEWISE_BEZIER_KNOTS.);
#4834 = CARTESIAN_POINT('',(5.251,0.565594778101,10.884361576667));
#4835 = CARTESIAN_POINT('',(5.251,0.534090113237,10.884361576667));
#4836 = ORIENTED_EDGE('',*,*,#4797,.T.);
#4837 = B_SPLINE_SURFACE_WITH_KNOTS('',1,1,(
    (#4838,#4839)
    ,(#4840,#4841
    )),.UNSPECIFIED.,.F.,.F.,.F.,(2,2),(2,2),(0.,1.E-03),(0.,
    3.150466486427E-02),.PIECEWISE_BEZIER_KNOTS.);
#4838 = CARTESIAN_POINT('',(5.251,0.534090113237,10.884361576667));
#4839 = CARTESIAN_POINT('',(5.251,0.565594778101,10.884361576667));
#4840 = CARTESIAN_POINT('',(5.25,0.534090113237,10.884361576667));
#4841 = CARTESIAN_POINT('',(5.25,0.565594778101,10.884361576667));
#4842 = ADVANCED_FACE('',(#4843),#4865,.F.);
#4843 = FACE_BOUND('',#4844,.T.);
#4844 = EDGE_LOOP('',(#4845,#4852,#4859,#4864));
#4845 = ORIENTED_EDGE('',*,*,#4846,.T.);
#4846 = EDGE_CURVE('',#4819,#4847,#4849,.T.);
#4847 = VERTEX_POINT('',#4848);
#4848 = CARTESIAN_POINT('',(5.25,0.534090113237,10.640309598549));
#4849 = B_SPLINE_CURVE_WITH_KNOTS('',1,(#4850,#4851),.UNSPECIFIED.,.F.,
  .F.,(2,2),(-0.244051978118,0.),.PIECEWISE_BEZIER_KNOTS.);
#4850 = CARTESIAN_POINT('',(5.25,0.534090113237,10.884361576667));
#4851 = CARTESIAN_POINT('',(5.25,0.534090113237,10.640309598549));
#4852 = ORIENTED_EDGE('',*,*,#4853,.F.);
#4853 = EDGE_CURVE('',#4854,#4847,#4856,.T.);
#4854 = VERTEX_POINT('',#4855);
#4855 = CARTESIAN_POINT('',(5.251,0.534090113237,10.640309598549));
#4856 = B_SPLINE_CURVE_WITH_KNOTS('',1,(#4857,#4858),.UNSPECIFIED.,.F.,
  .F.,(2,2),(-0.,1.E-03),.PIECEWISE_BEZIER_KNOTS.);
#4857 = CARTESIAN_POINT('',(5.251,0.534090113237,10.640309598549));
#4858 = CARTESIAN_POINT('',(5.25,0.534090113237,10.640309598549));
#4859 = ORIENTED_EDGE('',*,*,#4860,.F.);
#4860 = EDGE_CURVE('',#4826,#4854,#4861,.T.);
#4861 = B_SPLINE_CURVE_WITH_KNOTS('',1,(#4862,#4863),.UNSPECIFIED.,.F.,
  .F.,(2,2),(-0.244051978118,0.),.PIECEWISE_BEZIER_KNOTS.);
#4862 = CARTESIAN_POINT('',(5.251,0.534090113237,10.884361576667));
#4863 = CARTESIAN_POINT('',(5.251,0.534090113237,10.640309598549));
#4864 = ORIENTED_EDGE('',*,*,#4825,.T.);
#4865 = B_SPLINE_SURFACE_WITH_KNOTS('',1,1,(
    (#4866,#4867)
    ,(#4868,#4869
    )),.UNSPECIFIED.,.F.,.F.,.F.,(2,2),(2,2),(0.,0.244051978118),(
    -1.E-03,0.),.PIECEWISE_BEZIER_KNOTS.);
#4866 = CARTESIAN_POINT('',(5.25,0.534090113237,10.640309598549));
#4867 = CARTESIAN_POINT('',(5.251,0.534090113237,10.640309598549));
#4868 = CARTESIAN_POINT('',(5.25,0.534090113237,10.884361576667));
#4869 = CARTESIAN_POINT('',(5.251,0.534090113237,10.884361576667));
#4870 = ADVANCED_FACE('',(#4871),#4885,.F.);
#4871 = FACE_BOUND('',#4872,.T.);
#4872 = EDGE_LOOP('',(#4873,#4878,#4879,#4884));
#4873 = ORIENTED_EDGE('',*,*,#4874,.T.);
#4874 = EDGE_CURVE('',#4847,#4727,#4875,.T.);
#4875 = B_SPLINE_CURVE_WITH_KNOTS('',1,(#4876,#4877),.UNSPECIFIED.,.F.,
  .F.,(2,2),(-0.128701234882,0.),.PIECEWISE_BEZIER_KNOTS.);
#4876 = CARTESIAN_POINT('',(5.25,0.534090113237,10.640309598549));
#4877 = CARTESIAN_POINT('',(5.25,0.662791348119,10.640309598549));
#4878 = ORIENTED_EDGE('',*,*,#4749,.F.);
#4879 = ORIENTED_EDGE('',*,*,#4880,.F.);
#4880 = EDGE_CURVE('',#4854,#4743,#4881,.T.);
#4881 = B_SPLINE_CURVE_WITH_KNOTS('',1,(#4882,#4883),.UNSPECIFIED.,.F.,
  .F.,(2,2),(-0.128701234882,0.),.PIECEWISE_BEZIER_KNOTS.);
#4882 = CARTESIAN_POINT('',(5.251,0.534090113237,10.640309598549));
#4883 = CARTESIAN_POINT('',(5.251,0.662791348119,10.640309598549));
#4884 = ORIENTED_EDGE('',*,*,#4853,.T.);
#4885 = B_SPLINE_SURFACE_WITH_KNOTS('',1,1,(
    (#4886,#4887)
    ,(#4888,#4889
    )),.UNSPECIFIED.,.F.,.F.,.F.,(2,2),(2,2),(-1.E-03,0.),(
    -0.128701234882,0.),.PIECEWISE_BEZIER_KNOTS.);
#4886 = CARTESIAN_POINT('',(5.25,0.534090113237,10.640309598549));
#4887 = CARTESIAN_POINT('',(5.25,0.662791348119,10.640309598549));
#4888 = CARTESIAN_POINT('',(5.251,0.534090113237,10.640309598549));
#4889 = CARTESIAN_POINT('',(5.251,0.662791348119,10.640309598549));
#4890 = ADVANCED_FACE('',(#4891),#4899,.F.);
#4891 = FACE_BOUND('',#4892,.T.);
#4892 = EDGE_LOOP('',(#4893,#4894,#4895,#4896,#4897,#4898));
#4893 = ORIENTED_EDGE('',*,*,#4742,.T.);
#4894 = ORIENTED_EDGE('',*,*,#4776,.T.);
#4895 = ORIENTED_EDGE('',*,*,#4804,.T.);
#4896 = ORIENTED_EDGE('',*,*,#4832,.T.);
#4897 = ORIENTED_EDGE('',*,*,#4860,.T.);
#4898 = ORIENTED_EDGE('',*,*,#4880,.T.);
#4899 = B_SPLINE_SURFACE_WITH_KNOTS('',1,1,(
    (#4900,#4901)
    ,(#4902,#4903
    )),.UNSPECIFIED.,.F.,.F.,.F.,(2,2),(2,2),(7.13778397155,
    7.381835949667),(0.534090113237,0.662791348119),
  .PIECEWISE_BEZIER_KNOTS.);
#4900 = CARTESIAN_POINT('',(5.251,0.534090113237,10.640309598549));
#4901 = CARTESIAN_POINT('',(5.251,0.662791348119,10.640309598549));
#4902 = CARTESIAN_POINT('',(5.251,0.534090113237,10.884361576667));
#4903 = CARTESIAN_POINT('',(5.251,0.662791348119,10.884361576667));
#4904 = ADVANCED_FACE('',(#4905),#4913,.T.);
#4905 = FACE_BOUND('',#4906,.T.);
#4906 = EDGE_LOOP('',(#4907,#4908,#4909,#4910,#4911,#4912));
#4907 = ORIENTED_EDGE('',*,*,#4726,.F.);
#4908 = ORIENTED_EDGE('',*,*,#4874,.F.);
#4909 = ORIENTED_EDGE('',*,*,#4846,.F.);
#4910 = ORIENTED_EDGE('',*,*,#4818,.F.);
#4911 = ORIENTED_EDGE('',*,*,#4790,.F.);
#4912 = ORIENTED_EDGE('',*,*,#4762,.F.);
#4913 = B_SPLINE_SURFACE_WITH_KNOTS('',1,1,(
    (#4914,#4915)
    ,(#4916,#4917
    )),.UNSPECIFIED.,.F.,.F.,.F.,(2,2),(2,2),(7.13778397155,
    7.381835949667),(0.534090113237,0.662791348119),
  .PIECEWISE_BEZIER_KNOTS.);
#4914 = CARTESIAN_POINT('',(5.25,0.534090113237,10.640309598549));
#4915 = CARTESIAN_POINT('',(5.25,0.662791348119,10.640309598549));
#4916 = CARTESIAN_POINT('',(5.25,0.534090113237,10.884361576667));
#4917 = CARTESIAN_POINT('',(5.25,0.662791348119,10.884361576667));
#4918 = MANIFOLD_SOLID_BREP('',#4919);
#4919 = CLOSED_SHELL('',(#4920,#4964,#4992,#5028,#5064,#5100,#5136,#5172
    ,#5208,#5236,#5272,#5308,#5344,#5380,#5408,#5430));
#4920 = ADVANCED_FACE('',(#4921),#4955,.F.);
#4921 = FACE_BOUND('',#4922,.F.);
#4922 = EDGE_LOOP('',(#4923,#4932,#4941,#4948));
#4923 = ORIENTED_EDGE('',*,*,#4924,.F.);
#4924 = EDGE_CURVE('',#4925,#4927,#4929,.T.);
#4925 = VERTEX_POINT('',#4926);
#4926 = CARTESIAN_POINT('',(5.251,0.787936610927,10.6361921572));
#4927 = VERTEX_POINT('',#4928);
#4928 = CARTESIAN_POINT('',(5.25,0.787936610927,10.6361921572));
#4929 = B_SPLINE_CURVE_WITH_KNOTS('',1,(#4930,#4931),.UNSPECIFIED.,.F.,
  .F.,(2,2),(-0.,1.E-03),.PIECEWISE_BEZIER_KNOTS.);
#4930 = CARTESIAN_POINT('',(5.251,0.787936610927,10.6361921572));
#4931 = CARTESIAN_POINT('',(5.25,0.787936610927,10.6361921572));
#4932 = ORIENTED_EDGE('',*,*,#4933,.T.);
#4933 = EDGE_CURVE('',#4925,#4934,#4936,.T.);
#4934 = VERTEX_POINT('',#4935);
#4935 = CARTESIAN_POINT('',(5.251,0.855500080329,10.650416045496));
#4936 = B_SPLINE_CURVE_WITH_KNOTS('',3,(#4937,#4938,#4939,#4940),
  .UNSPECIFIED.,.F.,.F.,(4,4),(0.,1.),.PIECEWISE_BEZIER_KNOTS.);
#4937 = CARTESIAN_POINT('',(5.251,0.787936610927,10.6361921572));
#4938 = CARTESIAN_POINT('',(5.251,0.815011907068,10.6361921572));
#4939 = CARTESIAN_POINT('',(5.251,0.837533063535,10.640933453298));
#4940 = CARTESIAN_POINT('',(5.251,0.855500080329,10.650416045496));
#4941 = ORIENTED_EDGE('',*,*,#4942,.T.);
#4942 = EDGE_CURVE('',#4934,#4943,#4945,.T.);
#4943 = VERTEX_POINT('',#4944);
#4944 = CARTESIAN_POINT('',(5.25,0.855500080329,10.650416045496));
#4945 = B_SPLINE_CURVE_WITH_KNOTS('',1,(#4946,#4947),.UNSPECIFIED.,.F.,
  .F.,(2,2),(-0.,1.E-03),.PIECEWISE_BEZIER_KNOTS.);
#4946 = CARTESIAN_POINT('',(5.251,0.855500080329,10.650416045496));
#4947 = CARTESIAN_POINT('',(5.25,0.855500080329,10.650416045496));
#4948 = ORIENTED_EDGE('',*,*,#4949,.F.);
#4949 = EDGE_CURVE('',#4927,#4943,#4950,.T.);
#4950 = B_SPLINE_CURVE_WITH_KNOTS('',3,(#4951,#4952,#4953,#4954),
  .UNSPECIFIED.,.F.,.F.,(4,4),(0.,1.),.PIECEWISE_BEZIER_KNOTS.);
#4951 = CARTESIAN_POINT('',(5.25,0.787936610927,10.6361921572));
#4952 = CARTESIAN_POINT('',(5.25,0.815011907068,10.6361921572));
#4953 = CARTESIAN_POINT('',(5.25,0.837533063535,10.640933453298));
#4954 = CARTESIAN_POINT('',(5.25,0.855500080329,10.650416045496));
#4955 = B_SPLINE_SURFACE_WITH_KNOTS('',3,1,(
    (#4956,#4957)
    ,(#4958,#4959)
    ,(#4960,#4961)
    ,(#4962,#4963
    )),.UNSPECIFIED.,.F.,.F.,.F.,(4,4),(2,2),(0.,1.),(0.,1.),
  .PIECEWISE_BEZIER_KNOTS.);
#4956 = CARTESIAN_POINT('',(5.251,0.787936610927,10.6361921572));
#4957 = CARTESIAN_POINT('',(5.25,0.787936610927,10.6361921572));
#4958 = CARTESIAN_POINT('',(5.251,0.815011907068,10.6361921572));
#4959 = CARTESIAN_POINT('',(5.25,0.815011907068,10.6361921572));
#4960 = CARTESIAN_POINT('',(5.251,0.837533063535,10.640933453298));
#4961 = CARTESIAN_POINT('',(5.25,0.837533063535,10.640933453298));
#4962 = CARTESIAN_POINT('',(5.251,0.855500080329,10.650416045496));
#4963 = CARTESIAN_POINT('',(5.25,0.855500080329,10.650416045496));
#4964 = ADVANCED_FACE('',(#4965),#4987,.F.);
#4965 = FACE_BOUND('',#4966,.T.);
#4966 = EDGE_LOOP('',(#4967,#4974,#4981,#4986));
#4967 = ORIENTED_EDGE('',*,*,#4968,.T.);
#4968 = EDGE_CURVE('',#4943,#4969,#4971,.T.);
#4969 = VERTEX_POINT('',#4970);
#4970 = CARTESIAN_POINT('',(5.25,0.855500080329,10.680610615386));
#4971 = B_SPLINE_CURVE_WITH_KNOTS('',1,(#4972,#4973),.UNSPECIFIED.,.F.,
  .F.,(2,2),(-3.019456989037E-02,0.),.PIECEWISE_BEZIER_KNOTS.);
#4972 = CARTESIAN_POINT('',(5.25,0.855500080329,10.650416045496));
#4973 = CARTESIAN_POINT('',(5.25,0.855500080329,10.680610615386));
#4974 = ORIENTED_EDGE('',*,*,#4975,.F.);
#4975 = EDGE_CURVE('',#4976,#4969,#4978,.T.);
#4976 = VERTEX_POINT('',#4977);
#4977 = CARTESIAN_POINT('',(5.251,0.855500080329,10.680610615386));
#4978 = B_SPLINE_CURVE_WITH_KNOTS('',1,(#4979,#4980),.UNSPECIFIED.,.F.,
  .F.,(2,2),(-0.,1.E-03),.PIECEWISE_BEZIER_KNOTS.);
#4979 = CARTESIAN_POINT('',(5.251,0.855500080329,10.680610615386));
#4980 = CARTESIAN_POINT('',(5.25,0.855500080329,10.680610615386));
#4981 = ORIENTED_EDGE('',*,*,#4982,.F.);
#4982 = EDGE_CURVE('',#4934,#4976,#4983,.T.);
#4983 = B_SPLINE_CURVE_WITH_KNOTS('',1,(#4984,#4985),.UNSPECIFIED.,.F.,
  .F.,(2,2),(-3.019456989037E-02,0.),.PIECEWISE_BEZIER_KNOTS.);
#4984 = CARTESIAN_POINT('',(5.251,0.855500080329,10.650416045496));
#4985 = CARTESIAN_POINT('',(5.251,0.855500080329,10.680610615386));
#4986 = ORIENTED_EDGE('',*,*,#4942,.T.);
#4987 = B_SPLINE_SURFACE_WITH_KNOTS('',1,1,(
    (#4988,#4989)
    ,(#4990,#4991
    )),.UNSPECIFIED.,.F.,.F.,.F.,(2,2),(2,2),(0.,3.019456989037E-02),(
    -1.E-03,0.),.PIECEWISE_BEZIER_KNOTS.);
#4988 = CARTESIAN_POINT('',(5.25,0.855500080329,10.680610615386));
#4989 = CARTESIAN_POINT('',(5.251,0.855500080329,10.680610615386));
#4990 = CARTESIAN_POINT('',(5.25,0.855500080329,10.650416045496));
#4991 = CARTESIAN_POINT('',(5.251,0.855500080329,10.650416045496));
#4992 = ADVANCED_FACE('',(#4993),#5019,.F.);
#4993 = FACE_BOUND('',#4994,.F.);
#4994 = EDGE_LOOP('',(#4995,#4996,#5005,#5012));
#4995 = ORIENTED_EDGE('',*,*,#4975,.F.);
#4996 = ORIENTED_EDGE('',*,*,#4997,.T.);
#4997 = EDGE_CURVE('',#4976,#4998,#5000,.T.);
#4998 = VERTEX_POINT('',#4999);
#4999 = CARTESIAN_POINT('',(5.251,0.7924907506,10.664265620941));
#5000 = B_SPLINE_CURVE_WITH_KNOTS('',3,(#5001,#5002,#5003,#5004),
  .UNSPECIFIED.,.F.,.F.,(4,4),(12.,13.),.PIECEWISE_BEZIER_KNOTS.);
#5001 = CARTESIAN_POINT('',(5.251,0.855500080329,10.680610615386));
#5002 = CARTESIAN_POINT('',(5.251,0.837657834485,10.669755542739));
#5003 = CARTESIAN_POINT('',(5.251,0.816633929417,10.664265620941));
#5004 = CARTESIAN_POINT('',(5.251,0.7924907506,10.664265620941));
#5005 = ORIENTED_EDGE('',*,*,#5006,.T.);
#5006 = EDGE_CURVE('',#4998,#5007,#5009,.T.);
#5007 = VERTEX_POINT('',#5008);
#5008 = CARTESIAN_POINT('',(5.25,0.7924907506,10.664265620941));
#5009 = B_SPLINE_CURVE_WITH_KNOTS('',1,(#5010,#5011),.UNSPECIFIED.,.F.,
  .F.,(2,2),(-0.,1.E-03),.PIECEWISE_BEZIER_KNOTS.);
#5010 = CARTESIAN_POINT('',(5.251,0.7924907506,10.664265620941));
#5011 = CARTESIAN_POINT('',(5.25,0.7924907506,10.664265620941));
#5012 = ORIENTED_EDGE('',*,*,#5013,.F.);
#5013 = EDGE_CURVE('',#4969,#5007,#5014,.T.);
#5014 = B_SPLINE_CURVE_WITH_KNOTS('',3,(#5015,#5016,#5017,#5018),
  .UNSPECIFIED.,.F.,.F.,(4,4),(12.,13.),.PIECEWISE_BEZIER_KNOTS.);
#5015 = CARTESIAN_POINT('',(5.25,0.855500080329,10.680610615386));
#5016 = CARTESIAN_POINT('',(5.25,0.837657834485,10.669755542739));
#5017 = CARTESIAN_POINT('',(5.25,0.816633929417,10.664265620941));
#5018 = CARTESIAN_POINT('',(5.25,0.7924907506,10.664265620941));
#5019 = B_SPLINE_SURFACE_WITH_KNOTS('',3,1,(
    (#5020,#5021)
    ,(#5022,#5023)
    ,(#5024,#5025)
    ,(#5026,#5027
    )),.UNSPECIFIED.,.F.,.F.,.F.,(4,4),(2,2),(12.,13.),(0.,1.),
  .PIECEWISE_BEZIER_KNOTS.);
#5020 = CARTESIAN_POINT('',(5.251,0.855500080329,10.680610615386));
#5021 = CARTESIAN_POINT('',(5.25,0.855500080329,10.680610615386));
#5022 = CARTESIAN_POINT('',(5.251,0.837657834485,10.669755542739));
#5023 = CARTESIAN_POINT('',(5.25,0.837657834485,10.669755542739));
#5024 = CARTESIAN_POINT('',(5.251,0.816633929417,10.664265620941));
#5025 = CARTESIAN_POINT('',(5.25,0.816633929417,10.664265620941));
#5026 = CARTESIAN_POINT('',(5.251,0.7924907506,10.664265620941));
#5027 = CARTESIAN_POINT('',(5.25,0.7924907506,10.664265620941));
#5028 = ADVANCED_FACE('',(#5029),#5055,.F.);
#5029 = FACE_BOUND('',#5030,.F.);
#5030 = EDGE_LOOP('',(#5031,#5032,#5041,#5048));
#5031 = ORIENTED_EDGE('',*,*,#5006,.F.);
#5032 = ORIENTED_EDGE('',*,*,#5033,.T.);
#5033 = EDGE_CURVE('',#4998,#5034,#5036,.T.);
#5034 = VERTEX_POINT('',#5035);
#5035 = CARTESIAN_POINT('',(5.251,0.729793348246,10.689968436633));
#5036 = B_SPLINE_CURVE_WITH_KNOTS('',3,(#5037,#5038,#5039,#5040),
  .UNSPECIFIED.,.F.,.F.,(4,4),(11.,12.),.PIECEWISE_BEZIER_KNOTS.);
#5037 = CARTESIAN_POINT('',(5.251,0.7924907506,10.664265620941));
#5038 = CARTESIAN_POINT('',(5.251,0.766663163959,10.664265620941));
#5039 = CARTESIAN_POINT('',(5.251,0.745764029841,10.672874816488));
#5040 = CARTESIAN_POINT('',(5.251,0.729793348246,10.689968436633));
#5041 = ORIENTED_EDGE('',*,*,#5042,.T.);
#5042 = EDGE_CURVE('',#5034,#5043,#5045,.T.);
#5043 = VERTEX_POINT('',#5044);
#5044 = CARTESIAN_POINT('',(5.25,0.729793348246,10.689968436633));
#5045 = B_SPLINE_CURVE_WITH_KNOTS('',1,(#5046,#5047),.UNSPECIFIED.,.F.,
  .F.,(2,2),(-0.,1.E-03),.PIECEWISE_BEZIER_KNOTS.);
#5046 = CARTESIAN_POINT('',(5.251,0.729793348246,10.689968436633));
#5047 = CARTESIAN_POINT('',(5.25,0.729793348246,10.689968436633));
#5048 = ORIENTED_EDGE('',*,*,#5049,.F.);
#5049 = EDGE_CURVE('',#5007,#5043,#5050,.T.);
#5050 = B_SPLINE_CURVE_WITH_KNOTS('',3,(#5051,#5052,#5053,#5054),
  .UNSPECIFIED.,.F.,.F.,(4,4),(11.,12.),.PIECEWISE_BEZIER_KNOTS.);
#5051 = CARTESIAN_POINT('',(5.25,0.7924907506,10.664265620941));
#5052 = CARTESIAN_POINT('',(5.25,0.766663163959,10.664265620941));
#5053 = CARTESIAN_POINT('',(5.25,0.745764029841,10.672874816488));
#5054 = CARTESIAN_POINT('',(5.25,0.729793348246,10.689968436633));
#5055 = B_SPLINE_SURFACE_WITH_KNOTS('',3,1,(
    (#5056,#5057)
    ,(#5058,#5059)
    ,(#5060,#5061)
    ,(#5062,#5063
    )),.UNSPECIFIED.,.F.,.F.,.F.,(4,4),(2,2),(11.,12.),(0.,1.),
  .PIECEWISE_BEZIER_KNOTS.);
#5056 = CARTESIAN_POINT('',(5.251,0.7924907506,10.664265620941));
#5057 = CARTESIAN_POINT('',(5.25,0.7924907506,10.664265620941));
#5058 = CARTESIAN_POINT('',(5.251,0.766663163959,10.664265620941));
#5059 = CARTESIAN_POINT('',(5.25,0.766663163959,10.664265620941));
#5060 = CARTESIAN_POINT('',(5.251,0.745764029841,10.672874816488));
#5061 = CARTESIAN_POINT('',(5.25,0.745764029841,10.672874816488));
#5062 = CARTESIAN_POINT('',(5.251,0.729793348246,10.689968436633));
#5063 = CARTESIAN_POINT('',(5.25,0.729793348246,10.689968436633));
#5064 = ADVANCED_FACE('',(#5065),#5091,.F.);
#5065 = FACE_BOUND('',#5066,.F.);
#5066 = EDGE_LOOP('',(#5067,#5068,#5077,#5084));
#5067 = ORIENTED_EDGE('',*,*,#5042,.F.);
#5068 = ORIENTED_EDGE('',*,*,#5069,.T.);
#5069 = EDGE_CURVE('',#5034,#5070,#5072,.T.);
#5070 = VERTEX_POINT('',#5071);
#5071 = CARTESIAN_POINT('',(5.251,0.705837325855,10.75959062671));
#5072 = B_SPLINE_CURVE_WITH_KNOTS('',3,(#5073,#5074,#5075,#5076),
  .UNSPECIFIED.,.F.,.F.,(4,4),(10.,11.),.PIECEWISE_BEZIER_KNOTS.);
#5073 = CARTESIAN_POINT('',(5.251,0.729793348246,10.689968436633));
#5074 = CARTESIAN_POINT('',(5.251,0.713822666651,10.707186827727));
#5075 = CARTESIAN_POINT('',(5.251,0.705837325855,10.73039422442));
#5076 = CARTESIAN_POINT('',(5.251,0.705837325855,10.75959062671));
#5077 = ORIENTED_EDGE('',*,*,#5078,.T.);
#5078 = EDGE_CURVE('',#5070,#5079,#5081,.T.);
#5079 = VERTEX_POINT('',#5080);
#5080 = CARTESIAN_POINT('',(5.25,0.705837325855,10.75959062671));
#5081 = B_SPLINE_CURVE_WITH_KNOTS('',1,(#5082,#5083),.UNSPECIFIED.,.F.,
  .F.,(2,2),(-0.,1.E-03),.PIECEWISE_BEZIER_KNOTS.);
#5082 = CARTESIAN_POINT('',(5.251,0.705837325855,10.75959062671));
#5083 = CARTESIAN_POINT('',(5.25,0.705837325855,10.75959062671));
#5084 = ORIENTED_EDGE('',*,*,#5085,.F.);
#5085 = EDGE_CURVE('',#5043,#5079,#5086,.T.);
#5086 = B_SPLINE_CURVE_WITH_KNOTS('',3,(#5087,#5088,#5089,#5090),
  .UNSPECIFIED.,.F.,.F.,(4,4),(10.,11.),.PIECEWISE_BEZIER_KNOTS.);
#5087 = CARTESIAN_POINT('',(5.25,0.729793348246,10.689968436633));
#5088 = CARTESIAN_POINT('',(5.25,0.713822666651,10.707186827727));
#5089 = CARTESIAN_POINT('',(5.25,0.705837325855,10.73039422442));
#5090 = CARTESIAN_POINT('',(5.25,0.705837325855,10.75959062671));
#5091 = B_SPLINE_SURFACE_WITH_KNOTS('',3,1,(
    (#5092,#5093)
    ,(#5094,#5095)
    ,(#5096,#5097)
    ,(#5098,#5099
    )),.UNSPECIFIED.,.F.,.F.,.F.,(4,4),(2,2),(10.,11.),(0.,1.),
  .PIECEWISE_BEZIER_KNOTS.);
#5092 = CARTESIAN_POINT('',(5.251,0.729793348246,10.689968436633));
#5093 = CARTESIAN_POINT('',(5.25,0.729793348246,10.689968436633));
#5094 = CARTESIAN_POINT('',(5.251,0.713822666651,10.707186827727));
#5095 = CARTESIAN_POINT('',(5.25,0.713822666651,10.707186827727));
#5096 = CARTESIAN_POINT('',(5.251,0.705837325855,10.73039422442));
#5097 = CARTESIAN_POINT('',(5.25,0.705837325855,10.73039422442));
#5098 = CARTESIAN_POINT('',(5.251,0.705837325855,10.75959062671));
#5099 = CARTESIAN_POINT('',(5.25,0.705837325855,10.75959062671));
#5100 = ADVANCED_FACE('',(#5101),#5127,.F.);
#5101 = FACE_BOUND('',#5102,.F.);
#5102 = EDGE_LOOP('',(#5103,#5104,#5113,#5120));
#5103 = ORIENTED_EDGE('',*,*,#5078,.F.);
#5104 = ORIENTED_EDGE('',*,*,#5105,.T.);
#5105 = EDGE_CURVE('',#5070,#5106,#5108,.T.);
#5106 = VERTEX_POINT('',#5107);
#5107 = CARTESIAN_POINT('',(5.251,0.731477756071,10.832955945285));
#5108 = B_SPLINE_CURVE_WITH_KNOTS('',3,(#5109,#5110,#5111,#5112),
  .UNSPECIFIED.,.F.,.F.,(4,4),(9.,10.),.PIECEWISE_BEZIER_KNOTS.);
#5109 = CARTESIAN_POINT('',(5.251,0.705837325855,10.75959062671));
#5110 = CARTESIAN_POINT('',(5.251,0.705837325855,10.790284280399));
#5111 = CARTESIAN_POINT('',(5.251,0.714384135926,10.81473938659));
#5112 = CARTESIAN_POINT('',(5.251,0.731477756071,10.832955945285));
#5113 = ORIENTED_EDGE('',*,*,#5114,.T.);
#5114 = EDGE_CURVE('',#5106,#5115,#5117,.T.);
#5115 = VERTEX_POINT('',#5116);
#5116 = CARTESIAN_POINT('',(5.25,0.731477756071,10.832955945285));
#5117 = B_SPLINE_CURVE_WITH_KNOTS('',1,(#5118,#5119),.UNSPECIFIED.,.F.,
  .F.,(2,2),(-0.,1.E-03),.PIECEWISE_BEZIER_KNOTS.);
#5118 = CARTESIAN_POINT('',(5.251,0.731477756071,10.832955945285));
#5119 = CARTESIAN_POINT('',(5.25,0.731477756071,10.832955945285));
#5120 = ORIENTED_EDGE('',*,*,#5121,.F.);
#5121 = EDGE_CURVE('',#5079,#5115,#5122,.T.);
#5122 = B_SPLINE_CURVE_WITH_KNOTS('',3,(#5123,#5124,#5125,#5126),
  .UNSPECIFIED.,.F.,.F.,(4,4),(9.,10.),.PIECEWISE_BEZIER_KNOTS.);
#5123 = CARTESIAN_POINT('',(5.25,0.705837325855,10.75959062671));
#5124 = CARTESIAN_POINT('',(5.25,0.705837325855,10.790284280399));
#5125 = CARTESIAN_POINT('',(5.25,0.714384135926,10.81473938659));
#5126 = CARTESIAN_POINT('',(5.25,0.731477756071,10.832955945285));
#5127 = B_SPLINE_SURFACE_WITH_KNOTS('',3,1,(
    (#5128,#5129)
    ,(#5130,#5131)
    ,(#5132,#5133)
    ,(#5134,#5135
    )),.UNSPECIFIED.,.F.,.F.,.F.,(4,4),(2,2),(9.,10.),(0.,1.),
  .PIECEWISE_BEZIER_KNOTS.);
#5128 = CARTESIAN_POINT('',(5.251,0.705837325855,10.75959062671));
#5129 = CARTESIAN_POINT('',(5.25,0.705837325855,10.75959062671));
#5130 = CARTESIAN_POINT('',(5.251,0.705837325855,10.790284280399));
#5131 = CARTESIAN_POINT('',(5.25,0.705837325855,10.790284280399));
#5132 = CARTESIAN_POINT('',(5.251,0.714384135926,10.81473938659));
#5133 = CARTESIAN_POINT('',(5.25,0.714384135926,10.81473938659));
#5134 = CARTESIAN_POINT('',(5.251,0.731477756071,10.832955945285));
#5135 = CARTESIAN_POINT('',(5.25,0.731477756071,10.832955945285));
#5136 = ADVANCED_FACE('',(#5137),#5163,.F.);
#5137 = FACE_BOUND('',#5138,.F.);
#5138 = EDGE_LOOP('',(#5139,#5140,#5149,#5156));
#5139 = ORIENTED_EDGE('',*,*,#5114,.F.);
#5140 = ORIENTED_EDGE('',*,*,#5141,.T.);
#5141 = EDGE_CURVE('',#5106,#5142,#5144,.T.);
#5142 = VERTEX_POINT('',#5143);
#5143 = CARTESIAN_POINT('',(5.251,0.797980672399,10.860031241425));
#5144 = B_SPLINE_CURVE_WITH_KNOTS('',3,(#5145,#5146,#5147,#5148),
  .UNSPECIFIED.,.F.,.F.,(4,4),(8.,9.),.PIECEWISE_BEZIER_KNOTS.);
#5145 = CARTESIAN_POINT('',(5.251,0.731477756071,10.832955945285));
#5146 = CARTESIAN_POINT('',(5.251,0.74863376169,10.851047733028));
#5147 = CARTESIAN_POINT('',(5.251,0.770780605308,10.860031241425));
#5148 = CARTESIAN_POINT('',(5.251,0.797980672399,10.860031241425));
#5149 = ORIENTED_EDGE('',*,*,#5150,.T.);
#5150 = EDGE_CURVE('',#5142,#5151,#5153,.T.);
#5151 = VERTEX_POINT('',#5152);
#5152 = CARTESIAN_POINT('',(5.25,0.797980672399,10.860031241425));
#5153 = B_SPLINE_CURVE_WITH_KNOTS('',1,(#5154,#5155),.UNSPECIFIED.,.F.,
  .F.,(2,2),(-0.,1.E-03),.PIECEWISE_BEZIER_KNOTS.);
#5154 = CARTESIAN_POINT('',(5.251,0.797980672399,10.860031241425));
#5155 = CARTESIAN_POINT('',(5.25,0.797980672399,10.860031241425));
#5156 = ORIENTED_EDGE('',*,*,#5157,.F.);
#5157 = EDGE_CURVE('',#5115,#5151,#5158,.T.);
#5158 = B_SPLINE_CURVE_WITH_KNOTS('',3,(#5159,#5160,#5161,#5162),
  .UNSPECIFIED.,.F.,.F.,(4,4),(8.,9.),.PIECEWISE_BEZIER_KNOTS.);
#5159 = CARTESIAN_POINT('',(5.25,0.731477756071,10.832955945285));
#5160 = CARTESIAN_POINT('',(5.25,0.74863376169,10.851047733028));
#5161 = CARTESIAN_POINT('',(5.25,0.770780605308,10.860031241425));
#5162 = CARTESIAN_POINT('',(5.25,0.797980672399,10.860031241425));
#5163 = B_SPLINE_SURFACE_WITH_KNOTS('',3,1,(
    (#5164,#5165)
    ,(#5166,#5167)
    ,(#5168,#5169)
    ,(#5170,#5171
    )),.UNSPECIFIED.,.F.,.F.,.F.,(4,4),(2,2),(8.,9.),(0.,1.),
  .PIECEWISE_BEZIER_KNOTS.);
#5164 = CARTESIAN_POINT('',(5.251,0.731477756071,10.832955945285));
#5165 = CARTESIAN_POINT('',(5.25,0.731477756071,10.832955945285));
#5166 = CARTESIAN_POINT('',(5.251,0.74863376169,10.851047733028));
#5167 = CARTESIAN_POINT('',(5.25,0.74863376169,10.851047733028));
#5168 = CARTESIAN_POINT('',(5.251,0.770780605308,10.860031241425));
#5169 = CARTESIAN_POINT('',(5.25,0.770780605308,10.860031241425));
#5170 = CARTESIAN_POINT('',(5.251,0.797980672399,10.860031241425));
#5171 = CARTESIAN_POINT('',(5.25,0.797980672399,10.860031241425));
#5172 = ADVANCED_FACE('',(#5173),#5199,.F.);
#5173 = FACE_BOUND('',#5174,.F.);
#5174 = EDGE_LOOP('',(#5175,#5176,#5185,#5192));
#5175 = ORIENTED_EDGE('',*,*,#5150,.F.);
#5176 = ORIENTED_EDGE('',*,*,#5177,.T.);
#5177 = EDGE_CURVE('',#5142,#5178,#5180,.T.);
#5178 = VERTEX_POINT('',#5179);
#5179 = CARTESIAN_POINT('',(5.251,0.855500080329,10.845557811231));
#5180 = B_SPLINE_CURVE_WITH_KNOTS('',3,(#5181,#5182,#5183,#5184),
  .UNSPECIFIED.,.F.,.F.,(4,4),(7.,8.),.PIECEWISE_BEZIER_KNOTS.);
#5181 = CARTESIAN_POINT('',(5.251,0.797980672399,10.860031241425));
#5182 = CARTESIAN_POINT('',(5.251,0.818879806516,10.860031241425));
#5183 = CARTESIAN_POINT('',(5.251,0.838032147335,10.855289945327));
#5184 = CARTESIAN_POINT('',(5.251,0.855500080329,10.845557811231));
#5185 = ORIENTED_EDGE('',*,*,#5186,.T.);
#5186 = EDGE_CURVE('',#5178,#5187,#5189,.T.);
#5187 = VERTEX_POINT('',#5188);
#5188 = CARTESIAN_POINT('',(5.25,0.855500080329,10.845557811231));
#5189 = B_SPLINE_CURVE_WITH_KNOTS('',1,(#5190,#5191),.UNSPECIFIED.,.F.,
  .F.,(2,2),(-0.,1.E-03),.PIECEWISE_BEZIER_KNOTS.);
#5190 = CARTESIAN_POINT('',(5.251,0.855500080329,10.845557811231));
#5191 = CARTESIAN_POINT('',(5.25,0.855500080329,10.845557811231));
#5192 = ORIENTED_EDGE('',*,*,#5193,.F.);
#5193 = EDGE_CURVE('',#5151,#5187,#5194,.T.);
#5194 = B_SPLINE_CURVE_WITH_KNOTS('',3,(#5195,#5196,#5197,#5198),
  .UNSPECIFIED.,.F.,.F.,(4,4),(7.,8.),.PIECEWISE_BEZIER_KNOTS.);
#5195 = CARTESIAN_POINT('',(5.25,0.797980672399,10.860031241425));
#5196 = CARTESIAN_POINT('',(5.25,0.818879806516,10.860031241425));
#5197 = CARTESIAN_POINT('',(5.25,0.838032147335,10.855289945327));
#5198 = CARTESIAN_POINT('',(5.25,0.855500080329,10.845557811231));
#5199 = B_SPLINE_SURFACE_WITH_KNOTS('',3,1,(
    (#5200,#5201)
    ,(#5202,#5203)
    ,(#5204,#5205)
    ,(#5206,#5207
    )),.UNSPECIFIED.,.F.,.F.,.F.,(4,4),(2,2),(7.,8.),(0.,1.),
  .PIECEWISE_BEZIER_KNOTS.);
#5200 = CARTESIAN_POINT('',(5.251,0.797980672399,10.860031241425));
#5201 = CARTESIAN_POINT('',(5.25,0.797980672399,10.860031241425));
#5202 = CARTESIAN_POINT('',(5.251,0.818879806516,10.860031241425));
#5203 = CARTESIAN_POINT('',(5.25,0.818879806516,10.860031241425));
#5204 = CARTESIAN_POINT('',(5.251,0.838032147335,10.855289945327));
#5205 = CARTESIAN_POINT('',(5.25,0.838032147335,10.855289945327));
#5206 = CARTESIAN_POINT('',(5.251,0.855500080329,10.845557811231));
#5207 = CARTESIAN_POINT('',(5.25,0.855500080329,10.845557811231));
#5208 = ADVANCED_FACE('',(#5209),#5231,.F.);
#5209 = FACE_BOUND('',#5210,.T.);
#5210 = EDGE_LOOP('',(#5211,#5218,#5225,#5230));
#5211 = ORIENTED_EDGE('',*,*,#5212,.T.);
#5212 = EDGE_CURVE('',#5187,#5213,#5215,.T.);
#5213 = VERTEX_POINT('',#5214);
#5214 = CARTESIAN_POINT('',(5.25,0.855500080329,10.878497342019));
#5215 = B_SPLINE_CURVE_WITH_KNOTS('',1,(#5216,#5217),.UNSPECIFIED.,.F.,
  .F.,(2,2),(-3.293953078798E-02,0.),.PIECEWISE_BEZIER_KNOTS.);
#5216 = CARTESIAN_POINT('',(5.25,0.855500080329,10.845557811231));
#5217 = CARTESIAN_POINT('',(5.25,0.855500080329,10.878497342019));
#5218 = ORIENTED_EDGE('',*,*,#5219,.F.);
#5219 = EDGE_CURVE('',#5220,#5213,#5222,.T.);
#5220 = VERTEX_POINT('',#5221);
#5221 = CARTESIAN_POINT('',(5.251,0.855500080329,10.878497342019));
#5222 = B_SPLINE_CURVE_WITH_KNOTS('',1,(#5223,#5224),.UNSPECIFIED.,.F.,
  .F.,(2,2),(-0.,1.E-03),.PIECEWISE_BEZIER_KNOTS.);
#5223 = CARTESIAN_POINT('',(5.251,0.855500080329,10.878497342019));
#5224 = CARTESIAN_POINT('',(5.25,0.855500080329,10.878497342019));
#5225 = ORIENTED_EDGE('',*,*,#5226,.F.);
#5226 = EDGE_CURVE('',#5178,#5220,#5227,.T.);
#5227 = B_SPLINE_CURVE_WITH_KNOTS('',1,(#5228,#5229),.UNSPECIFIED.,.F.,
  .F.,(2,2),(-3.293953078798E-02,0.),.PIECEWISE_BEZIER_KNOTS.);
#5228 = CARTESIAN_POINT('',(5.251,0.855500080329,10.845557811231));
#5229 = CARTESIAN_POINT('',(5.251,0.855500080329,10.878497342019));
#5230 = ORIENTED_EDGE('',*,*,#5186,.T.);
#5231 = B_SPLINE_SURFACE_WITH_KNOTS('',1,1,(
    (#5232,#5233)
    ,(#5234,#5235
    )),.UNSPECIFIED.,.F.,.F.,.F.,(2,2),(2,2),(-0.,3.293953078798E-02),(
    -1.000000000001E-03,0.),.PIECEWISE_BEZIER_KNOTS.);
#5232 = CARTESIAN_POINT('',(5.25,0.855500080329,10.878497342019));
#5233 = CARTESIAN_POINT('',(5.251,0.855500080329,10.878497342019));
#5234 = CARTESIAN_POINT('',(5.25,0.855500080329,10.845557811231));
#5235 = CARTESIAN_POINT('',(5.251,0.855500080329,10.845557811231));
#5236 = ADVANCED_FACE('',(#5237),#5263,.F.);
#5237 = FACE_BOUND('',#5238,.F.);
#5238 = EDGE_LOOP('',(#5239,#5240,#5249,#5256));
#5239 = ORIENTED_EDGE('',*,*,#5219,.F.);
#5240 = ORIENTED_EDGE('',*,*,#5241,.T.);
#5241 = EDGE_CURVE('',#5220,#5242,#5244,.T.);
#5242 = VERTEX_POINT('',#5243);
#5243 = CARTESIAN_POINT('',(5.251,0.797668745023,10.888479018016));
#5244 = B_SPLINE_CURVE_WITH_KNOTS('',3,(#5245,#5246,#5247,#5248),
  .UNSPECIFIED.,.F.,.F.,(4,4),(5.,6.),.PIECEWISE_BEZIER_KNOTS.);
#5245 = CARTESIAN_POINT('',(5.251,0.855500080329,10.878497342019));
#5246 = CARTESIAN_POINT('',(5.251,0.840278024434,10.885110202368));
#5247 = CARTESIAN_POINT('',(5.251,0.821000912665,10.888479018016));
#5248 = CARTESIAN_POINT('',(5.251,0.797668745023,10.888479018016));
#5249 = ORIENTED_EDGE('',*,*,#5250,.T.);
#5250 = EDGE_CURVE('',#5242,#5251,#5253,.T.);
#5251 = VERTEX_POINT('',#5252);
#5252 = CARTESIAN_POINT('',(5.25,0.797668745023,10.888479018016));
#5253 = B_SPLINE_CURVE_WITH_KNOTS('',1,(#5254,#5255),.UNSPECIFIED.,.F.,
  .F.,(2,2),(-0.,1.E-03),.PIECEWISE_BEZIER_KNOTS.);
#5254 = CARTESIAN_POINT('',(5.251,0.797668745023,10.888479018016));
#5255 = CARTESIAN_POINT('',(5.25,0.797668745023,10.888479018016));
#5256 = ORIENTED_EDGE('',*,*,#5257,.F.);
#5257 = EDGE_CURVE('',#5213,#5251,#5258,.T.);
#5258 = B_SPLINE_CURVE_WITH_KNOTS('',3,(#5259,#5260,#5261,#5262),
  .UNSPECIFIED.,.F.,.F.,(4,4),(5.,6.),.PIECEWISE_BEZIER_KNOTS.);
#5259 = CARTESIAN_POINT('',(5.25,0.855500080329,10.878497342019));
#5260 = CARTESIAN_POINT('',(5.25,0.840278024434,10.885110202368));
#5261 = CARTESIAN_POINT('',(5.25,0.821000912665,10.888479018016));
#5262 = CARTESIAN_POINT('',(5.25,0.797668745023,10.888479018016));
#5263 = B_SPLINE_SURFACE_WITH_KNOTS('',3,1,(
    (#5264,#5265)
    ,(#5266,#5267)
    ,(#5268,#5269)
    ,(#5270,#5271
    )),.UNSPECIFIED.,.F.,.F.,.F.,(4,4),(2,2),(5.,6.),(0.,1.),
  .PIECEWISE_BEZIER_KNOTS.);
#5264 = CARTESIAN_POINT('',(5.251,0.855500080329,10.878497342019));
#5265 = CARTESIAN_POINT('',(5.25,0.855500080329,10.878497342019));
#5266 = CARTESIAN_POINT('',(5.251,0.840278024434,10.885110202368));
#5267 = CARTESIAN_POINT('',(5.25,0.840278024434,10.885110202368));
#5268 = CARTESIAN_POINT('',(5.251,0.821000912665,10.888479018016));
#5269 = CARTESIAN_POINT('',(5.25,0.821000912665,10.888479018016));
#5270 = CARTESIAN_POINT('',(5.251,0.797668745023,10.888479018016));
#5271 = CARTESIAN_POINT('',(5.25,0.797668745023,10.888479018016));
#5272 = ADVANCED_FACE('',(#5273),#5299,.F.);
#5273 = FACE_BOUND('',#5274,.F.);
#5274 = EDGE_LOOP('',(#5275,#5276,#5285,#5292));
#5275 = ORIENTED_EDGE('',*,*,#5250,.F.);
#5276 = ORIENTED_EDGE('',*,*,#5277,.T.);
#5277 = EDGE_CURVE('',#5242,#5278,#5280,.T.);
#5278 = VERTEX_POINT('',#5279);
#5279 = CARTESIAN_POINT('',(5.251,0.708020817478,10.852544984427));
#5280 = B_SPLINE_CURVE_WITH_KNOTS('',3,(#5281,#5282,#5283,#5284),
  .UNSPECIFIED.,.F.,.F.,(4,4),(4.,5.),.PIECEWISE_BEZIER_KNOTS.);
#5281 = CARTESIAN_POINT('',(5.251,0.797668745023,10.888479018016));
#5282 = CARTESIAN_POINT('',(5.251,0.761422784061,10.888479018016));
#5283 = CARTESIAN_POINT('',(5.251,0.731540141546,10.87650100682));
#5284 = CARTESIAN_POINT('',(5.251,0.708020817478,10.852544984427));
#5285 = ORIENTED_EDGE('',*,*,#5286,.T.);
#5286 = EDGE_CURVE('',#5278,#5287,#5289,.T.);
#5287 = VERTEX_POINT('',#5288);
#5288 = CARTESIAN_POINT('',(5.25,0.708020817478,10.852544984427));
#5289 = B_SPLINE_CURVE_WITH_KNOTS('',1,(#5290,#5291),.UNSPECIFIED.,.F.,
  .F.,(2,2),(-0.,1.E-03),.PIECEWISE_BEZIER_KNOTS.);
#5290 = CARTESIAN_POINT('',(5.251,0.708020817478,10.852544984427));
#5291 = CARTESIAN_POINT('',(5.25,0.708020817478,10.852544984427));
#5292 = ORIENTED_EDGE('',*,*,#5293,.F.);
#5293 = EDGE_CURVE('',#5251,#5287,#5294,.T.);
#5294 = B_SPLINE_CURVE_WITH_KNOTS('',3,(#5295,#5296,#5297,#5298),
  .UNSPECIFIED.,.F.,.F.,(4,4),(4.,5.),.PIECEWISE_BEZIER_KNOTS.);
#5295 = CARTESIAN_POINT('',(5.25,0.797668745023,10.888479018016));
#5296 = CARTESIAN_POINT('',(5.25,0.761422784061,10.888479018016));
#5297 = CARTESIAN_POINT('',(5.25,0.731540141546,10.87650100682));
#5298 = CARTESIAN_POINT('',(5.25,0.708020817478,10.852544984427));
#5299 = B_SPLINE_SURFACE_WITH_KNOTS('',3,1,(
    (#5300,#5301)
    ,(#5302,#5303)
    ,(#5304,#5305)
    ,(#5306,#5307
    )),.UNSPECIFIED.,.F.,.F.,.F.,(4,4),(2,2),(4.,5.),(0.,1.),
  .PIECEWISE_BEZIER_KNOTS.);
#5300 = CARTESIAN_POINT('',(5.251,0.797668745023,10.888479018016));
#5301 = CARTESIAN_POINT('',(5.25,0.797668745023,10.888479018016));
#5302 = CARTESIAN_POINT('',(5.251,0.761422784061,10.888479018016));
#5303 = CARTESIAN_POINT('',(5.25,0.761422784061,10.888479018016));
#5304 = CARTESIAN_POINT('',(5.251,0.731540141546,10.87650100682));
#5305 = CARTESIAN_POINT('',(5.25,0.731540141546,10.87650100682));
#5306 = CARTESIAN_POINT('',(5.251,0.708020817478,10.852544984427));
#5307 = CARTESIAN_POINT('',(5.25,0.708020817478,10.852544984427));
#5308 = ADVANCED_FACE('',(#5309),#5335,.F.);
#5309 = FACE_BOUND('',#5310,.F.);
#5310 = EDGE_LOOP('',(#5311,#5312,#5321,#5328));
#5311 = ORIENTED_EDGE('',*,*,#5286,.F.);
#5312 = ORIENTED_EDGE('',*,*,#5313,.T.);
#5313 = EDGE_CURVE('',#5278,#5314,#5316,.T.);
#5314 = VERTEX_POINT('',#5315);
#5315 = CARTESIAN_POINT('',(5.251,0.672773024115,10.757719062459));
#5316 = B_SPLINE_CURVE_WITH_KNOTS('',3,(#5317,#5318,#5319,#5320),
  .UNSPECIFIED.,.F.,.F.,(4,4),(3.,4.),.PIECEWISE_BEZIER_KNOTS.);
#5317 = CARTESIAN_POINT('',(5.251,0.708020817478,10.852544984427));
#5318 = CARTESIAN_POINT('',(5.251,0.684501493411,10.828588962036));
#5319 = CARTESIAN_POINT('',(5.251,0.672773024115,10.797021911696));
#5320 = CARTESIAN_POINT('',(5.251,0.672773024115,10.757719062459));
#5321 = ORIENTED_EDGE('',*,*,#5322,.T.);
#5322 = EDGE_CURVE('',#5314,#5323,#5325,.T.);
#5323 = VERTEX_POINT('',#5324);
#5324 = CARTESIAN_POINT('',(5.25,0.672773024115,10.757719062459));
#5325 = B_SPLINE_CURVE_WITH_KNOTS('',1,(#5326,#5327),.UNSPECIFIED.,.F.,
  .F.,(2,2),(-0.,1.E-03),.PIECEWISE_BEZIER_KNOTS.);
#5326 = CARTESIAN_POINT('',(5.251,0.672773024115,10.757719062459));
#5327 = CARTESIAN_POINT('',(5.25,0.672773024115,10.757719062459));
#5328 = ORIENTED_EDGE('',*,*,#5329,.F.);
#5329 = EDGE_CURVE('',#5287,#5323,#5330,.T.);
#5330 = B_SPLINE_CURVE_WITH_KNOTS('',3,(#5331,#5332,#5333,#5334),
  .UNSPECIFIED.,.F.,.F.,(4,4),(3.,4.),.PIECEWISE_BEZIER_KNOTS.);
#5331 = CARTESIAN_POINT('',(5.25,0.708020817478,10.852544984427));
#5332 = CARTESIAN_POINT('',(5.25,0.684501493411,10.828588962036));
#5333 = CARTESIAN_POINT('',(5.25,0.672773024115,10.797021911696));
#5334 = CARTESIAN_POINT('',(5.25,0.672773024115,10.757719062459));
#5335 = B_SPLINE_SURFACE_WITH_KNOTS('',3,1,(
    (#5336,#5337)
    ,(#5338,#5339)
    ,(#5340,#5341)
    ,(#5342,#5343
    )),.UNSPECIFIED.,.F.,.F.,.F.,(4,4),(2,2),(3.,4.),(0.,1.),
  .PIECEWISE_BEZIER_KNOTS.);
#5336 = CARTESIAN_POINT('',(5.251,0.708020817478,10.852544984427));
#5337 = CARTESIAN_POINT('',(5.25,0.708020817478,10.852544984427));
#5338 = CARTESIAN_POINT('',(5.251,0.684501493411,10.828588962036));
#5339 = CARTESIAN_POINT('',(5.25,0.684501493411,10.828588962036));
#5340 = CARTESIAN_POINT('',(5.251,0.672773024115,10.797021911696));
#5341 = CARTESIAN_POINT('',(5.25,0.672773024115,10.797021911696));
#5342 = CARTESIAN_POINT('',(5.251,0.672773024115,10.757719062459));
#5343 = CARTESIAN_POINT('',(5.25,0.672773024115,10.757719062459));
#5344 = ADVANCED_FACE('',(#5345),#5371,.F.);
#5345 = FACE_BOUND('',#5346,.F.);
#5346 = EDGE_LOOP('',(#5347,#5348,#5357,#5364));
#5347 = ORIENTED_EDGE('',*,*,#5322,.F.);
#5348 = ORIENTED_EDGE('',*,*,#5349,.T.);
#5349 = EDGE_CURVE('',#5314,#5350,#5352,.T.);
#5350 = VERTEX_POINT('',#5351);
#5351 = CARTESIAN_POINT('',(5.251,0.704090532555,10.66950600084));
#5352 = B_SPLINE_CURVE_WITH_KNOTS('',3,(#5353,#5354,#5355,#5356),
  .UNSPECIFIED.,.F.,.F.,(4,4),(2.,3.),.PIECEWISE_BEZIER_KNOTS.);
#5353 = CARTESIAN_POINT('',(5.251,0.672773024115,10.757719062459));
#5354 = CARTESIAN_POINT('',(5.251,0.672773024115,10.721161174122));
#5355 = CARTESIAN_POINT('',(5.251,0.683191398437,10.691715229932));
#5356 = CARTESIAN_POINT('',(5.251,0.704090532555,10.66950600084));
#5357 = ORIENTED_EDGE('',*,*,#5358,.T.);
#5358 = EDGE_CURVE('',#5350,#5359,#5361,.T.);
#5359 = VERTEX_POINT('',#5360);
#5360 = CARTESIAN_POINT('',(5.25,0.704090532555,10.66950600084));
#5361 = B_SPLINE_CURVE_WITH_KNOTS('',1,(#5362,#5363),.UNSPECIFIED.,.F.,
  .F.,(2,2),(-0.,1.E-03),.PIECEWISE_BEZIER_KNOTS.);
#5362 = CARTESIAN_POINT('',(5.251,0.704090532555,10.66950600084));
#5363 = CARTESIAN_POINT('',(5.25,0.704090532555,10.66950600084));
#5364 = ORIENTED_EDGE('',*,*,#5365,.F.);
#5365 = EDGE_CURVE('',#5323,#5359,#5366,.T.);
#5366 = B_SPLINE_CURVE_WITH_KNOTS('',3,(#5367,#5368,#5369,#5370),
  .UNSPECIFIED.,.F.,.F.,(4,4),(2.,3.),.PIECEWISE_BEZIER_KNOTS.);
#5367 = CARTESIAN_POINT('',(5.25,0.672773024115,10.757719062459));
#5368 = CARTESIAN_POINT('',(5.25,0.672773024115,10.721161174122));
#5369 = CARTESIAN_POINT('',(5.25,0.683191398437,10.691715229932));
#5370 = CARTESIAN_POINT('',(5.25,0.704090532555,10.66950600084));
#5371 = B_SPLINE_SURFACE_WITH_KNOTS('',3,1,(
    (#5372,#5373)
    ,(#5374,#5375)
    ,(#5376,#5377)
    ,(#5378,#5379
    )),.UNSPECIFIED.,.F.,.F.,.F.,(4,4),(2,2),(2.,3.),(0.,1.),
  .PIECEWISE_BEZIER_KNOTS.);
#5372 = CARTESIAN_POINT('',(5.251,0.672773024115,10.757719062459));
#5373 = CARTESIAN_POINT('',(5.25,0.672773024115,10.757719062459));
#5374 = CARTESIAN_POINT('',(5.251,0.672773024115,10.721161174122));
#5375 = CARTESIAN_POINT('',(5.25,0.672773024115,10.721161174122));
#5376 = CARTESIAN_POINT('',(5.251,0.683191398437,10.691715229932));
#5377 = CARTESIAN_POINT('',(5.25,0.683191398437,10.691715229932));
#5378 = CARTESIAN_POINT('',(5.251,0.704090532555,10.66950600084));
#5379 = CARTESIAN_POINT('',(5.25,0.704090532555,10.66950600084));
#5380 = ADVANCED_FACE('',(#5381),#5399,.F.);
#5381 = FACE_BOUND('',#5382,.F.);
#5382 = EDGE_LOOP('',(#5383,#5384,#5391,#5392));
#5383 = ORIENTED_EDGE('',*,*,#5358,.F.);
#5384 = ORIENTED_EDGE('',*,*,#5385,.T.);
#5385 = EDGE_CURVE('',#5350,#4925,#5386,.T.);
#5386 = B_SPLINE_CURVE_WITH_KNOTS('',3,(#5387,#5388,#5389,#5390),
  .UNSPECIFIED.,.F.,.F.,(4,4),(1.,2.),.PIECEWISE_BEZIER_KNOTS.);
#5387 = CARTESIAN_POINT('',(5.251,0.704090532555,10.66950600084));
#5388 = CARTESIAN_POINT('',(5.251,0.724989666673,10.647296771747));
#5389 = CARTESIAN_POINT('',(5.251,0.752938359464,10.6361921572));
#5390 = CARTESIAN_POINT('',(5.251,0.787936610927,10.6361921572));
#5391 = ORIENTED_EDGE('',*,*,#4924,.T.);
#5392 = ORIENTED_EDGE('',*,*,#5393,.F.);
#5393 = EDGE_CURVE('',#5359,#4927,#5394,.T.);
#5394 = B_SPLINE_CURVE_WITH_KNOTS('',3,(#5395,#5396,#5397,#5398),
  .UNSPECIFIED.,.F.,.F.,(4,4),(1.,2.),.PIECEWISE_BEZIER_KNOTS.);
#5395 = CARTESIAN_POINT('',(5.25,0.704090532555,10.66950600084));
#5396 = CARTESIAN_POINT('',(5.25,0.724989666673,10.647296771747));
#5397 = CARTESIAN_POINT('',(5.25,0.752938359464,10.6361921572));
#5398 = CARTESIAN_POINT('',(5.25,0.787936610927,10.6361921572));
#5399 = B_SPLINE_SURFACE_WITH_KNOTS('',3,1,(
    (#5400,#5401)
    ,(#5402,#5403)
    ,(#5404,#5405)
    ,(#5406,#5407
    )),.UNSPECIFIED.,.F.,.F.,.F.,(4,4),(2,2),(1.,2.),(0.,1.),
  .PIECEWISE_BEZIER_KNOTS.);
#5400 = CARTESIAN_POINT('',(5.251,0.704090532555,10.66950600084));
#5401 = CARTESIAN_POINT('',(5.25,0.704090532555,10.66950600084));
#5402 = CARTESIAN_POINT('',(5.251,0.724989666673,10.647296771747));
#5403 = CARTESIAN_POINT('',(5.25,0.724989666673,10.647296771747));
#5404 = CARTESIAN_POINT('',(5.251,0.752938359464,10.6361921572));
#5405 = CARTESIAN_POINT('',(5.25,0.752938359464,10.6361921572));
#5406 = CARTESIAN_POINT('',(5.251,0.787936610927,10.6361921572));
#5407 = CARTESIAN_POINT('',(5.25,0.787936610927,10.6361921572));
#5408 = ADVANCED_FACE('',(#5409),#5425,.T.);
#5409 = FACE_BOUND('',#5410,.T.);
#5410 = EDGE_LOOP('',(#5411,#5412,#5413,#5414,#5415,#5416,#5417,#5418,
    #5419,#5420,#5421,#5422,#5423,#5424));
#5411 = ORIENTED_EDGE('',*,*,#4933,.T.);
#5412 = ORIENTED_EDGE('',*,*,#4982,.T.);
#5413 = ORIENTED_EDGE('',*,*,#4997,.T.);
#5414 = ORIENTED_EDGE('',*,*,#5033,.T.);
#5415 = ORIENTED_EDGE('',*,*,#5069,.T.);
#5416 = ORIENTED_EDGE('',*,*,#5105,.T.);
#5417 = ORIENTED_EDGE('',*,*,#5141,.T.);
#5418 = ORIENTED_EDGE('',*,*,#5177,.T.);
#5419 = ORIENTED_EDGE('',*,*,#5226,.T.);
#5420 = ORIENTED_EDGE('',*,*,#5241,.T.);
#5421 = ORIENTED_EDGE('',*,*,#5277,.T.);
#5422 = ORIENTED_EDGE('',*,*,#5313,.T.);
#5423 = ORIENTED_EDGE('',*,*,#5349,.T.);
#5424 = ORIENTED_EDGE('',*,*,#5385,.T.);
#5425 = B_SPLINE_SURFACE_WITH_KNOTS('',1,1,(
    (#5426,#5427)
    ,(#5428,#5429
    )),.UNSPECIFIED.,.F.,.F.,.F.,(2,2),(2,2),(-0.248730888742,
    3.555972073703E-03),(-0.152360926268,3.036612994636E-02),
  .PIECEWISE_BEZIER_KNOTS.);
#5426 = CARTESIAN_POINT('',(5.251,0.672773024115,10.888479018016));
#5427 = CARTESIAN_POINT('',(5.251,0.855500080329,10.888479018016));
#5428 = CARTESIAN_POINT('',(5.251,0.672773024115,10.6361921572));
#5429 = CARTESIAN_POINT('',(5.251,0.855500080329,10.6361921572));
#5430 = ADVANCED_FACE('',(#5431),#5447,.F.);
#5431 = FACE_BOUND('',#5432,.T.);
#5432 = EDGE_LOOP('',(#5433,#5434,#5435,#5436,#5437,#5438,#5439,#5440,
    #5441,#5442,#5443,#5444,#5445,#5446));
#5433 = ORIENTED_EDGE('',*,*,#4949,.F.);
#5434 = ORIENTED_EDGE('',*,*,#5393,.F.);
#5435 = ORIENTED_EDGE('',*,*,#5365,.F.);
#5436 = ORIENTED_EDGE('',*,*,#5329,.F.);
#5437 = ORIENTED_EDGE('',*,*,#5293,.F.);
#5438 = ORIENTED_EDGE('',*,*,#5257,.F.);
#5439 = ORIENTED_EDGE('',*,*,#5212,.F.);
#5440 = ORIENTED_EDGE('',*,*,#5193,.F.);
#5441 = ORIENTED_EDGE('',*,*,#5157,.F.);
#5442 = ORIENTED_EDGE('',*,*,#5121,.F.);
#5443 = ORIENTED_EDGE('',*,*,#5085,.F.);
#5444 = ORIENTED_EDGE('',*,*,#5049,.F.);
#5445 = ORIENTED_EDGE('',*,*,#5013,.F.);
#5446 = ORIENTED_EDGE('',*,*,#4968,.F.);
#5447 = B_SPLINE_SURFACE_WITH_KNOTS('',1,1,(
    (#5448,#5449)
    ,(#5450,#5451
    )),.UNSPECIFIED.,.F.,.F.,.F.,(2,2),(2,2),(-0.248730888742,
    3.555972073703E-03),(-0.152360926268,3.036612994636E-02),
  .PIECEWISE_BEZIER_KNOTS.);
#5448 = CARTESIAN_POINT('',(5.25,0.672773024115,10.888479018016));
#5449 = CARTESIAN_POINT('',(5.25,0.855500080329,10.888479018016));
#5450 = CARTESIAN_POINT('',(5.25,0.672773024115,10.6361921572));
#5451 = CARTESIAN_POINT('',(5.25,0.855500080329,10.6361921572));
#5452 = MANIFOLD_SOLID_BREP('',#5453);
#5453 = CLOSED_SHELL('',(#5454,#5490,#5518,#5546,#5574,#5602,#5630,#5658
    ,#5686,#5714,#5742,#5770,#5790,#5810));
#5454 = ADVANCED_FACE('',(#5455),#5485,.F.);
#5455 = FACE_BOUND('',#5456,.T.);
#5456 = EDGE_LOOP('',(#5457,#5466,#5473,#5480));
#5457 = ORIENTED_EDGE('',*,*,#5458,.T.);
#5458 = EDGE_CURVE('',#5459,#5461,#5463,.T.);
#5459 = VERTEX_POINT('',#5460);
#5460 = CARTESIAN_POINT('',(5.25,1.035606946593,10.640309598549));
#5461 = VERTEX_POINT('',#5462);
#5462 = CARTESIAN_POINT('',(5.25,1.035606946593,10.66813352039));
#5463 = B_SPLINE_CURVE_WITH_KNOTS('',1,(#5464,#5465),.UNSPECIFIED.,.F.,
  .F.,(2,2),(-2.782392184054E-02,0.),.PIECEWISE_BEZIER_KNOTS.);
#5464 = CARTESIAN_POINT('',(5.25,1.035606946593,10.640309598549));
#5465 = CARTESIAN_POINT('',(5.25,1.035606946593,10.66813352039));
#5466 = ORIENTED_EDGE('',*,*,#5467,.F.);
#5467 = EDGE_CURVE('',#5468,#5461,#5470,.T.);
#5468 = VERTEX_POINT('',#5469);
#5469 = CARTESIAN_POINT('',(5.251,1.035606946593,10.66813352039));
#5470 = B_SPLINE_CURVE_WITH_KNOTS('',1,(#5471,#5472),.UNSPECIFIED.,.F.,
  .F.,(2,2),(-0.,1.E-03),.PIECEWISE_BEZIER_KNOTS.);
#5471 = CARTESIAN_POINT('',(5.251,1.035606946593,10.66813352039));
#5472 = CARTESIAN_POINT('',(5.25,1.035606946593,10.66813352039));
#5473 = ORIENTED_EDGE('',*,*,#5474,.F.);
#5474 = EDGE_CURVE('',#5475,#5468,#5477,.T.);
#5475 = VERTEX_POINT('',#5476);
#5476 = CARTESIAN_POINT('',(5.251,1.035606946593,10.640309598549));
#5477 = B_SPLINE_CURVE_WITH_KNOTS('',1,(#5478,#5479),.UNSPECIFIED.,.F.,
  .F.,(2,2),(-2.782392184054E-02,0.),.PIECEWISE_BEZIER_KNOTS.);
#5478 = CARTESIAN_POINT('',(5.251,1.035606946593,10.640309598549));
#5479 = CARTESIAN_POINT('',(5.251,1.035606946593,10.66813352039));
#5480 = ORIENTED_EDGE('',*,*,#5481,.T.);
#5481 = EDGE_CURVE('',#5475,#5459,#5482,.T.);
#5482 = B_SPLINE_CURVE_WITH_KNOTS('',1,(#5483,#5484),.UNSPECIFIED.,.F.,
  .F.,(2,2),(-0.,1.E-03),.PIECEWISE_BEZIER_KNOTS.);
#5483 = CARTESIAN_POINT('',(5.251,1.035606946593,10.640309598549));
#5484 = CARTESIAN_POINT('',(5.25,1.035606946593,10.640309598549));
#5485 = B_SPLINE_SURFACE_WITH_KNOTS('',1,1,(
    (#5486,#5487)
    ,(#5488,#5489
    )),.UNSPECIFIED.,.F.,.F.,.F.,(2,2),(2,2),(-0.,2.782392184054E-02),(
    -1.E-03,0.),.PIECEWISE_BEZIER_KNOTS.);
#5486 = CARTESIAN_POINT('',(5.25,1.035606946593,10.66813352039));
#5487 = CARTESIAN_POINT('',(5.251,1.035606946593,10.66813352039));
#5488 = CARTESIAN_POINT('',(5.25,1.035606946593,10.640309598549));
#5489 = CARTESIAN_POINT('',(5.251,1.035606946593,10.640309598549));
#5490 = ADVANCED_FACE('',(#5491),#5513,.F.);
#5491 = FACE_BOUND('',#5492,.T.);
#5492 = EDGE_LOOP('',(#5493,#5500,#5507,#5512));
#5493 = ORIENTED_EDGE('',*,*,#5494,.T.);
#5494 = EDGE_CURVE('',#5461,#5495,#5497,.T.);
#5495 = VERTEX_POINT('',#5496);
#5496 = CARTESIAN_POINT('',(5.25,0.935852572102,10.66813352039));
#5497 = B_SPLINE_CURVE_WITH_KNOTS('',1,(#5498,#5499),.UNSPECIFIED.,.F.,
  .F.,(2,2),(-9.975437449089E-02,-0.),.PIECEWISE_BEZIER_KNOTS.);
#5498 = CARTESIAN_POINT('',(5.25,1.035606946593,10.66813352039));
#5499 = CARTESIAN_POINT('',(5.25,0.935852572102,10.66813352039));
#5500 = ORIENTED_EDGE('',*,*,#5501,.F.);
#5501 = EDGE_CURVE('',#5502,#5495,#5504,.T.);
#5502 = VERTEX_POINT('',#5503);
#5503 = CARTESIAN_POINT('',(5.251,0.935852572102,10.66813352039));
#5504 = B_SPLINE_CURVE_WITH_KNOTS('',1,(#5505,#5506),.UNSPECIFIED.,.F.,
  .F.,(2,2),(-0.,1.E-03),.PIECEWISE_BEZIER_KNOTS.);
#5505 = CARTESIAN_POINT('',(5.251,0.935852572102,10.66813352039));
#5506 = CARTESIAN_POINT('',(5.25,0.935852572102,10.66813352039));
#5507 = ORIENTED_EDGE('',*,*,#5508,.F.);
#5508 = EDGE_CURVE('',#5468,#5502,#5509,.T.);
#5509 = B_SPLINE_CURVE_WITH_KNOTS('',1,(#5510,#5511),.UNSPECIFIED.,.F.,
  .F.,(2,2),(-9.975437449089E-02,-0.),.PIECEWISE_BEZIER_KNOTS.);
#5510 = CARTESIAN_POINT('',(5.251,1.035606946593,10.66813352039));
#5511 = CARTESIAN_POINT('',(5.251,0.935852572102,10.66813352039));
#5512 = ORIENTED_EDGE('',*,*,#5467,.T.);
#5513 = B_SPLINE_SURFACE_WITH_KNOTS('',1,1,(
    (#5514,#5515)
    ,(#5516,#5517
    )),.UNSPECIFIED.,.F.,.F.,.F.,(2,2),(2,2),(0.,9.975437449089E-02),(
    -1.E-03,0.),.PIECEWISE_BEZIER_KNOTS.);
#5514 = CARTESIAN_POINT('',(5.25,0.935852572102,10.66813352039));
#5515 = CARTESIAN_POINT('',(5.251,0.935852572102,10.66813352039));
#5516 = CARTESIAN_POINT('',(5.25,1.035606946593,10.66813352039));
#5517 = CARTESIAN_POINT('',(5.251,1.035606946593,10.66813352039));
#5518 = ADVANCED_FACE('',(#5519),#5541,.F.);
#5519 = FACE_BOUND('',#5520,.T.);
#5520 = EDGE_LOOP('',(#5521,#5528,#5535,#5540));
#5521 = ORIENTED_EDGE('',*,*,#5522,.T.);
#5522 = EDGE_CURVE('',#5495,#5523,#5525,.T.);
#5523 = VERTEX_POINT('',#5524);
#5524 = CARTESIAN_POINT('',(5.25,0.935852572102,10.750232805462));
#5525 = B_SPLINE_CURVE_WITH_KNOTS('',1,(#5526,#5527),.UNSPECIFIED.,.F.,
  .F.,(2,2),(-8.209928507198E-02,0.),.PIECEWISE_BEZIER_KNOTS.);
#5526 = CARTESIAN_POINT('',(5.25,0.935852572102,10.66813352039));
#5527 = CARTESIAN_POINT('',(5.25,0.935852572102,10.750232805462));
#5528 = ORIENTED_EDGE('',*,*,#5529,.F.);
#5529 = EDGE_CURVE('',#5530,#5523,#5532,.T.);
#5530 = VERTEX_POINT('',#5531);
#5531 = CARTESIAN_POINT('',(5.251,0.935852572102,10.750232805462));
#5532 = B_SPLINE_CURVE_WITH_KNOTS('',1,(#5533,#5534),.UNSPECIFIED.,.F.,
  .F.,(2,2),(-0.,1.E-03),.PIECEWISE_BEZIER_KNOTS.);
#5533 = CARTESIAN_POINT('',(5.251,0.935852572102,10.750232805462));
#5534 = CARTESIAN_POINT('',(5.25,0.935852572102,10.750232805462));
#5535 = ORIENTED_EDGE('',*,*,#5536,.F.);
#5536 = EDGE_CURVE('',#5502,#5530,#5537,.T.);
#5537 = B_SPLINE_CURVE_WITH_KNOTS('',1,(#5538,#5539),.UNSPECIFIED.,.F.,
  .F.,(2,2),(-8.209928507198E-02,0.),.PIECEWISE_BEZIER_KNOTS.);
#5538 = CARTESIAN_POINT('',(5.251,0.935852572102,10.66813352039));
#5539 = CARTESIAN_POINT('',(5.251,0.935852572102,10.750232805462));
#5540 = ORIENTED_EDGE('',*,*,#5501,.T.);
#5541 = B_SPLINE_SURFACE_WITH_KNOTS('',1,1,(
    (#5542,#5543)
    ,(#5544,#5545
    )),.UNSPECIFIED.,.F.,.F.,.F.,(2,2),(2,2),(0.,8.209928507198E-02),(
    -1.E-03,0.),.PIECEWISE_BEZIER_KNOTS.);
#5542 = CARTESIAN_POINT('',(5.25,0.935852572102,10.750232805462));
#5543 = CARTESIAN_POINT('',(5.251,0.935852572102,10.750232805462));
#5544 = CARTESIAN_POINT('',(5.25,0.935852572102,10.66813352039));
#5545 = CARTESIAN_POINT('',(5.251,0.935852572102,10.66813352039));
#5546 = ADVANCED_FACE('',(#5547),#5569,.F.);
#5547 = FACE_BOUND('',#5548,.T.);
#5548 = EDGE_LOOP('',(#5549,#5556,#5563,#5568));
#5549 = ORIENTED_EDGE('',*,*,#5550,.T.);
#5550 = EDGE_CURVE('',#5523,#5551,#5553,.T.);
#5551 = VERTEX_POINT('',#5552);
#5552 = CARTESIAN_POINT('',(5.25,1.023129851597,10.750232805462));
#5553 = B_SPLINE_CURVE_WITH_KNOTS('',1,(#5554,#5555),.UNSPECIFIED.,.F.,
  .F.,(2,2),(-8.727727949516E-02,0.),.PIECEWISE_BEZIER_KNOTS.);
#5554 = CARTESIAN_POINT('',(5.25,0.935852572102,10.750232805462));
#5555 = CARTESIAN_POINT('',(5.25,1.023129851597,10.750232805462));
#5556 = ORIENTED_EDGE('',*,*,#5557,.F.);
#5557 = EDGE_CURVE('',#5558,#5551,#5560,.T.);
#5558 = VERTEX_POINT('',#5559);
#5559 = CARTESIAN_POINT('',(5.251,1.023129851597,10.750232805462));
#5560 = B_SPLINE_CURVE_WITH_KNOTS('',1,(#5561,#5562),.UNSPECIFIED.,.F.,
  .F.,(2,2),(-0.,1.E-03),.PIECEWISE_BEZIER_KNOTS.);
#5561 = CARTESIAN_POINT('',(5.251,1.023129851597,10.750232805462));
#5562 = CARTESIAN_POINT('',(5.25,1.023129851597,10.750232805462));
#5563 = ORIENTED_EDGE('',*,*,#5564,.F.);
#5564 = EDGE_CURVE('',#5530,#5558,#5565,.T.);
#5565 = B_SPLINE_CURVE_WITH_KNOTS('',1,(#5566,#5567),.UNSPECIFIED.,.F.,
  .F.,(2,2),(-8.727727949516E-02,0.),.PIECEWISE_BEZIER_KNOTS.);
#5566 = CARTESIAN_POINT('',(5.251,0.935852572102,10.750232805462));
#5567 = CARTESIAN_POINT('',(5.251,1.023129851597,10.750232805462));
#5568 = ORIENTED_EDGE('',*,*,#5529,.T.);
#5569 = B_SPLINE_SURFACE_WITH_KNOTS('',1,1,(
    (#5570,#5571)
    ,(#5572,#5573)),.UNSPECIFIED.,.F.,.F.,.F.,(2,2),(2,2),(-1.E-03,0.),(
    -8.727727949516E-02,0.),.PIECEWISE_BEZIER_KNOTS.);
#5570 = CARTESIAN_POINT('',(5.25,0.935852572102,10.750232805462));
#5571 = CARTESIAN_POINT('',(5.25,1.023129851597,10.750232805462));
#5572 = CARTESIAN_POINT('',(5.251,0.935852572102,10.750232805462));
#5573 = CARTESIAN_POINT('',(5.251,1.023129851597,10.750232805462));
#5574 = ADVANCED_FACE('',(#5575),#5597,.F.);
#5575 = FACE_BOUND('',#5576,.T.);
#5576 = EDGE_LOOP('',(#5577,#5584,#5591,#5596));
#5577 = ORIENTED_EDGE('',*,*,#5578,.T.);
#5578 = EDGE_CURVE('',#5551,#5579,#5581,.T.);
#5579 = VERTEX_POINT('',#5580);
#5580 = CARTESIAN_POINT('',(5.25,1.023129851597,10.778181498252));
#5581 = B_SPLINE_CURVE_WITH_KNOTS('',1,(#5582,#5583),.UNSPECIFIED.,.F.,
  .F.,(2,2),(-2.794869279036E-02,0.),.PIECEWISE_BEZIER_KNOTS.);
#5582 = CARTESIAN_POINT('',(5.25,1.023129851597,10.750232805462));
#5583 = CARTESIAN_POINT('',(5.25,1.023129851597,10.778181498252));
#5584 = ORIENTED_EDGE('',*,*,#5585,.F.);
#5585 = EDGE_CURVE('',#5586,#5579,#5588,.T.);
#5586 = VERTEX_POINT('',#5587);
#5587 = CARTESIAN_POINT('',(5.251,1.023129851597,10.778181498252));
#5588 = B_SPLINE_CURVE_WITH_KNOTS('',1,(#5589,#5590),.UNSPECIFIED.,.F.,
  .F.,(2,2),(-0.,1.E-03),.PIECEWISE_BEZIER_KNOTS.);
#5589 = CARTESIAN_POINT('',(5.251,1.023129851597,10.778181498252));
#5590 = CARTESIAN_POINT('',(5.25,1.023129851597,10.778181498252));
#5591 = ORIENTED_EDGE('',*,*,#5592,.F.);
#5592 = EDGE_CURVE('',#5558,#5586,#5593,.T.);
#5593 = B_SPLINE_CURVE_WITH_KNOTS('',1,(#5594,#5595),.UNSPECIFIED.,.F.,
  .F.,(2,2),(-2.794869279036E-02,0.),.PIECEWISE_BEZIER_KNOTS.);
#5594 = CARTESIAN_POINT('',(5.251,1.023129851597,10.750232805462));
#5595 = CARTESIAN_POINT('',(5.251,1.023129851597,10.778181498252));
#5596 = ORIENTED_EDGE('',*,*,#5557,.T.);
#5597 = B_SPLINE_SURFACE_WITH_KNOTS('',1,1,(
    (#5598,#5599)
    ,(#5600,#5601
    )),.UNSPECIFIED.,.F.,.F.,.F.,(2,2),(2,2),(-0.,2.794869279036E-02),(
    -1.E-03,0.),.PIECEWISE_BEZIER_KNOTS.);
#5598 = CARTESIAN_POINT('',(5.25,1.023129851597,10.778181498252));
#5599 = CARTESIAN_POINT('',(5.251,1.023129851597,10.778181498252));
#5600 = CARTESIAN_POINT('',(5.25,1.023129851597,10.750232805462));
#5601 = CARTESIAN_POINT('',(5.251,1.023129851597,10.750232805462));
#5602 = ADVANCED_FACE('',(#5603),#5625,.F.);
#5603 = FACE_BOUND('',#5604,.T.);
#5604 = EDGE_LOOP('',(#5605,#5612,#5619,#5624));
#5605 = ORIENTED_EDGE('',*,*,#5606,.T.);
#5606 = EDGE_CURVE('',#5579,#5607,#5609,.T.);
#5607 = VERTEX_POINT('',#5608);
#5608 = CARTESIAN_POINT('',(5.25,0.935852572102,10.778181498252));
#5609 = B_SPLINE_CURVE_WITH_KNOTS('',1,(#5610,#5611),.UNSPECIFIED.,.F.,
  .F.,(2,2),(-8.727727949516E-02,-0.),.PIECEWISE_BEZIER_KNOTS.);
#5610 = CARTESIAN_POINT('',(5.25,1.023129851597,10.778181498252));
#5611 = CARTESIAN_POINT('',(5.25,0.935852572102,10.778181498252));
#5612 = ORIENTED_EDGE('',*,*,#5613,.F.);
#5613 = EDGE_CURVE('',#5614,#5607,#5616,.T.);
#5614 = VERTEX_POINT('',#5615);
#5615 = CARTESIAN_POINT('',(5.251,0.935852572102,10.778181498252));
#5616 = B_SPLINE_CURVE_WITH_KNOTS('',1,(#5617,#5618),.UNSPECIFIED.,.F.,
  .F.,(2,2),(-0.,1.E-03),.PIECEWISE_BEZIER_KNOTS.);
#5617 = CARTESIAN_POINT('',(5.251,0.935852572102,10.778181498252));
#5618 = CARTESIAN_POINT('',(5.25,0.935852572102,10.778181498252));
#5619 = ORIENTED_EDGE('',*,*,#5620,.F.);
#5620 = EDGE_CURVE('',#5586,#5614,#5621,.T.);
#5621 = B_SPLINE_CURVE_WITH_KNOTS('',1,(#5622,#5623),.UNSPECIFIED.,.F.,
  .F.,(2,2),(-8.727727949516E-02,-0.),.PIECEWISE_BEZIER_KNOTS.);
#5622 = CARTESIAN_POINT('',(5.251,1.023129851597,10.778181498252));
#5623 = CARTESIAN_POINT('',(5.251,0.935852572102,10.778181498252));
#5624 = ORIENTED_EDGE('',*,*,#5585,.T.);
#5625 = B_SPLINE_SURFACE_WITH_KNOTS('',1,1,(
    (#5626,#5627)
    ,(#5628,#5629
    )),.UNSPECIFIED.,.F.,.F.,.F.,(2,2),(2,2),(0.,8.727727949516E-02),(
    -1.E-03,0.),.PIECEWISE_BEZIER_KNOTS.);
#5626 = CARTESIAN_POINT('',(5.25,0.935852572102,10.778181498252));
#5627 = CARTESIAN_POINT('',(5.251,0.935852572102,10.778181498252));
#5628 = CARTESIAN_POINT('',(5.25,1.023129851597,10.778181498252));
#5629 = CARTESIAN_POINT('',(5.251,1.023129851597,10.778181498252));
#5630 = ADVANCED_FACE('',(#5631),#5653,.F.);
#5631 = FACE_BOUND('',#5632,.T.);
#5632 = EDGE_LOOP('',(#5633,#5640,#5647,#5652));
#5633 = ORIENTED_EDGE('',*,*,#5634,.T.);
#5634 = EDGE_CURVE('',#5607,#5635,#5637,.T.);
#5635 = VERTEX_POINT('',#5636);
#5636 = CARTESIAN_POINT('',(5.25,0.935852572102,10.856288112927));
#5637 = B_SPLINE_CURVE_WITH_KNOTS('',1,(#5638,#5639),.UNSPECIFIED.,.F.,
  .F.,(2,2),(-7.810661467455E-02,0.),.PIECEWISE_BEZIER_KNOTS.);
#5638 = CARTESIAN_POINT('',(5.25,0.935852572102,10.778181498252));
#5639 = CARTESIAN_POINT('',(5.25,0.935852572102,10.856288112927));
#5640 = ORIENTED_EDGE('',*,*,#5641,.F.);
#5641 = EDGE_CURVE('',#5642,#5635,#5644,.T.);
#5642 = VERTEX_POINT('',#5643);
#5643 = CARTESIAN_POINT('',(5.251,0.935852572102,10.856288112927));
#5644 = B_SPLINE_CURVE_WITH_KNOTS('',1,(#5645,#5646),.UNSPECIFIED.,.F.,
  .F.,(2,2),(-0.,1.E-03),.PIECEWISE_BEZIER_KNOTS.);
#5645 = CARTESIAN_POINT('',(5.251,0.935852572102,10.856288112927));
#5646 = CARTESIAN_POINT('',(5.25,0.935852572102,10.856288112927));
#5647 = ORIENTED_EDGE('',*,*,#5648,.F.);
#5648 = EDGE_CURVE('',#5614,#5642,#5649,.T.);
#5649 = B_SPLINE_CURVE_WITH_KNOTS('',1,(#5650,#5651),.UNSPECIFIED.,.F.,
  .F.,(2,2),(-7.810661467455E-02,0.),.PIECEWISE_BEZIER_KNOTS.);
#5650 = CARTESIAN_POINT('',(5.251,0.935852572102,10.778181498252));
#5651 = CARTESIAN_POINT('',(5.251,0.935852572102,10.856288112927));
#5652 = ORIENTED_EDGE('',*,*,#5613,.T.);
#5653 = B_SPLINE_SURFACE_WITH_KNOTS('',1,1,(
    (#5654,#5655)
    ,(#5656,#5657
    )),.UNSPECIFIED.,.F.,.F.,.F.,(2,2),(2,2),(0.,7.810661467455E-02),(
    -1.E-03,0.),.PIECEWISE_BEZIER_KNOTS.);
#5654 = CARTESIAN_POINT('',(5.25,0.935852572102,10.856288112927));
#5655 = CARTESIAN_POINT('',(5.251,0.935852572102,10.856288112927));
#5656 = CARTESIAN_POINT('',(5.25,0.935852572102,10.778181498252));
#5657 = CARTESIAN_POINT('',(5.251,0.935852572102,10.778181498252));
#5658 = ADVANCED_FACE('',(#5659),#5681,.F.);
#5659 = FACE_BOUND('',#5660,.T.);
#5660 = EDGE_LOOP('',(#5661,#5668,#5675,#5680));
#5661 = ORIENTED_EDGE('',*,*,#5662,.T.);
#5662 = EDGE_CURVE('',#5635,#5663,#5665,.T.);
#5663 = VERTEX_POINT('',#5664);
#5664 = CARTESIAN_POINT('',(5.25,1.030054639321,10.856288112927));
#5665 = B_SPLINE_CURVE_WITH_KNOTS('',1,(#5666,#5667),.UNSPECIFIED.,.F.,
  .F.,(2,2),(-9.420206721827E-02,0.),.PIECEWISE_BEZIER_KNOTS.);
#5666 = CARTESIAN_POINT('',(5.25,0.935852572102,10.856288112927));
#5667 = CARTESIAN_POINT('',(5.25,1.030054639321,10.856288112927));
#5668 = ORIENTED_EDGE('',*,*,#5669,.F.);
#5669 = EDGE_CURVE('',#5670,#5663,#5672,.T.);
#5670 = VERTEX_POINT('',#5671);
#5671 = CARTESIAN_POINT('',(5.251,1.030054639321,10.856288112927));
#5672 = B_SPLINE_CURVE_WITH_KNOTS('',1,(#5673,#5674),.UNSPECIFIED.,.F.,
  .F.,(2,2),(-0.,1.E-03),.PIECEWISE_BEZIER_KNOTS.);
#5673 = CARTESIAN_POINT('',(5.251,1.030054639321,10.856288112927));
#5674 = CARTESIAN_POINT('',(5.25,1.030054639321,10.856288112927));
#5675 = ORIENTED_EDGE('',*,*,#5676,.F.);
#5676 = EDGE_CURVE('',#5642,#5670,#5677,.T.);
#5677 = B_SPLINE_CURVE_WITH_KNOTS('',1,(#5678,#5679),.UNSPECIFIED.,.F.,
  .F.,(2,2),(-9.420206721827E-02,0.),.PIECEWISE_BEZIER_KNOTS.);
#5678 = CARTESIAN_POINT('',(5.251,0.935852572102,10.856288112927));
#5679 = CARTESIAN_POINT('',(5.251,1.030054639321,10.856288112927));
#5680 = ORIENTED_EDGE('',*,*,#5641,.T.);
#5681 = B_SPLINE_SURFACE_WITH_KNOTS('',1,1,(
    (#5682,#5683)
    ,(#5684,#5685)),.UNSPECIFIED.,.F.,.F.,.F.,(2,2),(2,2),(-1.E-03,0.),(
    -9.420206721827E-02,0.),.PIECEWISE_BEZIER_KNOTS.);
#5682 = CARTESIAN_POINT('',(5.25,0.935852572102,10.856288112927));
#5683 = CARTESIAN_POINT('',(5.25,1.030054639321,10.856288112927));
#5684 = CARTESIAN_POINT('',(5.251,0.935852572102,10.856288112927));
#5685 = CARTESIAN_POINT('',(5.251,1.030054639321,10.856288112927));
#5686 = ADVANCED_FACE('',(#5687),#5709,.F.);
#5687 = FACE_BOUND('',#5688,.T.);
#5688 = EDGE_LOOP('',(#5689,#5696,#5703,#5708));
#5689 = ORIENTED_EDGE('',*,*,#5690,.T.);
#5690 = EDGE_CURVE('',#5663,#5691,#5693,.T.);
#5691 = VERTEX_POINT('',#5692);
#5692 = CARTESIAN_POINT('',(5.25,1.030054639321,10.884361576667));
#5693 = B_SPLINE_CURVE_WITH_KNOTS('',1,(#5694,#5695),.UNSPECIFIED.,.F.,
  .F.,(2,2),(-2.807346374017E-02,0.),.PIECEWISE_BEZIER_KNOTS.);
#5694 = CARTESIAN_POINT('',(5.25,1.030054639321,10.856288112927));
#5695 = CARTESIAN_POINT('',(5.25,1.030054639321,10.884361576667));
#5696 = ORIENTED_EDGE('',*,*,#5697,.F.);
#5697 = EDGE_CURVE('',#5698,#5691,#5700,.T.);
#5698 = VERTEX_POINT('',#5699);
#5699 = CARTESIAN_POINT('',(5.251,1.030054639321,10.884361576667));
#5700 = B_SPLINE_CURVE_WITH_KNOTS('',1,(#5701,#5702),.UNSPECIFIED.,.F.,
  .F.,(2,2),(-0.,1.E-03),.PIECEWISE_BEZIER_KNOTS.);
#5701 = CARTESIAN_POINT('',(5.251,1.030054639321,10.884361576667));
#5702 = CARTESIAN_POINT('',(5.25,1.030054639321,10.884361576667));
#5703 = ORIENTED_EDGE('',*,*,#5704,.F.);
#5704 = EDGE_CURVE('',#5670,#5698,#5705,.T.);
#5705 = B_SPLINE_CURVE_WITH_KNOTS('',1,(#5706,#5707),.UNSPECIFIED.,.F.,
  .F.,(2,2),(-2.807346374017E-02,0.),.PIECEWISE_BEZIER_KNOTS.);
#5706 = CARTESIAN_POINT('',(5.251,1.030054639321,10.856288112927));
#5707 = CARTESIAN_POINT('',(5.251,1.030054639321,10.884361576667));
#5708 = ORIENTED_EDGE('',*,*,#5669,.T.);
#5709 = B_SPLINE_SURFACE_WITH_KNOTS('',1,1,(
    (#5710,#5711)
    ,(#5712,#5713
    )),.UNSPECIFIED.,.F.,.F.,.F.,(2,2),(2,2),(-0.,2.807346374017E-02),(
    -1.E-03,0.),.PIECEWISE_BEZIER_KNOTS.);
#5710 = CARTESIAN_POINT('',(5.25,1.030054639321,10.884361576667));
#5711 = CARTESIAN_POINT('',(5.251,1.030054639321,10.884361576667));
#5712 = CARTESIAN_POINT('',(5.25,1.030054639321,10.856288112927));
#5713 = CARTESIAN_POINT('',(5.251,1.030054639321,10.856288112927));
#5714 = ADVANCED_FACE('',(#5715),#5737,.F.);
#5715 = FACE_BOUND('',#5716,.T.);
#5716 = EDGE_LOOP('',(#5717,#5724,#5731,#5736));
#5717 = ORIENTED_EDGE('',*,*,#5718,.T.);
#5718 = EDGE_CURVE('',#5691,#5719,#5721,.T.);
#5719 = VERTEX_POINT('',#5720);
#5720 = CARTESIAN_POINT('',(5.25,0.904347907238,10.884361576667));
#5721 = B_SPLINE_CURVE_WITH_KNOTS('',1,(#5722,#5723),.UNSPECIFIED.,.F.,
  .F.,(2,2),(-0.125706732083,-0.),.PIECEWISE_BEZIER_KNOTS.);
#5722 = CARTESIAN_POINT('',(5.25,1.030054639321,10.884361576667));
#5723 = CARTESIAN_POINT('',(5.25,0.904347907238,10.884361576667));
#5724 = ORIENTED_EDGE('',*,*,#5725,.F.);
#5725 = EDGE_CURVE('',#5726,#5719,#5728,.T.);
#5726 = VERTEX_POINT('',#5727);
#5727 = CARTESIAN_POINT('',(5.251,0.904347907238,10.884361576667));
#5728 = B_SPLINE_CURVE_WITH_KNOTS('',1,(#5729,#5730),.UNSPECIFIED.,.F.,
  .F.,(2,2),(-0.,1.E-03),.PIECEWISE_BEZIER_KNOTS.);
#5729 = CARTESIAN_POINT('',(5.251,0.904347907238,10.884361576667));
#5730 = CARTESIAN_POINT('',(5.25,0.904347907238,10.884361576667));
#5731 = ORIENTED_EDGE('',*,*,#5732,.F.);
#5732 = EDGE_CURVE('',#5698,#5726,#5733,.T.);
#5733 = B_SPLINE_CURVE_WITH_KNOTS('',1,(#5734,#5735),.UNSPECIFIED.,.F.,
  .F.,(2,2),(-0.125706732083,-0.),.PIECEWISE_BEZIER_KNOTS.);
#5734 = CARTESIAN_POINT('',(5.251,1.030054639321,10.884361576667));
#5735 = CARTESIAN_POINT('',(5.251,0.904347907238,10.884361576667));
#5736 = ORIENTED_EDGE('',*,*,#5697,.T.);
#5737 = B_SPLINE_SURFACE_WITH_KNOTS('',1,1,(
    (#5738,#5739)
    ,(#5740,#5741
    )),.UNSPECIFIED.,.F.,.F.,.F.,(2,2),(2,2),(0.,1.E-03),(0.,
    0.125706732083),.PIECEWISE_BEZIER_KNOTS.);
#5738 = CARTESIAN_POINT('',(5.251,0.904347907238,10.884361576667));
#5739 = CARTESIAN_POINT('',(5.251,1.030054639321,10.884361576667));
#5740 = CARTESIAN_POINT('',(5.25,0.904347907238,10.884361576667));
#5741 = CARTESIAN_POINT('',(5.25,1.030054639321,10.884361576667));
#5742 = ADVANCED_FACE('',(#5743),#5765,.F.);
#5743 = FACE_BOUND('',#5744,.T.);
#5744 = EDGE_LOOP('',(#5745,#5752,#5759,#5764));
#5745 = ORIENTED_EDGE('',*,*,#5746,.T.);
#5746 = EDGE_CURVE('',#5719,#5747,#5749,.T.);
#5747 = VERTEX_POINT('',#5748);
#5748 = CARTESIAN_POINT('',(5.25,0.904347907238,10.640309598549));
#5749 = B_SPLINE_CURVE_WITH_KNOTS('',1,(#5750,#5751),.UNSPECIFIED.,.F.,
  .F.,(2,2),(-0.244051978118,0.),.PIECEWISE_BEZIER_KNOTS.);
#5750 = CARTESIAN_POINT('',(5.25,0.904347907238,10.884361576667));
#5751 = CARTESIAN_POINT('',(5.25,0.904347907238,10.640309598549));
#5752 = ORIENTED_EDGE('',*,*,#5753,.F.);
#5753 = EDGE_CURVE('',#5754,#5747,#5756,.T.);
#5754 = VERTEX_POINT('',#5755);
#5755 = CARTESIAN_POINT('',(5.251,0.904347907238,10.640309598549));
#5756 = B_SPLINE_CURVE_WITH_KNOTS('',1,(#5757,#5758),.UNSPECIFIED.,.F.,
  .F.,(2,2),(-0.,1.E-03),.PIECEWISE_BEZIER_KNOTS.);
#5757 = CARTESIAN_POINT('',(5.251,0.904347907238,10.640309598549));
#5758 = CARTESIAN_POINT('',(5.25,0.904347907238,10.640309598549));
#5759 = ORIENTED_EDGE('',*,*,#5760,.F.);
#5760 = EDGE_CURVE('',#5726,#5754,#5761,.T.);
#5761 = B_SPLINE_CURVE_WITH_KNOTS('',1,(#5762,#5763),.UNSPECIFIED.,.F.,
  .F.,(2,2),(-0.244051978118,0.),.PIECEWISE_BEZIER_KNOTS.);
#5762 = CARTESIAN_POINT('',(5.251,0.904347907238,10.884361576667));
#5763 = CARTESIAN_POINT('',(5.251,0.904347907238,10.640309598549));
#5764 = ORIENTED_EDGE('',*,*,#5725,.T.);
#5765 = B_SPLINE_SURFACE_WITH_KNOTS('',1,1,(
    (#5766,#5767)
    ,(#5768,#5769
    )),.UNSPECIFIED.,.F.,.F.,.F.,(2,2),(2,2),(0.,0.244051978118),(
    -1.E-03,0.),.PIECEWISE_BEZIER_KNOTS.);
#5766 = CARTESIAN_POINT('',(5.25,0.904347907238,10.640309598549));
#5767 = CARTESIAN_POINT('',(5.251,0.904347907238,10.640309598549));
#5768 = CARTESIAN_POINT('',(5.25,0.904347907238,10.884361576667));
#5769 = CARTESIAN_POINT('',(5.251,0.904347907238,10.884361576667));
#5770 = ADVANCED_FACE('',(#5771),#5785,.F.);
#5771 = FACE_BOUND('',#5772,.T.);
#5772 = EDGE_LOOP('',(#5773,#5778,#5779,#5784));
#5773 = ORIENTED_EDGE('',*,*,#5774,.T.);
#5774 = EDGE_CURVE('',#5747,#5459,#5775,.T.);
#5775 = B_SPLINE_CURVE_WITH_KNOTS('',1,(#5776,#5777),.UNSPECIFIED.,.F.,
  .F.,(2,2),(-0.131259039355,0.),.PIECEWISE_BEZIER_KNOTS.);
#5776 = CARTESIAN_POINT('',(5.25,0.904347907238,10.640309598549));
#5777 = CARTESIAN_POINT('',(5.25,1.035606946593,10.640309598549));
#5778 = ORIENTED_EDGE('',*,*,#5481,.F.);
#5779 = ORIENTED_EDGE('',*,*,#5780,.F.);
#5780 = EDGE_CURVE('',#5754,#5475,#5781,.T.);
#5781 = B_SPLINE_CURVE_WITH_KNOTS('',1,(#5782,#5783),.UNSPECIFIED.,.F.,
  .F.,(2,2),(-0.131259039355,0.),.PIECEWISE_BEZIER_KNOTS.);
#5782 = CARTESIAN_POINT('',(5.251,0.904347907238,10.640309598549));
#5783 = CARTESIAN_POINT('',(5.251,1.035606946593,10.640309598549));
#5784 = ORIENTED_EDGE('',*,*,#5753,.T.);
#5785 = B_SPLINE_SURFACE_WITH_KNOTS('',1,1,(
    (#5786,#5787)
    ,(#5788,#5789
    )),.UNSPECIFIED.,.F.,.F.,.F.,(2,2),(2,2),(-0.,0.131259039355),(
    -1.E-03,0.),.PIECEWISE_BEZIER_KNOTS.);
#5786 = CARTESIAN_POINT('',(5.25,1.035606946593,10.640309598549));
#5787 = CARTESIAN_POINT('',(5.251,1.035606946593,10.640309598549));
#5788 = CARTESIAN_POINT('',(5.25,0.904347907238,10.640309598549));
#5789 = CARTESIAN_POINT('',(5.251,0.904347907238,10.640309598549));
#5790 = ADVANCED_FACE('',(#5791),#5805,.F.);
#5791 = FACE_BOUND('',#5792,.T.);
#5792 = EDGE_LOOP('',(#5793,#5794,#5795,#5796,#5797,#5798,#5799,#5800,
    #5801,#5802,#5803,#5804));
#5793 = ORIENTED_EDGE('',*,*,#5474,.T.);
#5794 = ORIENTED_EDGE('',*,*,#5508,.T.);
#5795 = ORIENTED_EDGE('',*,*,#5536,.T.);
#5796 = ORIENTED_EDGE('',*,*,#5564,.T.);
#5797 = ORIENTED_EDGE('',*,*,#5592,.T.);
#5798 = ORIENTED_EDGE('',*,*,#5620,.T.);
#5799 = ORIENTED_EDGE('',*,*,#5648,.T.);
#5800 = ORIENTED_EDGE('',*,*,#5676,.T.);
#5801 = ORIENTED_EDGE('',*,*,#5704,.T.);
#5802 = ORIENTED_EDGE('',*,*,#5732,.T.);
#5803 = ORIENTED_EDGE('',*,*,#5760,.T.);
#5804 = ORIENTED_EDGE('',*,*,#5780,.T.);
#5805 = B_SPLINE_SURFACE_WITH_KNOTS('',1,1,(
    (#5806,#5807)
    ,(#5808,#5809
    )),.UNSPECIFIED.,.F.,.F.,.F.,(2,2),(2,2),(7.13778397155,
    7.381835949667),(0.904347907238,1.035606946593),
  .PIECEWISE_BEZIER_KNOTS.);
#5806 = CARTESIAN_POINT('',(5.251,0.904347907238,10.640309598549));
#5807 = CARTESIAN_POINT('',(5.251,1.035606946593,10.640309598549));
#5808 = CARTESIAN_POINT('',(5.251,0.904347907238,10.884361576667));
#5809 = CARTESIAN_POINT('',(5.251,1.035606946593,10.884361576667));
#5810 = ADVANCED_FACE('',(#5811),#5825,.T.);
#5811 = FACE_BOUND('',#5812,.T.);
#5812 = EDGE_LOOP('',(#5813,#5814,#5815,#5816,#5817,#5818,#5819,#5820,
    #5821,#5822,#5823,#5824));
#5813 = ORIENTED_EDGE('',*,*,#5458,.F.);
#5814 = ORIENTED_EDGE('',*,*,#5774,.F.);
#5815 = ORIENTED_EDGE('',*,*,#5746,.F.);
#5816 = ORIENTED_EDGE('',*,*,#5718,.F.);
#5817 = ORIENTED_EDGE('',*,*,#5690,.F.);
#5818 = ORIENTED_EDGE('',*,*,#5662,.F.);
#5819 = ORIENTED_EDGE('',*,*,#5634,.F.);
#5820 = ORIENTED_EDGE('',*,*,#5606,.F.);
#5821 = ORIENTED_EDGE('',*,*,#5578,.F.);
#5822 = ORIENTED_EDGE('',*,*,#5550,.F.);
#5823 = ORIENTED_EDGE('',*,*,#5522,.F.);
#5824 = ORIENTED_EDGE('',*,*,#5494,.F.);
#5825 = B_SPLINE_SURFACE_WITH_KNOTS('',1,1,(
    (#5826,#5827)
    ,(#5828,#5829
    )),.UNSPECIFIED.,.F.,.F.,.F.,(2,2),(2,2),(7.13778397155,
    7.381835949667),(0.904347907238,1.035606946593),
  .PIECEWISE_BEZIER_KNOTS.);
#5826 = CARTESIAN_POINT('',(5.25,0.904347907238,10.640309598549));
#5827 = CARTESIAN_POINT('',(5.25,1.035606946593,10.640309598549));
#5828 = CARTESIAN_POINT('',(5.25,0.904347907238,10.884361576667));
#5829 = CARTESIAN_POINT('',(5.25,1.035606946593,10.884361576667));
#5830 = MANIFOLD_SOLID_BREP('',#5831);
#5831 = CLOSED_SHELL('',(#5832,#5956,#6080,#6100,#6120,#6140,#6160,#6180
    ,#6196,#6208,#6228,#6244,#6260,#6280,#6300,#6320));
#5832 = ADVANCED_FACE('',(#5833,#5892),#5951,.T.);
#5833 = FACE_BOUND('',#5834,.T.);
#5834 = EDGE_LOOP('',(#5835,#5844,#5853,#5862,#5871,#5880,#5887));
#5835 = ORIENTED_EDGE('',*,*,#5836,.T.);
#5836 = EDGE_CURVE('',#5837,#5839,#5841,.T.);
#5837 = VERTEX_POINT('',#5838);
#5838 = CARTESIAN_POINT('',(5.251,1.081709812603,10.640309598549));
#5839 = VERTEX_POINT('',#5840);
#5840 = CARTESIAN_POINT('',(5.251,1.148836583681,10.640309598549));
#5841 = B_SPLINE_CURVE_WITH_KNOTS('',1,(#5842,#5843),.UNSPECIFIED.,.F.,
  .F.,(2,2),(-6.712677107745E-02,0.),.PIECEWISE_BEZIER_KNOTS.);
#5842 = CARTESIAN_POINT('',(5.251,1.081709812603,10.640309598549));
#5843 = CARTESIAN_POINT('',(5.251,1.148836583681,10.640309598549));
#5844 = ORIENTED_EDGE('',*,*,#5845,.T.);
#5845 = EDGE_CURVE('',#5839,#5846,#5848,.T.);
#5846 = VERTEX_POINT('',#5847);
#5847 = CARTESIAN_POINT('',(5.251,1.243600120174,10.674496838837));
#5848 = B_SPLINE_CURVE_WITH_KNOTS('',3,(#5849,#5850,#5851,#5852),
  .UNSPECIFIED.,.F.,.F.,(4,4),(5.,6.),.PIECEWISE_BEZIER_KNOTS.);
#5849 = CARTESIAN_POINT('',(5.251,1.148836583681,10.640309598549));
#5850 = CARTESIAN_POINT('',(5.251,1.187453192692,10.640309598549));
#5851 = CARTESIAN_POINT('',(5.251,1.219082628507,10.651663754996));
#5852 = CARTESIAN_POINT('',(5.251,1.243600120174,10.674496838837));
#5853 = ORIENTED_EDGE('',*,*,#5854,.T.);
#5854 = EDGE_CURVE('',#5846,#5855,#5857,.T.);
#5855 = VERTEX_POINT('',#5856);
#5856 = CARTESIAN_POINT('',(5.251,1.280407550411,10.765454861358));
#5857 = B_SPLINE_CURVE_WITH_KNOTS('',3,(#5858,#5859,#5860,#5861),
  .UNSPECIFIED.,.F.,.F.,(4,4),(4.,5.),.PIECEWISE_BEZIER_KNOTS.);
#5858 = CARTESIAN_POINT('',(5.251,1.243600120174,10.674496838837));
#5859 = CARTESIAN_POINT('',(5.251,1.268117611841,10.69732992268));
#5860 = CARTESIAN_POINT('',(5.251,1.280407550411,10.72764926352));
#5861 = CARTESIAN_POINT('',(5.251,1.280407550411,10.765454861358));
#5862 = ORIENTED_EDGE('',*,*,#5863,.T.);
#5863 = EDGE_CURVE('',#5855,#5864,#5866,.T.);
#5864 = VERTEX_POINT('',#5865);
#5865 = CARTESIAN_POINT('',(5.251,1.243600120174,10.852045900628));
#5866 = B_SPLINE_CURVE_WITH_KNOTS('',3,(#5867,#5868,#5869,#5870),
  .UNSPECIFIED.,.F.,.F.,(4,4),(3.,4.),.PIECEWISE_BEZIER_KNOTS.);
#5867 = CARTESIAN_POINT('',(5.251,1.280407550411,10.765454861358));
#5868 = CARTESIAN_POINT('',(5.251,1.280407550411,10.801638436844));
#5869 = CARTESIAN_POINT('',(5.251,1.268117611841,10.830460526285));
#5870 = CARTESIAN_POINT('',(5.251,1.243600120174,10.852045900628));
#5871 = ORIENTED_EDGE('',*,*,#5872,.T.);
#5872 = EDGE_CURVE('',#5864,#5873,#5875,.T.);
#5873 = VERTEX_POINT('',#5874);
#5874 = CARTESIAN_POINT('',(5.251,1.15133200268,10.884361576667));
#5875 = B_SPLINE_CURVE_WITH_KNOTS('',3,(#5876,#5877,#5878,#5879),
  .UNSPECIFIED.,.F.,.F.,(4,4),(2.,3.),.PIECEWISE_BEZIER_KNOTS.);
#5876 = CARTESIAN_POINT('',(5.251,1.243600120174,10.852045900628));
#5877 = CARTESIAN_POINT('',(5.251,1.219082628507,10.873631274971));
#5878 = CARTESIAN_POINT('',(5.251,1.188326589342,10.884361576667));
#5879 = CARTESIAN_POINT('',(5.251,1.15133200268,10.884361576667));
#5880 = ORIENTED_EDGE('',*,*,#5881,.T.);
#5881 = EDGE_CURVE('',#5873,#5882,#5884,.T.);
#5882 = VERTEX_POINT('',#5883);
#5883 = CARTESIAN_POINT('',(5.251,1.081709812603,10.884361576667));
#5884 = B_SPLINE_CURVE_WITH_KNOTS('',1,(#5885,#5886),.UNSPECIFIED.,.F.,
  .F.,(2,2),(-6.962219007709E-02,-0.),.PIECEWISE_BEZIER_KNOTS.);
#5885 = CARTESIAN_POINT('',(5.251,1.15133200268,10.884361576667));
#5886 = CARTESIAN_POINT('',(5.251,1.081709812603,10.884361576667));
#5887 = ORIENTED_EDGE('',*,*,#5888,.T.);
#5888 = EDGE_CURVE('',#5882,#5837,#5889,.T.);
#5889 = B_SPLINE_CURVE_WITH_KNOTS('',1,(#5890,#5891),.UNSPECIFIED.,.F.,
  .F.,(2,2),(-0.244051978118,0.),.PIECEWISE_BEZIER_KNOTS.);
#5890 = CARTESIAN_POINT('',(5.251,1.081709812603,10.884361576667));
#5891 = CARTESIAN_POINT('',(5.251,1.081709812603,10.640309598549));
#5892 = FACE_BOUND('',#5893,.T.);
#5893 = EDGE_LOOP('',(#5894,#5903,#5910,#5919,#5928,#5937,#5946));
#5894 = ORIENTED_EDGE('',*,*,#5895,.F.);
#5895 = EDGE_CURVE('',#5896,#5898,#5900,.T.);
#5896 = VERTEX_POINT('',#5897);
#5897 = CARTESIAN_POINT('',(5.251,1.113214477468,10.856288112927));
#5898 = VERTEX_POINT('',#5899);
#5899 = CARTESIAN_POINT('',(5.251,1.113214477468,10.66813352039));
#5900 = B_SPLINE_CURVE_WITH_KNOTS('',1,(#5901,#5902),.UNSPECIFIED.,.F.,
  .F.,(2,2),(0.,0.188154592537),.PIECEWISE_BEZIER_KNOTS.);
#5901 = CARTESIAN_POINT('',(5.251,1.113214477468,10.856288112927));
#5902 = CARTESIAN_POINT('',(5.251,1.113214477468,10.66813352039));
#5903 = ORIENTED_EDGE('',*,*,#5904,.F.);
#5904 = EDGE_CURVE('',#5905,#5896,#5907,.T.);
#5905 = VERTEX_POINT('',#5906);
#5906 = CARTESIAN_POINT('',(5.251,1.150084293179,10.856288112927));
#5907 = B_SPLINE_CURVE_WITH_KNOTS('',1,(#5908,#5909),.UNSPECIFIED.,.F.,
  .F.,(2,2),(0.,3.686981571051E-02),.PIECEWISE_BEZIER_KNOTS.);
#5908 = CARTESIAN_POINT('',(5.251,1.150084293179,10.856288112927));
#5909 = CARTESIAN_POINT('',(5.251,1.113214477468,10.856288112927));
#5910 = ORIENTED_EDGE('',*,*,#5911,.F.);
#5911 = EDGE_CURVE('',#5912,#5905,#5914,.T.);
#5912 = VERTEX_POINT('',#5913);
#5913 = CARTESIAN_POINT('',(5.251,1.220517494432,10.833330258134));
#5914 = B_SPLINE_CURVE_WITH_KNOTS('',3,(#5915,#5916,#5917,#5918),
  .UNSPECIFIED.,.F.,.F.,(4,4),(5.,6.),.PIECEWISE_BEZIER_KNOTS.);
#5915 = CARTESIAN_POINT('',(5.251,1.220517494432,10.833330258134));
#5916 = CARTESIAN_POINT('',(5.251,1.202675248586,10.84867708498));
#5917 = CARTESIAN_POINT('',(5.251,1.179155924519,10.856288112927));
#5918 = CARTESIAN_POINT('',(5.251,1.150084293179,10.856288112927));
#5919 = ORIENTED_EDGE('',*,*,#5920,.F.);
#5920 = EDGE_CURVE('',#5921,#5912,#5923,.T.);
#5921 = VERTEX_POINT('',#5922);
#5922 = CARTESIAN_POINT('',(5.251,1.247280863199,10.764581464707));
#5923 = B_SPLINE_CURVE_WITH_KNOTS('',3,(#5924,#5925,#5926,#5927),
  .UNSPECIFIED.,.F.,.F.,(4,4),(4.,5.),.PIECEWISE_BEZIER_KNOTS.);
#5924 = CARTESIAN_POINT('',(5.251,1.247280863199,10.764581464707));
#5925 = CARTESIAN_POINT('',(5.251,1.247280863199,10.795025576497));
#5926 = CARTESIAN_POINT('',(5.251,1.238359740275,10.81798343129));
#5927 = CARTESIAN_POINT('',(5.251,1.220517494432,10.833330258134));
#5928 = ORIENTED_EDGE('',*,*,#5929,.F.);
#5929 = EDGE_CURVE('',#5930,#5921,#5932,.T.);
#5930 = VERTEX_POINT('',#5931);
#5931 = CARTESIAN_POINT('',(5.251,1.221203734657,10.693586794181));
#5932 = B_SPLINE_CURVE_WITH_KNOTS('',3,(#5933,#5934,#5935,#5936),
  .UNSPECIFIED.,.F.,.F.,(4,4),(3.,4.),.PIECEWISE_BEZIER_KNOTS.);
#5933 = CARTESIAN_POINT('',(5.251,1.221203734657,10.693586794181));
#5934 = CARTESIAN_POINT('',(5.251,1.238609282176,10.710430872426));
#5935 = CARTESIAN_POINT('',(5.251,1.247280863199,10.734137352917));
#5936 = CARTESIAN_POINT('',(5.251,1.247280863199,10.764581464707));
#5937 = ORIENTED_EDGE('',*,*,#5938,.F.);
#5938 = EDGE_CURVE('',#5939,#5930,#5941,.T.);
#5939 = VERTEX_POINT('',#5940);
#5940 = CARTESIAN_POINT('',(5.251,1.148649427256,10.66813352039));
#5941 = B_SPLINE_CURVE_WITH_KNOTS('',3,(#5942,#5943,#5944,#5945),
  .UNSPECIFIED.,.F.,.F.,(4,4),(2.,3.),.PIECEWISE_BEZIER_KNOTS.);
#5942 = CARTESIAN_POINT('',(5.251,1.148649427256,10.66813352039));
#5943 = CARTESIAN_POINT('',(5.251,1.17965500832,10.66813352039));
#5944 = CARTESIAN_POINT('',(5.251,1.203860572613,10.676617944987));
#5945 = CARTESIAN_POINT('',(5.251,1.221203734657,10.693586794181));
#5946 = ORIENTED_EDGE('',*,*,#5947,.F.);
#5947 = EDGE_CURVE('',#5898,#5939,#5948,.T.);
#5948 = B_SPLINE_CURVE_WITH_KNOTS('',1,(#5949,#5950),.UNSPECIFIED.,.F.,
  .F.,(2,2),(0.,3.543494978762E-02),.PIECEWISE_BEZIER_KNOTS.);
#5949 = CARTESIAN_POINT('',(5.251,1.113214477468,10.66813352039));
#5950 = CARTESIAN_POINT('',(5.251,1.148649427256,10.66813352039));
#5951 = B_SPLINE_SURFACE_WITH_KNOTS('',1,1,(
    (#5952,#5953)
    ,(#5954,#5955
    )),.UNSPECIFIED.,.F.,.F.,.F.,(2,2),(2,2),(-8.06332264079E-03,
    0.235988655477),(-0.120435159447,7.826257836099E-02),
  .PIECEWISE_BEZIER_KNOTS.);
#5952 = CARTESIAN_POINT('',(5.251,1.081709812603,10.884361576667));
#5953 = CARTESIAN_POINT('',(5.251,1.280407550411,10.884361576667));
#5954 = CARTESIAN_POINT('',(5.251,1.081709812603,10.640309598549));
#5955 = CARTESIAN_POINT('',(5.251,1.280407550411,10.640309598549));
#5956 = ADVANCED_FACE('',(#5957,#6016),#6075,.F.);
#5957 = FACE_BOUND('',#5958,.T.);
#5958 = EDGE_LOOP('',(#5959,#5968,#5975,#5982,#5991,#6000,#6009));
#5959 = ORIENTED_EDGE('',*,*,#5960,.F.);
#5960 = EDGE_CURVE('',#5961,#5963,#5965,.T.);
#5961 = VERTEX_POINT('',#5962);
#5962 = CARTESIAN_POINT('',(5.25,1.081709812603,10.640309598549));
#5963 = VERTEX_POINT('',#5964);
#5964 = CARTESIAN_POINT('',(5.25,1.148836583681,10.640309598549));
#5965 = B_SPLINE_CURVE_WITH_KNOTS('',1,(#5966,#5967),.UNSPECIFIED.,.F.,
  .F.,(2,2),(-6.712677107745E-02,0.),.PIECEWISE_BEZIER_KNOTS.);
#5966 = CARTESIAN_POINT('',(5.25,1.081709812603,10.640309598549));
#5967 = CARTESIAN_POINT('',(5.25,1.148836583681,10.640309598549));
#5968 = ORIENTED_EDGE('',*,*,#5969,.F.);
#5969 = EDGE_CURVE('',#5970,#5961,#5972,.T.);
#5970 = VERTEX_POINT('',#5971);
#5971 = CARTESIAN_POINT('',(5.25,1.081709812603,10.884361576667));
#5972 = B_SPLINE_CURVE_WITH_KNOTS('',1,(#5973,#5974),.UNSPECIFIED.,.F.,
  .F.,(2,2),(-0.244051978118,0.),.PIECEWISE_BEZIER_KNOTS.);
#5973 = CARTESIAN_POINT('',(5.25,1.081709812603,10.884361576667));
#5974 = CARTESIAN_POINT('',(5.25,1.081709812603,10.640309598549));
#5975 = ORIENTED_EDGE('',*,*,#5976,.F.);
#5976 = EDGE_CURVE('',#5977,#5970,#5979,.T.);
#5977 = VERTEX_POINT('',#5978);
#5978 = CARTESIAN_POINT('',(5.25,1.15133200268,10.884361576667));
#5979 = B_SPLINE_CURVE_WITH_KNOTS('',1,(#5980,#5981),.UNSPECIFIED.,.F.,
  .F.,(2,2),(-6.962219007709E-02,-0.),.PIECEWISE_BEZIER_KNOTS.);
#5980 = CARTESIAN_POINT('',(5.25,1.15133200268,10.884361576667));
#5981 = CARTESIAN_POINT('',(5.25,1.081709812603,10.884361576667));
#5982 = ORIENTED_EDGE('',*,*,#5983,.F.);
#5983 = EDGE_CURVE('',#5984,#5977,#5986,.T.);
#5984 = VERTEX_POINT('',#5985);
#5985 = CARTESIAN_POINT('',(5.25,1.243600120174,10.852045900628));
#5986 = B_SPLINE_CURVE_WITH_KNOTS('',3,(#5987,#5988,#5989,#5990),
  .UNSPECIFIED.,.F.,.F.,(4,4),(2.,3.),.PIECEWISE_BEZIER_KNOTS.);
#5987 = CARTESIAN_POINT('',(5.25,1.243600120174,10.852045900628));
#5988 = CARTESIAN_POINT('',(5.25,1.219082628507,10.873631274971));
#5989 = CARTESIAN_POINT('',(5.25,1.188326589342,10.884361576667));
#5990 = CARTESIAN_POINT('',(5.25,1.15133200268,10.884361576667));
#5991 = ORIENTED_EDGE('',*,*,#5992,.F.);
#5992 = EDGE_CURVE('',#5993,#5984,#5995,.T.);
#5993 = VERTEX_POINT('',#5994);
#5994 = CARTESIAN_POINT('',(5.25,1.280407550411,10.765454861358));
#5995 = B_SPLINE_CURVE_WITH_KNOTS('',3,(#5996,#5997,#5998,#5999),
  .UNSPECIFIED.,.F.,.F.,(4,4),(3.,4.),.PIECEWISE_BEZIER_KNOTS.);
#5996 = CARTESIAN_POINT('',(5.25,1.280407550411,10.765454861358));
#5997 = CARTESIAN_POINT('',(5.25,1.280407550411,10.801638436844));
#5998 = CARTESIAN_POINT('',(5.25,1.268117611841,10.830460526285));
#5999 = CARTESIAN_POINT('',(5.25,1.243600120174,10.852045900628));
#6000 = ORIENTED_EDGE('',*,*,#6001,.F.);
#6001 = EDGE_CURVE('',#6002,#5993,#6004,.T.);
#6002 = VERTEX_POINT('',#6003);
#6003 = CARTESIAN_POINT('',(5.25,1.243600120174,10.674496838837));
#6004 = B_SPLINE_CURVE_WITH_KNOTS('',3,(#6005,#6006,#6007,#6008),
  .UNSPECIFIED.,.F.,.F.,(4,4),(4.,5.),.PIECEWISE_BEZIER_KNOTS.);
#6005 = CARTESIAN_POINT('',(5.25,1.243600120174,10.674496838837));
#6006 = CARTESIAN_POINT('',(5.25,1.268117611841,10.69732992268));
#6007 = CARTESIAN_POINT('',(5.25,1.280407550411,10.72764926352));
#6008 = CARTESIAN_POINT('',(5.25,1.280407550411,10.765454861358));
#6009 = ORIENTED_EDGE('',*,*,#6010,.F.);
#6010 = EDGE_CURVE('',#5963,#6002,#6011,.T.);
#6011 = B_SPLINE_CURVE_WITH_KNOTS('',3,(#6012,#6013,#6014,#6015),
  .UNSPECIFIED.,.F.,.F.,(4,4),(5.,6.),.PIECEWISE_BEZIER_KNOTS.);
#6012 = CARTESIAN_POINT('',(5.25,1.148836583681,10.640309598549));
#6013 = CARTESIAN_POINT('',(5.25,1.187453192692,10.640309598549));
#6014 = CARTESIAN_POINT('',(5.25,1.219082628507,10.651663754996));
#6015 = CARTESIAN_POINT('',(5.25,1.243600120174,10.674496838837));
#6016 = FACE_BOUND('',#6017,.T.);
#6017 = EDGE_LOOP('',(#6018,#6027,#6034,#6041,#6050,#6059,#6068));
#6018 = ORIENTED_EDGE('',*,*,#6019,.T.);
#6019 = EDGE_CURVE('',#6020,#6022,#6024,.T.);
#6020 = VERTEX_POINT('',#6021);
#6021 = CARTESIAN_POINT('',(5.25,1.150084293179,10.856288112927));
#6022 = VERTEX_POINT('',#6023);
#6023 = CARTESIAN_POINT('',(5.25,1.113214477468,10.856288112927));
#6024 = B_SPLINE_CURVE_WITH_KNOTS('',1,(#6025,#6026),.UNSPECIFIED.,.F.,
  .F.,(2,2),(0.,3.686981571051E-02),.PIECEWISE_BEZIER_KNOTS.);
#6025 = CARTESIAN_POINT('',(5.25,1.150084293179,10.856288112927));
#6026 = CARTESIAN_POINT('',(5.25,1.113214477468,10.856288112927));
#6027 = ORIENTED_EDGE('',*,*,#6028,.T.);
#6028 = EDGE_CURVE('',#6022,#6029,#6031,.T.);
#6029 = VERTEX_POINT('',#6030);
#6030 = CARTESIAN_POINT('',(5.25,1.113214477468,10.66813352039));
#6031 = B_SPLINE_CURVE_WITH_KNOTS('',1,(#6032,#6033),.UNSPECIFIED.,.F.,
  .F.,(2,2),(0.,0.188154592537),.PIECEWISE_BEZIER_KNOTS.);
#6032 = CARTESIAN_POINT('',(5.25,1.113214477468,10.856288112927));
#6033 = CARTESIAN_POINT('',(5.25,1.113214477468,10.66813352039));
#6034 = ORIENTED_EDGE('',*,*,#6035,.T.);
#6035 = EDGE_CURVE('',#6029,#6036,#6038,.T.);
#6036 = VERTEX_POINT('',#6037);
#6037 = CARTESIAN_POINT('',(5.25,1.148649427256,10.66813352039));
#6038 = B_SPLINE_CURVE_WITH_KNOTS('',1,(#6039,#6040),.UNSPECIFIED.,.F.,
  .F.,(2,2),(0.,3.543494978762E-02),.PIECEWISE_BEZIER_KNOTS.);
#6039 = CARTESIAN_POINT('',(5.25,1.113214477468,10.66813352039));
#6040 = CARTESIAN_POINT('',(5.25,1.148649427256,10.66813352039));
#6041 = ORIENTED_EDGE('',*,*,#6042,.T.);
#6042 = EDGE_CURVE('',#6036,#6043,#6045,.T.);
#6043 = VERTEX_POINT('',#6044);
#6044 = CARTESIAN_POINT('',(5.25,1.221203734657,10.693586794181));
#6045 = B_SPLINE_CURVE_WITH_KNOTS('',3,(#6046,#6047,#6048,#6049),
  .UNSPECIFIED.,.F.,.F.,(4,4),(2.,3.),.PIECEWISE_BEZIER_KNOTS.);
#6046 = CARTESIAN_POINT('',(5.25,1.148649427256,10.66813352039));
#6047 = CARTESIAN_POINT('',(5.25,1.17965500832,10.66813352039));
#6048 = CARTESIAN_POINT('',(5.25,1.203860572613,10.676617944987));
#6049 = CARTESIAN_POINT('',(5.25,1.221203734657,10.693586794181));
#6050 = ORIENTED_EDGE('',*,*,#6051,.T.);
#6051 = EDGE_CURVE('',#6043,#6052,#6054,.T.);
#6052 = VERTEX_POINT('',#6053);
#6053 = CARTESIAN_POINT('',(5.25,1.247280863199,10.764581464707));
#6054 = B_SPLINE_CURVE_WITH_KNOTS('',3,(#6055,#6056,#6057,#6058),
  .UNSPECIFIED.,.F.,.F.,(4,4),(3.,4.),.PIECEWISE_BEZIER_KNOTS.);
#6055 = CARTESIAN_POINT('',(5.25,1.221203734657,10.693586794181));
#6056 = CARTESIAN_POINT('',(5.25,1.238609282176,10.710430872426));
#6057 = CARTESIAN_POINT('',(5.25,1.247280863199,10.734137352917));
#6058 = CARTESIAN_POINT('',(5.25,1.247280863199,10.764581464707));
#6059 = ORIENTED_EDGE('',*,*,#6060,.T.);
#6060 = EDGE_CURVE('',#6052,#6061,#6063,.T.);
#6061 = VERTEX_POINT('',#6062);
#6062 = CARTESIAN_POINT('',(5.25,1.220517494432,10.833330258134));
#6063 = B_SPLINE_CURVE_WITH_KNOTS('',3,(#6064,#6065,#6066,#6067),
  .UNSPECIFIED.,.F.,.F.,(4,4),(4.,5.),.PIECEWISE_BEZIER_KNOTS.);
#6064 = CARTESIAN_POINT('',(5.25,1.247280863199,10.764581464707));
#6065 = CARTESIAN_POINT('',(5.25,1.247280863199,10.795025576497));
#6066 = CARTESIAN_POINT('',(5.25,1.238359740275,10.81798343129));
#6067 = CARTESIAN_POINT('',(5.25,1.220517494432,10.833330258134));
#6068 = ORIENTED_EDGE('',*,*,#6069,.T.);
#6069 = EDGE_CURVE('',#6061,#6020,#6070,.T.);
#6070 = B_SPLINE_CURVE_WITH_KNOTS('',3,(#6071,#6072,#6073,#6074),
  .UNSPECIFIED.,.F.,.F.,(4,4),(5.,6.),.PIECEWISE_BEZIER_KNOTS.);
#6071 = CARTESIAN_POINT('',(5.25,1.220517494432,10.833330258134));
#6072 = CARTESIAN_POINT('',(5.25,1.202675248586,10.84867708498));
#6073 = CARTESIAN_POINT('',(5.25,1.179155924519,10.856288112927));
#6074 = CARTESIAN_POINT('',(5.25,1.150084293179,10.856288112927));
#6075 = B_SPLINE_SURFACE_WITH_KNOTS('',1,1,(
    (#6076,#6077)
    ,(#6078,#6079
    )),.UNSPECIFIED.,.F.,.F.,.F.,(2,2),(2,2),(-8.06332264079E-03,
    0.235988655477),(-0.120435159447,7.826257836099E-02),
  .PIECEWISE_BEZIER_KNOTS.);
#6076 = CARTESIAN_POINT('',(5.25,1.081709812603,10.884361576667));
#6077 = CARTESIAN_POINT('',(5.25,1.280407550411,10.884361576667));
#6078 = CARTESIAN_POINT('',(5.25,1.081709812603,10.640309598549));
#6079 = CARTESIAN_POINT('',(5.25,1.280407550411,10.640309598549));
#6080 = ADVANCED_FACE('',(#6081),#6095,.F.);
#6081 = FACE_BOUND('',#6082,.T.);
#6082 = EDGE_LOOP('',(#6083,#6084,#6089,#6090));
#6083 = ORIENTED_EDGE('',*,*,#5960,.T.);
#6084 = ORIENTED_EDGE('',*,*,#6085,.F.);
#6085 = EDGE_CURVE('',#5839,#5963,#6086,.T.);
#6086 = B_SPLINE_CURVE_WITH_KNOTS('',1,(#6087,#6088),.UNSPECIFIED.,.F.,
  .F.,(2,2),(-0.,1.E-03),.PIECEWISE_BEZIER_KNOTS.);
#6087 = CARTESIAN_POINT('',(5.251,1.148836583681,10.640309598549));
#6088 = CARTESIAN_POINT('',(5.25,1.148836583681,10.640309598549));
#6089 = ORIENTED_EDGE('',*,*,#5836,.F.);
#6090 = ORIENTED_EDGE('',*,*,#6091,.T.);
#6091 = EDGE_CURVE('',#5837,#5961,#6092,.T.);
#6092 = B_SPLINE_CURVE_WITH_KNOTS('',1,(#6093,#6094),.UNSPECIFIED.,.F.,
  .F.,(2,2),(-0.,1.E-03),.PIECEWISE_BEZIER_KNOTS.);
#6093 = CARTESIAN_POINT('',(5.251,1.081709812603,10.640309598549));
#6094 = CARTESIAN_POINT('',(5.25,1.081709812603,10.640309598549));
#6095 = B_SPLINE_SURFACE_WITH_KNOTS('',1,1,(
    (#6096,#6097)
    ,(#6098,#6099
    )),.UNSPECIFIED.,.F.,.F.,.F.,(2,2),(2,2),(-1.000000000001E-03,0.),(
    -6.712677107745E-02,0.),.PIECEWISE_BEZIER_KNOTS.);
#6096 = CARTESIAN_POINT('',(5.25,1.081709812603,10.640309598549));
#6097 = CARTESIAN_POINT('',(5.25,1.148836583681,10.640309598549));
#6098 = CARTESIAN_POINT('',(5.251,1.081709812603,10.640309598549));
#6099 = CARTESIAN_POINT('',(5.251,1.148836583681,10.640309598549));
#6100 = ADVANCED_FACE('',(#6101),#6111,.F.);
#6101 = FACE_BOUND('',#6102,.F.);
#6102 = EDGE_LOOP('',(#6103,#6104,#6105,#6110));
#6103 = ORIENTED_EDGE('',*,*,#6085,.F.);
#6104 = ORIENTED_EDGE('',*,*,#5845,.T.);
#6105 = ORIENTED_EDGE('',*,*,#6106,.T.);
#6106 = EDGE_CURVE('',#5846,#6002,#6107,.T.);
#6107 = B_SPLINE_CURVE_WITH_KNOTS('',1,(#6108,#6109),.UNSPECIFIED.,.F.,
  .F.,(2,2),(-0.,1.E-03),.PIECEWISE_BEZIER_KNOTS.);
#6108 = CARTESIAN_POINT('',(5.251,1.243600120174,10.674496838837));
#6109 = CARTESIAN_POINT('',(5.25,1.243600120174,10.674496838837));
#6110 = ORIENTED_EDGE('',*,*,#6010,.F.);
#6111 = B_SPLINE_SURFACE_WITH_KNOTS('',3,1,(
    (#6112,#6113)
    ,(#6114,#6115)
    ,(#6116,#6117)
    ,(#6118,#6119
    )),.UNSPECIFIED.,.F.,.F.,.F.,(4,4),(2,2),(5.,6.),(0.,1.),
  .PIECEWISE_BEZIER_KNOTS.);
#6112 = CARTESIAN_POINT('',(5.251,1.148836583681,10.640309598549));
#6113 = CARTESIAN_POINT('',(5.25,1.148836583681,10.640309598549));
#6114 = CARTESIAN_POINT('',(5.251,1.187453192692,10.640309598549));
#6115 = CARTESIAN_POINT('',(5.25,1.187453192692,10.640309598549));
#6116 = CARTESIAN_POINT('',(5.251,1.219082628507,10.651663754996));
#6117 = CARTESIAN_POINT('',(5.25,1.219082628507,10.651663754996));
#6118 = CARTESIAN_POINT('',(5.251,1.243600120174,10.674496838837));
#6119 = CARTESIAN_POINT('',(5.25,1.243600120174,10.674496838837));
#6120 = ADVANCED_FACE('',(#6121),#6131,.F.);
#6121 = FACE_BOUND('',#6122,.F.);
#6122 = EDGE_LOOP('',(#6123,#6124,#6125,#6130));
#6123 = ORIENTED_EDGE('',*,*,#6106,.F.);
#6124 = ORIENTED_EDGE('',*,*,#5854,.T.);
#6125 = ORIENTED_EDGE('',*,*,#6126,.T.);
#6126 = EDGE_CURVE('',#5855,#5993,#6127,.T.);
#6127 = B_SPLINE_CURVE_WITH_KNOTS('',1,(#6128,#6129),.UNSPECIFIED.,.F.,
  .F.,(2,2),(-0.,1.E-03),.PIECEWISE_BEZIER_KNOTS.);
#6128 = CARTESIAN_POINT('',(5.251,1.280407550411,10.765454861358));
#6129 = CARTESIAN_POINT('',(5.25,1.280407550411,10.765454861358));
#6130 = ORIENTED_EDGE('',*,*,#6001,.F.);
#6131 = B_SPLINE_SURFACE_WITH_KNOTS('',3,1,(
    (#6132,#6133)
    ,(#6134,#6135)
    ,(#6136,#6137)
    ,(#6138,#6139
    )),.UNSPECIFIED.,.F.,.F.,.F.,(4,4),(2,2),(4.,5.),(0.,1.),
  .PIECEWISE_BEZIER_KNOTS.);
#6132 = CARTESIAN_POINT('',(5.251,1.243600120174,10.674496838837));
#6133 = CARTESIAN_POINT('',(5.25,1.243600120174,10.674496838837));
#6134 = CARTESIAN_POINT('',(5.251,1.268117611841,10.69732992268));
#6135 = CARTESIAN_POINT('',(5.25,1.268117611841,10.69732992268));
#6136 = CARTESIAN_POINT('',(5.251,1.280407550411,10.72764926352));
#6137 = CARTESIAN_POINT('',(5.25,1.280407550411,10.72764926352));
#6138 = CARTESIAN_POINT('',(5.251,1.280407550411,10.765454861358));
#6139 = CARTESIAN_POINT('',(5.25,1.280407550411,10.765454861358));
#6140 = ADVANCED_FACE('',(#6141),#6151,.F.);
#6141 = FACE_BOUND('',#6142,.F.);
#6142 = EDGE_LOOP('',(#6143,#6144,#6145,#6150));
#6143 = ORIENTED_EDGE('',*,*,#6126,.F.);
#6144 = ORIENTED_EDGE('',*,*,#5863,.T.);
#6145 = ORIENTED_EDGE('',*,*,#6146,.T.);
#6146 = EDGE_CURVE('',#5864,#5984,#6147,.T.);
#6147 = B_SPLINE_CURVE_WITH_KNOTS('',1,(#6148,#6149),.UNSPECIFIED.,.F.,
  .F.,(2,2),(-0.,1.E-03),.PIECEWISE_BEZIER_KNOTS.);
#6148 = CARTESIAN_POINT('',(5.251,1.243600120174,10.852045900628));
#6149 = CARTESIAN_POINT('',(5.25,1.243600120174,10.852045900628));
#6150 = ORIENTED_EDGE('',*,*,#5992,.F.);
#6151 = B_SPLINE_SURFACE_WITH_KNOTS('',3,1,(
    (#6152,#6153)
    ,(#6154,#6155)
    ,(#6156,#6157)
    ,(#6158,#6159
    )),.UNSPECIFIED.,.F.,.F.,.F.,(4,4),(2,2),(3.,4.),(0.,1.),
  .PIECEWISE_BEZIER_KNOTS.);
#6152 = CARTESIAN_POINT('',(5.251,1.280407550411,10.765454861358));
#6153 = CARTESIAN_POINT('',(5.25,1.280407550411,10.765454861358));
#6154 = CARTESIAN_POINT('',(5.251,1.280407550411,10.801638436844));
#6155 = CARTESIAN_POINT('',(5.25,1.280407550411,10.801638436844));
#6156 = CARTESIAN_POINT('',(5.251,1.268117611841,10.830460526285));
#6157 = CARTESIAN_POINT('',(5.25,1.268117611841,10.830460526285));
#6158 = CARTESIAN_POINT('',(5.251,1.243600120174,10.852045900628));
#6159 = CARTESIAN_POINT('',(5.25,1.243600120174,10.852045900628));
#6160 = ADVANCED_FACE('',(#6161),#6171,.F.);
#6161 = FACE_BOUND('',#6162,.F.);
#6162 = EDGE_LOOP('',(#6163,#6164,#6165,#6170));
#6163 = ORIENTED_EDGE('',*,*,#6146,.F.);
#6164 = ORIENTED_EDGE('',*,*,#5872,.T.);
#6165 = ORIENTED_EDGE('',*,*,#6166,.T.);
#6166 = EDGE_CURVE('',#5873,#5977,#6167,.T.);
#6167 = B_SPLINE_CURVE_WITH_KNOTS('',1,(#6168,#6169),.UNSPECIFIED.,.F.,
  .F.,(2,2),(-0.,1.E-03),.PIECEWISE_BEZIER_KNOTS.);
#6168 = CARTESIAN_POINT('',(5.251,1.15133200268,10.884361576667));
#6169 = CARTESIAN_POINT('',(5.25,1.15133200268,10.884361576667));
#6170 = ORIENTED_EDGE('',*,*,#5983,.F.);
#6171 = B_SPLINE_SURFACE_WITH_KNOTS('',3,1,(
    (#6172,#6173)
    ,(#6174,#6175)
    ,(#6176,#6177)
    ,(#6178,#6179
    )),.UNSPECIFIED.,.F.,.F.,.F.,(4,4),(2,2),(2.,3.),(0.,1.),
  .PIECEWISE_BEZIER_KNOTS.);
#6172 = CARTESIAN_POINT('',(5.251,1.243600120174,10.852045900628));
#6173 = CARTESIAN_POINT('',(5.25,1.243600120174,10.852045900628));
#6174 = CARTESIAN_POINT('',(5.251,1.219082628507,10.873631274971));
#6175 = CARTESIAN_POINT('',(5.25,1.219082628507,10.873631274971));
#6176 = CARTESIAN_POINT('',(5.251,1.188326589342,10.884361576667));
#6177 = CARTESIAN_POINT('',(5.25,1.188326589342,10.884361576667));
#6178 = CARTESIAN_POINT('',(5.251,1.15133200268,10.884361576667));
#6179 = CARTESIAN_POINT('',(5.25,1.15133200268,10.884361576667));
#6180 = ADVANCED_FACE('',(#6181),#6191,.F.);
#6181 = FACE_BOUND('',#6182,.T.);
#6182 = EDGE_LOOP('',(#6183,#6184,#6189,#6190));
#6183 = ORIENTED_EDGE('',*,*,#5976,.T.);
#6184 = ORIENTED_EDGE('',*,*,#6185,.F.);
#6185 = EDGE_CURVE('',#5882,#5970,#6186,.T.);
#6186 = B_SPLINE_CURVE_WITH_KNOTS('',1,(#6187,#6188),.UNSPECIFIED.,.F.,
  .F.,(2,2),(-0.,1.E-03),.PIECEWISE_BEZIER_KNOTS.);
#6187 = CARTESIAN_POINT('',(5.251,1.081709812603,10.884361576667));
#6188 = CARTESIAN_POINT('',(5.25,1.081709812603,10.884361576667));
#6189 = ORIENTED_EDGE('',*,*,#5881,.F.);
#6190 = ORIENTED_EDGE('',*,*,#6166,.T.);
#6191 = B_SPLINE_SURFACE_WITH_KNOTS('',1,1,(
    (#6192,#6193)
    ,(#6194,#6195
    )),.UNSPECIFIED.,.F.,.F.,.F.,(2,2),(2,2),(0.,6.962219007709E-02),(
    -1.E-03,0.),.PIECEWISE_BEZIER_KNOTS.);
#6192 = CARTESIAN_POINT('',(5.25,1.081709812603,10.884361576667));
#6193 = CARTESIAN_POINT('',(5.251,1.081709812603,10.884361576667));
#6194 = CARTESIAN_POINT('',(5.25,1.15133200268,10.884361576667));
#6195 = CARTESIAN_POINT('',(5.251,1.15133200268,10.884361576667));
#6196 = ADVANCED_FACE('',(#6197),#6203,.F.);
#6197 = FACE_BOUND('',#6198,.T.);
#6198 = EDGE_LOOP('',(#6199,#6200,#6201,#6202));
#6199 = ORIENTED_EDGE('',*,*,#5969,.T.);
#6200 = ORIENTED_EDGE('',*,*,#6091,.F.);
#6201 = ORIENTED_EDGE('',*,*,#5888,.F.);
#6202 = ORIENTED_EDGE('',*,*,#6185,.T.);
#6203 = B_SPLINE_SURFACE_WITH_KNOTS('',1,1,(
    (#6204,#6205)
    ,(#6206,#6207
    )),.UNSPECIFIED.,.F.,.F.,.F.,(2,2),(2,2),(0.,0.244051978118),(
    -1.E-03,0.),.PIECEWISE_BEZIER_KNOTS.);
#6204 = CARTESIAN_POINT('',(5.25,1.081709812603,10.640309598549));
#6205 = CARTESIAN_POINT('',(5.251,1.081709812603,10.640309598549));
#6206 = CARTESIAN_POINT('',(5.25,1.081709812603,10.884361576667));
#6207 = CARTESIAN_POINT('',(5.251,1.081709812603,10.884361576667));
#6208 = ADVANCED_FACE('',(#6209),#6223,.T.);
#6209 = FACE_BOUND('',#6210,.T.);
#6210 = EDGE_LOOP('',(#6211,#6212,#6217,#6218));
#6211 = ORIENTED_EDGE('',*,*,#6019,.F.);
#6212 = ORIENTED_EDGE('',*,*,#6213,.F.);
#6213 = EDGE_CURVE('',#5905,#6020,#6214,.T.);
#6214 = B_SPLINE_CURVE_WITH_KNOTS('',1,(#6215,#6216),.UNSPECIFIED.,.F.,
  .F.,(2,2),(-0.,1.E-03),.PIECEWISE_BEZIER_KNOTS.);
#6215 = CARTESIAN_POINT('',(5.251,1.150084293179,10.856288112927));
#6216 = CARTESIAN_POINT('',(5.25,1.150084293179,10.856288112927));
#6217 = ORIENTED_EDGE('',*,*,#5904,.T.);
#6218 = ORIENTED_EDGE('',*,*,#6219,.T.);
#6219 = EDGE_CURVE('',#5896,#6022,#6220,.T.);
#6220 = B_SPLINE_CURVE_WITH_KNOTS('',1,(#6221,#6222),.UNSPECIFIED.,.F.,
  .F.,(2,2),(-0.,1.E-03),.PIECEWISE_BEZIER_KNOTS.);
#6221 = CARTESIAN_POINT('',(5.251,1.113214477468,10.856288112927));
#6222 = CARTESIAN_POINT('',(5.25,1.113214477468,10.856288112927));
#6223 = B_SPLINE_SURFACE_WITH_KNOTS('',1,1,(
    (#6224,#6225)
    ,(#6226,#6227
    )),.UNSPECIFIED.,.F.,.F.,.F.,(2,2),(2,2),(0.,1.000000000001E-03),(
    -3.686981571051E-02,0.),.PIECEWISE_BEZIER_KNOTS.);
#6224 = CARTESIAN_POINT('',(5.251,1.113214477468,10.856288112927));
#6225 = CARTESIAN_POINT('',(5.251,1.150084293179,10.856288112927));
#6226 = CARTESIAN_POINT('',(5.25,1.113214477468,10.856288112927));
#6227 = CARTESIAN_POINT('',(5.25,1.150084293179,10.856288112927));
#6228 = ADVANCED_FACE('',(#6229),#6239,.T.);
#6229 = FACE_BOUND('',#6230,.T.);
#6230 = EDGE_LOOP('',(#6231,#6232,#6233,#6234));
#6231 = ORIENTED_EDGE('',*,*,#6028,.F.);
#6232 = ORIENTED_EDGE('',*,*,#6219,.F.);
#6233 = ORIENTED_EDGE('',*,*,#5895,.T.);
#6234 = ORIENTED_EDGE('',*,*,#6235,.T.);
#6235 = EDGE_CURVE('',#5898,#6029,#6236,.T.);
#6236 = B_SPLINE_CURVE_WITH_KNOTS('',1,(#6237,#6238),.UNSPECIFIED.,.F.,
  .F.,(2,2),(-0.,1.E-03),.PIECEWISE_BEZIER_KNOTS.);
#6237 = CARTESIAN_POINT('',(5.251,1.113214477468,10.66813352039));
#6238 = CARTESIAN_POINT('',(5.25,1.113214477468,10.66813352039));
#6239 = B_SPLINE_SURFACE_WITH_KNOTS('',1,1,(
    (#6240,#6241)
    ,(#6242,#6243
    )),.UNSPECIFIED.,.F.,.F.,.F.,(2,2),(2,2),(-0.188154592537,0.),(
    -1.E-03,0.),.PIECEWISE_BEZIER_KNOTS.);
#6240 = CARTESIAN_POINT('',(5.25,1.113214477468,10.66813352039));
#6241 = CARTESIAN_POINT('',(5.251,1.113214477468,10.66813352039));
#6242 = CARTESIAN_POINT('',(5.25,1.113214477468,10.856288112927));
#6243 = CARTESIAN_POINT('',(5.251,1.113214477468,10.856288112927));
#6244 = ADVANCED_FACE('',(#6245),#6255,.T.);
#6245 = FACE_BOUND('',#6246,.T.);
#6246 = EDGE_LOOP('',(#6247,#6248,#6249,#6250));
#6247 = ORIENTED_EDGE('',*,*,#6035,.F.);
#6248 = ORIENTED_EDGE('',*,*,#6235,.F.);
#6249 = ORIENTED_EDGE('',*,*,#5947,.T.);
#6250 = ORIENTED_EDGE('',*,*,#6251,.T.);
#6251 = EDGE_CURVE('',#5939,#6036,#6252,.T.);
#6252 = B_SPLINE_CURVE_WITH_KNOTS('',1,(#6253,#6254),.UNSPECIFIED.,.F.,
  .F.,(2,2),(-0.,1.E-03),.PIECEWISE_BEZIER_KNOTS.);
#6253 = CARTESIAN_POINT('',(5.251,1.148649427256,10.66813352039));
#6254 = CARTESIAN_POINT('',(5.25,1.148649427256,10.66813352039));
#6255 = B_SPLINE_SURFACE_WITH_KNOTS('',1,1,(
    (#6256,#6257)
    ,(#6258,#6259
    )),.UNSPECIFIED.,.F.,.F.,.F.,(2,2),(2,2),(-1.E-03,0.),(0.,
    3.543494978762E-02),.PIECEWISE_BEZIER_KNOTS.);
#6256 = CARTESIAN_POINT('',(5.25,1.113214477468,10.66813352039));
#6257 = CARTESIAN_POINT('',(5.25,1.148649427256,10.66813352039));
#6258 = CARTESIAN_POINT('',(5.251,1.113214477468,10.66813352039));
#6259 = CARTESIAN_POINT('',(5.251,1.148649427256,10.66813352039));
#6260 = ADVANCED_FACE('',(#6261),#6271,.T.);
#6261 = FACE_BOUND('',#6262,.T.);
#6262 = EDGE_LOOP('',(#6263,#6264,#6265,#6266));
#6263 = ORIENTED_EDGE('',*,*,#6042,.F.);
#6264 = ORIENTED_EDGE('',*,*,#6251,.F.);
#6265 = ORIENTED_EDGE('',*,*,#5938,.T.);
#6266 = ORIENTED_EDGE('',*,*,#6267,.T.);
#6267 = EDGE_CURVE('',#5930,#6043,#6268,.T.);
#6268 = B_SPLINE_CURVE_WITH_KNOTS('',1,(#6269,#6270),.UNSPECIFIED.,.F.,
  .F.,(2,2),(-0.,1.E-03),.PIECEWISE_BEZIER_KNOTS.);
#6269 = CARTESIAN_POINT('',(5.251,1.221203734657,10.693586794181));
#6270 = CARTESIAN_POINT('',(5.25,1.221203734657,10.693586794181));
#6271 = B_SPLINE_SURFACE_WITH_KNOTS('',3,1,(
    (#6272,#6273)
    ,(#6274,#6275)
    ,(#6276,#6277)
    ,(#6278,#6279
    )),.UNSPECIFIED.,.F.,.F.,.F.,(4,4),(2,2),(2.,3.),(0.,1.),
  .PIECEWISE_BEZIER_KNOTS.);
#6272 = CARTESIAN_POINT('',(5.251,1.148649427256,10.66813352039));
#6273 = CARTESIAN_POINT('',(5.25,1.148649427256,10.66813352039));
#6274 = CARTESIAN_POINT('',(5.251,1.17965500832,10.66813352039));
#6275 = CARTESIAN_POINT('',(5.25,1.17965500832,10.66813352039));
#6276 = CARTESIAN_POINT('',(5.251,1.203860572613,10.676617944987));
#6277 = CARTESIAN_POINT('',(5.25,1.203860572613,10.676617944987));
#6278 = CARTESIAN_POINT('',(5.251,1.221203734657,10.693586794181));
#6279 = CARTESIAN_POINT('',(5.25,1.221203734657,10.693586794181));
#6280 = ADVANCED_FACE('',(#6281),#6291,.T.);
#6281 = FACE_BOUND('',#6282,.T.);
#6282 = EDGE_LOOP('',(#6283,#6284,#6285,#6286));
#6283 = ORIENTED_EDGE('',*,*,#6051,.F.);
#6284 = ORIENTED_EDGE('',*,*,#6267,.F.);
#6285 = ORIENTED_EDGE('',*,*,#5929,.T.);
#6286 = ORIENTED_EDGE('',*,*,#6287,.T.);
#6287 = EDGE_CURVE('',#5921,#6052,#6288,.T.);
#6288 = B_SPLINE_CURVE_WITH_KNOTS('',1,(#6289,#6290),.UNSPECIFIED.,.F.,
  .F.,(2,2),(-0.,1.E-03),.PIECEWISE_BEZIER_KNOTS.);
#6289 = CARTESIAN_POINT('',(5.251,1.247280863199,10.764581464707));
#6290 = CARTESIAN_POINT('',(5.25,1.247280863199,10.764581464707));
#6291 = B_SPLINE_SURFACE_WITH_KNOTS('',3,1,(
    (#6292,#6293)
    ,(#6294,#6295)
    ,(#6296,#6297)
    ,(#6298,#6299
    )),.UNSPECIFIED.,.F.,.F.,.F.,(4,4),(2,2),(3.,4.),(0.,1.),
  .PIECEWISE_BEZIER_KNOTS.);
#6292 = CARTESIAN_POINT('',(5.251,1.221203734657,10.693586794181));
#6293 = CARTESIAN_POINT('',(5.25,1.221203734657,10.693586794181));
#6294 = CARTESIAN_POINT('',(5.251,1.238609282176,10.710430872426));
#6295 = CARTESIAN_POINT('',(5.25,1.238609282176,10.710430872426));
#6296 = CARTESIAN_POINT('',(5.251,1.247280863199,10.734137352917));
#6297 = CARTESIAN_POINT('',(5.25,1.247280863199,10.734137352917));
#6298 = CARTESIAN_POINT('',(5.251,1.247280863199,10.764581464707));
#6299 = CARTESIAN_POINT('',(5.25,1.247280863199,10.764581464707));
#6300 = ADVANCED_FACE('',(#6301),#6311,.T.);
#6301 = FACE_BOUND('',#6302,.T.);
#6302 = EDGE_LOOP('',(#6303,#6304,#6305,#6306));
#6303 = ORIENTED_EDGE('',*,*,#6060,.F.);
#6304 = ORIENTED_EDGE('',*,*,#6287,.F.);
#6305 = ORIENTED_EDGE('',*,*,#5920,.T.);
#6306 = ORIENTED_EDGE('',*,*,#6307,.T.);
#6307 = EDGE_CURVE('',#5912,#6061,#6308,.T.);
#6308 = B_SPLINE_CURVE_WITH_KNOTS('',1,(#6309,#6310),.UNSPECIFIED.,.F.,
  .F.,(2,2),(-0.,1.E-03),.PIECEWISE_BEZIER_KNOTS.);
#6309 = CARTESIAN_POINT('',(5.251,1.220517494432,10.833330258134));
#6310 = CARTESIAN_POINT('',(5.25,1.220517494432,10.833330258134));
#6311 = B_SPLINE_SURFACE_WITH_KNOTS('',3,1,(
    (#6312,#6313)
    ,(#6314,#6315)
    ,(#6316,#6317)
    ,(#6318,#6319
    )),.UNSPECIFIED.,.F.,.F.,.F.,(4,4),(2,2),(4.,5.),(0.,1.),
  .PIECEWISE_BEZIER_KNOTS.);
#6312 = CARTESIAN_POINT('',(5.251,1.247280863199,10.764581464707));
#6313 = CARTESIAN_POINT('',(5.25,1.247280863199,10.764581464707));
#6314 = CARTESIAN_POINT('',(5.251,1.247280863199,10.795025576497));
#6315 = CARTESIAN_POINT('',(5.25,1.247280863199,10.795025576497));
#6316 = CARTESIAN_POINT('',(5.251,1.238359740275,10.81798343129));
#6317 = CARTESIAN_POINT('',(5.25,1.238359740275,10.81798343129));
#6318 = CARTESIAN_POINT('',(5.251,1.220517494432,10.833330258134));
#6319 = CARTESIAN_POINT('',(5.25,1.220517494432,10.833330258134));
#6320 = ADVANCED_FACE('',(#6321),#6327,.T.);
#6321 = FACE_BOUND('',#6322,.T.);
#6322 = EDGE_LOOP('',(#6323,#6324,#6325,#6326));
#6323 = ORIENTED_EDGE('',*,*,#6069,.F.);
#6324 = ORIENTED_EDGE('',*,*,#6307,.F.);
#6325 = ORIENTED_EDGE('',*,*,#5911,.T.);
#6326 = ORIENTED_EDGE('',*,*,#6213,.T.);
#6327 = B_SPLINE_SURFACE_WITH_KNOTS('',3,1,(
    (#6328,#6329)
    ,(#6330,#6331)
    ,(#6332,#6333)
    ,(#6334,#6335
    )),.UNSPECIFIED.,.F.,.F.,.F.,(4,4),(2,2),(5.,6.),(0.,1.),
  .PIECEWISE_BEZIER_KNOTS.);
#6328 = CARTESIAN_POINT('',(5.251,1.220517494432,10.833330258134));
#6329 = CARTESIAN_POINT('',(5.25,1.220517494432,10.833330258134));
#6330 = CARTESIAN_POINT('',(5.251,1.202675248586,10.84867708498));
#6331 = CARTESIAN_POINT('',(5.25,1.202675248586,10.84867708498));
#6332 = CARTESIAN_POINT('',(5.251,1.179155924519,10.856288112927));
#6333 = CARTESIAN_POINT('',(5.25,1.179155924519,10.856288112927));
#6334 = CARTESIAN_POINT('',(5.251,1.150084293179,10.856288112927));
#6335 = CARTESIAN_POINT('',(5.25,1.150084293179,10.856288112927));
#6336 = MANIFOLD_SOLID_BREP('',#6337);
#6337 = CLOSED_SHELL('',(#6338,#6450,#6562,#6582,#6598,#6614,#6630,#6646
    ,#6662,#6678,#6690,#6710,#6726,#6746,#6762,#6782));
#6338 = ADVANCED_FACE('',(#6339,#6397),#6445,.F.);
#6339 = FACE_BOUND('',#6340,.T.);
#6340 = EDGE_LOOP('',(#6341,#6350,#6357,#6364,#6371,#6378,#6385,#6392));
#6341 = ORIENTED_EDGE('',*,*,#6342,.T.);
#6342 = EDGE_CURVE('',#6343,#6345,#6347,.T.);
#6343 = VERTEX_POINT('',#6344);
#6344 = CARTESIAN_POINT('',(5.251,1.513542070408,10.640309598549));
#6345 = VERTEX_POINT('',#6346);
#6346 = CARTESIAN_POINT('',(5.251,1.420587712689,10.884361576667));
#6347 = B_SPLINE_CURVE_WITH_KNOTS('',1,(#6348,#6349),.UNSPECIFIED.,.F.,
  .F.,(2,2),(-0.261154897795,0.),.PIECEWISE_BEZIER_KNOTS.);
#6348 = CARTESIAN_POINT('',(5.251,1.513542070408,10.640309598549));
#6349 = CARTESIAN_POINT('',(5.251,1.420587712689,10.884361576667));
#6350 = ORIENTED_EDGE('',*,*,#6351,.T.);
#6351 = EDGE_CURVE('',#6345,#6352,#6354,.T.);
#6352 = VERTEX_POINT('',#6353);
#6353 = CARTESIAN_POINT('',(5.251,1.386899556201,10.884361576667));
#6354 = B_SPLINE_CURVE_WITH_KNOTS('',1,(#6355,#6356),.UNSPECIFIED.,.F.,
  .F.,(2,2),(-3.368815648854E-02,-0.),.PIECEWISE_BEZIER_KNOTS.);
#6355 = CARTESIAN_POINT('',(5.251,1.420587712689,10.884361576667));
#6356 = CARTESIAN_POINT('',(5.251,1.386899556201,10.884361576667));
#6357 = ORIENTED_EDGE('',*,*,#6358,.T.);
#6358 = EDGE_CURVE('',#6352,#6359,#6361,.T.);
#6359 = VERTEX_POINT('',#6360);
#6360 = CARTESIAN_POINT('',(5.251,1.293945198483,10.640309598549));
#6361 = B_SPLINE_CURVE_WITH_KNOTS('',1,(#6362,#6363),.UNSPECIFIED.,.F.,
  .F.,(2,2),(-0.261154897794,-0.),.PIECEWISE_BEZIER_KNOTS.);
#6362 = CARTESIAN_POINT('',(5.251,1.386899556201,10.884361576667));
#6363 = CARTESIAN_POINT('',(5.251,1.293945198483,10.640309598549));
#6364 = ORIENTED_EDGE('',*,*,#6365,.T.);
#6365 = EDGE_CURVE('',#6359,#6366,#6368,.T.);
#6366 = VERTEX_POINT('',#6367);
#6367 = CARTESIAN_POINT('',(5.251,1.32875629352,10.640309598549));
#6368 = B_SPLINE_CURVE_WITH_KNOTS('',1,(#6369,#6370),.UNSPECIFIED.,.F.,
  .F.,(2,2),(-3.481109503688E-02,0.),.PIECEWISE_BEZIER_KNOTS.);
#6369 = CARTESIAN_POINT('',(5.251,1.293945198483,10.640309598549));
#6370 = CARTESIAN_POINT('',(5.251,1.32875629352,10.640309598549));
#6371 = ORIENTED_EDGE('',*,*,#6372,.T.);
#6372 = EDGE_CURVE('',#6366,#6373,#6375,.T.);
#6373 = VERTEX_POINT('',#6374);
#6374 = CARTESIAN_POINT('',(5.251,1.352213232112,10.707062056777));
#6375 = B_SPLINE_CURVE_WITH_KNOTS('',1,(#6376,#6377),.UNSPECIFIED.,.F.,
  .F.,(2,2),(-7.075393026249E-02,0.),.PIECEWISE_BEZIER_KNOTS.);
#6376 = CARTESIAN_POINT('',(5.251,1.32875629352,10.640309598549));
#6377 = CARTESIAN_POINT('',(5.251,1.352213232112,10.707062056777));
#6378 = ORIENTED_EDGE('',*,*,#6379,.T.);
#6379 = EDGE_CURVE('',#6373,#6380,#6382,.T.);
#6380 = VERTEX_POINT('',#6381);
#6381 = CARTESIAN_POINT('',(5.251,1.453839170853,10.707062056777));
#6382 = B_SPLINE_CURVE_WITH_KNOTS('',1,(#6383,#6384),.UNSPECIFIED.,.F.,
  .F.,(2,2),(-0.101625938741,0.),.PIECEWISE_BEZIER_KNOTS.);
#6383 = CARTESIAN_POINT('',(5.251,1.352213232112,10.707062056777));
#6384 = CARTESIAN_POINT('',(5.251,1.453839170853,10.707062056777));
#6385 = ORIENTED_EDGE('',*,*,#6386,.T.);
#6386 = EDGE_CURVE('',#6380,#6387,#6389,.T.);
#6387 = VERTEX_POINT('',#6388);
#6388 = CARTESIAN_POINT('',(5.251,1.47873097537,10.640309598549));
#6389 = B_SPLINE_CURVE_WITH_KNOTS('',1,(#6390,#6391),.UNSPECIFIED.,.F.,
  .F.,(2,2),(-7.12424916154E-02,0.),.PIECEWISE_BEZIER_KNOTS.);
#6390 = CARTESIAN_POINT('',(5.251,1.453839170853,10.707062056777));
#6391 = CARTESIAN_POINT('',(5.251,1.47873097537,10.640309598549));
#6392 = ORIENTED_EDGE('',*,*,#6393,.T.);
#6393 = EDGE_CURVE('',#6387,#6343,#6394,.T.);
#6394 = B_SPLINE_CURVE_WITH_KNOTS('',1,(#6395,#6396),.UNSPECIFIED.,.F.,
  .F.,(2,2),(-3.481109503854E-02,0.),.PIECEWISE_BEZIER_KNOTS.);
#6395 = CARTESIAN_POINT('',(5.251,1.47873097537,10.640309598549));
#6396 = CARTESIAN_POINT('',(5.251,1.513542070408,10.640309598549));
#6397 = FACE_BOUND('',#6398,.T.);
#6398 = EDGE_LOOP('',(#6399,#6408,#6415,#6424,#6431,#6440));
#6399 = ORIENTED_EDGE('',*,*,#6400,.F.);
#6400 = EDGE_CURVE('',#6401,#6403,#6405,.T.);
#6401 = VERTEX_POINT('',#6402);
#6402 = CARTESIAN_POINT('',(5.251,1.362194908109,10.734636436718));
#6403 = VERTEX_POINT('',#6404);
#6404 = CARTESIAN_POINT('',(5.251,1.444107036756,10.734636436718));
#6405 = B_SPLINE_CURVE_WITH_KNOTS('',1,(#6406,#6407),.UNSPECIFIED.,.F.,
  .F.,(2,2),(0.,8.191212864726E-02),.PIECEWISE_BEZIER_KNOTS.);
#6406 = CARTESIAN_POINT('',(5.251,1.362194908109,10.734636436718));
#6407 = CARTESIAN_POINT('',(5.251,1.444107036756,10.734636436718));
#6408 = ORIENTED_EDGE('',*,*,#6409,.F.);
#6409 = EDGE_CURVE('',#6410,#6401,#6412,.T.);
#6410 = VERTEX_POINT('',#6411);
#6411 = CARTESIAN_POINT('',(5.251,1.398690410972,10.836075219033));
#6412 = B_SPLINE_CURVE_WITH_KNOTS('',1,(#6413,#6414),.UNSPECIFIED.,.F.,
  .F.,(2,2),(7.516987794757E-17,0.107804212751),
  .PIECEWISE_BEZIER_KNOTS.);
#6413 = CARTESIAN_POINT('',(5.251,1.398690410972,10.836075219033));
#6414 = CARTESIAN_POINT('',(5.251,1.362194908109,10.734636436718));
#6415 = ORIENTED_EDGE('',*,*,#6416,.F.);
#6416 = EDGE_CURVE('',#6417,#6410,#6419,.T.);
#6417 = VERTEX_POINT('',#6418);
#6418 = CARTESIAN_POINT('',(5.251,1.402683081371,10.853168839178));
#6419 = B_SPLINE_CURVE_WITH_KNOTS('',3,(#6420,#6421,#6422,#6423),
  .UNSPECIFIED.,.F.,.F.,(4,4),(3.,4.),.PIECEWISE_BEZIER_KNOTS.);
#6420 = CARTESIAN_POINT('',(5.251,1.402683081371,10.853168839178));
#6421 = CARTESIAN_POINT('',(5.251,1.401497757346,10.845807353131));
#6422 = CARTESIAN_POINT('',(5.251,1.400187662371,10.840067889432));
#6423 = CARTESIAN_POINT('',(5.251,1.398690410972,10.836075219033));
#6424 = ORIENTED_EDGE('',*,*,#6425,.F.);
#6425 = EDGE_CURVE('',#6426,#6417,#6428,.T.);
#6426 = VERTEX_POINT('',#6427);
#6427 = CARTESIAN_POINT('',(5.251,1.40343170707,10.853168839178));
#6428 = B_SPLINE_CURVE_WITH_KNOTS('',1,(#6429,#6430),.UNSPECIFIED.,.F.,
  .F.,(2,2),(0.,7.486256988951E-04),.PIECEWISE_BEZIER_KNOTS.);
#6429 = CARTESIAN_POINT('',(5.251,1.40343170707,10.853168839178));
#6430 = CARTESIAN_POINT('',(5.251,1.402683081371,10.853168839178));
#6431 = ORIENTED_EDGE('',*,*,#6432,.F.);
#6432 = EDGE_CURVE('',#6433,#6426,#6435,.T.);
#6433 = VERTEX_POINT('',#6434);
#6434 = CARTESIAN_POINT('',(5.251,1.407237221044,10.836075219033));
#6435 = B_SPLINE_CURVE_WITH_KNOTS('',3,(#6436,#6437,#6438,#6439),
  .UNSPECIFIED.,.F.,.F.,(4,4),(1.,2.),.PIECEWISE_BEZIER_KNOTS.);
#6436 = CARTESIAN_POINT('',(5.251,1.407237221044,10.836075219033));
#6437 = CARTESIAN_POINT('',(5.251,1.406051897019,10.839444034682));
#6438 = CARTESIAN_POINT('',(5.251,1.404804187519,10.84505872743));
#6439 = CARTESIAN_POINT('',(5.251,1.40343170707,10.853168839178));
#6440 = ORIENTED_EDGE('',*,*,#6441,.F.);
#6441 = EDGE_CURVE('',#6403,#6433,#6442,.T.);
#6442 = B_SPLINE_CURVE_WITH_KNOTS('',1,(#6443,#6444),.UNSPECIFIED.,.F.,
  .F.,(2,2),(0.,0.107931505448),.PIECEWISE_BEZIER_KNOTS.);
#6443 = CARTESIAN_POINT('',(5.251,1.444107036756,10.734636436718));
#6444 = CARTESIAN_POINT('',(5.251,1.407237221044,10.836075219033));
#6445 = B_SPLINE_SURFACE_WITH_KNOTS('',1,1,(
    (#6446,#6447)
    ,(#6448,#6449
    )),.UNSPECIFIED.,.F.,.F.,.F.,(2,2),(2,2),(7.13778397155,
    7.381835949667),(1.293945198483,1.513542070408),
  .PIECEWISE_BEZIER_KNOTS.);
#6446 = CARTESIAN_POINT('',(5.251,1.293945198483,10.640309598549));
#6447 = CARTESIAN_POINT('',(5.251,1.513542070408,10.640309598549));
#6448 = CARTESIAN_POINT('',(5.251,1.293945198483,10.884361576667));
#6449 = CARTESIAN_POINT('',(5.251,1.513542070408,10.884361576667));
#6450 = ADVANCED_FACE('',(#6451,#6509),#6557,.T.);
#6451 = FACE_BOUND('',#6452,.T.);
#6452 = EDGE_LOOP('',(#6453,#6462,#6469,#6476,#6483,#6490,#6497,#6504));
#6453 = ORIENTED_EDGE('',*,*,#6454,.F.);
#6454 = EDGE_CURVE('',#6455,#6457,#6459,.T.);
#6455 = VERTEX_POINT('',#6456);
#6456 = CARTESIAN_POINT('',(5.25,1.513542070408,10.640309598549));
#6457 = VERTEX_POINT('',#6458);
#6458 = CARTESIAN_POINT('',(5.25,1.420587712689,10.884361576667));
#6459 = B_SPLINE_CURVE_WITH_KNOTS('',1,(#6460,#6461),.UNSPECIFIED.,.F.,
  .F.,(2,2),(-0.261154897795,0.),.PIECEWISE_BEZIER_KNOTS.);
#6460 = CARTESIAN_POINT('',(5.25,1.513542070408,10.640309598549));
#6461 = CARTESIAN_POINT('',(5.25,1.420587712689,10.884361576667));
#6462 = ORIENTED_EDGE('',*,*,#6463,.F.);
#6463 = EDGE_CURVE('',#6464,#6455,#6466,.T.);
#6464 = VERTEX_POINT('',#6465);
#6465 = CARTESIAN_POINT('',(5.25,1.47873097537,10.640309598549));
#6466 = B_SPLINE_CURVE_WITH_KNOTS('',1,(#6467,#6468),.UNSPECIFIED.,.F.,
  .F.,(2,2),(-3.481109503854E-02,0.),.PIECEWISE_BEZIER_KNOTS.);
#6467 = CARTESIAN_POINT('',(5.25,1.47873097537,10.640309598549));
#6468 = CARTESIAN_POINT('',(5.25,1.513542070408,10.640309598549));
#6469 = ORIENTED_EDGE('',*,*,#6470,.F.);
#6470 = EDGE_CURVE('',#6471,#6464,#6473,.T.);
#6471 = VERTEX_POINT('',#6472);
#6472 = CARTESIAN_POINT('',(5.25,1.453839170853,10.707062056777));
#6473 = B_SPLINE_CURVE_WITH_KNOTS('',1,(#6474,#6475),.UNSPECIFIED.,.F.,
  .F.,(2,2),(-7.12424916154E-02,0.),.PIECEWISE_BEZIER_KNOTS.);
#6474 = CARTESIAN_POINT('',(5.25,1.453839170853,10.707062056777));
#6475 = CARTESIAN_POINT('',(5.25,1.47873097537,10.640309598549));
#6476 = ORIENTED_EDGE('',*,*,#6477,.F.);
#6477 = EDGE_CURVE('',#6478,#6471,#6480,.T.);
#6478 = VERTEX_POINT('',#6479);
#6479 = CARTESIAN_POINT('',(5.25,1.352213232112,10.707062056777));
#6480 = B_SPLINE_CURVE_WITH_KNOTS('',1,(#6481,#6482),.UNSPECIFIED.,.F.,
  .F.,(2,2),(-0.101625938741,0.),.PIECEWISE_BEZIER_KNOTS.);
#6481 = CARTESIAN_POINT('',(5.25,1.352213232112,10.707062056777));
#6482 = CARTESIAN_POINT('',(5.25,1.453839170853,10.707062056777));
#6483 = ORIENTED_EDGE('',*,*,#6484,.F.);
#6484 = EDGE_CURVE('',#6485,#6478,#6487,.T.);
#6485 = VERTEX_POINT('',#6486);
#6486 = CARTESIAN_POINT('',(5.25,1.32875629352,10.640309598549));
#6487 = B_SPLINE_CURVE_WITH_KNOTS('',1,(#6488,#6489),.UNSPECIFIED.,.F.,
  .F.,(2,2),(-7.075393026249E-02,0.),.PIECEWISE_BEZIER_KNOTS.);
#6488 = CARTESIAN_POINT('',(5.25,1.32875629352,10.640309598549));
#6489 = CARTESIAN_POINT('',(5.25,1.352213232112,10.707062056777));
#6490 = ORIENTED_EDGE('',*,*,#6491,.F.);
#6491 = EDGE_CURVE('',#6492,#6485,#6494,.T.);
#6492 = VERTEX_POINT('',#6493);
#6493 = CARTESIAN_POINT('',(5.25,1.293945198483,10.640309598549));
#6494 = B_SPLINE_CURVE_WITH_KNOTS('',1,(#6495,#6496),.UNSPECIFIED.,.F.,
  .F.,(2,2),(-3.481109503688E-02,0.),.PIECEWISE_BEZIER_KNOTS.);
#6495 = CARTESIAN_POINT('',(5.25,1.293945198483,10.640309598549));
#6496 = CARTESIAN_POINT('',(5.25,1.32875629352,10.640309598549));
#6497 = ORIENTED_EDGE('',*,*,#6498,.F.);
#6498 = EDGE_CURVE('',#6499,#6492,#6501,.T.);
#6499 = VERTEX_POINT('',#6500);
#6500 = CARTESIAN_POINT('',(5.25,1.386899556201,10.884361576667));
#6501 = B_SPLINE_CURVE_WITH_KNOTS('',1,(#6502,#6503),.UNSPECIFIED.,.F.,
  .F.,(2,2),(-0.261154897794,-0.),.PIECEWISE_BEZIER_KNOTS.);
#6502 = CARTESIAN_POINT('',(5.25,1.386899556201,10.884361576667));
#6503 = CARTESIAN_POINT('',(5.25,1.293945198483,10.640309598549));
#6504 = ORIENTED_EDGE('',*,*,#6505,.F.);
#6505 = EDGE_CURVE('',#6457,#6499,#6506,.T.);
#6506 = B_SPLINE_CURVE_WITH_KNOTS('',1,(#6507,#6508),.UNSPECIFIED.,.F.,
  .F.,(2,2),(-3.368815648854E-02,-0.),.PIECEWISE_BEZIER_KNOTS.);
#6507 = CARTESIAN_POINT('',(5.25,1.420587712689,10.884361576667));
#6508 = CARTESIAN_POINT('',(5.25,1.386899556201,10.884361576667));
#6509 = FACE_BOUND('',#6510,.T.);
#6510 = EDGE_LOOP('',(#6511,#6520,#6527,#6534,#6543,#6550));
#6511 = ORIENTED_EDGE('',*,*,#6512,.T.);
#6512 = EDGE_CURVE('',#6513,#6515,#6517,.T.);
#6513 = VERTEX_POINT('',#6514);
#6514 = CARTESIAN_POINT('',(5.25,1.398690410972,10.836075219033));
#6515 = VERTEX_POINT('',#6516);
#6516 = CARTESIAN_POINT('',(5.25,1.362194908109,10.734636436718));
#6517 = B_SPLINE_CURVE_WITH_KNOTS('',1,(#6518,#6519),.UNSPECIFIED.,.F.,
  .F.,(2,2),(-0.,0.107804212751),.PIECEWISE_BEZIER_KNOTS.);
#6518 = CARTESIAN_POINT('',(5.25,1.398690410972,10.836075219033));
#6519 = CARTESIAN_POINT('',(5.25,1.362194908109,10.734636436718));
#6520 = ORIENTED_EDGE('',*,*,#6521,.T.);
#6521 = EDGE_CURVE('',#6515,#6522,#6524,.T.);
#6522 = VERTEX_POINT('',#6523);
#6523 = CARTESIAN_POINT('',(5.25,1.444107036756,10.734636436718));
#6524 = B_SPLINE_CURVE_WITH_KNOTS('',1,(#6525,#6526),.UNSPECIFIED.,.F.,
  .F.,(2,2),(2.22044604925E-16,8.191212864726E-02),
  .PIECEWISE_BEZIER_KNOTS.);
#6525 = CARTESIAN_POINT('',(5.25,1.362194908109,10.734636436718));
#6526 = CARTESIAN_POINT('',(5.25,1.444107036756,10.734636436718));
#6527 = ORIENTED_EDGE('',*,*,#6528,.T.);
#6528 = EDGE_CURVE('',#6522,#6529,#6531,.T.);
#6529 = VERTEX_POINT('',#6530);
#6530 = CARTESIAN_POINT('',(5.25,1.407237221044,10.836075219033));
#6531 = B_SPLINE_CURVE_WITH_KNOTS('',1,(#6532,#6533),.UNSPECIFIED.,.F.,
  .F.,(2,2),(0.,0.107931505448),.PIECEWISE_BEZIER_KNOTS.);
#6532 = CARTESIAN_POINT('',(5.25,1.444107036756,10.734636436718));
#6533 = CARTESIAN_POINT('',(5.25,1.407237221044,10.836075219033));
#6534 = ORIENTED_EDGE('',*,*,#6535,.T.);
#6535 = EDGE_CURVE('',#6529,#6536,#6538,.T.);
#6536 = VERTEX_POINT('',#6537);
#6537 = CARTESIAN_POINT('',(5.25,1.40343170707,10.853168839178));
#6538 = B_SPLINE_CURVE_WITH_KNOTS('',3,(#6539,#6540,#6541,#6542),
  .UNSPECIFIED.,.F.,.F.,(4,4),(1.,2.),.PIECEWISE_BEZIER_KNOTS.);
#6539 = CARTESIAN_POINT('',(5.25,1.407237221044,10.836075219033));
#6540 = CARTESIAN_POINT('',(5.25,1.406051897019,10.839444034682));
#6541 = CARTESIAN_POINT('',(5.25,1.404804187519,10.84505872743));
#6542 = CARTESIAN_POINT('',(5.25,1.40343170707,10.853168839178));
#6543 = ORIENTED_EDGE('',*,*,#6544,.T.);
#6544 = EDGE_CURVE('',#6536,#6545,#6547,.T.);
#6545 = VERTEX_POINT('',#6546);
#6546 = CARTESIAN_POINT('',(5.25,1.402683081371,10.853168839178));
#6547 = B_SPLINE_CURVE_WITH_KNOTS('',1,(#6548,#6549),.UNSPECIFIED.,.F.,
  .F.,(2,2),(0.,7.486256988951E-04),.PIECEWISE_BEZIER_KNOTS.);
#6548 = CARTESIAN_POINT('',(5.25,1.40343170707,10.853168839178));
#6549 = CARTESIAN_POINT('',(5.25,1.402683081371,10.853168839178));
#6550 = ORIENTED_EDGE('',*,*,#6551,.T.);
#6551 = EDGE_CURVE('',#6545,#6513,#6552,.T.);
#6552 = B_SPLINE_CURVE_WITH_KNOTS('',3,(#6553,#6554,#6555,#6556),
  .UNSPECIFIED.,.F.,.F.,(4,4),(3.,4.),.PIECEWISE_BEZIER_KNOTS.);
#6553 = CARTESIAN_POINT('',(5.25,1.402683081371,10.853168839178));
#6554 = CARTESIAN_POINT('',(5.25,1.401497757346,10.845807353131));
#6555 = CARTESIAN_POINT('',(5.25,1.400187662371,10.840067889432));
#6556 = CARTESIAN_POINT('',(5.25,1.398690410972,10.836075219033));
#6557 = B_SPLINE_SURFACE_WITH_KNOTS('',1,1,(
    (#6558,#6559)
    ,(#6560,#6561
    )),.UNSPECIFIED.,.F.,.F.,.F.,(2,2),(2,2),(7.13778397155,
    7.381835949667),(1.293945198483,1.513542070408),
  .PIECEWISE_BEZIER_KNOTS.);
#6558 = CARTESIAN_POINT('',(5.25,1.293945198483,10.640309598549));
#6559 = CARTESIAN_POINT('',(5.25,1.513542070408,10.640309598549));
#6560 = CARTESIAN_POINT('',(5.25,1.293945198483,10.884361576667));
#6561 = CARTESIAN_POINT('',(5.25,1.513542070408,10.884361576667));
#6562 = ADVANCED_FACE('',(#6563),#6577,.F.);
#6563 = FACE_BOUND('',#6564,.T.);
#6564 = EDGE_LOOP('',(#6565,#6566,#6571,#6572));
#6565 = ORIENTED_EDGE('',*,*,#6454,.T.);
#6566 = ORIENTED_EDGE('',*,*,#6567,.F.);
#6567 = EDGE_CURVE('',#6345,#6457,#6568,.T.);
#6568 = B_SPLINE_CURVE_WITH_KNOTS('',1,(#6569,#6570),.UNSPECIFIED.,.F.,
  .F.,(2,2),(-0.,1.E-03),.PIECEWISE_BEZIER_KNOTS.);
#6569 = CARTESIAN_POINT('',(5.251,1.420587712689,10.884361576667));
#6570 = CARTESIAN_POINT('',(5.25,1.420587712689,10.884361576667));
#6571 = ORIENTED_EDGE('',*,*,#6342,.F.);
#6572 = ORIENTED_EDGE('',*,*,#6573,.T.);
#6573 = EDGE_CURVE('',#6343,#6455,#6574,.T.);
#6574 = B_SPLINE_CURVE_WITH_KNOTS('',1,(#6575,#6576),.UNSPECIFIED.,.F.,
  .F.,(2,2),(-0.,1.E-03),.PIECEWISE_BEZIER_KNOTS.);
#6575 = CARTESIAN_POINT('',(5.251,1.513542070408,10.640309598549));
#6576 = CARTESIAN_POINT('',(5.25,1.513542070408,10.640309598549));
#6577 = B_SPLINE_SURFACE_WITH_KNOTS('',1,1,(
    (#6578,#6579)
    ,(#6580,#6581
    )),.UNSPECIFIED.,.F.,.F.,.F.,(2,2),(2,2),(0.,0.261154897795),(
    -1.E-03,0.),.PIECEWISE_BEZIER_KNOTS.);
#6578 = CARTESIAN_POINT('',(5.25,1.420587712689,10.884361576667));
#6579 = CARTESIAN_POINT('',(5.251,1.420587712689,10.884361576667));
#6580 = CARTESIAN_POINT('',(5.25,1.513542070408,10.640309598549));
#6581 = CARTESIAN_POINT('',(5.251,1.513542070408,10.640309598549));
#6582 = ADVANCED_FACE('',(#6583),#6593,.F.);
#6583 = FACE_BOUND('',#6584,.T.);
#6584 = EDGE_LOOP('',(#6585,#6586,#6591,#6592));
#6585 = ORIENTED_EDGE('',*,*,#6505,.T.);
#6586 = ORIENTED_EDGE('',*,*,#6587,.F.);
#6587 = EDGE_CURVE('',#6352,#6499,#6588,.T.);
#6588 = B_SPLINE_CURVE_WITH_KNOTS('',1,(#6589,#6590),.UNSPECIFIED.,.F.,
  .F.,(2,2),(-0.,1.E-03),.PIECEWISE_BEZIER_KNOTS.);
#6589 = CARTESIAN_POINT('',(5.251,1.386899556201,10.884361576667));
#6590 = CARTESIAN_POINT('',(5.25,1.386899556201,10.884361576667));
#6591 = ORIENTED_EDGE('',*,*,#6351,.F.);
#6592 = ORIENTED_EDGE('',*,*,#6567,.T.);
#6593 = B_SPLINE_SURFACE_WITH_KNOTS('',1,1,(
    (#6594,#6595)
    ,(#6596,#6597
    )),.UNSPECIFIED.,.F.,.F.,.F.,(2,2),(2,2),(0.,1.E-03),(0.,
    3.368815648854E-02),.PIECEWISE_BEZIER_KNOTS.);
#6594 = CARTESIAN_POINT('',(5.251,1.386899556201,10.884361576667));
#6595 = CARTESIAN_POINT('',(5.251,1.420587712689,10.884361576667));
#6596 = CARTESIAN_POINT('',(5.25,1.386899556201,10.884361576667));
#6597 = CARTESIAN_POINT('',(5.25,1.420587712689,10.884361576667));
#6598 = ADVANCED_FACE('',(#6599),#6609,.F.);
#6599 = FACE_BOUND('',#6600,.T.);
#6600 = EDGE_LOOP('',(#6601,#6602,#6607,#6608));
#6601 = ORIENTED_EDGE('',*,*,#6498,.T.);
#6602 = ORIENTED_EDGE('',*,*,#6603,.F.);
#6603 = EDGE_CURVE('',#6359,#6492,#6604,.T.);
#6604 = B_SPLINE_CURVE_WITH_KNOTS('',1,(#6605,#6606),.UNSPECIFIED.,.F.,
  .F.,(2,2),(-0.,1.E-03),.PIECEWISE_BEZIER_KNOTS.);
#6605 = CARTESIAN_POINT('',(5.251,1.293945198483,10.640309598549));
#6606 = CARTESIAN_POINT('',(5.25,1.293945198483,10.640309598549));
#6607 = ORIENTED_EDGE('',*,*,#6358,.F.);
#6608 = ORIENTED_EDGE('',*,*,#6587,.T.);
#6609 = B_SPLINE_SURFACE_WITH_KNOTS('',1,1,(
    (#6610,#6611)
    ,(#6612,#6613
    )),.UNSPECIFIED.,.F.,.F.,.F.,(2,2),(2,2),(0.,0.261154897794),(
    -1.E-03,0.),.PIECEWISE_BEZIER_KNOTS.);
#6610 = CARTESIAN_POINT('',(5.25,1.293945198483,10.640309598549));
#6611 = CARTESIAN_POINT('',(5.251,1.293945198483,10.640309598549));
#6612 = CARTESIAN_POINT('',(5.25,1.386899556201,10.884361576667));
#6613 = CARTESIAN_POINT('',(5.251,1.386899556201,10.884361576667));
#6614 = ADVANCED_FACE('',(#6615),#6625,.F.);
#6615 = FACE_BOUND('',#6616,.T.);
#6616 = EDGE_LOOP('',(#6617,#6618,#6623,#6624));
#6617 = ORIENTED_EDGE('',*,*,#6491,.T.);
#6618 = ORIENTED_EDGE('',*,*,#6619,.F.);
#6619 = EDGE_CURVE('',#6366,#6485,#6620,.T.);
#6620 = B_SPLINE_CURVE_WITH_KNOTS('',1,(#6621,#6622),.UNSPECIFIED.,.F.,
  .F.,(2,2),(-0.,1.E-03),.PIECEWISE_BEZIER_KNOTS.);
#6621 = CARTESIAN_POINT('',(5.251,1.32875629352,10.640309598549));
#6622 = CARTESIAN_POINT('',(5.25,1.32875629352,10.640309598549));
#6623 = ORIENTED_EDGE('',*,*,#6365,.F.);
#6624 = ORIENTED_EDGE('',*,*,#6603,.T.);
#6625 = B_SPLINE_SURFACE_WITH_KNOTS('',1,1,(
    (#6626,#6627)
    ,(#6628,#6629)),.UNSPECIFIED.,.F.,.F.,.F.,(2,2),(2,2),(-1.E-03,0.),(
    -3.481109503688E-02,0.),.PIECEWISE_BEZIER_KNOTS.);
#6626 = CARTESIAN_POINT('',(5.25,1.293945198483,10.640309598549));
#6627 = CARTESIAN_POINT('',(5.25,1.32875629352,10.640309598549));
#6628 = CARTESIAN_POINT('',(5.251,1.293945198483,10.640309598549));
#6629 = CARTESIAN_POINT('',(5.251,1.32875629352,10.640309598549));
#6630 = ADVANCED_FACE('',(#6631),#6641,.F.);
#6631 = FACE_BOUND('',#6632,.T.);
#6632 = EDGE_LOOP('',(#6633,#6634,#6639,#6640));
#6633 = ORIENTED_EDGE('',*,*,#6484,.T.);
#6634 = ORIENTED_EDGE('',*,*,#6635,.F.);
#6635 = EDGE_CURVE('',#6373,#6478,#6636,.T.);
#6636 = B_SPLINE_CURVE_WITH_KNOTS('',1,(#6637,#6638),.UNSPECIFIED.,.F.,
  .F.,(2,2),(-0.,1.E-03),.PIECEWISE_BEZIER_KNOTS.);
#6637 = CARTESIAN_POINT('',(5.251,1.352213232112,10.707062056777));
#6638 = CARTESIAN_POINT('',(5.25,1.352213232112,10.707062056777));
#6639 = ORIENTED_EDGE('',*,*,#6372,.F.);
#6640 = ORIENTED_EDGE('',*,*,#6619,.T.);
#6641 = B_SPLINE_SURFACE_WITH_KNOTS('',1,1,(
    (#6642,#6643)
    ,(#6644,#6645
    )),.UNSPECIFIED.,.F.,.F.,.F.,(2,2),(2,2),(-0.,7.075393026249E-02),(
    -1.E-03,0.),.PIECEWISE_BEZIER_KNOTS.);
#6642 = CARTESIAN_POINT('',(5.25,1.352213232112,10.707062056777));
#6643 = CARTESIAN_POINT('',(5.251,1.352213232112,10.707062056777));
#6644 = CARTESIAN_POINT('',(5.25,1.32875629352,10.640309598549));
#6645 = CARTESIAN_POINT('',(5.251,1.32875629352,10.640309598549));
#6646 = ADVANCED_FACE('',(#6647),#6657,.F.);
#6647 = FACE_BOUND('',#6648,.T.);
#6648 = EDGE_LOOP('',(#6649,#6650,#6655,#6656));
#6649 = ORIENTED_EDGE('',*,*,#6477,.T.);
#6650 = ORIENTED_EDGE('',*,*,#6651,.F.);
#6651 = EDGE_CURVE('',#6380,#6471,#6652,.T.);
#6652 = B_SPLINE_CURVE_WITH_KNOTS('',1,(#6653,#6654),.UNSPECIFIED.,.F.,
  .F.,(2,2),(-0.,1.E-03),.PIECEWISE_BEZIER_KNOTS.);
#6653 = CARTESIAN_POINT('',(5.251,1.453839170853,10.707062056777));
#6654 = CARTESIAN_POINT('',(5.25,1.453839170853,10.707062056777));
#6655 = ORIENTED_EDGE('',*,*,#6379,.F.);
#6656 = ORIENTED_EDGE('',*,*,#6635,.T.);
#6657 = B_SPLINE_SURFACE_WITH_KNOTS('',1,1,(
    (#6658,#6659)
    ,(#6660,#6661
    )),.UNSPECIFIED.,.F.,.F.,.F.,(2,2),(2,2),(-1.E-03,0.),(
    -0.101625938741,0.),.PIECEWISE_BEZIER_KNOTS.);
#6658 = CARTESIAN_POINT('',(5.25,1.352213232112,10.707062056777));
#6659 = CARTESIAN_POINT('',(5.25,1.453839170853,10.707062056777));
#6660 = CARTESIAN_POINT('',(5.251,1.352213232112,10.707062056777));
#6661 = CARTESIAN_POINT('',(5.251,1.453839170853,10.707062056777));
#6662 = ADVANCED_FACE('',(#6663),#6673,.F.);
#6663 = FACE_BOUND('',#6664,.T.);
#6664 = EDGE_LOOP('',(#6665,#6666,#6671,#6672));
#6665 = ORIENTED_EDGE('',*,*,#6470,.T.);
#6666 = ORIENTED_EDGE('',*,*,#6667,.F.);
#6667 = EDGE_CURVE('',#6387,#6464,#6668,.T.);
#6668 = B_SPLINE_CURVE_WITH_KNOTS('',1,(#6669,#6670),.UNSPECIFIED.,.F.,
  .F.,(2,2),(-0.,1.E-03),.PIECEWISE_BEZIER_KNOTS.);
#6669 = CARTESIAN_POINT('',(5.251,1.47873097537,10.640309598549));
#6670 = CARTESIAN_POINT('',(5.25,1.47873097537,10.640309598549));
#6671 = ORIENTED_EDGE('',*,*,#6386,.F.);
#6672 = ORIENTED_EDGE('',*,*,#6651,.T.);
#6673 = B_SPLINE_SURFACE_WITH_KNOTS('',1,1,(
    (#6674,#6675)
    ,(#6676,#6677
    )),.UNSPECIFIED.,.F.,.F.,.F.,(2,2),(2,2),(0.,7.12424916154E-02),(
    -1.E-03,0.),.PIECEWISE_BEZIER_KNOTS.);
#6674 = CARTESIAN_POINT('',(5.25,1.47873097537,10.640309598549));
#6675 = CARTESIAN_POINT('',(5.251,1.47873097537,10.640309598549));
#6676 = CARTESIAN_POINT('',(5.25,1.453839170853,10.707062056777));
#6677 = CARTESIAN_POINT('',(5.251,1.453839170853,10.707062056777));
#6678 = ADVANCED_FACE('',(#6679),#6685,.F.);
#6679 = FACE_BOUND('',#6680,.T.);
#6680 = EDGE_LOOP('',(#6681,#6682,#6683,#6684));
#6681 = ORIENTED_EDGE('',*,*,#6463,.T.);
#6682 = ORIENTED_EDGE('',*,*,#6573,.F.);
#6683 = ORIENTED_EDGE('',*,*,#6393,.F.);
#6684 = ORIENTED_EDGE('',*,*,#6667,.T.);
#6685 = B_SPLINE_SURFACE_WITH_KNOTS('',1,1,(
    (#6686,#6687)
    ,(#6688,#6689)),.UNSPECIFIED.,.F.,.F.,.F.,(2,2),(2,2),(-1.E-03,0.),(
    -3.481109503854E-02,0.),.PIECEWISE_BEZIER_KNOTS.);
#6686 = CARTESIAN_POINT('',(5.25,1.47873097537,10.640309598549));
#6687 = CARTESIAN_POINT('',(5.25,1.513542070408,10.640309598549));
#6688 = CARTESIAN_POINT('',(5.251,1.47873097537,10.640309598549));
#6689 = CARTESIAN_POINT('',(5.251,1.513542070408,10.640309598549));
#6690 = ADVANCED_FACE('',(#6691),#6705,.T.);
#6691 = FACE_BOUND('',#6692,.T.);
#6692 = EDGE_LOOP('',(#6693,#6694,#6699,#6700));
#6693 = ORIENTED_EDGE('',*,*,#6521,.F.);
#6694 = ORIENTED_EDGE('',*,*,#6695,.F.);
#6695 = EDGE_CURVE('',#6401,#6515,#6696,.T.);
#6696 = B_SPLINE_CURVE_WITH_KNOTS('',1,(#6697,#6698),.UNSPECIFIED.,.F.,
  .F.,(2,2),(-0.,1.E-03),.PIECEWISE_BEZIER_KNOTS.);
#6697 = CARTESIAN_POINT('',(5.251,1.362194908109,10.734636436718));
#6698 = CARTESIAN_POINT('',(5.25,1.362194908109,10.734636436718));
#6699 = ORIENTED_EDGE('',*,*,#6400,.T.);
#6700 = ORIENTED_EDGE('',*,*,#6701,.T.);
#6701 = EDGE_CURVE('',#6403,#6522,#6702,.T.);
#6702 = B_SPLINE_CURVE_WITH_KNOTS('',1,(#6703,#6704),.UNSPECIFIED.,.F.,
  .F.,(2,2),(-0.,1.E-03),.PIECEWISE_BEZIER_KNOTS.);
#6703 = CARTESIAN_POINT('',(5.251,1.444107036756,10.734636436718));
#6704 = CARTESIAN_POINT('',(5.25,1.444107036756,10.734636436718));
#6705 = B_SPLINE_SURFACE_WITH_KNOTS('',1,1,(
    (#6706,#6707)
    ,(#6708,#6709
    )),.UNSPECIFIED.,.F.,.F.,.F.,(2,2),(2,2),(-1.E-03,0.),(0.,
    8.191212864726E-02),.PIECEWISE_BEZIER_KNOTS.);
#6706 = CARTESIAN_POINT('',(5.25,1.362194908109,10.734636436718));
#6707 = CARTESIAN_POINT('',(5.25,1.444107036756,10.734636436718));
#6708 = CARTESIAN_POINT('',(5.251,1.362194908109,10.734636436718));
#6709 = CARTESIAN_POINT('',(5.251,1.444107036756,10.734636436718));
#6710 = ADVANCED_FACE('',(#6711),#6721,.T.);
#6711 = FACE_BOUND('',#6712,.T.);
#6712 = EDGE_LOOP('',(#6713,#6714,#6715,#6716));
#6713 = ORIENTED_EDGE('',*,*,#6528,.F.);
#6714 = ORIENTED_EDGE('',*,*,#6701,.F.);
#6715 = ORIENTED_EDGE('',*,*,#6441,.T.);
#6716 = ORIENTED_EDGE('',*,*,#6717,.T.);
#6717 = EDGE_CURVE('',#6433,#6529,#6718,.T.);
#6718 = B_SPLINE_CURVE_WITH_KNOTS('',1,(#6719,#6720),.UNSPECIFIED.,.F.,
  .F.,(2,2),(-0.,1.E-03),.PIECEWISE_BEZIER_KNOTS.);
#6719 = CARTESIAN_POINT('',(5.251,1.407237221044,10.836075219033));
#6720 = CARTESIAN_POINT('',(5.25,1.407237221044,10.836075219033));
#6721 = B_SPLINE_SURFACE_WITH_KNOTS('',1,1,(
    (#6722,#6723)
    ,(#6724,#6725
    )),.UNSPECIFIED.,.F.,.F.,.F.,(2,2),(2,2),(-0.107931505448,0.),(
    -1.E-03,0.),.PIECEWISE_BEZIER_KNOTS.);
#6722 = CARTESIAN_POINT('',(5.25,1.407237221044,10.836075219033));
#6723 = CARTESIAN_POINT('',(5.251,1.407237221044,10.836075219033));
#6724 = CARTESIAN_POINT('',(5.25,1.444107036756,10.734636436718));
#6725 = CARTESIAN_POINT('',(5.251,1.444107036756,10.734636436718));
#6726 = ADVANCED_FACE('',(#6727),#6737,.T.);
#6727 = FACE_BOUND('',#6728,.T.);
#6728 = EDGE_LOOP('',(#6729,#6730,#6731,#6732));
#6729 = ORIENTED_EDGE('',*,*,#6535,.F.);
#6730 = ORIENTED_EDGE('',*,*,#6717,.F.);
#6731 = ORIENTED_EDGE('',*,*,#6432,.T.);
#6732 = ORIENTED_EDGE('',*,*,#6733,.T.);
#6733 = EDGE_CURVE('',#6426,#6536,#6734,.T.);
#6734 = B_SPLINE_CURVE_WITH_KNOTS('',1,(#6735,#6736),.UNSPECIFIED.,.F.,
  .F.,(2,2),(-0.,1.E-03),.PIECEWISE_BEZIER_KNOTS.);
#6735 = CARTESIAN_POINT('',(5.251,1.40343170707,10.853168839178));
#6736 = CARTESIAN_POINT('',(5.25,1.40343170707,10.853168839178));
#6737 = B_SPLINE_SURFACE_WITH_KNOTS('',3,1,(
    (#6738,#6739)
    ,(#6740,#6741)
    ,(#6742,#6743)
    ,(#6744,#6745
    )),.UNSPECIFIED.,.F.,.F.,.F.,(4,4),(2,2),(1.,2.),(0.,1.),
  .PIECEWISE_BEZIER_KNOTS.);
#6738 = CARTESIAN_POINT('',(5.251,1.407237221044,10.836075219033));
#6739 = CARTESIAN_POINT('',(5.25,1.407237221044,10.836075219033));
#6740 = CARTESIAN_POINT('',(5.251,1.406051897019,10.839444034682));
#6741 = CARTESIAN_POINT('',(5.25,1.406051897019,10.839444034682));
#6742 = CARTESIAN_POINT('',(5.251,1.404804187519,10.84505872743));
#6743 = CARTESIAN_POINT('',(5.25,1.404804187519,10.84505872743));
#6744 = CARTESIAN_POINT('',(5.251,1.40343170707,10.853168839178));
#6745 = CARTESIAN_POINT('',(5.25,1.40343170707,10.853168839178));
#6746 = ADVANCED_FACE('',(#6747),#6757,.T.);
#6747 = FACE_BOUND('',#6748,.T.);
#6748 = EDGE_LOOP('',(#6749,#6750,#6751,#6752));
#6749 = ORIENTED_EDGE('',*,*,#6544,.F.);
#6750 = ORIENTED_EDGE('',*,*,#6733,.F.);
#6751 = ORIENTED_EDGE('',*,*,#6425,.T.);
#6752 = ORIENTED_EDGE('',*,*,#6753,.T.);
#6753 = EDGE_CURVE('',#6417,#6545,#6754,.T.);
#6754 = B_SPLINE_CURVE_WITH_KNOTS('',1,(#6755,#6756),.UNSPECIFIED.,.F.,
  .F.,(2,2),(-0.,1.E-03),.PIECEWISE_BEZIER_KNOTS.);
#6755 = CARTESIAN_POINT('',(5.251,1.402683081371,10.853168839178));
#6756 = CARTESIAN_POINT('',(5.25,1.402683081371,10.853168839178));
#6757 = B_SPLINE_SURFACE_WITH_KNOTS('',1,1,(
    (#6758,#6759)
    ,(#6760,#6761
    )),.UNSPECIFIED.,.F.,.F.,.F.,(2,2),(2,2),(0.,1.000000000001E-03),(
    -7.486256988951E-04,0.),.PIECEWISE_BEZIER_KNOTS.);
#6758 = CARTESIAN_POINT('',(5.251,1.402683081371,10.853168839178));
#6759 = CARTESIAN_POINT('',(5.251,1.40343170707,10.853168839178));
#6760 = CARTESIAN_POINT('',(5.25,1.402683081371,10.853168839178));
#6761 = CARTESIAN_POINT('',(5.25,1.40343170707,10.853168839178));
#6762 = ADVANCED_FACE('',(#6763),#6773,.T.);
#6763 = FACE_BOUND('',#6764,.T.);
#6764 = EDGE_LOOP('',(#6765,#6766,#6767,#6768));
#6765 = ORIENTED_EDGE('',*,*,#6551,.F.);
#6766 = ORIENTED_EDGE('',*,*,#6753,.F.);
#6767 = ORIENTED_EDGE('',*,*,#6416,.T.);
#6768 = ORIENTED_EDGE('',*,*,#6769,.T.);
#6769 = EDGE_CURVE('',#6410,#6513,#6770,.T.);
#6770 = B_SPLINE_CURVE_WITH_KNOTS('',1,(#6771,#6772),.UNSPECIFIED.,.F.,
  .F.,(2,2),(-8.881784197001E-16,1.E-03),.PIECEWISE_BEZIER_KNOTS.);
#6771 = CARTESIAN_POINT('',(5.251,1.398690410972,10.836075219033));
#6772 = CARTESIAN_POINT('',(5.25,1.398690410972,10.836075219033));
#6773 = B_SPLINE_SURFACE_WITH_KNOTS('',3,1,(
    (#6774,#6775)
    ,(#6776,#6777)
    ,(#6778,#6779)
    ,(#6780,#6781
    )),.UNSPECIFIED.,.F.,.F.,.F.,(4,4),(2,2),(3.,4.),(0.,1.),
  .PIECEWISE_BEZIER_KNOTS.);
#6774 = CARTESIAN_POINT('',(5.251,1.402683081371,10.853168839178));
#6775 = CARTESIAN_POINT('',(5.25,1.402683081371,10.853168839178));
#6776 = CARTESIAN_POINT('',(5.251,1.401497757346,10.845807353131));
#6777 = CARTESIAN_POINT('',(5.25,1.401497757346,10.845807353131));
#6778 = CARTESIAN_POINT('',(5.251,1.400187662371,10.840067889432));
#6779 = CARTESIAN_POINT('',(5.25,1.400187662371,10.840067889432));
#6780 = CARTESIAN_POINT('',(5.251,1.398690410972,10.836075219033));
#6781 = CARTESIAN_POINT('',(5.25,1.398690410972,10.836075219033));
#6782 = ADVANCED_FACE('',(#6783),#6789,.T.);
#6783 = FACE_BOUND('',#6784,.T.);
#6784 = EDGE_LOOP('',(#6785,#6786,#6787,#6788));
#6785 = ORIENTED_EDGE('',*,*,#6512,.F.);
#6786 = ORIENTED_EDGE('',*,*,#6769,.F.);
#6787 = ORIENTED_EDGE('',*,*,#6409,.T.);
#6788 = ORIENTED_EDGE('',*,*,#6695,.T.);
#6789 = B_SPLINE_SURFACE_WITH_KNOTS('',1,1,(
    (#6790,#6791)
    ,(#6792,#6793
    )),.UNSPECIFIED.,.F.,.F.,.F.,(2,2),(2,2),(-0.107804212751,0.),(
    -1.000000000001E-03,0.),.PIECEWISE_BEZIER_KNOTS.);
#6790 = CARTESIAN_POINT('',(5.25,1.362194908109,10.734636436718));
#6791 = CARTESIAN_POINT('',(5.251,1.362194908109,10.734636436718));
#6792 = CARTESIAN_POINT('',(5.25,1.398690410972,10.836075219033));
#6793 = CARTESIAN_POINT('',(5.251,1.398690410972,10.836075219033));
#6794 = MANIFOLD_SOLID_BREP('',#6795);
#6795 = CLOSED_SHELL('',(#6796,#6832,#6860,#6888,#6916,#6944,#6972,#7000
    ,#7028,#7056,#7084,#7112,#7132,#7152));
#6796 = ADVANCED_FACE('',(#6797),#6827,.F.);
#6797 = FACE_BOUND('',#6798,.T.);
#6798 = EDGE_LOOP('',(#6799,#6808,#6815,#6822));
#6799 = ORIENTED_EDGE('',*,*,#6800,.T.);
#6800 = EDGE_CURVE('',#6801,#6803,#6805,.T.);
#6801 = VERTEX_POINT('',#6802);
#6802 = CARTESIAN_POINT('',(5.25,0.665349152593,10.25314534083));
#6803 = VERTEX_POINT('',#6804);
#6804 = CARTESIAN_POINT('',(5.25,0.665349152593,10.280969262671));
#6805 = B_SPLINE_CURVE_WITH_KNOTS('',1,(#6806,#6807),.UNSPECIFIED.,.F.,
  .F.,(2,2),(-2.782392184055E-02,0.),.PIECEWISE_BEZIER_KNOTS.);
#6806 = CARTESIAN_POINT('',(5.25,0.665349152593,10.25314534083));
#6807 = CARTESIAN_POINT('',(5.25,0.665349152593,10.280969262671));
#6808 = ORIENTED_EDGE('',*,*,#6809,.F.);
#6809 = EDGE_CURVE('',#6810,#6803,#6812,.T.);
#6810 = VERTEX_POINT('',#6811);
#6811 = CARTESIAN_POINT('',(5.251,0.665349152593,10.280969262671));
#6812 = B_SPLINE_CURVE_WITH_KNOTS('',1,(#6813,#6814),.UNSPECIFIED.,.F.,
  .F.,(2,2),(-0.,1.E-03),.PIECEWISE_BEZIER_KNOTS.);
#6813 = CARTESIAN_POINT('',(5.251,0.665349152593,10.280969262671));
#6814 = CARTESIAN_POINT('',(5.25,0.665349152593,10.280969262671));
#6815 = ORIENTED_EDGE('',*,*,#6816,.F.);
#6816 = EDGE_CURVE('',#6817,#6810,#6819,.T.);
#6817 = VERTEX_POINT('',#6818);
#6818 = CARTESIAN_POINT('',(5.251,0.665349152593,10.25314534083));
#6819 = B_SPLINE_CURVE_WITH_KNOTS('',1,(#6820,#6821),.UNSPECIFIED.,.F.,
  .F.,(2,2),(-2.782392184055E-02,0.),.PIECEWISE_BEZIER_KNOTS.);
#6820 = CARTESIAN_POINT('',(5.251,0.665349152593,10.25314534083));
#6821 = CARTESIAN_POINT('',(5.251,0.665349152593,10.280969262671));
#6822 = ORIENTED_EDGE('',*,*,#6823,.T.);
#6823 = EDGE_CURVE('',#6817,#6801,#6824,.T.);
#6824 = B_SPLINE_CURVE_WITH_KNOTS('',1,(#6825,#6826),.UNSPECIFIED.,.F.,
  .F.,(2,2),(-0.,1.E-03),.PIECEWISE_BEZIER_KNOTS.);
#6825 = CARTESIAN_POINT('',(5.251,0.665349152593,10.25314534083));
#6826 = CARTESIAN_POINT('',(5.25,0.665349152593,10.25314534083));
#6827 = B_SPLINE_SURFACE_WITH_KNOTS('',1,1,(
    (#6828,#6829)
    ,(#6830,#6831
    )),.UNSPECIFIED.,.F.,.F.,.F.,(2,2),(2,2),(-0.,2.782392184055E-02),(
    -1.E-03,0.),.PIECEWISE_BEZIER_KNOTS.);
#6828 = CARTESIAN_POINT('',(5.25,0.665349152593,10.280969262671));
#6829 = CARTESIAN_POINT('',(5.251,0.665349152593,10.280969262671));
#6830 = CARTESIAN_POINT('',(5.25,0.665349152593,10.25314534083));
#6831 = CARTESIAN_POINT('',(5.251,0.665349152593,10.25314534083));
#6832 = ADVANCED_FACE('',(#6833),#6855,.F.);
#6833 = FACE_BOUND('',#6834,.T.);
#6834 = EDGE_LOOP('',(#6835,#6842,#6849,#6854));
#6835 = ORIENTED_EDGE('',*,*,#6836,.T.);
#6836 = EDGE_CURVE('',#6803,#6837,#6839,.T.);
#6837 = VERTEX_POINT('',#6838);
#6838 = CARTESIAN_POINT('',(5.25,0.565594778101,10.280969262671));
#6839 = B_SPLINE_CURVE_WITH_KNOTS('',1,(#6840,#6841),.UNSPECIFIED.,.F.,
  .F.,(2,2),(-9.975437449172E-02,-0.),.PIECEWISE_BEZIER_KNOTS.);
#6840 = CARTESIAN_POINT('',(5.25,0.665349152593,10.280969262671));
#6841 = CARTESIAN_POINT('',(5.25,0.565594778101,10.280969262671));
#6842 = ORIENTED_EDGE('',*,*,#6843,.F.);
#6843 = EDGE_CURVE('',#6844,#6837,#6846,.T.);
#6844 = VERTEX_POINT('',#6845);
#6845 = CARTESIAN_POINT('',(5.251,0.565594778101,10.280969262671));
#6846 = B_SPLINE_CURVE_WITH_KNOTS('',1,(#6847,#6848),.UNSPECIFIED.,.F.,
  .F.,(2,2),(-0.,1.E-03),.PIECEWISE_BEZIER_KNOTS.);
#6847 = CARTESIAN_POINT('',(5.251,0.565594778101,10.280969262671));
#6848 = CARTESIAN_POINT('',(5.25,0.565594778101,10.280969262671));
#6849 = ORIENTED_EDGE('',*,*,#6850,.F.);
#6850 = EDGE_CURVE('',#6810,#6844,#6851,.T.);
#6851 = B_SPLINE_CURVE_WITH_KNOTS('',1,(#6852,#6853),.UNSPECIFIED.,.F.,
  .F.,(2,2),(-9.975437449172E-02,-0.),.PIECEWISE_BEZIER_KNOTS.);
#6852 = CARTESIAN_POINT('',(5.251,0.665349152593,10.280969262671));
#6853 = CARTESIAN_POINT('',(5.251,0.565594778101,10.280969262671));
#6854 = ORIENTED_EDGE('',*,*,#6809,.T.);
#6855 = B_SPLINE_SURFACE_WITH_KNOTS('',1,1,(
    (#6856,#6857)
    ,(#6858,#6859
    )),.UNSPECIFIED.,.F.,.F.,.F.,(2,2),(2,2),(0.,9.975437449172E-02),(
    -1.E-03,0.),.PIECEWISE_BEZIER_KNOTS.);
#6856 = CARTESIAN_POINT('',(5.25,0.565594778101,10.280969262671));
#6857 = CARTESIAN_POINT('',(5.251,0.565594778101,10.280969262671));
#6858 = CARTESIAN_POINT('',(5.25,0.665349152593,10.280969262671));
#6859 = CARTESIAN_POINT('',(5.251,0.665349152593,10.280969262671));
#6860 = ADVANCED_FACE('',(#6861),#6883,.F.);
#6861 = FACE_BOUND('',#6862,.T.);
#6862 = EDGE_LOOP('',(#6863,#6870,#6877,#6882));
#6863 = ORIENTED_EDGE('',*,*,#6864,.T.);
#6864 = EDGE_CURVE('',#6837,#6865,#6867,.T.);
#6865 = VERTEX_POINT('',#6866);
#6866 = CARTESIAN_POINT('',(5.25,0.565594778101,10.363068547743));
#6867 = B_SPLINE_CURVE_WITH_KNOTS('',1,(#6868,#6869),.UNSPECIFIED.,.F.,
  .F.,(2,2),(-8.209928507198E-02,0.),.PIECEWISE_BEZIER_KNOTS.);
#6868 = CARTESIAN_POINT('',(5.25,0.565594778101,10.280969262671));
#6869 = CARTESIAN_POINT('',(5.25,0.565594778101,10.363068547743));
#6870 = ORIENTED_EDGE('',*,*,#6871,.F.);
#6871 = EDGE_CURVE('',#6872,#6865,#6874,.T.);
#6872 = VERTEX_POINT('',#6873);
#6873 = CARTESIAN_POINT('',(5.251,0.565594778101,10.363068547743));
#6874 = B_SPLINE_CURVE_WITH_KNOTS('',1,(#6875,#6876),.UNSPECIFIED.,.F.,
  .F.,(2,2),(-0.,1.E-03),.PIECEWISE_BEZIER_KNOTS.);
#6875 = CARTESIAN_POINT('',(5.251,0.565594778101,10.363068547743));
#6876 = CARTESIAN_POINT('',(5.25,0.565594778101,10.363068547743));
#6877 = ORIENTED_EDGE('',*,*,#6878,.F.);
#6878 = EDGE_CURVE('',#6844,#6872,#6879,.T.);
#6879 = B_SPLINE_CURVE_WITH_KNOTS('',1,(#6880,#6881),.UNSPECIFIED.,.F.,
  .F.,(2,2),(-8.209928507198E-02,0.),.PIECEWISE_BEZIER_KNOTS.);
#6880 = CARTESIAN_POINT('',(5.251,0.565594778101,10.280969262671));
#6881 = CARTESIAN_POINT('',(5.251,0.565594778101,10.363068547743));
#6882 = ORIENTED_EDGE('',*,*,#6843,.T.);
#6883 = B_SPLINE_SURFACE_WITH_KNOTS('',1,1,(
    (#6884,#6885)
    ,(#6886,#6887
    )),.UNSPECIFIED.,.F.,.F.,.F.,(2,2),(2,2),(0.,8.209928507198E-02),(
    -1.E-03,0.),.PIECEWISE_BEZIER_KNOTS.);
#6884 = CARTESIAN_POINT('',(5.25,0.565594778101,10.363068547743));
#6885 = CARTESIAN_POINT('',(5.251,0.565594778101,10.363068547743));
#6886 = CARTESIAN_POINT('',(5.25,0.565594778101,10.280969262671));
#6887 = CARTESIAN_POINT('',(5.251,0.565594778101,10.280969262671));
#6888 = ADVANCED_FACE('',(#6889),#6911,.F.);
#6889 = FACE_BOUND('',#6890,.T.);
#6890 = EDGE_LOOP('',(#6891,#6898,#6905,#6910));
#6891 = ORIENTED_EDGE('',*,*,#6892,.T.);
#6892 = EDGE_CURVE('',#6865,#6893,#6895,.T.);
#6893 = VERTEX_POINT('',#6894);
#6894 = CARTESIAN_POINT('',(5.25,0.652872057597,10.363068547743));
#6895 = B_SPLINE_CURVE_WITH_KNOTS('',1,(#6896,#6897),.UNSPECIFIED.,.F.,
  .F.,(2,2),(-8.727727949599E-02,0.),.PIECEWISE_BEZIER_KNOTS.);
#6896 = CARTESIAN_POINT('',(5.25,0.565594778101,10.363068547743));
#6897 = CARTESIAN_POINT('',(5.25,0.652872057597,10.363068547743));
#6898 = ORIENTED_EDGE('',*,*,#6899,.F.);
#6899 = EDGE_CURVE('',#6900,#6893,#6902,.T.);
#6900 = VERTEX_POINT('',#6901);
#6901 = CARTESIAN_POINT('',(5.251,0.652872057597,10.363068547743));
#6902 = B_SPLINE_CURVE_WITH_KNOTS('',1,(#6903,#6904),.UNSPECIFIED.,.F.,
  .F.,(2,2),(-0.,1.E-03),.PIECEWISE_BEZIER_KNOTS.);
#6903 = CARTESIAN_POINT('',(5.251,0.652872057597,10.363068547743));
#6904 = CARTESIAN_POINT('',(5.25,0.652872057597,10.363068547743));
#6905 = ORIENTED_EDGE('',*,*,#6906,.F.);
#6906 = EDGE_CURVE('',#6872,#6900,#6907,.T.);
#6907 = B_SPLINE_CURVE_WITH_KNOTS('',1,(#6908,#6909),.UNSPECIFIED.,.F.,
  .F.,(2,2),(-8.727727949599E-02,0.),.PIECEWISE_BEZIER_KNOTS.);
#6908 = CARTESIAN_POINT('',(5.251,0.565594778101,10.363068547743));
#6909 = CARTESIAN_POINT('',(5.251,0.652872057597,10.363068547743));
#6910 = ORIENTED_EDGE('',*,*,#6871,.T.);
#6911 = B_SPLINE_SURFACE_WITH_KNOTS('',1,1,(
    (#6912,#6913)
    ,(#6914,#6915)),.UNSPECIFIED.,.F.,.F.,.F.,(2,2),(2,2),(-1.E-03,0.),(
    -8.727727949599E-02,0.),.PIECEWISE_BEZIER_KNOTS.);
#6912 = CARTESIAN_POINT('',(5.25,0.565594778101,10.363068547743));
#6913 = CARTESIAN_POINT('',(5.25,0.652872057597,10.363068547743));
#6914 = CARTESIAN_POINT('',(5.251,0.565594778101,10.363068547743));
#6915 = CARTESIAN_POINT('',(5.251,0.652872057597,10.363068547743));
#6916 = ADVANCED_FACE('',(#6917),#6939,.F.);
#6917 = FACE_BOUND('',#6918,.T.);
#6918 = EDGE_LOOP('',(#6919,#6926,#6933,#6938));
#6919 = ORIENTED_EDGE('',*,*,#6920,.T.);
#6920 = EDGE_CURVE('',#6893,#6921,#6923,.T.);
#6921 = VERTEX_POINT('',#6922);
#6922 = CARTESIAN_POINT('',(5.25,0.652872057597,10.391017240533));
#6923 = B_SPLINE_CURVE_WITH_KNOTS('',1,(#6924,#6925),.UNSPECIFIED.,.F.,
  .F.,(2,2),(-2.794869279036E-02,0.),.PIECEWISE_BEZIER_KNOTS.);
#6924 = CARTESIAN_POINT('',(5.25,0.652872057597,10.363068547743));
#6925 = CARTESIAN_POINT('',(5.25,0.652872057597,10.391017240533));
#6926 = ORIENTED_EDGE('',*,*,#6927,.F.);
#6927 = EDGE_CURVE('',#6928,#6921,#6930,.T.);
#6928 = VERTEX_POINT('',#6929);
#6929 = CARTESIAN_POINT('',(5.251,0.652872057597,10.391017240533));
#6930 = B_SPLINE_CURVE_WITH_KNOTS('',1,(#6931,#6932),.UNSPECIFIED.,.F.,
  .F.,(2,2),(-0.,1.E-03),.PIECEWISE_BEZIER_KNOTS.);
#6931 = CARTESIAN_POINT('',(5.251,0.652872057597,10.391017240533));
#6932 = CARTESIAN_POINT('',(5.25,0.652872057597,10.391017240533));
#6933 = ORIENTED_EDGE('',*,*,#6934,.F.);
#6934 = EDGE_CURVE('',#6900,#6928,#6935,.T.);
#6935 = B_SPLINE_CURVE_WITH_KNOTS('',1,(#6936,#6937),.UNSPECIFIED.,.F.,
  .F.,(2,2),(-2.794869279036E-02,0.),.PIECEWISE_BEZIER_KNOTS.);
#6936 = CARTESIAN_POINT('',(5.251,0.652872057597,10.363068547743));
#6937 = CARTESIAN_POINT('',(5.251,0.652872057597,10.391017240533));
#6938 = ORIENTED_EDGE('',*,*,#6899,.T.);
#6939 = B_SPLINE_SURFACE_WITH_KNOTS('',1,1,(
    (#6940,#6941)
    ,(#6942,#6943
    )),.UNSPECIFIED.,.F.,.F.,.F.,(2,2),(2,2),(0.,2.794869279036E-02),(
    -1.E-03,0.),.PIECEWISE_BEZIER_KNOTS.);
#6940 = CARTESIAN_POINT('',(5.25,0.652872057597,10.391017240533));
#6941 = CARTESIAN_POINT('',(5.251,0.652872057597,10.391017240533));
#6942 = CARTESIAN_POINT('',(5.25,0.652872057597,10.363068547743));
#6943 = CARTESIAN_POINT('',(5.251,0.652872057597,10.363068547743));
#6944 = ADVANCED_FACE('',(#6945),#6967,.F.);
#6945 = FACE_BOUND('',#6946,.T.);
#6946 = EDGE_LOOP('',(#6947,#6954,#6961,#6966));
#6947 = ORIENTED_EDGE('',*,*,#6948,.T.);
#6948 = EDGE_CURVE('',#6921,#6949,#6951,.T.);
#6949 = VERTEX_POINT('',#6950);
#6950 = CARTESIAN_POINT('',(5.25,0.565594778101,10.391017240533));
#6951 = B_SPLINE_CURVE_WITH_KNOTS('',1,(#6952,#6953),.UNSPECIFIED.,.F.,
  .F.,(2,2),(-8.727727949599E-02,-0.),.PIECEWISE_BEZIER_KNOTS.);
#6952 = CARTESIAN_POINT('',(5.25,0.652872057597,10.391017240533));
#6953 = CARTESIAN_POINT('',(5.25,0.565594778101,10.391017240533));
#6954 = ORIENTED_EDGE('',*,*,#6955,.F.);
#6955 = EDGE_CURVE('',#6956,#6949,#6958,.T.);
#6956 = VERTEX_POINT('',#6957);
#6957 = CARTESIAN_POINT('',(5.251,0.565594778101,10.391017240533));
#6958 = B_SPLINE_CURVE_WITH_KNOTS('',1,(#6959,#6960),.UNSPECIFIED.,.F.,
  .F.,(2,2),(-0.,1.E-03),.PIECEWISE_BEZIER_KNOTS.);
#6959 = CARTESIAN_POINT('',(5.251,0.565594778101,10.391017240533));
#6960 = CARTESIAN_POINT('',(5.25,0.565594778101,10.391017240533));
#6961 = ORIENTED_EDGE('',*,*,#6962,.F.);
#6962 = EDGE_CURVE('',#6928,#6956,#6963,.T.);
#6963 = B_SPLINE_CURVE_WITH_KNOTS('',1,(#6964,#6965),.UNSPECIFIED.,.F.,
  .F.,(2,2),(-8.727727949599E-02,-0.),.PIECEWISE_BEZIER_KNOTS.);
#6964 = CARTESIAN_POINT('',(5.251,0.652872057597,10.391017240533));
#6965 = CARTESIAN_POINT('',(5.251,0.565594778101,10.391017240533));
#6966 = ORIENTED_EDGE('',*,*,#6927,.T.);
#6967 = B_SPLINE_SURFACE_WITH_KNOTS('',1,1,(
    (#6968,#6969)
    ,(#6970,#6971
    )),.UNSPECIFIED.,.F.,.F.,.F.,(2,2),(2,2),(0.,1.E-03),(0.,
    8.727727949599E-02),.PIECEWISE_BEZIER_KNOTS.);
#6968 = CARTESIAN_POINT('',(5.251,0.565594778101,10.391017240533));
#6969 = CARTESIAN_POINT('',(5.251,0.652872057597,10.391017240533));
#6970 = CARTESIAN_POINT('',(5.25,0.565594778101,10.391017240533));
#6971 = CARTESIAN_POINT('',(5.25,0.652872057597,10.391017240533));
#6972 = ADVANCED_FACE('',(#6973),#6995,.F.);
#6973 = FACE_BOUND('',#6974,.T.);
#6974 = EDGE_LOOP('',(#6975,#6982,#6989,#6994));
#6975 = ORIENTED_EDGE('',*,*,#6976,.T.);
#6976 = EDGE_CURVE('',#6949,#6977,#6979,.T.);
#6977 = VERTEX_POINT('',#6978);
#6978 = CARTESIAN_POINT('',(5.25,0.565594778101,10.469123855207));
#6979 = B_SPLINE_CURVE_WITH_KNOTS('',1,(#6980,#6981),.UNSPECIFIED.,.F.,
  .F.,(2,2),(-7.810661467455E-02,0.),.PIECEWISE_BEZIER_KNOTS.);
#6980 = CARTESIAN_POINT('',(5.25,0.565594778101,10.391017240533));
#6981 = CARTESIAN_POINT('',(5.25,0.565594778101,10.469123855207));
#6982 = ORIENTED_EDGE('',*,*,#6983,.F.);
#6983 = EDGE_CURVE('',#6984,#6977,#6986,.T.);
#6984 = VERTEX_POINT('',#6985);
#6985 = CARTESIAN_POINT('',(5.251,0.565594778101,10.469123855207));
#6986 = B_SPLINE_CURVE_WITH_KNOTS('',1,(#6987,#6988),.UNSPECIFIED.,.F.,
  .F.,(2,2),(-0.,1.E-03),.PIECEWISE_BEZIER_KNOTS.);
#6987 = CARTESIAN_POINT('',(5.251,0.565594778101,10.469123855207));
#6988 = CARTESIAN_POINT('',(5.25,0.565594778101,10.469123855207));
#6989 = ORIENTED_EDGE('',*,*,#6990,.F.);
#6990 = EDGE_CURVE('',#6956,#6984,#6991,.T.);
#6991 = B_SPLINE_CURVE_WITH_KNOTS('',1,(#6992,#6993),.UNSPECIFIED.,.F.,
  .F.,(2,2),(-7.810661467455E-02,0.),.PIECEWISE_BEZIER_KNOTS.);
#6992 = CARTESIAN_POINT('',(5.251,0.565594778101,10.391017240533));
#6993 = CARTESIAN_POINT('',(5.251,0.565594778101,10.469123855207));
#6994 = ORIENTED_EDGE('',*,*,#6955,.T.);
#6995 = B_SPLINE_SURFACE_WITH_KNOTS('',1,1,(
    (#6996,#6997)
    ,(#6998,#6999
    )),.UNSPECIFIED.,.F.,.F.,.F.,(2,2),(2,2),(0.,7.810661467455E-02),(
    -1.E-03,0.),.PIECEWISE_BEZIER_KNOTS.);
#6996 = CARTESIAN_POINT('',(5.25,0.565594778101,10.469123855207));
#6997 = CARTESIAN_POINT('',(5.251,0.565594778101,10.469123855207));
#6998 = CARTESIAN_POINT('',(5.25,0.565594778101,10.391017240533));
#6999 = CARTESIAN_POINT('',(5.251,0.565594778101,10.391017240533));
#7000 = ADVANCED_FACE('',(#7001),#7023,.F.);
#7001 = FACE_BOUND('',#7002,.T.);
#7002 = EDGE_LOOP('',(#7003,#7010,#7017,#7022));
#7003 = ORIENTED_EDGE('',*,*,#7004,.T.);
#7004 = EDGE_CURVE('',#6977,#7005,#7007,.T.);
#7005 = VERTEX_POINT('',#7006);
#7006 = CARTESIAN_POINT('',(5.25,0.65979684532,10.469123855207));
#7007 = B_SPLINE_CURVE_WITH_KNOTS('',1,(#7008,#7009),.UNSPECIFIED.,.F.,
  .F.,(2,2),(-9.420206721826E-02,0.),.PIECEWISE_BEZIER_KNOTS.);
#7008 = CARTESIAN_POINT('',(5.25,0.565594778101,10.469123855207));
#7009 = CARTESIAN_POINT('',(5.25,0.65979684532,10.469123855207));
#7010 = ORIENTED_EDGE('',*,*,#7011,.F.);
#7011 = EDGE_CURVE('',#7012,#7005,#7014,.T.);
#7012 = VERTEX_POINT('',#7013);
#7013 = CARTESIAN_POINT('',(5.251,0.65979684532,10.469123855207));
#7014 = B_SPLINE_CURVE_WITH_KNOTS('',1,(#7015,#7016),.UNSPECIFIED.,.F.,
  .F.,(2,2),(-0.,1.E-03),.PIECEWISE_BEZIER_KNOTS.);
#7015 = CARTESIAN_POINT('',(5.251,0.65979684532,10.469123855207));
#7016 = CARTESIAN_POINT('',(5.25,0.65979684532,10.469123855207));
#7017 = ORIENTED_EDGE('',*,*,#7018,.F.);
#7018 = EDGE_CURVE('',#6984,#7012,#7019,.T.);
#7019 = B_SPLINE_CURVE_WITH_KNOTS('',1,(#7020,#7021),.UNSPECIFIED.,.F.,
  .F.,(2,2),(-9.420206721826E-02,0.),.PIECEWISE_BEZIER_KNOTS.);
#7020 = CARTESIAN_POINT('',(5.251,0.565594778101,10.469123855207));
#7021 = CARTESIAN_POINT('',(5.251,0.65979684532,10.469123855207));
#7022 = ORIENTED_EDGE('',*,*,#6983,.T.);
#7023 = B_SPLINE_SURFACE_WITH_KNOTS('',1,1,(
    (#7024,#7025)
    ,(#7026,#7027)),.UNSPECIFIED.,.F.,.F.,.F.,(2,2),(2,2),(-1.E-03,0.),(
    -9.420206721826E-02,0.),.PIECEWISE_BEZIER_KNOTS.);
#7024 = CARTESIAN_POINT('',(5.25,0.565594778101,10.469123855207));
#7025 = CARTESIAN_POINT('',(5.25,0.65979684532,10.469123855207));
#7026 = CARTESIAN_POINT('',(5.251,0.565594778101,10.469123855207));
#7027 = CARTESIAN_POINT('',(5.251,0.65979684532,10.469123855207));
#7028 = ADVANCED_FACE('',(#7029),#7051,.F.);
#7029 = FACE_BOUND('',#7030,.T.);
#7030 = EDGE_LOOP('',(#7031,#7038,#7045,#7050));
#7031 = ORIENTED_EDGE('',*,*,#7032,.T.);
#7032 = EDGE_CURVE('',#7005,#7033,#7035,.T.);
#7033 = VERTEX_POINT('',#7034);
#7034 = CARTESIAN_POINT('',(5.25,0.65979684532,10.497197318948));
#7035 = B_SPLINE_CURVE_WITH_KNOTS('',1,(#7036,#7037),.UNSPECIFIED.,.F.,
  .F.,(2,2),(-2.807346374017E-02,0.),.PIECEWISE_BEZIER_KNOTS.);
#7036 = CARTESIAN_POINT('',(5.25,0.65979684532,10.469123855207));
#7037 = CARTESIAN_POINT('',(5.25,0.65979684532,10.497197318948));
#7038 = ORIENTED_EDGE('',*,*,#7039,.F.);
#7039 = EDGE_CURVE('',#7040,#7033,#7042,.T.);
#7040 = VERTEX_POINT('',#7041);
#7041 = CARTESIAN_POINT('',(5.251,0.65979684532,10.497197318948));
#7042 = B_SPLINE_CURVE_WITH_KNOTS('',1,(#7043,#7044),.UNSPECIFIED.,.F.,
  .F.,(2,2),(-0.,1.E-03),.PIECEWISE_BEZIER_KNOTS.);
#7043 = CARTESIAN_POINT('',(5.251,0.65979684532,10.497197318948));
#7044 = CARTESIAN_POINT('',(5.25,0.65979684532,10.497197318948));
#7045 = ORIENTED_EDGE('',*,*,#7046,.F.);
#7046 = EDGE_CURVE('',#7012,#7040,#7047,.T.);
#7047 = B_SPLINE_CURVE_WITH_KNOTS('',1,(#7048,#7049),.UNSPECIFIED.,.F.,
  .F.,(2,2),(-2.807346374017E-02,0.),.PIECEWISE_BEZIER_KNOTS.);
#7048 = CARTESIAN_POINT('',(5.251,0.65979684532,10.469123855207));
#7049 = CARTESIAN_POINT('',(5.251,0.65979684532,10.497197318948));
#7050 = ORIENTED_EDGE('',*,*,#7011,.T.);
#7051 = B_SPLINE_SURFACE_WITH_KNOTS('',1,1,(
    (#7052,#7053)
    ,(#7054,#7055
    )),.UNSPECIFIED.,.F.,.F.,.F.,(2,2),(2,2),(-0.,2.807346374017E-02),(
    -1.E-03,0.),.PIECEWISE_BEZIER_KNOTS.);
#7052 = CARTESIAN_POINT('',(5.25,0.65979684532,10.497197318948));
#7053 = CARTESIAN_POINT('',(5.251,0.65979684532,10.497197318948));
#7054 = CARTESIAN_POINT('',(5.25,0.65979684532,10.469123855207));
#7055 = CARTESIAN_POINT('',(5.251,0.65979684532,10.469123855207));
#7056 = ADVANCED_FACE('',(#7057),#7079,.F.);
#7057 = FACE_BOUND('',#7058,.T.);
#7058 = EDGE_LOOP('',(#7059,#7066,#7073,#7078));
#7059 = ORIENTED_EDGE('',*,*,#7060,.T.);
#7060 = EDGE_CURVE('',#7033,#7061,#7063,.T.);
#7061 = VERTEX_POINT('',#7062);
#7062 = CARTESIAN_POINT('',(5.25,0.534090113237,10.497197318948));
#7063 = B_SPLINE_CURVE_WITH_KNOTS('',1,(#7064,#7065),.UNSPECIFIED.,.F.,
  .F.,(2,2),(-0.125706732083,-0.),.PIECEWISE_BEZIER_KNOTS.);
#7064 = CARTESIAN_POINT('',(5.25,0.65979684532,10.497197318948));
#7065 = CARTESIAN_POINT('',(5.25,0.534090113237,10.497197318948));
#7066 = ORIENTED_EDGE('',*,*,#7067,.F.);
#7067 = EDGE_CURVE('',#7068,#7061,#7070,.T.);
#7068 = VERTEX_POINT('',#7069);
#7069 = CARTESIAN_POINT('',(5.251,0.534090113237,10.497197318948));
#7070 = B_SPLINE_CURVE_WITH_KNOTS('',1,(#7071,#7072),.UNSPECIFIED.,.F.,
  .F.,(2,2),(-0.,1.E-03),.PIECEWISE_BEZIER_KNOTS.);
#7071 = CARTESIAN_POINT('',(5.251,0.534090113237,10.497197318948));
#7072 = CARTESIAN_POINT('',(5.25,0.534090113237,10.497197318948));
#7073 = ORIENTED_EDGE('',*,*,#7074,.F.);
#7074 = EDGE_CURVE('',#7040,#7068,#7075,.T.);
#7075 = B_SPLINE_CURVE_WITH_KNOTS('',1,(#7076,#7077),.UNSPECIFIED.,.F.,
  .F.,(2,2),(-0.125706732083,-0.),.PIECEWISE_BEZIER_KNOTS.);
#7076 = CARTESIAN_POINT('',(5.251,0.65979684532,10.497197318948));
#7077 = CARTESIAN_POINT('',(5.251,0.534090113237,10.497197318948));
#7078 = ORIENTED_EDGE('',*,*,#7039,.T.);
#7079 = B_SPLINE_SURFACE_WITH_KNOTS('',1,1,(
    (#7080,#7081)
    ,(#7082,#7083
    )),.UNSPECIFIED.,.F.,.F.,.F.,(2,2),(2,2),(0.,0.125706732083),(
    -1.E-03,0.),.PIECEWISE_BEZIER_KNOTS.);
#7080 = CARTESIAN_POINT('',(5.25,0.534090113237,10.497197318948));
#7081 = CARTESIAN_POINT('',(5.251,0.534090113237,10.497197318948));
#7082 = CARTESIAN_POINT('',(5.25,0.65979684532,10.497197318948));
#7083 = CARTESIAN_POINT('',(5.251,0.65979684532,10.497197318948));
#7084 = ADVANCED_FACE('',(#7085),#7107,.F.);
#7085 = FACE_BOUND('',#7086,.T.);
#7086 = EDGE_LOOP('',(#7087,#7094,#7101,#7106));
#7087 = ORIENTED_EDGE('',*,*,#7088,.T.);
#7088 = EDGE_CURVE('',#7061,#7089,#7091,.T.);
#7089 = VERTEX_POINT('',#7090);
#7090 = CARTESIAN_POINT('',(5.25,0.534090113237,10.25314534083));
#7091 = B_SPLINE_CURVE_WITH_KNOTS('',1,(#7092,#7093),.UNSPECIFIED.,.F.,
  .F.,(2,2),(-0.244051978118,0.),.PIECEWISE_BEZIER_KNOTS.);
#7092 = CARTESIAN_POINT('',(5.25,0.534090113237,10.497197318948));
#7093 = CARTESIAN_POINT('',(5.25,0.534090113237,10.25314534083));
#7094 = ORIENTED_EDGE('',*,*,#7095,.F.);
#7095 = EDGE_CURVE('',#7096,#7089,#7098,.T.);
#7096 = VERTEX_POINT('',#7097);
#7097 = CARTESIAN_POINT('',(5.251,0.534090113237,10.25314534083));
#7098 = B_SPLINE_CURVE_WITH_KNOTS('',1,(#7099,#7100),.UNSPECIFIED.,.F.,
  .F.,(2,2),(-0.,1.E-03),.PIECEWISE_BEZIER_KNOTS.);
#7099 = CARTESIAN_POINT('',(5.251,0.534090113237,10.25314534083));
#7100 = CARTESIAN_POINT('',(5.25,0.534090113237,10.25314534083));
#7101 = ORIENTED_EDGE('',*,*,#7102,.F.);
#7102 = EDGE_CURVE('',#7068,#7096,#7103,.T.);
#7103 = B_SPLINE_CURVE_WITH_KNOTS('',1,(#7104,#7105),.UNSPECIFIED.,.F.,
  .F.,(2,2),(-0.244051978118,0.),.PIECEWISE_BEZIER_KNOTS.);
#7104 = CARTESIAN_POINT('',(5.251,0.534090113237,10.497197318948));
#7105 = CARTESIAN_POINT('',(5.251,0.534090113237,10.25314534083));
#7106 = ORIENTED_EDGE('',*,*,#7067,.T.);
#7107 = B_SPLINE_SURFACE_WITH_KNOTS('',1,1,(
    (#7108,#7109)
    ,(#7110,#7111
    )),.UNSPECIFIED.,.F.,.F.,.F.,(2,2),(2,2),(0.,0.244051978118),(
    -1.E-03,0.),.PIECEWISE_BEZIER_KNOTS.);
#7108 = CARTESIAN_POINT('',(5.25,0.534090113237,10.25314534083));
#7109 = CARTESIAN_POINT('',(5.251,0.534090113237,10.25314534083));
#7110 = CARTESIAN_POINT('',(5.25,0.534090113237,10.497197318948));
#7111 = CARTESIAN_POINT('',(5.251,0.534090113237,10.497197318948));
#7112 = ADVANCED_FACE('',(#7113),#7127,.F.);
#7113 = FACE_BOUND('',#7114,.T.);
#7114 = EDGE_LOOP('',(#7115,#7120,#7121,#7126));
#7115 = ORIENTED_EDGE('',*,*,#7116,.T.);
#7116 = EDGE_CURVE('',#7089,#6801,#7117,.T.);
#7117 = B_SPLINE_CURVE_WITH_KNOTS('',1,(#7118,#7119),.UNSPECIFIED.,.F.,
  .F.,(2,2),(-0.131259039356,0.),.PIECEWISE_BEZIER_KNOTS.);
#7118 = CARTESIAN_POINT('',(5.25,0.534090113237,10.25314534083));
#7119 = CARTESIAN_POINT('',(5.25,0.665349152593,10.25314534083));
#7120 = ORIENTED_EDGE('',*,*,#6823,.F.);
#7121 = ORIENTED_EDGE('',*,*,#7122,.F.);
#7122 = EDGE_CURVE('',#7096,#6817,#7123,.T.);
#7123 = B_SPLINE_CURVE_WITH_KNOTS('',1,(#7124,#7125),.UNSPECIFIED.,.F.,
  .F.,(2,2),(-0.131259039356,0.),.PIECEWISE_BEZIER_KNOTS.);
#7124 = CARTESIAN_POINT('',(5.251,0.534090113237,10.25314534083));
#7125 = CARTESIAN_POINT('',(5.251,0.665349152593,10.25314534083));
#7126 = ORIENTED_EDGE('',*,*,#7095,.T.);
#7127 = B_SPLINE_SURFACE_WITH_KNOTS('',1,1,(
    (#7128,#7129)
    ,(#7130,#7131
    )),.UNSPECIFIED.,.F.,.F.,.F.,(2,2),(2,2),(-1.E-03,0.),(
    -0.131259039356,0.),.PIECEWISE_BEZIER_KNOTS.);
#7128 = CARTESIAN_POINT('',(5.25,0.534090113237,10.25314534083));
#7129 = CARTESIAN_POINT('',(5.25,0.665349152593,10.25314534083));
#7130 = CARTESIAN_POINT('',(5.251,0.534090113237,10.25314534083));
#7131 = CARTESIAN_POINT('',(5.251,0.665349152593,10.25314534083));
#7132 = ADVANCED_FACE('',(#7133),#7147,.F.);
#7133 = FACE_BOUND('',#7134,.T.);
#7134 = EDGE_LOOP('',(#7135,#7136,#7137,#7138,#7139,#7140,#7141,#7142,
    #7143,#7144,#7145,#7146));
#7135 = ORIENTED_EDGE('',*,*,#6816,.T.);
#7136 = ORIENTED_EDGE('',*,*,#6850,.T.);
#7137 = ORIENTED_EDGE('',*,*,#6878,.T.);
#7138 = ORIENTED_EDGE('',*,*,#6906,.T.);
#7139 = ORIENTED_EDGE('',*,*,#6934,.T.);
#7140 = ORIENTED_EDGE('',*,*,#6962,.T.);
#7141 = ORIENTED_EDGE('',*,*,#6990,.T.);
#7142 = ORIENTED_EDGE('',*,*,#7018,.T.);
#7143 = ORIENTED_EDGE('',*,*,#7046,.T.);
#7144 = ORIENTED_EDGE('',*,*,#7074,.T.);
#7145 = ORIENTED_EDGE('',*,*,#7102,.T.);
#7146 = ORIENTED_EDGE('',*,*,#7122,.T.);
#7147 = B_SPLINE_SURFACE_WITH_KNOTS('',1,1,(
    (#7148,#7149)
    ,(#7150,#7151
    )),.UNSPECIFIED.,.F.,.F.,.F.,(2,2),(2,2),(6.75061971383,
    6.994671691948),(0.534090113237,0.665349152593),
  .PIECEWISE_BEZIER_KNOTS.);
#7148 = CARTESIAN_POINT('',(5.251,0.534090113237,10.25314534083));
#7149 = CARTESIAN_POINT('',(5.251,0.665349152593,10.25314534083));
#7150 = CARTESIAN_POINT('',(5.251,0.534090113237,10.497197318948));
#7151 = CARTESIAN_POINT('',(5.251,0.665349152593,10.497197318948));
#7152 = ADVANCED_FACE('',(#7153),#7167,.T.);
#7153 = FACE_BOUND('',#7154,.T.);
#7154 = EDGE_LOOP('',(#7155,#7156,#7157,#7158,#7159,#7160,#7161,#7162,
    #7163,#7164,#7165,#7166));
#7155 = ORIENTED_EDGE('',*,*,#6800,.F.);
#7156 = ORIENTED_EDGE('',*,*,#7116,.F.);
#7157 = ORIENTED_EDGE('',*,*,#7088,.F.);
#7158 = ORIENTED_EDGE('',*,*,#7060,.F.);
#7159 = ORIENTED_EDGE('',*,*,#7032,.F.);
#7160 = ORIENTED_EDGE('',*,*,#7004,.F.);
#7161 = ORIENTED_EDGE('',*,*,#6976,.F.);
#7162 = ORIENTED_EDGE('',*,*,#6948,.F.);
#7163 = ORIENTED_EDGE('',*,*,#6920,.F.);
#7164 = ORIENTED_EDGE('',*,*,#6892,.F.);
#7165 = ORIENTED_EDGE('',*,*,#6864,.F.);
#7166 = ORIENTED_EDGE('',*,*,#6836,.F.);
#7167 = B_SPLINE_SURFACE_WITH_KNOTS('',1,1,(
    (#7168,#7169)
    ,(#7170,#7171
    )),.UNSPECIFIED.,.F.,.F.,.F.,(2,2),(2,2),(6.75061971383,
    6.994671691948),(0.534090113237,0.665349152593),
  .PIECEWISE_BEZIER_KNOTS.);
#7168 = CARTESIAN_POINT('',(5.25,0.534090113237,10.25314534083));
#7169 = CARTESIAN_POINT('',(5.25,0.665349152593,10.25314534083));
#7170 = CARTESIAN_POINT('',(5.25,0.534090113237,10.497197318948));
#7171 = CARTESIAN_POINT('',(5.25,0.665349152593,10.497197318948));
#7172 = MANIFOLD_SOLID_BREP('',#7173);
#7173 = CLOSED_SHELL('',(#7174,#7366,#7558,#7582,#7598,#7618,#7638,#7654
    ,#7674,#7694,#7714,#7734,#7750,#7766,#7782,#7798,#7814,#7838,#7858,
    #7878,#7898,#7918,#7938,#7954));
#7174 = ADVANCED_FACE('',(#7175,#7291),#7361,.T.);
#7175 = FACE_BOUND('',#7176,.T.);
#7176 = EDGE_LOOP('',(#7177,#7188,#7195,#7204,#7213,#7220,#7229,#7238,
    #7247,#7256,#7263,#7270,#7277,#7284));
#7177 = ORIENTED_EDGE('',*,*,#7178,.T.);
#7178 = EDGE_CURVE('',#7179,#7181,#7183,.T.);
#7179 = VERTEX_POINT('',#7180);
#7180 = CARTESIAN_POINT('',(5.251,0.771654001958,10.43144302832));
#7181 = VERTEX_POINT('',#7182);
#7182 = CARTESIAN_POINT('',(5.251,0.711639175027,10.415222804825));
#7183 = B_SPLINE_CURVE_WITH_KNOTS('',3,(#7184,#7185,#7186,#7187),
  .UNSPECIFIED.,.F.,.F.,(4,4),(0.,1.),.PIECEWISE_BEZIER_KNOTS.);
#7184 = CARTESIAN_POINT('',(5.251,0.771654001958,10.43144302832));
#7185 = CARTESIAN_POINT('',(5.251,0.748945689065,10.43144302832));
#7186 = CARTESIAN_POINT('',(5.251,0.728919951597,10.426077877471));
#7187 = CARTESIAN_POINT('',(5.251,0.711639175027,10.415222804825));
#7188 = ORIENTED_EDGE('',*,*,#7189,.T.);
#7189 = EDGE_CURVE('',#7181,#7190,#7192,.T.);
#7190 = VERTEX_POINT('',#7191);
#7191 = CARTESIAN_POINT('',(5.251,0.711639175027,10.385527318734));
#7192 = B_SPLINE_CURVE_WITH_KNOTS('',1,(#7193,#7194),.UNSPECIFIED.,.F.,
  .F.,(2,2),(-2.969548609111E-02,0.),.PIECEWISE_BEZIER_KNOTS.);
#7193 = CARTESIAN_POINT('',(5.251,0.711639175027,10.415222804825));
#7194 = CARTESIAN_POINT('',(5.251,0.711639175027,10.385527318734));
#7195 = ORIENTED_EDGE('',*,*,#7196,.T.);
#7196 = EDGE_CURVE('',#7190,#7197,#7199,.T.);
#7197 = VERTEX_POINT('',#7198);
#7198 = CARTESIAN_POINT('',(5.251,0.768784270108,10.406613609278));
#7199 = B_SPLINE_CURVE_WITH_KNOTS('',3,(#7200,#7201,#7202,#7203),
  .UNSPECIFIED.,.F.,.F.,(4,4),(12.,13.),.PIECEWISE_BEZIER_KNOTS.);
#7200 = CARTESIAN_POINT('',(5.251,0.711639175027,10.385527318734));
#7201 = CARTESIAN_POINT('',(5.251,0.728857566122,10.39950166513));
#7202 = CARTESIAN_POINT('',(5.251,0.74788513599,10.406613609278));
#7203 = CARTESIAN_POINT('',(5.251,0.768784270108,10.406613609278));
#7204 = ORIENTED_EDGE('',*,*,#7205,.T.);
#7205 = EDGE_CURVE('',#7197,#7206,#7208,.T.);
#7206 = VERTEX_POINT('',#7207);
#7207 = CARTESIAN_POINT('',(5.251,0.804094448946,10.363941944393));
#7208 = B_SPLINE_CURVE_WITH_KNOTS('',3,(#7209,#7210,#7211,#7212),
  .UNSPECIFIED.,.F.,.F.,(4,4),(11.,12.),.PIECEWISE_BEZIER_KNOTS.);
#7209 = CARTESIAN_POINT('',(5.251,0.768784270108,10.406613609278));
#7210 = CARTESIAN_POINT('',(5.251,0.792303594175,10.406613609278));
#7211 = CARTESIAN_POINT('',(5.251,0.804094448946,10.392389720983));
#7212 = CARTESIAN_POINT('',(5.251,0.804094448946,10.363941944393));
#7213 = ORIENTED_EDGE('',*,*,#7214,.T.);
#7214 = EDGE_CURVE('',#7206,#7215,#7217,.T.);
#7215 = VERTEX_POINT('',#7216);
#7216 = CARTESIAN_POINT('',(5.251,0.752439275663,10.356705229295));
#7217 = B_SPLINE_CURVE_WITH_KNOTS('',1,(#7218,#7219),.UNSPECIFIED.,.F.,
  .F.,(2,2),(-5.215962971765E-02,-0.),.PIECEWISE_BEZIER_KNOTS.);
#7218 = CARTESIAN_POINT('',(5.251,0.804094448946,10.363941944393));
#7219 = CARTESIAN_POINT('',(5.251,0.752439275663,10.356705229295));
#7220 = ORIENTED_EDGE('',*,*,#7221,.T.);
#7221 = EDGE_CURVE('',#7215,#7222,#7224,.T.);
#7222 = VERTEX_POINT('',#7223);
#7223 = CARTESIAN_POINT('',(5.251,0.694607940358,10.299809676114));
#7224 = B_SPLINE_CURVE_WITH_KNOTS('',3,(#7225,#7226,#7227,#7228),
  .UNSPECIFIED.,.F.,.F.,(4,4),(9.,10.),.PIECEWISE_BEZIER_KNOTS.);
#7225 = CARTESIAN_POINT('',(5.251,0.752439275663,10.356705229295));
#7226 = CARTESIAN_POINT('',(5.251,0.713885052127,10.351340078447));
#7227 = CARTESIAN_POINT('',(5.251,0.694607940358,10.332374894053));
#7228 = CARTESIAN_POINT('',(5.251,0.694607940358,10.299809676114));
#7229 = ORIENTED_EDGE('',*,*,#7230,.T.);
#7230 = EDGE_CURVE('',#7222,#7231,#7233,.T.);
#7231 = VERTEX_POINT('',#7232);
#7232 = CARTESIAN_POINT('',(5.251,0.709580454353,10.262752703976));
#7233 = B_SPLINE_CURVE_WITH_KNOTS('',3,(#7234,#7235,#7236,#7237),
  .UNSPECIFIED.,.F.,.F.,(4,4),(8.,9.),.PIECEWISE_BEZIER_KNOTS.);
#7234 = CARTESIAN_POINT('',(5.251,0.694607940358,10.299809676114));
#7235 = CARTESIAN_POINT('',(5.251,0.694607940358,10.284213307369));
#7236 = CARTESIAN_POINT('',(5.251,0.699598778357,10.271860983322));
#7237 = CARTESIAN_POINT('',(5.251,0.709580454353,10.262752703976));
#7238 = ORIENTED_EDGE('',*,*,#7239,.T.);
#7239 = EDGE_CURVE('',#7231,#7240,#7242,.T.);
#7240 = VERTEX_POINT('',#7241);
#7241 = CARTESIAN_POINT('',(5.251,0.74988147119,10.249027899481));
#7242 = B_SPLINE_CURVE_WITH_KNOTS('',3,(#7243,#7244,#7245,#7246),
  .UNSPECIFIED.,.F.,.F.,(4,4),(7.,8.),.PIECEWISE_BEZIER_KNOTS.);
#7243 = CARTESIAN_POINT('',(5.251,0.709580454353,10.262752703976));
#7244 = CARTESIAN_POINT('',(5.251,0.71956213035,10.253644424629));
#7245 = CARTESIAN_POINT('',(5.251,0.732975007471,10.249027899481));
#7246 = CARTESIAN_POINT('',(5.251,0.74988147119,10.249027899481));
#7247 = ORIENTED_EDGE('',*,*,#7248,.T.);
#7248 = EDGE_CURVE('',#7240,#7249,#7251,.T.);
#7249 = VERTEX_POINT('',#7250);
#7250 = CARTESIAN_POINT('',(5.251,0.803283437772,10.28009586602));
#7251 = B_SPLINE_CURVE_WITH_KNOTS('',3,(#7252,#7253,#7254,#7255),
  .UNSPECIFIED.,.F.,.F.,(4,4),(6.,7.),.PIECEWISE_BEZIER_KNOTS.);
#7252 = CARTESIAN_POINT('',(5.251,0.74988147119,10.249027899481));
#7253 = CARTESIAN_POINT('',(5.251,0.773400795257,10.249027899481));
#7254 = CARTESIAN_POINT('',(5.251,0.791243041101,10.259383888327));
#7255 = CARTESIAN_POINT('',(5.251,0.803283437772,10.28009586602));
#7256 = ORIENTED_EDGE('',*,*,#7257,.T.);
#7257 = EDGE_CURVE('',#7249,#7258,#7260,.T.);
#7258 = VERTEX_POINT('',#7259);
#7259 = CARTESIAN_POINT('',(5.251,0.804094448946,10.28009586602));
#7260 = B_SPLINE_CURVE_WITH_KNOTS('',1,(#7261,#7262),.UNSPECIFIED.,.F.,
  .F.,(2,2),(-8.110111746331E-04,0.),.PIECEWISE_BEZIER_KNOTS.);
#7261 = CARTESIAN_POINT('',(5.251,0.803283437772,10.28009586602));
#7262 = CARTESIAN_POINT('',(5.251,0.804094448946,10.28009586602));
#7263 = ORIENTED_EDGE('',*,*,#7264,.T.);
#7264 = EDGE_CURVE('',#7258,#7265,#7267,.T.);
#7265 = VERTEX_POINT('',#7266);
#7266 = CARTESIAN_POINT('',(5.251,0.804094448946,10.25314534083));
#7267 = B_SPLINE_CURVE_WITH_KNOTS('',1,(#7268,#7269),.UNSPECIFIED.,.F.,
  .F.,(2,2),(-2.695052519016E-02,-0.),.PIECEWISE_BEZIER_KNOTS.);
#7268 = CARTESIAN_POINT('',(5.251,0.804094448946,10.28009586602));
#7269 = CARTESIAN_POINT('',(5.251,0.804094448946,10.25314534083));
#7270 = ORIENTED_EDGE('',*,*,#7271,.T.);
#7271 = EDGE_CURVE('',#7265,#7272,#7274,.T.);
#7272 = VERTEX_POINT('',#7273);
#7273 = CARTESIAN_POINT('',(5.251,0.834663331686,10.25314534083));
#7274 = B_SPLINE_CURVE_WITH_KNOTS('',1,(#7275,#7276),.UNSPECIFIED.,.F.,
  .F.,(2,2),(-3.056888273982E-02,0.),.PIECEWISE_BEZIER_KNOTS.);
#7275 = CARTESIAN_POINT('',(5.251,0.804094448946,10.25314534083));
#7276 = CARTESIAN_POINT('',(5.251,0.834663331686,10.25314534083));
#7277 = ORIENTED_EDGE('',*,*,#7278,.T.);
#7278 = EDGE_CURVE('',#7272,#7279,#7281,.T.);
#7279 = VERTEX_POINT('',#7280);
#7280 = CARTESIAN_POINT('',(5.251,0.834663331686,10.365314424841));
#7281 = B_SPLINE_CURVE_WITH_KNOTS('',1,(#7282,#7283),.UNSPECIFIED.,.F.,
  .F.,(2,2),(-0.112169084011,0.),.PIECEWISE_BEZIER_KNOTS.);
#7282 = CARTESIAN_POINT('',(5.251,0.834663331686,10.25314534083));
#7283 = CARTESIAN_POINT('',(5.251,0.834663331686,10.365314424841));
#7284 = ORIENTED_EDGE('',*,*,#7285,.T.);
#7285 = EDGE_CURVE('',#7279,#7179,#7286,.T.);
#7286 = B_SPLINE_CURVE_WITH_KNOTS('',3,(#7287,#7288,#7289,#7290),
  .UNSPECIFIED.,.F.,.F.,(4,4),(1.,2.),.PIECEWISE_BEZIER_KNOTS.);
#7287 = CARTESIAN_POINT('',(5.251,0.834663331686,10.365314424841));
#7288 = CARTESIAN_POINT('',(5.251,0.834663331686,10.409483341127));
#7289 = CARTESIAN_POINT('',(5.251,0.813639426618,10.43144302832));
#7290 = CARTESIAN_POINT('',(5.251,0.771654001958,10.43144302832));
#7291 = FACE_BOUND('',#7292,.T.);
#7292 = EDGE_LOOP('',(#7293,#7304,#7313,#7320,#7327,#7336,#7345,#7354));
#7293 = ORIENTED_EDGE('',*,*,#7294,.F.);
#7294 = EDGE_CURVE('',#7295,#7297,#7299,.T.);
#7295 = VERTEX_POINT('',#7296);
#7296 = CARTESIAN_POINT('',(5.251,0.73372363317,10.324389553255));
#7297 = VERTEX_POINT('',#7298);
#7298 = CARTESIAN_POINT('',(5.251,0.725613521423,10.302305095112));
#7299 = B_SPLINE_CURVE_WITH_KNOTS('',3,(#7300,#7301,#7302,#7303),
  .UNSPECIFIED.,.F.,.F.,(4,4),(1.,2.),.PIECEWISE_BEZIER_KNOTS.);
#7300 = CARTESIAN_POINT('',(5.251,0.73372363317,10.324389553255));
#7301 = CARTESIAN_POINT('',(5.251,0.728358482322,10.319149173357));
#7302 = CARTESIAN_POINT('',(5.251,0.725613521423,10.31178768731));
#7303 = CARTESIAN_POINT('',(5.251,0.725613521423,10.302305095112));
#7304 = ORIENTED_EDGE('',*,*,#7305,.F.);
#7305 = EDGE_CURVE('',#7306,#7295,#7308,.T.);
#7306 = VERTEX_POINT('',#7307);
#7307 = CARTESIAN_POINT('',(5.251,0.76329434831,10.335119854952));
#7308 = B_SPLINE_CURVE_WITH_KNOTS('',3,(#7309,#7310,#7311,#7312),
  .UNSPECIFIED.,.F.,.F.,(4,4),(0.,1.),.PIECEWISE_BEZIER_KNOTS.);
#7309 = CARTESIAN_POINT('',(5.251,0.76329434831,10.335119854952));
#7310 = CARTESIAN_POINT('',(5.251,0.74900807454,10.333123519752));
#7311 = CARTESIAN_POINT('',(5.251,0.739151169493,10.329629933154));
#7312 = CARTESIAN_POINT('',(5.251,0.73372363317,10.324389553255));
#7313 = ORIENTED_EDGE('',*,*,#7314,.F.);
#7314 = EDGE_CURVE('',#7315,#7306,#7317,.T.);
#7315 = VERTEX_POINT('',#7316);
#7316 = CARTESIAN_POINT('',(5.251,0.804094448946,10.340609776751));
#7317 = B_SPLINE_CURVE_WITH_KNOTS('',1,(#7318,#7319),.UNSPECIFIED.,.F.,
  .F.,(2,2),(-0.,4.116779631328E-02),.PIECEWISE_BEZIER_KNOTS.);
#7318 = CARTESIAN_POINT('',(5.251,0.804094448946,10.340609776751));
#7319 = CARTESIAN_POINT('',(5.251,0.76329434831,10.335119854952));
#7320 = ORIENTED_EDGE('',*,*,#7321,.F.);
#7321 = EDGE_CURVE('',#7322,#7315,#7324,.T.);
#7322 = VERTEX_POINT('',#7323);
#7323 = CARTESIAN_POINT('',(5.251,0.804094448946,10.323890469455));
#7324 = B_SPLINE_CURVE_WITH_KNOTS('',1,(#7325,#7326),.UNSPECIFIED.,.F.,
  .F.,(2,2),(0.,1.671930729528E-02),.PIECEWISE_BEZIER_KNOTS.);
#7325 = CARTESIAN_POINT('',(5.251,0.804094448946,10.323890469455));
#7326 = CARTESIAN_POINT('',(5.251,0.804094448946,10.340609776751));
#7327 = ORIENTED_EDGE('',*,*,#7328,.F.);
#7328 = EDGE_CURVE('',#7329,#7322,#7331,.T.);
#7329 = VERTEX_POINT('',#7330);
#7330 = CARTESIAN_POINT('',(5.251,0.790993499201,10.288330748718));
#7331 = B_SPLINE_CURVE_WITH_KNOTS('',3,(#7332,#7333,#7334,#7335),
  .UNSPECIFIED.,.F.,.F.,(4,4),(5.,6.),.PIECEWISE_BEZIER_KNOTS.);
#7332 = CARTESIAN_POINT('',(5.251,0.790993499201,10.288330748718));
#7333 = CARTESIAN_POINT('',(5.251,0.799727465698,10.297688569964));
#7334 = CARTESIAN_POINT('',(5.251,0.804094448946,10.30954181021));
#7335 = CARTESIAN_POINT('',(5.251,0.804094448946,10.323890469455));
#7336 = ORIENTED_EDGE('',*,*,#7337,.F.);
#7337 = EDGE_CURVE('',#7338,#7329,#7340,.T.);
#7338 = VERTEX_POINT('',#7339);
#7339 = CARTESIAN_POINT('',(5.251,0.757804426512,10.274106860422));
#7340 = B_SPLINE_CURVE_WITH_KNOTS('',3,(#7341,#7342,#7343,#7344),
  .UNSPECIFIED.,.F.,.F.,(4,4),(4.,5.),.PIECEWISE_BEZIER_KNOTS.);
#7341 = CARTESIAN_POINT('',(5.251,0.757804426512,10.274106860422));
#7342 = CARTESIAN_POINT('',(5.251,0.771217303632,10.274106860422));
#7343 = CARTESIAN_POINT('',(5.251,0.782321918178,10.27884815652));
#7344 = CARTESIAN_POINT('',(5.251,0.790993499201,10.288330748718));
#7345 = ORIENTED_EDGE('',*,*,#7346,.F.);
#7346 = EDGE_CURVE('',#7347,#7338,#7349,.T.);
#7347 = VERTEX_POINT('',#7348);
#7348 = CARTESIAN_POINT('',(5.251,0.73447225887,10.281967430269));
#7349 = B_SPLINE_CURVE_WITH_KNOTS('',3,(#7350,#7351,#7352,#7353),
  .UNSPECIFIED.,.F.,.F.,(4,4),(3.,4.),.PIECEWISE_BEZIER_KNOTS.);
#7350 = CARTESIAN_POINT('',(5.251,0.73447225887,10.281967430269));
#7351 = CARTESIAN_POINT('',(5.251,0.740336493518,10.276727050372));
#7352 = CARTESIAN_POINT('',(5.251,0.74813467789,10.274106860422));
#7353 = CARTESIAN_POINT('',(5.251,0.757804426512,10.274106860422));
#7354 = ORIENTED_EDGE('',*,*,#7355,.F.);
#7355 = EDGE_CURVE('',#7297,#7347,#7356,.T.);
#7356 = B_SPLINE_CURVE_WITH_KNOTS('',3,(#7357,#7358,#7359,#7360),
  .UNSPECIFIED.,.F.,.F.,(4,4),(2.,3.),.PIECEWISE_BEZIER_KNOTS.);
#7357 = CARTESIAN_POINT('',(5.251,0.725613521423,10.302305095112));
#7358 = CARTESIAN_POINT('',(5.251,0.725613521423,10.293945441466));
#7359 = CARTESIAN_POINT('',(5.251,0.728545638747,10.287207810168));
#7360 = CARTESIAN_POINT('',(5.251,0.73447225887,10.281967430269));
#7361 = B_SPLINE_SURFACE_WITH_KNOTS('',1,1,(
    (#7362,#7363)
    ,(#7364,#7365
    )),.UNSPECIFIED.,.F.,.F.,.F.,(2,2),(2,2),(-4.039459505073E-03,
    0.178375669334),(-4.500332201317E-02,9.505206931482E-02),
  .PIECEWISE_BEZIER_KNOTS.);
#7362 = CARTESIAN_POINT('',(5.251,0.694607940358,10.43144302832));
#7363 = CARTESIAN_POINT('',(5.251,0.834663331686,10.43144302832));
#7364 = CARTESIAN_POINT('',(5.251,0.694607940358,10.249027899481));
#7365 = CARTESIAN_POINT('',(5.251,0.834663331686,10.249027899481));
#7366 = ADVANCED_FACE('',(#7367,#7483),#7553,.F.);
#7367 = FACE_BOUND('',#7368,.T.);
#7368 = EDGE_LOOP('',(#7369,#7380,#7389,#7396,#7403,#7410,#7417,#7426,
    #7435,#7444,#7453,#7460,#7469,#7478));
#7369 = ORIENTED_EDGE('',*,*,#7370,.F.);
#7370 = EDGE_CURVE('',#7371,#7373,#7375,.T.);
#7371 = VERTEX_POINT('',#7372);
#7372 = CARTESIAN_POINT('',(5.25,0.771654001958,10.43144302832));
#7373 = VERTEX_POINT('',#7374);
#7374 = CARTESIAN_POINT('',(5.25,0.711639175027,10.415222804825));
#7375 = B_SPLINE_CURVE_WITH_KNOTS('',3,(#7376,#7377,#7378,#7379),
  .UNSPECIFIED.,.F.,.F.,(4,4),(0.,1.),.PIECEWISE_BEZIER_KNOTS.);
#7376 = CARTESIAN_POINT('',(5.25,0.771654001958,10.43144302832));
#7377 = CARTESIAN_POINT('',(5.25,0.748945689065,10.43144302832));
#7378 = CARTESIAN_POINT('',(5.25,0.728919951597,10.426077877471));
#7379 = CARTESIAN_POINT('',(5.25,0.711639175027,10.415222804825));
#7380 = ORIENTED_EDGE('',*,*,#7381,.F.);
#7381 = EDGE_CURVE('',#7382,#7371,#7384,.T.);
#7382 = VERTEX_POINT('',#7383);
#7383 = CARTESIAN_POINT('',(5.25,0.834663331686,10.365314424841));
#7384 = B_SPLINE_CURVE_WITH_KNOTS('',3,(#7385,#7386,#7387,#7388),
  .UNSPECIFIED.,.F.,.F.,(4,4),(1.,2.),.PIECEWISE_BEZIER_KNOTS.);
#7385 = CARTESIAN_POINT('',(5.25,0.834663331686,10.365314424841));
#7386 = CARTESIAN_POINT('',(5.25,0.834663331686,10.409483341127));
#7387 = CARTESIAN_POINT('',(5.25,0.813639426618,10.43144302832));
#7388 = CARTESIAN_POINT('',(5.25,0.771654001958,10.43144302832));
#7389 = ORIENTED_EDGE('',*,*,#7390,.F.);
#7390 = EDGE_CURVE('',#7391,#7382,#7393,.T.);
#7391 = VERTEX_POINT('',#7392);
#7392 = CARTESIAN_POINT('',(5.25,0.834663331686,10.25314534083));
#7393 = B_SPLINE_CURVE_WITH_KNOTS('',1,(#7394,#7395),.UNSPECIFIED.,.F.,
  .F.,(2,2),(-0.112169084011,0.),.PIECEWISE_BEZIER_KNOTS.);
#7394 = CARTESIAN_POINT('',(5.25,0.834663331686,10.25314534083));
#7395 = CARTESIAN_POINT('',(5.25,0.834663331686,10.365314424841));
#7396 = ORIENTED_EDGE('',*,*,#7397,.F.);
#7397 = EDGE_CURVE('',#7398,#7391,#7400,.T.);
#7398 = VERTEX_POINT('',#7399);
#7399 = CARTESIAN_POINT('',(5.25,0.804094448946,10.25314534083));
#7400 = B_SPLINE_CURVE_WITH_KNOTS('',1,(#7401,#7402),.UNSPECIFIED.,.F.,
  .F.,(2,2),(-3.056888273982E-02,0.),.PIECEWISE_BEZIER_KNOTS.);
#7401 = CARTESIAN_POINT('',(5.25,0.804094448946,10.25314534083));
#7402 = CARTESIAN_POINT('',(5.25,0.834663331686,10.25314534083));
#7403 = ORIENTED_EDGE('',*,*,#7404,.F.);
#7404 = EDGE_CURVE('',#7405,#7398,#7407,.T.);
#7405 = VERTEX_POINT('',#7406);
#7406 = CARTESIAN_POINT('',(5.25,0.804094448946,10.28009586602));
#7407 = B_SPLINE_CURVE_WITH_KNOTS('',1,(#7408,#7409),.UNSPECIFIED.,.F.,
  .F.,(2,2),(-2.695052519016E-02,-0.),.PIECEWISE_BEZIER_KNOTS.);
#7408 = CARTESIAN_POINT('',(5.25,0.804094448946,10.28009586602));
#7409 = CARTESIAN_POINT('',(5.25,0.804094448946,10.25314534083));
#7410 = ORIENTED_EDGE('',*,*,#7411,.F.);
#7411 = EDGE_CURVE('',#7412,#7405,#7414,.T.);
#7412 = VERTEX_POINT('',#7413);
#7413 = CARTESIAN_POINT('',(5.25,0.803283437772,10.28009586602));
#7414 = B_SPLINE_CURVE_WITH_KNOTS('',1,(#7415,#7416),.UNSPECIFIED.,.F.,
  .F.,(2,2),(-8.110111746331E-04,0.),.PIECEWISE_BEZIER_KNOTS.);
#7415 = CARTESIAN_POINT('',(5.25,0.803283437772,10.28009586602));
#7416 = CARTESIAN_POINT('',(5.25,0.804094448946,10.28009586602));
#7417 = ORIENTED_EDGE('',*,*,#7418,.F.);
#7418 = EDGE_CURVE('',#7419,#7412,#7421,.T.);
#7419 = VERTEX_POINT('',#7420);
#7420 = CARTESIAN_POINT('',(5.25,0.74988147119,10.249027899481));
#7421 = B_SPLINE_CURVE_WITH_KNOTS('',3,(#7422,#7423,#7424,#7425),
  .UNSPECIFIED.,.F.,.F.,(4,4),(6.,7.),.PIECEWISE_BEZIER_KNOTS.);
#7422 = CARTESIAN_POINT('',(5.25,0.74988147119,10.249027899481));
#7423 = CARTESIAN_POINT('',(5.25,0.773400795257,10.249027899481));
#7424 = CARTESIAN_POINT('',(5.25,0.791243041101,10.259383888327));
#7425 = CARTESIAN_POINT('',(5.25,0.803283437772,10.28009586602));
#7426 = ORIENTED_EDGE('',*,*,#7427,.F.);
#7427 = EDGE_CURVE('',#7428,#7419,#7430,.T.);
#7428 = VERTEX_POINT('',#7429);
#7429 = CARTESIAN_POINT('',(5.25,0.709580454353,10.262752703976));
#7430 = B_SPLINE_CURVE_WITH_KNOTS('',3,(#7431,#7432,#7433,#7434),
  .UNSPECIFIED.,.F.,.F.,(4,4),(7.,8.),.PIECEWISE_BEZIER_KNOTS.);
#7431 = CARTESIAN_POINT('',(5.25,0.709580454353,10.262752703976));
#7432 = CARTESIAN_POINT('',(5.25,0.71956213035,10.253644424629));
#7433 = CARTESIAN_POINT('',(5.25,0.732975007471,10.249027899481));
#7434 = CARTESIAN_POINT('',(5.25,0.74988147119,10.249027899481));
#7435 = ORIENTED_EDGE('',*,*,#7436,.F.);
#7436 = EDGE_CURVE('',#7437,#7428,#7439,.T.);
#7437 = VERTEX_POINT('',#7438);
#7438 = CARTESIAN_POINT('',(5.25,0.694607940358,10.299809676114));
#7439 = B_SPLINE_CURVE_WITH_KNOTS('',3,(#7440,#7441,#7442,#7443),
  .UNSPECIFIED.,.F.,.F.,(4,4),(8.,9.),.PIECEWISE_BEZIER_KNOTS.);
#7440 = CARTESIAN_POINT('',(5.25,0.694607940358,10.299809676114));
#7441 = CARTESIAN_POINT('',(5.25,0.694607940358,10.284213307369));
#7442 = CARTESIAN_POINT('',(5.25,0.699598778357,10.271860983322));
#7443 = CARTESIAN_POINT('',(5.25,0.709580454353,10.262752703976));
#7444 = ORIENTED_EDGE('',*,*,#7445,.F.);
#7445 = EDGE_CURVE('',#7446,#7437,#7448,.T.);
#7446 = VERTEX_POINT('',#7447);
#7447 = CARTESIAN_POINT('',(5.25,0.752439275663,10.356705229295));
#7448 = B_SPLINE_CURVE_WITH_KNOTS('',3,(#7449,#7450,#7451,#7452),
  .UNSPECIFIED.,.F.,.F.,(4,4),(9.,10.),.PIECEWISE_BEZIER_KNOTS.);
#7449 = CARTESIAN_POINT('',(5.25,0.752439275663,10.356705229295));
#7450 = CARTESIAN_POINT('',(5.25,0.713885052127,10.351340078447));
#7451 = CARTESIAN_POINT('',(5.25,0.694607940358,10.332374894053));
#7452 = CARTESIAN_POINT('',(5.25,0.694607940358,10.299809676114));
#7453 = ORIENTED_EDGE('',*,*,#7454,.F.);
#7454 = EDGE_CURVE('',#7455,#7446,#7457,.T.);
#7455 = VERTEX_POINT('',#7456);
#7456 = CARTESIAN_POINT('',(5.25,0.804094448946,10.363941944393));
#7457 = B_SPLINE_CURVE_WITH_KNOTS('',1,(#7458,#7459),.UNSPECIFIED.,.F.,
  .F.,(2,2),(-5.215962971765E-02,-0.),.PIECEWISE_BEZIER_KNOTS.);
#7458 = CARTESIAN_POINT('',(5.25,0.804094448946,10.363941944393));
#7459 = CARTESIAN_POINT('',(5.25,0.752439275663,10.356705229295));
#7460 = ORIENTED_EDGE('',*,*,#7461,.F.);
#7461 = EDGE_CURVE('',#7462,#7455,#7464,.T.);
#7462 = VERTEX_POINT('',#7463);
#7463 = CARTESIAN_POINT('',(5.25,0.768784270108,10.406613609278));
#7464 = B_SPLINE_CURVE_WITH_KNOTS('',3,(#7465,#7466,#7467,#7468),
  .UNSPECIFIED.,.F.,.F.,(4,4),(11.,12.),.PIECEWISE_BEZIER_KNOTS.);
#7465 = CARTESIAN_POINT('',(5.25,0.768784270108,10.406613609278));
#7466 = CARTESIAN_POINT('',(5.25,0.792303594175,10.406613609278));
#7467 = CARTESIAN_POINT('',(5.25,0.804094448946,10.392389720983));
#7468 = CARTESIAN_POINT('',(5.25,0.804094448946,10.363941944393));
#7469 = ORIENTED_EDGE('',*,*,#7470,.F.);
#7470 = EDGE_CURVE('',#7471,#7462,#7473,.T.);
#7471 = VERTEX_POINT('',#7472);
#7472 = CARTESIAN_POINT('',(5.25,0.711639175027,10.385527318734));
#7473 = B_SPLINE_CURVE_WITH_KNOTS('',3,(#7474,#7475,#7476,#7477),
  .UNSPECIFIED.,.F.,.F.,(4,4),(12.,13.),.PIECEWISE_BEZIER_KNOTS.);
#7474 = CARTESIAN_POINT('',(5.25,0.711639175027,10.385527318734));
#7475 = CARTESIAN_POINT('',(5.25,0.728857566122,10.39950166513));
#7476 = CARTESIAN_POINT('',(5.25,0.74788513599,10.406613609278));
#7477 = CARTESIAN_POINT('',(5.25,0.768784270108,10.406613609278));
#7478 = ORIENTED_EDGE('',*,*,#7479,.F.);
#7479 = EDGE_CURVE('',#7373,#7471,#7480,.T.);
#7480 = B_SPLINE_CURVE_WITH_KNOTS('',1,(#7481,#7482),.UNSPECIFIED.,.F.,
  .F.,(2,2),(-2.969548609111E-02,0.),.PIECEWISE_BEZIER_KNOTS.);
#7481 = CARTESIAN_POINT('',(5.25,0.711639175027,10.415222804825));
#7482 = CARTESIAN_POINT('',(5.25,0.711639175027,10.385527318734));
#7483 = FACE_BOUND('',#7484,.T.);
#7484 = EDGE_LOOP('',(#7485,#7496,#7505,#7514,#7523,#7532,#7541,#7548));
#7485 = ORIENTED_EDGE('',*,*,#7486,.T.);
#7486 = EDGE_CURVE('',#7487,#7489,#7491,.T.);
#7487 = VERTEX_POINT('',#7488);
#7488 = CARTESIAN_POINT('',(5.25,0.76329434831,10.335119854952));
#7489 = VERTEX_POINT('',#7490);
#7490 = CARTESIAN_POINT('',(5.25,0.73372363317,10.324389553255));
#7491 = B_SPLINE_CURVE_WITH_KNOTS('',3,(#7492,#7493,#7494,#7495),
  .UNSPECIFIED.,.F.,.F.,(4,4),(0.,1.),.PIECEWISE_BEZIER_KNOTS.);
#7492 = CARTESIAN_POINT('',(5.25,0.76329434831,10.335119854952));
#7493 = CARTESIAN_POINT('',(5.25,0.74900807454,10.333123519752));
#7494 = CARTESIAN_POINT('',(5.25,0.739151169493,10.329629933154));
#7495 = CARTESIAN_POINT('',(5.25,0.73372363317,10.324389553255));
#7496 = ORIENTED_EDGE('',*,*,#7497,.T.);
#7497 = EDGE_CURVE('',#7489,#7498,#7500,.T.);
#7498 = VERTEX_POINT('',#7499);
#7499 = CARTESIAN_POINT('',(5.25,0.725613521423,10.302305095112));
#7500 = B_SPLINE_CURVE_WITH_KNOTS('',3,(#7501,#7502,#7503,#7504),
  .UNSPECIFIED.,.F.,.F.,(4,4),(1.,2.),.PIECEWISE_BEZIER_KNOTS.);
#7501 = CARTESIAN_POINT('',(5.25,0.73372363317,10.324389553255));
#7502 = CARTESIAN_POINT('',(5.25,0.728358482322,10.319149173357));
#7503 = CARTESIAN_POINT('',(5.25,0.725613521423,10.31178768731));
#7504 = CARTESIAN_POINT('',(5.25,0.725613521423,10.302305095112));
#7505 = ORIENTED_EDGE('',*,*,#7506,.T.);
#7506 = EDGE_CURVE('',#7498,#7507,#7509,.T.);
#7507 = VERTEX_POINT('',#7508);
#7508 = CARTESIAN_POINT('',(5.25,0.73447225887,10.281967430269));
#7509 = B_SPLINE_CURVE_WITH_KNOTS('',3,(#7510,#7511,#7512,#7513),
  .UNSPECIFIED.,.F.,.F.,(4,4),(2.,3.),.PIECEWISE_BEZIER_KNOTS.);
#7510 = CARTESIAN_POINT('',(5.25,0.725613521423,10.302305095112));
#7511 = CARTESIAN_POINT('',(5.25,0.725613521423,10.293945441466));
#7512 = CARTESIAN_POINT('',(5.25,0.728545638747,10.287207810168));
#7513 = CARTESIAN_POINT('',(5.25,0.73447225887,10.281967430269));
#7514 = ORIENTED_EDGE('',*,*,#7515,.T.);
#7515 = EDGE_CURVE('',#7507,#7516,#7518,.T.);
#7516 = VERTEX_POINT('',#7517);
#7517 = CARTESIAN_POINT('',(5.25,0.757804426512,10.274106860422));
#7518 = B_SPLINE_CURVE_WITH_KNOTS('',3,(#7519,#7520,#7521,#7522),
  .UNSPECIFIED.,.F.,.F.,(4,4),(3.,4.),.PIECEWISE_BEZIER_KNOTS.);
#7519 = CARTESIAN_POINT('',(5.25,0.73447225887,10.281967430269));
#7520 = CARTESIAN_POINT('',(5.25,0.740336493518,10.276727050372));
#7521 = CARTESIAN_POINT('',(5.25,0.74813467789,10.274106860422));
#7522 = CARTESIAN_POINT('',(5.25,0.757804426512,10.274106860422));
#7523 = ORIENTED_EDGE('',*,*,#7524,.T.);
#7524 = EDGE_CURVE('',#7516,#7525,#7527,.T.);
#7525 = VERTEX_POINT('',#7526);
#7526 = CARTESIAN_POINT('',(5.25,0.790993499201,10.288330748718));
#7527 = B_SPLINE_CURVE_WITH_KNOTS('',3,(#7528,#7529,#7530,#7531),
  .UNSPECIFIED.,.F.,.F.,(4,4),(4.,5.),.PIECEWISE_BEZIER_KNOTS.);
#7528 = CARTESIAN_POINT('',(5.25,0.757804426512,10.274106860422));
#7529 = CARTESIAN_POINT('',(5.25,0.771217303632,10.274106860422));
#7530 = CARTESIAN_POINT('',(5.25,0.782321918178,10.27884815652));
#7531 = CARTESIAN_POINT('',(5.25,0.790993499201,10.288330748718));
#7532 = ORIENTED_EDGE('',*,*,#7533,.T.);
#7533 = EDGE_CURVE('',#7525,#7534,#7536,.T.);
#7534 = VERTEX_POINT('',#7535);
#7535 = CARTESIAN_POINT('',(5.25,0.804094448946,10.323890469455));
#7536 = B_SPLINE_CURVE_WITH_KNOTS('',3,(#7537,#7538,#7539,#7540),
  .UNSPECIFIED.,.F.,.F.,(4,4),(5.,6.),.PIECEWISE_BEZIER_KNOTS.);
#7537 = CARTESIAN_POINT('',(5.25,0.790993499201,10.288330748718));
#7538 = CARTESIAN_POINT('',(5.25,0.799727465698,10.297688569964));
#7539 = CARTESIAN_POINT('',(5.25,0.804094448946,10.30954181021));
#7540 = CARTESIAN_POINT('',(5.25,0.804094448946,10.323890469455));
#7541 = ORIENTED_EDGE('',*,*,#7542,.T.);
#7542 = EDGE_CURVE('',#7534,#7543,#7545,.T.);
#7543 = VERTEX_POINT('',#7544);
#7544 = CARTESIAN_POINT('',(5.25,0.804094448946,10.340609776751));
#7545 = B_SPLINE_CURVE_WITH_KNOTS('',1,(#7546,#7547),.UNSPECIFIED.,.F.,
  .F.,(2,2),(0.,1.671930729528E-02),.PIECEWISE_BEZIER_KNOTS.);
#7546 = CARTESIAN_POINT('',(5.25,0.804094448946,10.323890469455));
#7547 = CARTESIAN_POINT('',(5.25,0.804094448946,10.340609776751));
#7548 = ORIENTED_EDGE('',*,*,#7549,.T.);
#7549 = EDGE_CURVE('',#7543,#7487,#7550,.T.);
#7550 = B_SPLINE_CURVE_WITH_KNOTS('',1,(#7551,#7552),.UNSPECIFIED.,.F.,
  .F.,(2,2),(0.,4.116779631328E-02),.PIECEWISE_BEZIER_KNOTS.);
#7551 = CARTESIAN_POINT('',(5.25,0.804094448946,10.340609776751));
#7552 = CARTESIAN_POINT('',(5.25,0.76329434831,10.335119854952));
#7553 = B_SPLINE_SURFACE_WITH_KNOTS('',1,1,(
    (#7554,#7555)
    ,(#7556,#7557
    )),.UNSPECIFIED.,.F.,.F.,.F.,(2,2),(2,2),(-4.039459505073E-03,
    0.178375669334),(-4.500332201317E-02,9.505206931482E-02),
  .PIECEWISE_BEZIER_KNOTS.);
#7554 = CARTESIAN_POINT('',(5.25,0.694607940358,10.43144302832));
#7555 = CARTESIAN_POINT('',(5.25,0.834663331686,10.43144302832));
#7556 = CARTESIAN_POINT('',(5.25,0.694607940358,10.249027899481));
#7557 = CARTESIAN_POINT('',(5.25,0.834663331686,10.249027899481));
#7558 = ADVANCED_FACE('',(#7559),#7573,.F.);
#7559 = FACE_BOUND('',#7560,.F.);
#7560 = EDGE_LOOP('',(#7561,#7566,#7567,#7572));
#7561 = ORIENTED_EDGE('',*,*,#7562,.F.);
#7562 = EDGE_CURVE('',#7179,#7371,#7563,.T.);
#7563 = B_SPLINE_CURVE_WITH_KNOTS('',1,(#7564,#7565),.UNSPECIFIED.,.F.,
  .F.,(2,2),(-0.,1.E-03),.PIECEWISE_BEZIER_KNOTS.);
#7564 = CARTESIAN_POINT('',(5.251,0.771654001958,10.43144302832));
#7565 = CARTESIAN_POINT('',(5.25,0.771654001958,10.43144302832));
#7566 = ORIENTED_EDGE('',*,*,#7178,.T.);
#7567 = ORIENTED_EDGE('',*,*,#7568,.T.);
#7568 = EDGE_CURVE('',#7181,#7373,#7569,.T.);
#7569 = B_SPLINE_CURVE_WITH_KNOTS('',1,(#7570,#7571),.UNSPECIFIED.,.F.,
  .F.,(2,2),(-0.,1.E-03),.PIECEWISE_BEZIER_KNOTS.);
#7570 = CARTESIAN_POINT('',(5.251,0.711639175027,10.415222804825));
#7571 = CARTESIAN_POINT('',(5.25,0.711639175027,10.415222804825));
#7572 = ORIENTED_EDGE('',*,*,#7370,.F.);
#7573 = B_SPLINE_SURFACE_WITH_KNOTS('',3,1,(
    (#7574,#7575)
    ,(#7576,#7577)
    ,(#7578,#7579)
    ,(#7580,#7581
    )),.UNSPECIFIED.,.F.,.F.,.F.,(4,4),(2,2),(0.,1.),(0.,1.),
  .PIECEWISE_BEZIER_KNOTS.);
#7574 = CARTESIAN_POINT('',(5.251,0.771654001958,10.43144302832));
#7575 = CARTESIAN_POINT('',(5.25,0.771654001958,10.43144302832));
#7576 = CARTESIAN_POINT('',(5.251,0.748945689065,10.43144302832));
#7577 = CARTESIAN_POINT('',(5.25,0.748945689065,10.43144302832));
#7578 = CARTESIAN_POINT('',(5.251,0.728919951597,10.426077877471));
#7579 = CARTESIAN_POINT('',(5.25,0.728919951597,10.426077877471));
#7580 = CARTESIAN_POINT('',(5.251,0.711639175027,10.415222804825));
#7581 = CARTESIAN_POINT('',(5.25,0.711639175027,10.415222804825));
#7582 = ADVANCED_FACE('',(#7583),#7593,.F.);
#7583 = FACE_BOUND('',#7584,.T.);
#7584 = EDGE_LOOP('',(#7585,#7586,#7591,#7592));
#7585 = ORIENTED_EDGE('',*,*,#7479,.T.);
#7586 = ORIENTED_EDGE('',*,*,#7587,.F.);
#7587 = EDGE_CURVE('',#7190,#7471,#7588,.T.);
#7588 = B_SPLINE_CURVE_WITH_KNOTS('',1,(#7589,#7590),.UNSPECIFIED.,.F.,
  .F.,(2,2),(-0.,1.E-03),.PIECEWISE_BEZIER_KNOTS.);
#7589 = CARTESIAN_POINT('',(5.251,0.711639175027,10.385527318734));
#7590 = CARTESIAN_POINT('',(5.25,0.711639175027,10.385527318734));
#7591 = ORIENTED_EDGE('',*,*,#7189,.F.);
#7592 = ORIENTED_EDGE('',*,*,#7568,.T.);
#7593 = B_SPLINE_SURFACE_WITH_KNOTS('',1,1,(
    (#7594,#7595)
    ,(#7596,#7597
    )),.UNSPECIFIED.,.F.,.F.,.F.,(2,2),(2,2),(0.,2.969548609111E-02),(
    -1.E-03,0.),.PIECEWISE_BEZIER_KNOTS.);
#7594 = CARTESIAN_POINT('',(5.25,0.711639175027,10.385527318734));
#7595 = CARTESIAN_POINT('',(5.251,0.711639175027,10.385527318734));
#7596 = CARTESIAN_POINT('',(5.25,0.711639175027,10.415222804825));
#7597 = CARTESIAN_POINT('',(5.251,0.711639175027,10.415222804825));
#7598 = ADVANCED_FACE('',(#7599),#7609,.F.);
#7599 = FACE_BOUND('',#7600,.F.);
#7600 = EDGE_LOOP('',(#7601,#7602,#7603,#7608));
#7601 = ORIENTED_EDGE('',*,*,#7587,.F.);
#7602 = ORIENTED_EDGE('',*,*,#7196,.T.);
#7603 = ORIENTED_EDGE('',*,*,#7604,.T.);
#7604 = EDGE_CURVE('',#7197,#7462,#7605,.T.);
#7605 = B_SPLINE_CURVE_WITH_KNOTS('',1,(#7606,#7607),.UNSPECIFIED.,.F.,
  .F.,(2,2),(-0.,1.E-03),.PIECEWISE_BEZIER_KNOTS.);
#7606 = CARTESIAN_POINT('',(5.251,0.768784270108,10.406613609278));
#7607 = CARTESIAN_POINT('',(5.25,0.768784270108,10.406613609278));
#7608 = ORIENTED_EDGE('',*,*,#7470,.F.);
#7609 = B_SPLINE_SURFACE_WITH_KNOTS('',3,1,(
    (#7610,#7611)
    ,(#7612,#7613)
    ,(#7614,#7615)
    ,(#7616,#7617
    )),.UNSPECIFIED.,.F.,.F.,.F.,(4,4),(2,2),(12.,13.),(0.,1.),
  .PIECEWISE_BEZIER_KNOTS.);
#7610 = CARTESIAN_POINT('',(5.251,0.711639175027,10.385527318734));
#7611 = CARTESIAN_POINT('',(5.25,0.711639175027,10.385527318734));
#7612 = CARTESIAN_POINT('',(5.251,0.728857566122,10.39950166513));
#7613 = CARTESIAN_POINT('',(5.25,0.728857566122,10.39950166513));
#7614 = CARTESIAN_POINT('',(5.251,0.74788513599,10.406613609278));
#7615 = CARTESIAN_POINT('',(5.25,0.74788513599,10.406613609278));
#7616 = CARTESIAN_POINT('',(5.251,0.768784270108,10.406613609278));
#7617 = CARTESIAN_POINT('',(5.25,0.768784270108,10.406613609278));
#7618 = ADVANCED_FACE('',(#7619),#7629,.F.);
#7619 = FACE_BOUND('',#7620,.F.);
#7620 = EDGE_LOOP('',(#7621,#7622,#7623,#7628));
#7621 = ORIENTED_EDGE('',*,*,#7604,.F.);
#7622 = ORIENTED_EDGE('',*,*,#7205,.T.);
#7623 = ORIENTED_EDGE('',*,*,#7624,.T.);
#7624 = EDGE_CURVE('',#7206,#7455,#7625,.T.);
#7625 = B_SPLINE_CURVE_WITH_KNOTS('',1,(#7626,#7627),.UNSPECIFIED.,.F.,
  .F.,(2,2),(-0.,1.E-03),.PIECEWISE_BEZIER_KNOTS.);
#7626 = CARTESIAN_POINT('',(5.251,0.804094448946,10.363941944393));
#7627 = CARTESIAN_POINT('',(5.25,0.804094448946,10.363941944393));
#7628 = ORIENTED_EDGE('',*,*,#7461,.F.);
#7629 = B_SPLINE_SURFACE_WITH_KNOTS('',3,1,(
    (#7630,#7631)
    ,(#7632,#7633)
    ,(#7634,#7635)
    ,(#7636,#7637
    )),.UNSPECIFIED.,.F.,.F.,.F.,(4,4),(2,2),(11.,12.),(0.,1.),
  .PIECEWISE_BEZIER_KNOTS.);
#7630 = CARTESIAN_POINT('',(5.251,0.768784270108,10.406613609278));
#7631 = CARTESIAN_POINT('',(5.25,0.768784270108,10.406613609278));
#7632 = CARTESIAN_POINT('',(5.251,0.792303594175,10.406613609278));
#7633 = CARTESIAN_POINT('',(5.25,0.792303594175,10.406613609278));
#7634 = CARTESIAN_POINT('',(5.251,0.804094448946,10.392389720983));
#7635 = CARTESIAN_POINT('',(5.25,0.804094448946,10.392389720983));
#7636 = CARTESIAN_POINT('',(5.251,0.804094448946,10.363941944393));
#7637 = CARTESIAN_POINT('',(5.25,0.804094448946,10.363941944393));
#7638 = ADVANCED_FACE('',(#7639),#7649,.F.);
#7639 = FACE_BOUND('',#7640,.T.);
#7640 = EDGE_LOOP('',(#7641,#7642,#7647,#7648));
#7641 = ORIENTED_EDGE('',*,*,#7454,.T.);
#7642 = ORIENTED_EDGE('',*,*,#7643,.F.);
#7643 = EDGE_CURVE('',#7215,#7446,#7644,.T.);
#7644 = B_SPLINE_CURVE_WITH_KNOTS('',1,(#7645,#7646),.UNSPECIFIED.,.F.,
  .F.,(2,2),(-0.,1.E-03),.PIECEWISE_BEZIER_KNOTS.);
#7645 = CARTESIAN_POINT('',(5.251,0.752439275663,10.356705229295));
#7646 = CARTESIAN_POINT('',(5.25,0.752439275663,10.356705229295));
#7647 = ORIENTED_EDGE('',*,*,#7214,.F.);
#7648 = ORIENTED_EDGE('',*,*,#7624,.T.);
#7649 = B_SPLINE_SURFACE_WITH_KNOTS('',1,1,(
    (#7650,#7651)
    ,(#7652,#7653
    )),.UNSPECIFIED.,.F.,.F.,.F.,(2,2),(2,2),(0.,5.215962971765E-02),(
    -1.000000000001E-03,0.),.PIECEWISE_BEZIER_KNOTS.);
#7650 = CARTESIAN_POINT('',(5.25,0.752439275663,10.356705229295));
#7651 = CARTESIAN_POINT('',(5.251,0.752439275663,10.356705229295));
#7652 = CARTESIAN_POINT('',(5.25,0.804094448946,10.363941944393));
#7653 = CARTESIAN_POINT('',(5.251,0.804094448946,10.363941944393));
#7654 = ADVANCED_FACE('',(#7655),#7665,.F.);
#7655 = FACE_BOUND('',#7656,.F.);
#7656 = EDGE_LOOP('',(#7657,#7658,#7659,#7664));
#7657 = ORIENTED_EDGE('',*,*,#7643,.F.);
#7658 = ORIENTED_EDGE('',*,*,#7221,.T.);
#7659 = ORIENTED_EDGE('',*,*,#7660,.T.);
#7660 = EDGE_CURVE('',#7222,#7437,#7661,.T.);
#7661 = B_SPLINE_CURVE_WITH_KNOTS('',1,(#7662,#7663),.UNSPECIFIED.,.F.,
  .F.,(2,2),(-0.,1.E-03),.PIECEWISE_BEZIER_KNOTS.);
#7662 = CARTESIAN_POINT('',(5.251,0.694607940358,10.299809676114));
#7663 = CARTESIAN_POINT('',(5.25,0.694607940358,10.299809676114));
#7664 = ORIENTED_EDGE('',*,*,#7445,.F.);
#7665 = B_SPLINE_SURFACE_WITH_KNOTS('',3,1,(
    (#7666,#7667)
    ,(#7668,#7669)
    ,(#7670,#7671)
    ,(#7672,#7673
    )),.UNSPECIFIED.,.F.,.F.,.F.,(4,4),(2,2),(9.,10.),(0.,1.),
  .PIECEWISE_BEZIER_KNOTS.);
#7666 = CARTESIAN_POINT('',(5.251,0.752439275663,10.356705229295));
#7667 = CARTESIAN_POINT('',(5.25,0.752439275663,10.356705229295));
#7668 = CARTESIAN_POINT('',(5.251,0.713885052127,10.351340078447));
#7669 = CARTESIAN_POINT('',(5.25,0.713885052127,10.351340078447));
#7670 = CARTESIAN_POINT('',(5.251,0.694607940358,10.332374894053));
#7671 = CARTESIAN_POINT('',(5.25,0.694607940358,10.332374894053));
#7672 = CARTESIAN_POINT('',(5.251,0.694607940358,10.299809676114));
#7673 = CARTESIAN_POINT('',(5.25,0.694607940358,10.299809676114));
#7674 = ADVANCED_FACE('',(#7675),#7685,.F.);
#7675 = FACE_BOUND('',#7676,.F.);
#7676 = EDGE_LOOP('',(#7677,#7678,#7679,#7684));
#7677 = ORIENTED_EDGE('',*,*,#7660,.F.);
#7678 = ORIENTED_EDGE('',*,*,#7230,.T.);
#7679 = ORIENTED_EDGE('',*,*,#7680,.T.);
#7680 = EDGE_CURVE('',#7231,#7428,#7681,.T.);
#7681 = B_SPLINE_CURVE_WITH_KNOTS('',1,(#7682,#7683),.UNSPECIFIED.,.F.,
  .F.,(2,2),(-0.,1.E-03),.PIECEWISE_BEZIER_KNOTS.);
#7682 = CARTESIAN_POINT('',(5.251,0.709580454353,10.262752703976));
#7683 = CARTESIAN_POINT('',(5.25,0.709580454353,10.262752703976));
#7684 = ORIENTED_EDGE('',*,*,#7436,.F.);
#7685 = B_SPLINE_SURFACE_WITH_KNOTS('',3,1,(
    (#7686,#7687)
    ,(#7688,#7689)
    ,(#7690,#7691)
    ,(#7692,#7693
    )),.UNSPECIFIED.,.F.,.F.,.F.,(4,4),(2,2),(8.,9.),(0.,1.),
  .PIECEWISE_BEZIER_KNOTS.);
#7686 = CARTESIAN_POINT('',(5.251,0.694607940358,10.299809676114));
#7687 = CARTESIAN_POINT('',(5.25,0.694607940358,10.299809676114));
#7688 = CARTESIAN_POINT('',(5.251,0.694607940358,10.284213307369));
#7689 = CARTESIAN_POINT('',(5.25,0.694607940358,10.284213307369));
#7690 = CARTESIAN_POINT('',(5.251,0.699598778357,10.271860983322));
#7691 = CARTESIAN_POINT('',(5.25,0.699598778357,10.271860983322));
#7692 = CARTESIAN_POINT('',(5.251,0.709580454353,10.262752703976));
#7693 = CARTESIAN_POINT('',(5.25,0.709580454353,10.262752703976));
#7694 = ADVANCED_FACE('',(#7695),#7705,.F.);
#7695 = FACE_BOUND('',#7696,.F.);
#7696 = EDGE_LOOP('',(#7697,#7698,#7699,#7704));
#7697 = ORIENTED_EDGE('',*,*,#7680,.F.);
#7698 = ORIENTED_EDGE('',*,*,#7239,.T.);
#7699 = ORIENTED_EDGE('',*,*,#7700,.T.);
#7700 = EDGE_CURVE('',#7240,#7419,#7701,.T.);
#7701 = B_SPLINE_CURVE_WITH_KNOTS('',1,(#7702,#7703),.UNSPECIFIED.,.F.,
  .F.,(2,2),(-0.,1.E-03),.PIECEWISE_BEZIER_KNOTS.);
#7702 = CARTESIAN_POINT('',(5.251,0.74988147119,10.249027899481));
#7703 = CARTESIAN_POINT('',(5.25,0.74988147119,10.249027899481));
#7704 = ORIENTED_EDGE('',*,*,#7427,.F.);
#7705 = B_SPLINE_SURFACE_WITH_KNOTS('',3,1,(
    (#7706,#7707)
    ,(#7708,#7709)
    ,(#7710,#7711)
    ,(#7712,#7713
    )),.UNSPECIFIED.,.F.,.F.,.F.,(4,4),(2,2),(7.,8.),(0.,1.),
  .PIECEWISE_BEZIER_KNOTS.);
#7706 = CARTESIAN_POINT('',(5.251,0.709580454353,10.262752703976));
#7707 = CARTESIAN_POINT('',(5.25,0.709580454353,10.262752703976));
#7708 = CARTESIAN_POINT('',(5.251,0.71956213035,10.253644424629));
#7709 = CARTESIAN_POINT('',(5.25,0.71956213035,10.253644424629));
#7710 = CARTESIAN_POINT('',(5.251,0.732975007471,10.249027899481));
#7711 = CARTESIAN_POINT('',(5.25,0.732975007471,10.249027899481));
#7712 = CARTESIAN_POINT('',(5.251,0.74988147119,10.249027899481));
#7713 = CARTESIAN_POINT('',(5.25,0.74988147119,10.249027899481));
#7714 = ADVANCED_FACE('',(#7715),#7725,.F.);
#7715 = FACE_BOUND('',#7716,.F.);
#7716 = EDGE_LOOP('',(#7717,#7718,#7719,#7724));
#7717 = ORIENTED_EDGE('',*,*,#7700,.F.);
#7718 = ORIENTED_EDGE('',*,*,#7248,.T.);
#7719 = ORIENTED_EDGE('',*,*,#7720,.T.);
#7720 = EDGE_CURVE('',#7249,#7412,#7721,.T.);
#7721 = B_SPLINE_CURVE_WITH_KNOTS('',1,(#7722,#7723),.UNSPECIFIED.,.F.,
  .F.,(2,2),(-0.,1.E-03),.PIECEWISE_BEZIER_KNOTS.);
#7722 = CARTESIAN_POINT('',(5.251,0.803283437772,10.28009586602));
#7723 = CARTESIAN_POINT('',(5.25,0.803283437772,10.28009586602));
#7724 = ORIENTED_EDGE('',*,*,#7418,.F.);
#7725 = B_SPLINE_SURFACE_WITH_KNOTS('',3,1,(
    (#7726,#7727)
    ,(#7728,#7729)
    ,(#7730,#7731)
    ,(#7732,#7733
    )),.UNSPECIFIED.,.F.,.F.,.F.,(4,4),(2,2),(6.,7.),(0.,1.),
  .PIECEWISE_BEZIER_KNOTS.);
#7726 = CARTESIAN_POINT('',(5.251,0.74988147119,10.249027899481));
#7727 = CARTESIAN_POINT('',(5.25,0.74988147119,10.249027899481));
#7728 = CARTESIAN_POINT('',(5.251,0.773400795257,10.249027899481));
#7729 = CARTESIAN_POINT('',(5.25,0.773400795257,10.249027899481));
#7730 = CARTESIAN_POINT('',(5.251,0.791243041101,10.259383888327));
#7731 = CARTESIAN_POINT('',(5.25,0.791243041101,10.259383888327));
#7732 = CARTESIAN_POINT('',(5.251,0.803283437772,10.28009586602));
#7733 = CARTESIAN_POINT('',(5.25,0.803283437772,10.28009586602));
#7734 = ADVANCED_FACE('',(#7735),#7745,.F.);
#7735 = FACE_BOUND('',#7736,.T.);
#7736 = EDGE_LOOP('',(#7737,#7738,#7743,#7744));
#7737 = ORIENTED_EDGE('',*,*,#7411,.T.);
#7738 = ORIENTED_EDGE('',*,*,#7739,.F.);
#7739 = EDGE_CURVE('',#7258,#7405,#7740,.T.);
#7740 = B_SPLINE_CURVE_WITH_KNOTS('',1,(#7741,#7742),.UNSPECIFIED.,.F.,
  .F.,(2,2),(-0.,1.E-03),.PIECEWISE_BEZIER_KNOTS.);
#7741 = CARTESIAN_POINT('',(5.251,0.804094448946,10.28009586602));
#7742 = CARTESIAN_POINT('',(5.25,0.804094448946,10.28009586602));
#7743 = ORIENTED_EDGE('',*,*,#7257,.F.);
#7744 = ORIENTED_EDGE('',*,*,#7720,.T.);
#7745 = B_SPLINE_SURFACE_WITH_KNOTS('',1,1,(
    (#7746,#7747)
    ,(#7748,#7749
    )),.UNSPECIFIED.,.F.,.F.,.F.,(2,2),(2,2),(-1.000000000001E-03,0.),(
    -8.110111746331E-04,0.),.PIECEWISE_BEZIER_KNOTS.);
#7746 = CARTESIAN_POINT('',(5.25,0.803283437772,10.28009586602));
#7747 = CARTESIAN_POINT('',(5.25,0.804094448946,10.28009586602));
#7748 = CARTESIAN_POINT('',(5.251,0.803283437772,10.28009586602));
#7749 = CARTESIAN_POINT('',(5.251,0.804094448946,10.28009586602));
#7750 = ADVANCED_FACE('',(#7751),#7761,.F.);
#7751 = FACE_BOUND('',#7752,.T.);
#7752 = EDGE_LOOP('',(#7753,#7754,#7759,#7760));
#7753 = ORIENTED_EDGE('',*,*,#7404,.T.);
#7754 = ORIENTED_EDGE('',*,*,#7755,.F.);
#7755 = EDGE_CURVE('',#7265,#7398,#7756,.T.);
#7756 = B_SPLINE_CURVE_WITH_KNOTS('',1,(#7757,#7758),.UNSPECIFIED.,.F.,
  .F.,(2,2),(-0.,1.E-03),.PIECEWISE_BEZIER_KNOTS.);
#7757 = CARTESIAN_POINT('',(5.251,0.804094448946,10.25314534083));
#7758 = CARTESIAN_POINT('',(5.25,0.804094448946,10.25314534083));
#7759 = ORIENTED_EDGE('',*,*,#7264,.F.);
#7760 = ORIENTED_EDGE('',*,*,#7739,.T.);
#7761 = B_SPLINE_SURFACE_WITH_KNOTS('',1,1,(
    (#7762,#7763)
    ,(#7764,#7765
    )),.UNSPECIFIED.,.F.,.F.,.F.,(2,2),(2,2),(0.,2.695052519016E-02),(
    -1.E-03,0.),.PIECEWISE_BEZIER_KNOTS.);
#7762 = CARTESIAN_POINT('',(5.25,0.804094448946,10.25314534083));
#7763 = CARTESIAN_POINT('',(5.251,0.804094448946,10.25314534083));
#7764 = CARTESIAN_POINT('',(5.25,0.804094448946,10.28009586602));
#7765 = CARTESIAN_POINT('',(5.251,0.804094448946,10.28009586602));
#7766 = ADVANCED_FACE('',(#7767),#7777,.F.);
#7767 = FACE_BOUND('',#7768,.T.);
#7768 = EDGE_LOOP('',(#7769,#7770,#7775,#7776));
#7769 = ORIENTED_EDGE('',*,*,#7397,.T.);
#7770 = ORIENTED_EDGE('',*,*,#7771,.F.);
#7771 = EDGE_CURVE('',#7272,#7391,#7772,.T.);
#7772 = B_SPLINE_CURVE_WITH_KNOTS('',1,(#7773,#7774),.UNSPECIFIED.,.F.,
  .F.,(2,2),(-0.,1.E-03),.PIECEWISE_BEZIER_KNOTS.);
#7773 = CARTESIAN_POINT('',(5.251,0.834663331686,10.25314534083));
#7774 = CARTESIAN_POINT('',(5.25,0.834663331686,10.25314534083));
#7775 = ORIENTED_EDGE('',*,*,#7271,.F.);
#7776 = ORIENTED_EDGE('',*,*,#7755,.T.);
#7777 = B_SPLINE_SURFACE_WITH_KNOTS('',1,1,(
    (#7778,#7779)
    ,(#7780,#7781)),.UNSPECIFIED.,.F.,.F.,.F.,(2,2),(2,2),(-1.E-03,0.),(
    -3.056888273982E-02,0.),.PIECEWISE_BEZIER_KNOTS.);
#7778 = CARTESIAN_POINT('',(5.25,0.804094448946,10.25314534083));
#7779 = CARTESIAN_POINT('',(5.25,0.834663331686,10.25314534083));
#7780 = CARTESIAN_POINT('',(5.251,0.804094448946,10.25314534083));
#7781 = CARTESIAN_POINT('',(5.251,0.834663331686,10.25314534083));
#7782 = ADVANCED_FACE('',(#7783),#7793,.F.);
#7783 = FACE_BOUND('',#7784,.T.);
#7784 = EDGE_LOOP('',(#7785,#7786,#7791,#7792));
#7785 = ORIENTED_EDGE('',*,*,#7390,.T.);
#7786 = ORIENTED_EDGE('',*,*,#7787,.F.);
#7787 = EDGE_CURVE('',#7279,#7382,#7788,.T.);
#7788 = B_SPLINE_CURVE_WITH_KNOTS('',1,(#7789,#7790),.UNSPECIFIED.,.F.,
  .F.,(2,2),(-0.,1.E-03),.PIECEWISE_BEZIER_KNOTS.);
#7789 = CARTESIAN_POINT('',(5.251,0.834663331686,10.365314424841));
#7790 = CARTESIAN_POINT('',(5.25,0.834663331686,10.365314424841));
#7791 = ORIENTED_EDGE('',*,*,#7278,.F.);
#7792 = ORIENTED_EDGE('',*,*,#7771,.T.);
#7793 = B_SPLINE_SURFACE_WITH_KNOTS('',1,1,(
    (#7794,#7795)
    ,(#7796,#7797
    )),.UNSPECIFIED.,.F.,.F.,.F.,(2,2),(2,2),(0.,0.112169084011),(
    -1.E-03,0.),.PIECEWISE_BEZIER_KNOTS.);
#7794 = CARTESIAN_POINT('',(5.25,0.834663331686,10.365314424841));
#7795 = CARTESIAN_POINT('',(5.251,0.834663331686,10.365314424841));
#7796 = CARTESIAN_POINT('',(5.25,0.834663331686,10.25314534083));
#7797 = CARTESIAN_POINT('',(5.251,0.834663331686,10.25314534083));
#7798 = ADVANCED_FACE('',(#7799),#7805,.F.);
#7799 = FACE_BOUND('',#7800,.F.);
#7800 = EDGE_LOOP('',(#7801,#7802,#7803,#7804));
#7801 = ORIENTED_EDGE('',*,*,#7787,.F.);
#7802 = ORIENTED_EDGE('',*,*,#7285,.T.);
#7803 = ORIENTED_EDGE('',*,*,#7562,.T.);
#7804 = ORIENTED_EDGE('',*,*,#7381,.F.);
#7805 = B_SPLINE_SURFACE_WITH_KNOTS('',3,1,(
    (#7806,#7807)
    ,(#7808,#7809)
    ,(#7810,#7811)
    ,(#7812,#7813
    )),.UNSPECIFIED.,.F.,.F.,.F.,(4,4),(2,2),(1.,2.),(0.,1.),
  .PIECEWISE_BEZIER_KNOTS.);
#7806 = CARTESIAN_POINT('',(5.251,0.834663331686,10.365314424841));
#7807 = CARTESIAN_POINT('',(5.25,0.834663331686,10.365314424841));
#7808 = CARTESIAN_POINT('',(5.251,0.834663331686,10.409483341127));
#7809 = CARTESIAN_POINT('',(5.25,0.834663331686,10.409483341127));
#7810 = CARTESIAN_POINT('',(5.251,0.813639426618,10.43144302832));
#7811 = CARTESIAN_POINT('',(5.25,0.813639426618,10.43144302832));
#7812 = CARTESIAN_POINT('',(5.251,0.771654001958,10.43144302832));
#7813 = CARTESIAN_POINT('',(5.25,0.771654001958,10.43144302832));
#7814 = ADVANCED_FACE('',(#7815),#7829,.T.);
#7815 = FACE_BOUND('',#7816,.T.);
#7816 = EDGE_LOOP('',(#7817,#7818,#7823,#7824));
#7817 = ORIENTED_EDGE('',*,*,#7486,.F.);
#7818 = ORIENTED_EDGE('',*,*,#7819,.F.);
#7819 = EDGE_CURVE('',#7306,#7487,#7820,.T.);
#7820 = B_SPLINE_CURVE_WITH_KNOTS('',1,(#7821,#7822),.UNSPECIFIED.,.F.,
  .F.,(2,2),(-0.,1.000000000001E-03),.PIECEWISE_BEZIER_KNOTS.);
#7821 = CARTESIAN_POINT('',(5.251,0.76329434831,10.335119854952));
#7822 = CARTESIAN_POINT('',(5.25,0.76329434831,10.335119854952));
#7823 = ORIENTED_EDGE('',*,*,#7305,.T.);
#7824 = ORIENTED_EDGE('',*,*,#7825,.T.);
#7825 = EDGE_CURVE('',#7295,#7489,#7826,.T.);
#7826 = B_SPLINE_CURVE_WITH_KNOTS('',1,(#7827,#7828),.UNSPECIFIED.,.F.,
  .F.,(2,2),(-0.,1.E-03),.PIECEWISE_BEZIER_KNOTS.);
#7827 = CARTESIAN_POINT('',(5.251,0.73372363317,10.324389553255));
#7828 = CARTESIAN_POINT('',(5.25,0.73372363317,10.324389553255));
#7829 = B_SPLINE_SURFACE_WITH_KNOTS('',3,1,(
    (#7830,#7831)
    ,(#7832,#7833)
    ,(#7834,#7835)
    ,(#7836,#7837
    )),.UNSPECIFIED.,.F.,.F.,.F.,(4,4),(2,2),(0.,1.),(0.,1.),
  .PIECEWISE_BEZIER_KNOTS.);
#7830 = CARTESIAN_POINT('',(5.251,0.76329434831,10.335119854952));
#7831 = CARTESIAN_POINT('',(5.25,0.76329434831,10.335119854952));
#7832 = CARTESIAN_POINT('',(5.251,0.74900807454,10.333123519752));
#7833 = CARTESIAN_POINT('',(5.25,0.74900807454,10.333123519752));
#7834 = CARTESIAN_POINT('',(5.251,0.739151169493,10.329629933154));
#7835 = CARTESIAN_POINT('',(5.25,0.739151169493,10.329629933154));
#7836 = CARTESIAN_POINT('',(5.251,0.73372363317,10.324389553255));
#7837 = CARTESIAN_POINT('',(5.25,0.73372363317,10.324389553255));
#7838 = ADVANCED_FACE('',(#7839),#7849,.T.);
#7839 = FACE_BOUND('',#7840,.T.);
#7840 = EDGE_LOOP('',(#7841,#7842,#7843,#7844));
#7841 = ORIENTED_EDGE('',*,*,#7497,.F.);
#7842 = ORIENTED_EDGE('',*,*,#7825,.F.);
#7843 = ORIENTED_EDGE('',*,*,#7294,.T.);
#7844 = ORIENTED_EDGE('',*,*,#7845,.T.);
#7845 = EDGE_CURVE('',#7297,#7498,#7846,.T.);
#7846 = B_SPLINE_CURVE_WITH_KNOTS('',1,(#7847,#7848),.UNSPECIFIED.,.F.,
  .F.,(2,2),(-0.,1.E-03),.PIECEWISE_BEZIER_KNOTS.);
#7847 = CARTESIAN_POINT('',(5.251,0.725613521423,10.302305095112));
#7848 = CARTESIAN_POINT('',(5.25,0.725613521423,10.302305095112));
#7849 = B_SPLINE_SURFACE_WITH_KNOTS('',3,1,(
    (#7850,#7851)
    ,(#7852,#7853)
    ,(#7854,#7855)
    ,(#7856,#7857
    )),.UNSPECIFIED.,.F.,.F.,.F.,(4,4),(2,2),(1.,2.),(0.,1.),
  .PIECEWISE_BEZIER_KNOTS.);
#7850 = CARTESIAN_POINT('',(5.251,0.73372363317,10.324389553255));
#7851 = CARTESIAN_POINT('',(5.25,0.73372363317,10.324389553255));
#7852 = CARTESIAN_POINT('',(5.251,0.728358482322,10.319149173357));
#7853 = CARTESIAN_POINT('',(5.25,0.728358482322,10.319149173357));
#7854 = CARTESIAN_POINT('',(5.251,0.725613521423,10.31178768731));
#7855 = CARTESIAN_POINT('',(5.25,0.725613521423,10.31178768731));
#7856 = CARTESIAN_POINT('',(5.251,0.725613521423,10.302305095112));
#7857 = CARTESIAN_POINT('',(5.25,0.725613521423,10.302305095112));
#7858 = ADVANCED_FACE('',(#7859),#7869,.T.);
#7859 = FACE_BOUND('',#7860,.T.);
#7860 = EDGE_LOOP('',(#7861,#7862,#7863,#7864));
#7861 = ORIENTED_EDGE('',*,*,#7506,.F.);
#7862 = ORIENTED_EDGE('',*,*,#7845,.F.);
#7863 = ORIENTED_EDGE('',*,*,#7355,.T.);
#7864 = ORIENTED_EDGE('',*,*,#7865,.T.);
#7865 = EDGE_CURVE('',#7347,#7507,#7866,.T.);
#7866 = B_SPLINE_CURVE_WITH_KNOTS('',1,(#7867,#7868),.UNSPECIFIED.,.F.,
  .F.,(2,2),(-0.,1.E-03),.PIECEWISE_BEZIER_KNOTS.);
#7867 = CARTESIAN_POINT('',(5.251,0.73447225887,10.281967430269));
#7868 = CARTESIAN_POINT('',(5.25,0.73447225887,10.281967430269));
#7869 = B_SPLINE_SURFACE_WITH_KNOTS('',3,1,(
    (#7870,#7871)
    ,(#7872,#7873)
    ,(#7874,#7875)
    ,(#7876,#7877
    )),.UNSPECIFIED.,.F.,.F.,.F.,(4,4),(2,2),(2.,3.),(0.,1.),
  .PIECEWISE_BEZIER_KNOTS.);
#7870 = CARTESIAN_POINT('',(5.251,0.725613521423,10.302305095112));
#7871 = CARTESIAN_POINT('',(5.25,0.725613521423,10.302305095112));
#7872 = CARTESIAN_POINT('',(5.251,0.725613521423,10.293945441466));
#7873 = CARTESIAN_POINT('',(5.25,0.725613521423,10.293945441466));
#7874 = CARTESIAN_POINT('',(5.251,0.728545638747,10.287207810168));
#7875 = CARTESIAN_POINT('',(5.25,0.728545638747,10.287207810168));
#7876 = CARTESIAN_POINT('',(5.251,0.73447225887,10.281967430269));
#7877 = CARTESIAN_POINT('',(5.25,0.73447225887,10.281967430269));
#7878 = ADVANCED_FACE('',(#7879),#7889,.T.);
#7879 = FACE_BOUND('',#7880,.T.);
#7880 = EDGE_LOOP('',(#7881,#7882,#7883,#7884));
#7881 = ORIENTED_EDGE('',*,*,#7515,.F.);
#7882 = ORIENTED_EDGE('',*,*,#7865,.F.);
#7883 = ORIENTED_EDGE('',*,*,#7346,.T.);
#7884 = ORIENTED_EDGE('',*,*,#7885,.T.);
#7885 = EDGE_CURVE('',#7338,#7516,#7886,.T.);
#7886 = B_SPLINE_CURVE_WITH_KNOTS('',1,(#7887,#7888),.UNSPECIFIED.,.F.,
  .F.,(2,2),(-0.,1.E-03),.PIECEWISE_BEZIER_KNOTS.);
#7887 = CARTESIAN_POINT('',(5.251,0.757804426512,10.274106860422));
#7888 = CARTESIAN_POINT('',(5.25,0.757804426512,10.274106860422));
#7889 = B_SPLINE_SURFACE_WITH_KNOTS('',3,1,(
    (#7890,#7891)
    ,(#7892,#7893)
    ,(#7894,#7895)
    ,(#7896,#7897
    )),.UNSPECIFIED.,.F.,.F.,.F.,(4,4),(2,2),(3.,4.),(0.,1.),
  .PIECEWISE_BEZIER_KNOTS.);
#7890 = CARTESIAN_POINT('',(5.251,0.73447225887,10.281967430269));
#7891 = CARTESIAN_POINT('',(5.25,0.73447225887,10.281967430269));
#7892 = CARTESIAN_POINT('',(5.251,0.740336493518,10.276727050372));
#7893 = CARTESIAN_POINT('',(5.25,0.740336493518,10.276727050372));
#7894 = CARTESIAN_POINT('',(5.251,0.74813467789,10.274106860422));
#7895 = CARTESIAN_POINT('',(5.25,0.74813467789,10.274106860422));
#7896 = CARTESIAN_POINT('',(5.251,0.757804426512,10.274106860422));
#7897 = CARTESIAN_POINT('',(5.25,0.757804426512,10.274106860422));
#7898 = ADVANCED_FACE('',(#7899),#7909,.T.);
#7899 = FACE_BOUND('',#7900,.T.);
#7900 = EDGE_LOOP('',(#7901,#7902,#7903,#7904));
#7901 = ORIENTED_EDGE('',*,*,#7524,.F.);
#7902 = ORIENTED_EDGE('',*,*,#7885,.F.);
#7903 = ORIENTED_EDGE('',*,*,#7337,.T.);
#7904 = ORIENTED_EDGE('',*,*,#7905,.T.);
#7905 = EDGE_CURVE('',#7329,#7525,#7906,.T.);
#7906 = B_SPLINE_CURVE_WITH_KNOTS('',1,(#7907,#7908),.UNSPECIFIED.,.F.,
  .F.,(2,2),(-0.,1.E-03),.PIECEWISE_BEZIER_KNOTS.);
#7907 = CARTESIAN_POINT('',(5.251,0.790993499201,10.288330748718));
#7908 = CARTESIAN_POINT('',(5.25,0.790993499201,10.288330748718));
#7909 = B_SPLINE_SURFACE_WITH_KNOTS('',3,1,(
    (#7910,#7911)
    ,(#7912,#7913)
    ,(#7914,#7915)
    ,(#7916,#7917
    )),.UNSPECIFIED.,.F.,.F.,.F.,(4,4),(2,2),(4.,5.),(0.,1.),
  .PIECEWISE_BEZIER_KNOTS.);
#7910 = CARTESIAN_POINT('',(5.251,0.757804426512,10.274106860422));
#7911 = CARTESIAN_POINT('',(5.25,0.757804426512,10.274106860422));
#7912 = CARTESIAN_POINT('',(5.251,0.771217303632,10.274106860422));
#7913 = CARTESIAN_POINT('',(5.25,0.771217303632,10.274106860422));
#7914 = CARTESIAN_POINT('',(5.251,0.782321918178,10.27884815652));
#7915 = CARTESIAN_POINT('',(5.25,0.782321918178,10.27884815652));
#7916 = CARTESIAN_POINT('',(5.251,0.790993499201,10.288330748718));
#7917 = CARTESIAN_POINT('',(5.25,0.790993499201,10.288330748718));
#7918 = ADVANCED_FACE('',(#7919),#7929,.T.);
#7919 = FACE_BOUND('',#7920,.T.);
#7920 = EDGE_LOOP('',(#7921,#7922,#7923,#7924));
#7921 = ORIENTED_EDGE('',*,*,#7533,.F.);
#7922 = ORIENTED_EDGE('',*,*,#7905,.F.);
#7923 = ORIENTED_EDGE('',*,*,#7328,.T.);
#7924 = ORIENTED_EDGE('',*,*,#7925,.T.);
#7925 = EDGE_CURVE('',#7322,#7534,#7926,.T.);
#7926 = B_SPLINE_CURVE_WITH_KNOTS('',1,(#7927,#7928),.UNSPECIFIED.,.F.,
  .F.,(2,2),(-0.,1.E-03),.PIECEWISE_BEZIER_KNOTS.);
#7927 = CARTESIAN_POINT('',(5.251,0.804094448946,10.323890469455));
#7928 = CARTESIAN_POINT('',(5.25,0.804094448946,10.323890469455));
#7929 = B_SPLINE_SURFACE_WITH_KNOTS('',3,1,(
    (#7930,#7931)
    ,(#7932,#7933)
    ,(#7934,#7935)
    ,(#7936,#7937
    )),.UNSPECIFIED.,.F.,.F.,.F.,(4,4),(2,2),(5.,6.),(0.,1.),
  .PIECEWISE_BEZIER_KNOTS.);
#7930 = CARTESIAN_POINT('',(5.251,0.790993499201,10.288330748718));
#7931 = CARTESIAN_POINT('',(5.25,0.790993499201,10.288330748718));
#7932 = CARTESIAN_POINT('',(5.251,0.799727465698,10.297688569964));
#7933 = CARTESIAN_POINT('',(5.25,0.799727465698,10.297688569964));
#7934 = CARTESIAN_POINT('',(5.251,0.804094448946,10.30954181021));
#7935 = CARTESIAN_POINT('',(5.25,0.804094448946,10.30954181021));
#7936 = CARTESIAN_POINT('',(5.251,0.804094448946,10.323890469455));
#7937 = CARTESIAN_POINT('',(5.25,0.804094448946,10.323890469455));
#7938 = ADVANCED_FACE('',(#7939),#7949,.T.);
#7939 = FACE_BOUND('',#7940,.T.);
#7940 = EDGE_LOOP('',(#7941,#7942,#7943,#7944));
#7941 = ORIENTED_EDGE('',*,*,#7542,.F.);
#7942 = ORIENTED_EDGE('',*,*,#7925,.F.);
#7943 = ORIENTED_EDGE('',*,*,#7321,.T.);
#7944 = ORIENTED_EDGE('',*,*,#7945,.T.);
#7945 = EDGE_CURVE('',#7315,#7543,#7946,.T.);
#7946 = B_SPLINE_CURVE_WITH_KNOTS('',1,(#7947,#7948),.UNSPECIFIED.,.F.,
  .F.,(2,2),(8.881784197001E-16,1.E-03),.PIECEWISE_BEZIER_KNOTS.);
#7947 = CARTESIAN_POINT('',(5.251,0.804094448946,10.340609776751));
#7948 = CARTESIAN_POINT('',(5.25,0.804094448946,10.340609776751));
#7949 = B_SPLINE_SURFACE_WITH_KNOTS('',1,1,(
    (#7950,#7951)
    ,(#7952,#7953
    )),.UNSPECIFIED.,.F.,.F.,.F.,(2,2),(2,2),(-1.671930729528E-02,0.),(
    -1.E-03,0.),.PIECEWISE_BEZIER_KNOTS.);
#7950 = CARTESIAN_POINT('',(5.25,0.804094448946,10.340609776751));
#7951 = CARTESIAN_POINT('',(5.251,0.804094448946,10.340609776751));
#7952 = CARTESIAN_POINT('',(5.25,0.804094448946,10.323890469455));
#7953 = CARTESIAN_POINT('',(5.251,0.804094448946,10.323890469455));
#7954 = ADVANCED_FACE('',(#7955),#7961,.T.);
#7955 = FACE_BOUND('',#7956,.T.);
#7956 = EDGE_LOOP('',(#7957,#7958,#7959,#7960));
#7957 = ORIENTED_EDGE('',*,*,#7549,.F.);
#7958 = ORIENTED_EDGE('',*,*,#7945,.F.);
#7959 = ORIENTED_EDGE('',*,*,#7314,.T.);
#7960 = ORIENTED_EDGE('',*,*,#7819,.T.);
#7961 = B_SPLINE_SURFACE_WITH_KNOTS('',1,1,(
    (#7962,#7963)
    ,(#7964,#7965
    )),.UNSPECIFIED.,.F.,.F.,.F.,(2,2),(2,2),(-4.116779631328E-02,0.),(
    -1.000000000001E-03,0.),.PIECEWISE_BEZIER_KNOTS.);
#7962 = CARTESIAN_POINT('',(5.25,0.76329434831,10.335119854952));
#7963 = CARTESIAN_POINT('',(5.251,0.76329434831,10.335119854952));
#7964 = CARTESIAN_POINT('',(5.25,0.804094448946,10.340609776751));
#7965 = CARTESIAN_POINT('',(5.251,0.804094448946,10.340609776751));
#7966 = MANIFOLD_SOLID_BREP('',#7967);
#7967 = CLOSED_SHELL('',(#7968,#8012,#8040,#8076,#8112,#8148,#8184,#8220
    ,#8256,#8292,#8328,#8364,#8400,#8428,#8464,#8500,#8536,#8572,#8608,
    #8644,#8680,#8708,#8737));
#7968 = ADVANCED_FACE('',(#7969),#8003,.F.);
#7969 = FACE_BOUND('',#7970,.F.);
#7970 = EDGE_LOOP('',(#7971,#7980,#7989,#7996));
#7971 = ORIENTED_EDGE('',*,*,#7972,.F.);
#7972 = EDGE_CURVE('',#7973,#7975,#7977,.T.);
#7973 = VERTEX_POINT('',#7974);
#7974 = CARTESIAN_POINT('',(5.251,0.926369979906,10.273982089473));
#7975 = VERTEX_POINT('',#7976);
#7976 = CARTESIAN_POINT('',(5.25,0.926369979906,10.273982089473));
#7977 = B_SPLINE_CURVE_WITH_KNOTS('',1,(#7978,#7979),.UNSPECIFIED.,.F.,
  .F.,(2,2),(-0.,1.E-03),.PIECEWISE_BEZIER_KNOTS.);
#7978 = CARTESIAN_POINT('',(5.251,0.926369979906,10.273982089473));
#7979 = CARTESIAN_POINT('',(5.25,0.926369979906,10.273982089473));
#7980 = ORIENTED_EDGE('',*,*,#7981,.T.);
#7981 = EDGE_CURVE('',#7973,#7982,#7984,.T.);
#7982 = VERTEX_POINT('',#7983);
#7983 = CARTESIAN_POINT('',(5.251,0.876087287072,10.290826167716));
#7984 = B_SPLINE_CURVE_WITH_KNOTS('',3,(#7985,#7986,#7987,#7988),
  .UNSPECIFIED.,.F.,.F.,(4,4),(0.,1.),.PIECEWISE_BEZIER_KNOTS.);
#7985 = CARTESIAN_POINT('',(5.251,0.926369979906,10.273982089473));
#7986 = CARTESIAN_POINT('',(5.251,0.908402963111,10.273982089473));
#7987 = CARTESIAN_POINT('',(5.251,0.891683655817,10.279596782221));
#7988 = CARTESIAN_POINT('',(5.251,0.876087287072,10.290826167716));
#7989 = ORIENTED_EDGE('',*,*,#7990,.T.);
#7990 = EDGE_CURVE('',#7982,#7991,#7993,.T.);
#7991 = VERTEX_POINT('',#7992);
#7992 = CARTESIAN_POINT('',(5.25,0.876087287072,10.290826167716));
#7993 = B_SPLINE_CURVE_WITH_KNOTS('',1,(#7994,#7995),.UNSPECIFIED.,.F.,
  .F.,(2,2),(-0.,1.E-03),.PIECEWISE_BEZIER_KNOTS.);
#7994 = CARTESIAN_POINT('',(5.251,0.876087287072,10.290826167716));
#7995 = CARTESIAN_POINT('',(5.25,0.876087287072,10.290826167716));
#7996 = ORIENTED_EDGE('',*,*,#7997,.F.);
#7997 = EDGE_CURVE('',#7975,#7991,#7998,.T.);
#7998 = B_SPLINE_CURVE_WITH_KNOTS('',3,(#7999,#8000,#8001,#8002),
  .UNSPECIFIED.,.F.,.F.,(4,4),(0.,1.),.PIECEWISE_BEZIER_KNOTS.);
#7999 = CARTESIAN_POINT('',(5.25,0.926369979906,10.273982089473));
#8000 = CARTESIAN_POINT('',(5.25,0.908402963111,10.273982089473));
#8001 = CARTESIAN_POINT('',(5.25,0.891683655817,10.279596782221));
#8002 = CARTESIAN_POINT('',(5.25,0.876087287072,10.290826167716));
#8003 = B_SPLINE_SURFACE_WITH_KNOTS('',3,1,(
    (#8004,#8005)
    ,(#8006,#8007)
    ,(#8008,#8009)
    ,(#8010,#8011
    )),.UNSPECIFIED.,.F.,.F.,.F.,(4,4),(2,2),(0.,1.),(0.,1.),
  .PIECEWISE_BEZIER_KNOTS.);
#8004 = CARTESIAN_POINT('',(5.251,0.926369979906,10.273982089473));
#8005 = CARTESIAN_POINT('',(5.25,0.926369979906,10.273982089473));
#8006 = CARTESIAN_POINT('',(5.251,0.908402963111,10.273982089473));
#8007 = CARTESIAN_POINT('',(5.25,0.908402963111,10.273982089473));
#8008 = CARTESIAN_POINT('',(5.251,0.891683655817,10.279596782221));
#8009 = CARTESIAN_POINT('',(5.25,0.891683655817,10.279596782221));
#8010 = CARTESIAN_POINT('',(5.251,0.876087287072,10.290826167716));
#8011 = CARTESIAN_POINT('',(5.25,0.876087287072,10.290826167716));
#8012 = ADVANCED_FACE('',(#8013),#8035,.F.);
#8013 = FACE_BOUND('',#8014,.T.);
#8014 = EDGE_LOOP('',(#8015,#8022,#8029,#8034));
#8015 = ORIENTED_EDGE('',*,*,#8016,.T.);
#8016 = EDGE_CURVE('',#7991,#8017,#8019,.T.);
#8017 = VERTEX_POINT('',#8018);
#8018 = CARTESIAN_POINT('',(5.25,0.876087287072,10.259259117378));
#8019 = B_SPLINE_CURVE_WITH_KNOTS('',1,(#8020,#8021),.UNSPECIFIED.,.F.,
  .F.,(2,2),(-3.156705033834E-02,-0.),.PIECEWISE_BEZIER_KNOTS.);
#8020 = CARTESIAN_POINT('',(5.25,0.876087287072,10.290826167716));
#8021 = CARTESIAN_POINT('',(5.25,0.876087287072,10.259259117378));
#8022 = ORIENTED_EDGE('',*,*,#8023,.F.);
#8023 = EDGE_CURVE('',#8024,#8017,#8026,.T.);
#8024 = VERTEX_POINT('',#8025);
#8025 = CARTESIAN_POINT('',(5.251,0.876087287072,10.259259117378));
#8026 = B_SPLINE_CURVE_WITH_KNOTS('',1,(#8027,#8028),.UNSPECIFIED.,.F.,
  .F.,(2,2),(-0.,1.E-03),.PIECEWISE_BEZIER_KNOTS.);
#8027 = CARTESIAN_POINT('',(5.251,0.876087287072,10.259259117378));
#8028 = CARTESIAN_POINT('',(5.25,0.876087287072,10.259259117378));
#8029 = ORIENTED_EDGE('',*,*,#8030,.F.);
#8030 = EDGE_CURVE('',#7982,#8024,#8031,.T.);
#8031 = B_SPLINE_CURVE_WITH_KNOTS('',1,(#8032,#8033),.UNSPECIFIED.,.F.,
  .F.,(2,2),(-3.156705033834E-02,-0.),.PIECEWISE_BEZIER_KNOTS.);
#8032 = CARTESIAN_POINT('',(5.251,0.876087287072,10.290826167716));
#8033 = CARTESIAN_POINT('',(5.251,0.876087287072,10.259259117378));
#8034 = ORIENTED_EDGE('',*,*,#7990,.T.);
#8035 = B_SPLINE_SURFACE_WITH_KNOTS('',1,1,(
    (#8036,#8037)
    ,(#8038,#8039
    )),.UNSPECIFIED.,.F.,.F.,.F.,(2,2),(2,2),(0.,3.156705033834E-02),(
    -1.E-03,0.),.PIECEWISE_BEZIER_KNOTS.);
#8036 = CARTESIAN_POINT('',(5.25,0.876087287072,10.259259117378));
#8037 = CARTESIAN_POINT('',(5.251,0.876087287072,10.259259117378));
#8038 = CARTESIAN_POINT('',(5.25,0.876087287072,10.290826167716));
#8039 = CARTESIAN_POINT('',(5.251,0.876087287072,10.290826167716));
#8040 = ADVANCED_FACE('',(#8041),#8067,.F.);
#8041 = FACE_BOUND('',#8042,.F.);
#8042 = EDGE_LOOP('',(#8043,#8044,#8053,#8060));
#8043 = ORIENTED_EDGE('',*,*,#8023,.F.);
#8044 = ORIENTED_EDGE('',*,*,#8045,.T.);
#8045 = EDGE_CURVE('',#8024,#8046,#8048,.T.);
#8046 = VERTEX_POINT('',#8047);
#8047 = CARTESIAN_POINT('',(5.251,0.923375477107,10.249027899481));
#8048 = B_SPLINE_CURVE_WITH_KNOTS('',3,(#8049,#8050,#8051,#8052),
  .UNSPECIFIED.,.F.,.F.,(4,4),(19.,20.),.PIECEWISE_BEZIER_KNOTS.);
#8049 = CARTESIAN_POINT('',(5.251,0.876087287072,10.259259117378));
#8050 = CARTESIAN_POINT('',(5.251,0.889562549667,10.252521486079));
#8051 = CARTESIAN_POINT('',(5.251,0.905283689363,10.249027899481));
#8052 = CARTESIAN_POINT('',(5.251,0.923375477107,10.249027899481));
#8053 = ORIENTED_EDGE('',*,*,#8054,.T.);
#8054 = EDGE_CURVE('',#8046,#8055,#8057,.T.);
#8055 = VERTEX_POINT('',#8056);
#8056 = CARTESIAN_POINT('',(5.25,0.923375477107,10.249027899481));
#8057 = B_SPLINE_CURVE_WITH_KNOTS('',1,(#8058,#8059),.UNSPECIFIED.,.F.,
  .F.,(2,2),(-0.,1.E-03),.PIECEWISE_BEZIER_KNOTS.);
#8058 = CARTESIAN_POINT('',(5.251,0.923375477107,10.249027899481));
#8059 = CARTESIAN_POINT('',(5.25,0.923375477107,10.249027899481));
#8060 = ORIENTED_EDGE('',*,*,#8061,.F.);
#8061 = EDGE_CURVE('',#8017,#8055,#8062,.T.);
#8062 = B_SPLINE_CURVE_WITH_KNOTS('',3,(#8063,#8064,#8065,#8066),
  .UNSPECIFIED.,.F.,.F.,(4,4),(19.,20.),.PIECEWISE_BEZIER_KNOTS.);
#8063 = CARTESIAN_POINT('',(5.25,0.876087287072,10.259259117378));
#8064 = CARTESIAN_POINT('',(5.25,0.889562549667,10.252521486079));
#8065 = CARTESIAN_POINT('',(5.25,0.905283689363,10.249027899481));
#8066 = CARTESIAN_POINT('',(5.25,0.923375477107,10.249027899481));
#8067 = B_SPLINE_SURFACE_WITH_KNOTS('',3,1,(
    (#8068,#8069)
    ,(#8070,#8071)
    ,(#8072,#8073)
    ,(#8074,#8075
    )),.UNSPECIFIED.,.F.,.F.,.F.,(4,4),(2,2),(19.,20.),(0.,1.),
  .PIECEWISE_BEZIER_KNOTS.);
#8068 = CARTESIAN_POINT('',(5.251,0.876087287072,10.259259117378));
#8069 = CARTESIAN_POINT('',(5.25,0.876087287072,10.259259117378));
#8070 = CARTESIAN_POINT('',(5.251,0.889562549667,10.252521486079));
#8071 = CARTESIAN_POINT('',(5.25,0.889562549667,10.252521486079));
#8072 = CARTESIAN_POINT('',(5.251,0.905283689363,10.249027899481));
#8073 = CARTESIAN_POINT('',(5.25,0.905283689363,10.249027899481));
#8074 = CARTESIAN_POINT('',(5.251,0.923375477107,10.249027899481));
#8075 = CARTESIAN_POINT('',(5.25,0.923375477107,10.249027899481));
#8076 = ADVANCED_FACE('',(#8077),#8103,.F.);
#8077 = FACE_BOUND('',#8078,.F.);
#8078 = EDGE_LOOP('',(#8079,#8080,#8089,#8096));
#8079 = ORIENTED_EDGE('',*,*,#8054,.F.);
#8080 = ORIENTED_EDGE('',*,*,#8081,.T.);
#8081 = EDGE_CURVE('',#8046,#8082,#8084,.T.);
#8082 = VERTEX_POINT('',#8083);
#8083 = CARTESIAN_POINT('',(5.251,0.974157253739,10.262877474926));
#8084 = B_SPLINE_CURVE_WITH_KNOTS('',3,(#8085,#8086,#8087,#8088),
  .UNSPECIFIED.,.F.,.F.,(4,4),(18.,19.),.PIECEWISE_BEZIER_KNOTS.);
#8085 = CARTESIAN_POINT('',(5.251,0.923375477107,10.249027899481));
#8086 = CARTESIAN_POINT('',(5.251,0.944149840274,10.249027899481));
#8087 = CARTESIAN_POINT('',(5.251,0.961118689468,10.253644424629));
#8088 = CARTESIAN_POINT('',(5.251,0.974157253739,10.262877474926));
#8089 = ORIENTED_EDGE('',*,*,#8090,.T.);
#8090 = EDGE_CURVE('',#8082,#8091,#8093,.T.);
#8091 = VERTEX_POINT('',#8092);
#8092 = CARTESIAN_POINT('',(5.25,0.974157253739,10.262877474926));
#8093 = B_SPLINE_CURVE_WITH_KNOTS('',1,(#8094,#8095),.UNSPECIFIED.,.F.,
  .F.,(2,2),(-0.,1.E-03),.PIECEWISE_BEZIER_KNOTS.);
#8094 = CARTESIAN_POINT('',(5.251,0.974157253739,10.262877474926));
#8095 = CARTESIAN_POINT('',(5.25,0.974157253739,10.262877474926));
#8096 = ORIENTED_EDGE('',*,*,#8097,.F.);
#8097 = EDGE_CURVE('',#8055,#8091,#8098,.T.);
#8098 = B_SPLINE_CURVE_WITH_KNOTS('',3,(#8099,#8100,#8101,#8102),
  .UNSPECIFIED.,.F.,.F.,(4,4),(18.,19.),.PIECEWISE_BEZIER_KNOTS.);
#8099 = CARTESIAN_POINT('',(5.25,0.923375477107,10.249027899481));
#8100 = CARTESIAN_POINT('',(5.25,0.944149840274,10.249027899481));
#8101 = CARTESIAN_POINT('',(5.25,0.961118689468,10.253644424629));
#8102 = CARTESIAN_POINT('',(5.25,0.974157253739,10.262877474926));
#8103 = B_SPLINE_SURFACE_WITH_KNOTS('',3,1,(
    (#8104,#8105)
    ,(#8106,#8107)
    ,(#8108,#8109)
    ,(#8110,#8111
    )),.UNSPECIFIED.,.F.,.F.,.F.,(4,4),(2,2),(18.,19.),(0.,1.),
  .PIECEWISE_BEZIER_KNOTS.);
#8104 = CARTESIAN_POINT('',(5.251,0.923375477107,10.249027899481));
#8105 = CARTESIAN_POINT('',(5.25,0.923375477107,10.249027899481));
#8106 = CARTESIAN_POINT('',(5.251,0.944149840274,10.249027899481));
#8107 = CARTESIAN_POINT('',(5.25,0.944149840274,10.249027899481));
#8108 = CARTESIAN_POINT('',(5.251,0.961118689468,10.253644424629));
#8109 = CARTESIAN_POINT('',(5.25,0.961118689468,10.253644424629));
#8110 = CARTESIAN_POINT('',(5.251,0.974157253739,10.262877474926));
#8111 = CARTESIAN_POINT('',(5.25,0.974157253739,10.262877474926));
#8112 = ADVANCED_FACE('',(#8113),#8139,.F.);
#8113 = FACE_BOUND('',#8114,.F.);
#8114 = EDGE_LOOP('',(#8115,#8116,#8125,#8132));
#8115 = ORIENTED_EDGE('',*,*,#8090,.F.);
#8116 = ORIENTED_EDGE('',*,*,#8117,.T.);
#8117 = EDGE_CURVE('',#8082,#8118,#8120,.T.);
#8118 = VERTEX_POINT('',#8119);
#8119 = CARTESIAN_POINT('',(5.251,0.993808678357,10.300558301813));
#8120 = B_SPLINE_CURVE_WITH_KNOTS('',3,(#8121,#8122,#8123,#8124),
  .UNSPECIFIED.,.F.,.F.,(4,4),(17.,18.),.PIECEWISE_BEZIER_KNOTS.);
#8121 = CARTESIAN_POINT('',(5.251,0.974157253739,10.262877474926));
#8122 = CARTESIAN_POINT('',(5.251,0.987258203485,10.271985754274));
#8123 = CARTESIAN_POINT('',(5.251,0.993808678357,10.284587620219));
#8124 = CARTESIAN_POINT('',(5.251,0.993808678357,10.300558301813));
#8125 = ORIENTED_EDGE('',*,*,#8126,.T.);
#8126 = EDGE_CURVE('',#8118,#8127,#8129,.T.);
#8127 = VERTEX_POINT('',#8128);
#8128 = CARTESIAN_POINT('',(5.25,0.993808678357,10.300558301813));
#8129 = B_SPLINE_CURVE_WITH_KNOTS('',1,(#8130,#8131),.UNSPECIFIED.,.F.,
  .F.,(2,2),(-0.,1.E-03),.PIECEWISE_BEZIER_KNOTS.);
#8130 = CARTESIAN_POINT('',(5.251,0.993808678357,10.300558301813));
#8131 = CARTESIAN_POINT('',(5.25,0.993808678357,10.300558301813));
#8132 = ORIENTED_EDGE('',*,*,#8133,.F.);
#8133 = EDGE_CURVE('',#8091,#8127,#8134,.T.);
#8134 = B_SPLINE_CURVE_WITH_KNOTS('',3,(#8135,#8136,#8137,#8138),
  .UNSPECIFIED.,.F.,.F.,(4,4),(17.,18.),.PIECEWISE_BEZIER_KNOTS.);
#8135 = CARTESIAN_POINT('',(5.25,0.974157253739,10.262877474926));
#8136 = CARTESIAN_POINT('',(5.25,0.987258203485,10.271985754274));
#8137 = CARTESIAN_POINT('',(5.25,0.993808678357,10.284587620219));
#8138 = CARTESIAN_POINT('',(5.25,0.993808678357,10.300558301813));
#8139 = B_SPLINE_SURFACE_WITH_KNOTS('',3,1,(
    (#8140,#8141)
    ,(#8142,#8143)
    ,(#8144,#8145)
    ,(#8146,#8147
    )),.UNSPECIFIED.,.F.,.F.,.F.,(4,4),(2,2),(17.,18.),(0.,1.),
  .PIECEWISE_BEZIER_KNOTS.);
#8140 = CARTESIAN_POINT('',(5.251,0.974157253739,10.262877474926));
#8141 = CARTESIAN_POINT('',(5.25,0.974157253739,10.262877474926));
#8142 = CARTESIAN_POINT('',(5.251,0.987258203485,10.271985754274));
#8143 = CARTESIAN_POINT('',(5.25,0.987258203485,10.271985754274));
#8144 = CARTESIAN_POINT('',(5.251,0.993808678357,10.284587620219));
#8145 = CARTESIAN_POINT('',(5.25,0.993808678357,10.284587620219));
#8146 = CARTESIAN_POINT('',(5.251,0.993808678357,10.300558301813));
#8147 = CARTESIAN_POINT('',(5.25,0.993808678357,10.300558301813));
#8148 = ADVANCED_FACE('',(#8149),#8175,.F.);
#8149 = FACE_BOUND('',#8150,.F.);
#8150 = EDGE_LOOP('',(#8151,#8152,#8161,#8168));
#8151 = ORIENTED_EDGE('',*,*,#8126,.F.);
#8152 = ORIENTED_EDGE('',*,*,#8153,.T.);
#8153 = EDGE_CURVE('',#8118,#8154,#8156,.T.);
#8154 = VERTEX_POINT('',#8155);
#8155 = CARTESIAN_POINT('',(5.251,0.983577460461,10.329380391254));
#8156 = B_SPLINE_CURVE_WITH_KNOTS('',3,(#8157,#8158,#8159,#8160),
  .UNSPECIFIED.,.F.,.F.,(4,4),(16.,17.),.PIECEWISE_BEZIER_KNOTS.);
#8157 = CARTESIAN_POINT('',(5.251,0.993808678357,10.300558301813));
#8158 = CARTESIAN_POINT('',(5.251,0.993808678357,10.31203722921));
#8159 = CARTESIAN_POINT('',(5.251,0.990377477233,10.321644592357));
#8160 = CARTESIAN_POINT('',(5.251,0.983577460461,10.329380391254));
#8161 = ORIENTED_EDGE('',*,*,#8162,.T.);
#8162 = EDGE_CURVE('',#8154,#8163,#8165,.T.);
#8163 = VERTEX_POINT('',#8164);
#8164 = CARTESIAN_POINT('',(5.25,0.983577460461,10.329380391254));
#8165 = B_SPLINE_CURVE_WITH_KNOTS('',1,(#8166,#8167),.UNSPECIFIED.,.F.,
  .F.,(2,2),(-0.,1.E-03),.PIECEWISE_BEZIER_KNOTS.);
#8166 = CARTESIAN_POINT('',(5.251,0.983577460461,10.329380391254));
#8167 = CARTESIAN_POINT('',(5.25,0.983577460461,10.329380391254));
#8168 = ORIENTED_EDGE('',*,*,#8169,.F.);
#8169 = EDGE_CURVE('',#8127,#8163,#8170,.T.);
#8170 = B_SPLINE_CURVE_WITH_KNOTS('',3,(#8171,#8172,#8173,#8174),
  .UNSPECIFIED.,.F.,.F.,(4,4),(16.,17.),.PIECEWISE_BEZIER_KNOTS.);
#8171 = CARTESIAN_POINT('',(5.25,0.993808678357,10.300558301813));
#8172 = CARTESIAN_POINT('',(5.25,0.993808678357,10.31203722921));
#8173 = CARTESIAN_POINT('',(5.25,0.990377477233,10.321644592357));
#8174 = CARTESIAN_POINT('',(5.25,0.983577460461,10.329380391254));
#8175 = B_SPLINE_SURFACE_WITH_KNOTS('',3,1,(
    (#8176,#8177)
    ,(#8178,#8179)
    ,(#8180,#8181)
    ,(#8182,#8183
    )),.UNSPECIFIED.,.F.,.F.,.F.,(4,4),(2,2),(16.,17.),(0.,1.),
  .PIECEWISE_BEZIER_KNOTS.);
#8176 = CARTESIAN_POINT('',(5.251,0.993808678357,10.300558301813));
#8177 = CARTESIAN_POINT('',(5.25,0.993808678357,10.300558301813));
#8178 = CARTESIAN_POINT('',(5.251,0.993808678357,10.31203722921));
#8179 = CARTESIAN_POINT('',(5.25,0.993808678357,10.31203722921));
#8180 = CARTESIAN_POINT('',(5.251,0.990377477233,10.321644592357));
#8181 = CARTESIAN_POINT('',(5.25,0.990377477233,10.321644592357));
#8182 = CARTESIAN_POINT('',(5.251,0.983577460461,10.329380391254));
#8183 = CARTESIAN_POINT('',(5.25,0.983577460461,10.329380391254));
#8184 = ADVANCED_FACE('',(#8185),#8211,.F.);
#8185 = FACE_BOUND('',#8186,.F.);
#8186 = EDGE_LOOP('',(#8187,#8188,#8197,#8204));
#8187 = ORIENTED_EDGE('',*,*,#8162,.F.);
#8188 = ORIENTED_EDGE('',*,*,#8189,.T.);
#8189 = EDGE_CURVE('',#8154,#8190,#8192,.T.);
#8190 = VERTEX_POINT('',#8191);
#8191 = CARTESIAN_POINT('',(5.251,0.944149840274,10.351963933196));
#8192 = B_SPLINE_CURVE_WITH_KNOTS('',3,(#8193,#8194,#8195,#8196),
  .UNSPECIFIED.,.F.,.F.,(4,4),(15.,16.),.PIECEWISE_BEZIER_KNOTS.);
#8193 = CARTESIAN_POINT('',(5.251,0.983577460461,10.329380391254));
#8194 = CARTESIAN_POINT('',(5.251,0.976715058214,10.337116190151));
#8195 = CARTESIAN_POINT('',(5.251,0.963614108468,10.344727218098));
#8196 = CARTESIAN_POINT('',(5.251,0.944149840274,10.351963933196));
#8197 = ORIENTED_EDGE('',*,*,#8198,.T.);
#8198 = EDGE_CURVE('',#8190,#8199,#8201,.T.);
#8199 = VERTEX_POINT('',#8200);
#8200 = CARTESIAN_POINT('',(5.25,0.944149840274,10.351963933196));
#8201 = B_SPLINE_CURVE_WITH_KNOTS('',1,(#8202,#8203),.UNSPECIFIED.,.F.,
  .F.,(2,2),(-0.,1.E-03),.PIECEWISE_BEZIER_KNOTS.);
#8202 = CARTESIAN_POINT('',(5.251,0.944149840274,10.351963933196));
#8203 = CARTESIAN_POINT('',(5.25,0.944149840274,10.351963933196));
#8204 = ORIENTED_EDGE('',*,*,#8205,.F.);
#8205 = EDGE_CURVE('',#8163,#8199,#8206,.T.);
#8206 = B_SPLINE_CURVE_WITH_KNOTS('',3,(#8207,#8208,#8209,#8210),
  .UNSPECIFIED.,.F.,.F.,(4,4),(15.,16.),.PIECEWISE_BEZIER_KNOTS.);
#8207 = CARTESIAN_POINT('',(5.25,0.983577460461,10.329380391254));
#8208 = CARTESIAN_POINT('',(5.25,0.976715058214,10.337116190151));
#8209 = CARTESIAN_POINT('',(5.25,0.963614108468,10.344727218098));
#8210 = CARTESIAN_POINT('',(5.25,0.944149840274,10.351963933196));
#8211 = B_SPLINE_SURFACE_WITH_KNOTS('',3,1,(
    (#8212,#8213)
    ,(#8214,#8215)
    ,(#8216,#8217)
    ,(#8218,#8219
    )),.UNSPECIFIED.,.F.,.F.,.F.,(4,4),(2,2),(15.,16.),(0.,1.),
  .PIECEWISE_BEZIER_KNOTS.);
#8212 = CARTESIAN_POINT('',(5.251,0.983577460461,10.329380391254));
#8213 = CARTESIAN_POINT('',(5.25,0.983577460461,10.329380391254));
#8214 = CARTESIAN_POINT('',(5.251,0.976715058214,10.337116190151));
#8215 = CARTESIAN_POINT('',(5.25,0.976715058214,10.337116190151));
#8216 = CARTESIAN_POINT('',(5.251,0.963614108468,10.344727218098));
#8217 = CARTESIAN_POINT('',(5.25,0.963614108468,10.344727218098));
#8218 = CARTESIAN_POINT('',(5.251,0.944149840274,10.351963933196));
#8219 = CARTESIAN_POINT('',(5.25,0.944149840274,10.351963933196));
#8220 = ADVANCED_FACE('',(#8221),#8247,.F.);
#8221 = FACE_BOUND('',#8222,.F.);
#8222 = EDGE_LOOP('',(#8223,#8224,#8233,#8240));
#8223 = ORIENTED_EDGE('',*,*,#8198,.F.);
#8224 = ORIENTED_EDGE('',*,*,#8225,.T.);
#8225 = EDGE_CURVE('',#8190,#8226,#8228,.T.);
#8226 = VERTEX_POINT('',#8227);
#8227 = CARTESIAN_POINT('',(5.251,0.914454354184,10.366936447192));
#8228 = B_SPLINE_CURVE_WITH_KNOTS('',3,(#8229,#8230,#8231,#8232),
  .UNSPECIFIED.,.F.,.F.,(4,4),(14.,15.),.PIECEWISE_BEZIER_KNOTS.);
#8229 = CARTESIAN_POINT('',(5.251,0.944149840274,10.351963933196));
#8230 = CARTESIAN_POINT('',(5.251,0.928803013429,10.357952938793));
#8231 = CARTESIAN_POINT('',(5.251,0.918946108383,10.362943776793));
#8232 = CARTESIAN_POINT('',(5.251,0.914454354184,10.366936447192));
#8233 = ORIENTED_EDGE('',*,*,#8234,.T.);
#8234 = EDGE_CURVE('',#8226,#8235,#8237,.T.);
#8235 = VERTEX_POINT('',#8236);
#8236 = CARTESIAN_POINT('',(5.25,0.914454354184,10.366936447192));
#8237 = B_SPLINE_CURVE_WITH_KNOTS('',1,(#8238,#8239),.UNSPECIFIED.,.F.,
  .F.,(2,2),(-0.,1.E-03),.PIECEWISE_BEZIER_KNOTS.);
#8238 = CARTESIAN_POINT('',(5.251,0.914454354184,10.366936447192));
#8239 = CARTESIAN_POINT('',(5.25,0.914454354184,10.366936447192));
#8240 = ORIENTED_EDGE('',*,*,#8241,.F.);
#8241 = EDGE_CURVE('',#8199,#8235,#8242,.T.);
#8242 = B_SPLINE_CURVE_WITH_KNOTS('',3,(#8243,#8244,#8245,#8246),
  .UNSPECIFIED.,.F.,.F.,(4,4),(14.,15.),.PIECEWISE_BEZIER_KNOTS.);
#8243 = CARTESIAN_POINT('',(5.25,0.944149840274,10.351963933196));
#8244 = CARTESIAN_POINT('',(5.25,0.928803013429,10.357952938793));
#8245 = CARTESIAN_POINT('',(5.25,0.918946108383,10.362943776793));
#8246 = CARTESIAN_POINT('',(5.25,0.914454354184,10.366936447192));
#8247 = B_SPLINE_SURFACE_WITH_KNOTS('',3,1,(
    (#8248,#8249)
    ,(#8250,#8251)
    ,(#8252,#8253)
    ,(#8254,#8255
    )),.UNSPECIFIED.,.F.,.F.,.F.,(4,4),(2,2),(14.,15.),(0.,1.),
  .PIECEWISE_BEZIER_KNOTS.);
#8248 = CARTESIAN_POINT('',(5.251,0.944149840274,10.351963933196));
#8249 = CARTESIAN_POINT('',(5.25,0.944149840274,10.351963933196));
#8250 = CARTESIAN_POINT('',(5.251,0.928803013429,10.357952938793));
#8251 = CARTESIAN_POINT('',(5.25,0.928803013429,10.357952938793));
#8252 = CARTESIAN_POINT('',(5.251,0.918946108383,10.362943776793));
#8253 = CARTESIAN_POINT('',(5.25,0.918946108383,10.362943776793));
#8254 = CARTESIAN_POINT('',(5.251,0.914454354184,10.366936447192));
#8255 = CARTESIAN_POINT('',(5.25,0.914454354184,10.366936447192));
#8256 = ADVANCED_FACE('',(#8257),#8283,.F.);
#8257 = FACE_BOUND('',#8258,.F.);
#8258 = EDGE_LOOP('',(#8259,#8260,#8269,#8276));
#8259 = ORIENTED_EDGE('',*,*,#8234,.F.);
#8260 = ORIENTED_EDGE('',*,*,#8261,.T.);
#8261 = EDGE_CURVE('',#8226,#8262,#8264,.T.);
#8262 = VERTEX_POINT('',#8263);
#8263 = CARTESIAN_POINT('',(5.251,0.907779108361,10.383156670686));
#8264 = B_SPLINE_CURVE_WITH_KNOTS('',3,(#8265,#8266,#8267,#8268),
  .UNSPECIFIED.,.F.,.F.,(4,4),(13.,14.),.PIECEWISE_BEZIER_KNOTS.);
#8265 = CARTESIAN_POINT('',(5.251,0.914454354184,10.366936447192));
#8266 = CARTESIAN_POINT('',(5.251,0.910024985461,10.370804346639));
#8267 = CARTESIAN_POINT('',(5.251,0.907779108361,10.376169497488));
#8268 = CARTESIAN_POINT('',(5.251,0.907779108361,10.383156670686));
#8269 = ORIENTED_EDGE('',*,*,#8270,.T.);
#8270 = EDGE_CURVE('',#8262,#8271,#8273,.T.);
#8271 = VERTEX_POINT('',#8272);
#8272 = CARTESIAN_POINT('',(5.25,0.907779108361,10.383156670686));
#8273 = B_SPLINE_CURVE_WITH_KNOTS('',1,(#8274,#8275),.UNSPECIFIED.,.F.,
  .F.,(2,2),(-0.,1.E-03),.PIECEWISE_BEZIER_KNOTS.);
#8274 = CARTESIAN_POINT('',(5.251,0.907779108361,10.383156670686));
#8275 = CARTESIAN_POINT('',(5.25,0.907779108361,10.383156670686));
#8276 = ORIENTED_EDGE('',*,*,#8277,.F.);
#8277 = EDGE_CURVE('',#8235,#8271,#8278,.T.);
#8278 = B_SPLINE_CURVE_WITH_KNOTS('',3,(#8279,#8280,#8281,#8282),
  .UNSPECIFIED.,.F.,.F.,(4,4),(13.,14.),.PIECEWISE_BEZIER_KNOTS.);
#8279 = CARTESIAN_POINT('',(5.25,0.914454354184,10.366936447192));
#8280 = CARTESIAN_POINT('',(5.25,0.910024985461,10.370804346639));
#8281 = CARTESIAN_POINT('',(5.25,0.907779108361,10.376169497488));
#8282 = CARTESIAN_POINT('',(5.25,0.907779108361,10.383156670686));
#8283 = B_SPLINE_SURFACE_WITH_KNOTS('',3,1,(
    (#8284,#8285)
    ,(#8286,#8287)
    ,(#8288,#8289)
    ,(#8290,#8291
    )),.UNSPECIFIED.,.F.,.F.,.F.,(4,4),(2,2),(13.,14.),(0.,1.),
  .PIECEWISE_BEZIER_KNOTS.);
#8284 = CARTESIAN_POINT('',(5.251,0.914454354184,10.366936447192));
#8285 = CARTESIAN_POINT('',(5.25,0.914454354184,10.366936447192));
#8286 = CARTESIAN_POINT('',(5.251,0.910024985461,10.370804346639));
#8287 = CARTESIAN_POINT('',(5.25,0.910024985461,10.370804346639));
#8288 = CARTESIAN_POINT('',(5.251,0.907779108361,10.376169497488));
#8289 = CARTESIAN_POINT('',(5.25,0.907779108361,10.376169497488));
#8290 = CARTESIAN_POINT('',(5.251,0.907779108361,10.383156670686));
#8291 = CARTESIAN_POINT('',(5.25,0.907779108361,10.383156670686));
#8292 = ADVANCED_FACE('',(#8293),#8319,.F.);
#8293 = FACE_BOUND('',#8294,.F.);
#8294 = EDGE_LOOP('',(#8295,#8296,#8305,#8312));
#8295 = ORIENTED_EDGE('',*,*,#8270,.F.);
#8296 = ORIENTED_EDGE('',*,*,#8297,.T.);
#8297 = EDGE_CURVE('',#8262,#8298,#8300,.T.);
#8298 = VERTEX_POINT('',#8299);
#8299 = CARTESIAN_POINT('',(5.251,0.917074544133,10.400125519879));
#8300 = B_SPLINE_CURVE_WITH_KNOTS('',3,(#8301,#8302,#8303,#8304),
  .UNSPECIFIED.,.F.,.F.,(4,4),(12.,13.),.PIECEWISE_BEZIER_KNOTS.);
#8301 = CARTESIAN_POINT('',(5.251,0.907779108361,10.383156670686));
#8302 = CARTESIAN_POINT('',(5.251,0.907779108361,10.390143843882));
#8303 = CARTESIAN_POINT('',(5.251,0.910898382111,10.395883307581));
#8304 = CARTESIAN_POINT('',(5.251,0.917074544133,10.400125519879));
#8305 = ORIENTED_EDGE('',*,*,#8306,.T.);
#8306 = EDGE_CURVE('',#8298,#8307,#8309,.T.);
#8307 = VERTEX_POINT('',#8308);
#8308 = CARTESIAN_POINT('',(5.25,0.917074544133,10.400125519879));
#8309 = B_SPLINE_CURVE_WITH_KNOTS('',1,(#8310,#8311),.UNSPECIFIED.,.F.,
  .F.,(2,2),(-0.,1.E-03),.PIECEWISE_BEZIER_KNOTS.);
#8310 = CARTESIAN_POINT('',(5.251,0.917074544133,10.400125519879));
#8311 = CARTESIAN_POINT('',(5.25,0.917074544133,10.400125519879));
#8312 = ORIENTED_EDGE('',*,*,#8313,.F.);
#8313 = EDGE_CURVE('',#8271,#8307,#8314,.T.);
#8314 = B_SPLINE_CURVE_WITH_KNOTS('',3,(#8315,#8316,#8317,#8318),
  .UNSPECIFIED.,.F.,.F.,(4,4),(12.,13.),.PIECEWISE_BEZIER_KNOTS.);
#8315 = CARTESIAN_POINT('',(5.25,0.907779108361,10.383156670686));
#8316 = CARTESIAN_POINT('',(5.25,0.907779108361,10.390143843882));
#8317 = CARTESIAN_POINT('',(5.25,0.910898382111,10.395883307581));
#8318 = CARTESIAN_POINT('',(5.25,0.917074544133,10.400125519879));
#8319 = B_SPLINE_SURFACE_WITH_KNOTS('',3,1,(
    (#8320,#8321)
    ,(#8322,#8323)
    ,(#8324,#8325)
    ,(#8326,#8327
    )),.UNSPECIFIED.,.F.,.F.,.F.,(4,4),(2,2),(12.,13.),(0.,1.),
  .PIECEWISE_BEZIER_KNOTS.);
#8320 = CARTESIAN_POINT('',(5.251,0.907779108361,10.383156670686));
#8321 = CARTESIAN_POINT('',(5.25,0.907779108361,10.383156670686));
#8322 = CARTESIAN_POINT('',(5.251,0.907779108361,10.390143843882));
#8323 = CARTESIAN_POINT('',(5.25,0.907779108361,10.390143843882));
#8324 = CARTESIAN_POINT('',(5.251,0.910898382111,10.395883307581));
#8325 = CARTESIAN_POINT('',(5.25,0.910898382111,10.395883307581));
#8326 = CARTESIAN_POINT('',(5.251,0.917074544133,10.400125519879));
#8327 = CARTESIAN_POINT('',(5.25,0.917074544133,10.400125519879));
#8328 = ADVANCED_FACE('',(#8329),#8355,.F.);
#8329 = FACE_BOUND('',#8330,.F.);
#8330 = EDGE_LOOP('',(#8331,#8332,#8341,#8348));
#8331 = ORIENTED_EDGE('',*,*,#8306,.F.);
#8332 = ORIENTED_EDGE('',*,*,#8333,.T.);
#8333 = EDGE_CURVE('',#8298,#8334,#8336,.T.);
#8334 = VERTEX_POINT('',#8335);
#8335 = CARTESIAN_POINT('',(5.251,0.941155337475,10.406613609278));
#8336 = B_SPLINE_CURVE_WITH_KNOTS('',3,(#8337,#8338,#8339,#8340),
  .UNSPECIFIED.,.F.,.F.,(4,4),(11.,12.),.PIECEWISE_BEZIER_KNOTS.);
#8337 = CARTESIAN_POINT('',(5.251,0.917074544133,10.400125519879));
#8338 = CARTESIAN_POINT('',(5.251,0.923250706156,10.404492503128));
#8339 = CARTESIAN_POINT('',(5.251,0.931298432429,10.406613609278));
#8340 = CARTESIAN_POINT('',(5.251,0.941155337475,10.406613609278));
#8341 = ORIENTED_EDGE('',*,*,#8342,.T.);
#8342 = EDGE_CURVE('',#8334,#8343,#8345,.T.);
#8343 = VERTEX_POINT('',#8344);
#8344 = CARTESIAN_POINT('',(5.25,0.941155337475,10.406613609278));
#8345 = B_SPLINE_CURVE_WITH_KNOTS('',1,(#8346,#8347),.UNSPECIFIED.,.F.,
  .F.,(2,2),(-0.,1.E-03),.PIECEWISE_BEZIER_KNOTS.);
#8346 = CARTESIAN_POINT('',(5.251,0.941155337475,10.406613609278));
#8347 = CARTESIAN_POINT('',(5.25,0.941155337475,10.406613609278));
#8348 = ORIENTED_EDGE('',*,*,#8349,.F.);
#8349 = EDGE_CURVE('',#8307,#8343,#8350,.T.);
#8350 = B_SPLINE_CURVE_WITH_KNOTS('',3,(#8351,#8352,#8353,#8354),
  .UNSPECIFIED.,.F.,.F.,(4,4),(11.,12.),.PIECEWISE_BEZIER_KNOTS.);
#8351 = CARTESIAN_POINT('',(5.25,0.917074544133,10.400125519879));
#8352 = CARTESIAN_POINT('',(5.25,0.923250706156,10.404492503128));
#8353 = CARTESIAN_POINT('',(5.25,0.931298432429,10.406613609278));
#8354 = CARTESIAN_POINT('',(5.25,0.941155337475,10.406613609278));
#8355 = B_SPLINE_SURFACE_WITH_KNOTS('',3,1,(
    (#8356,#8357)
    ,(#8358,#8359)
    ,(#8360,#8361)
    ,(#8362,#8363
    )),.UNSPECIFIED.,.F.,.F.,.F.,(4,4),(2,2),(11.,12.),(0.,1.),
  .PIECEWISE_BEZIER_KNOTS.);
#8356 = CARTESIAN_POINT('',(5.251,0.917074544133,10.400125519879));
#8357 = CARTESIAN_POINT('',(5.25,0.917074544133,10.400125519879));
#8358 = CARTESIAN_POINT('',(5.251,0.923250706156,10.404492503128));
#8359 = CARTESIAN_POINT('',(5.25,0.923250706156,10.404492503128));
#8360 = CARTESIAN_POINT('',(5.251,0.931298432429,10.406613609278));
#8361 = CARTESIAN_POINT('',(5.25,0.931298432429,10.406613609278));
#8362 = CARTESIAN_POINT('',(5.251,0.941155337475,10.406613609278));
#8363 = CARTESIAN_POINT('',(5.25,0.941155337475,10.406613609278));
#8364 = ADVANCED_FACE('',(#8365),#8391,.F.);
#8365 = FACE_BOUND('',#8366,.F.);
#8366 = EDGE_LOOP('',(#8367,#8368,#8377,#8384));
#8367 = ORIENTED_EDGE('',*,*,#8342,.F.);
#8368 = ORIENTED_EDGE('',*,*,#8369,.T.);
#8369 = EDGE_CURVE('',#8334,#8370,#8372,.T.);
#8370 = VERTEX_POINT('',#8371);
#8371 = CARTESIAN_POINT('',(5.251,0.985449024711,10.394011743332));
#8372 = B_SPLINE_CURVE_WITH_KNOTS('',3,(#8373,#8374,#8375,#8376),
  .UNSPECIFIED.,.F.,.F.,(4,4),(10.,11.),.PIECEWISE_BEZIER_KNOTS.);
#8373 = CARTESIAN_POINT('',(5.251,0.941155337475,10.406613609278));
#8374 = CARTESIAN_POINT('',(5.251,0.957687488345,10.406613609278));
#8375 = CARTESIAN_POINT('',(5.251,0.97241046044,10.402371396979));
#8376 = CARTESIAN_POINT('',(5.251,0.985449024711,10.394011743332));
#8377 = ORIENTED_EDGE('',*,*,#8378,.T.);
#8378 = EDGE_CURVE('',#8370,#8379,#8381,.T.);
#8379 = VERTEX_POINT('',#8380);
#8380 = CARTESIAN_POINT('',(5.25,0.985449024711,10.394011743332));
#8381 = B_SPLINE_CURVE_WITH_KNOTS('',1,(#8382,#8383),.UNSPECIFIED.,.F.,
  .F.,(2,2),(-0.,1.E-03),.PIECEWISE_BEZIER_KNOTS.);
#8382 = CARTESIAN_POINT('',(5.251,0.985449024711,10.394011743332));
#8383 = CARTESIAN_POINT('',(5.25,0.985449024711,10.394011743332));
#8384 = ORIENTED_EDGE('',*,*,#8385,.F.);
#8385 = EDGE_CURVE('',#8343,#8379,#8386,.T.);
#8386 = B_SPLINE_CURVE_WITH_KNOTS('',3,(#8387,#8388,#8389,#8390),
  .UNSPECIFIED.,.F.,.F.,(4,4),(10.,11.),.PIECEWISE_BEZIER_KNOTS.);
#8387 = CARTESIAN_POINT('',(5.25,0.941155337475,10.406613609278));
#8388 = CARTESIAN_POINT('',(5.25,0.957687488345,10.406613609278));
#8389 = CARTESIAN_POINT('',(5.25,0.97241046044,10.402371396979));
#8390 = CARTESIAN_POINT('',(5.25,0.985449024711,10.394011743332));
#8391 = B_SPLINE_SURFACE_WITH_KNOTS('',3,1,(
    (#8392,#8393)
    ,(#8394,#8395)
    ,(#8396,#8397)
    ,(#8398,#8399
    )),.UNSPECIFIED.,.F.,.F.,.F.,(4,4),(2,2),(10.,11.),(0.,1.),
  .PIECEWISE_BEZIER_KNOTS.);
#8392 = CARTESIAN_POINT('',(5.251,0.941155337475,10.406613609278));
#8393 = CARTESIAN_POINT('',(5.25,0.941155337475,10.406613609278));
#8394 = CARTESIAN_POINT('',(5.251,0.957687488345,10.406613609278));
#8395 = CARTESIAN_POINT('',(5.25,0.957687488345,10.406613609278));
#8396 = CARTESIAN_POINT('',(5.251,0.97241046044,10.402371396979));
#8397 = CARTESIAN_POINT('',(5.25,0.97241046044,10.402371396979));
#8398 = CARTESIAN_POINT('',(5.251,0.985449024711,10.394011743332));
#8399 = CARTESIAN_POINT('',(5.25,0.985449024711,10.394011743332));
#8400 = ADVANCED_FACE('',(#8401),#8423,.F.);
#8401 = FACE_BOUND('',#8402,.T.);
#8402 = EDGE_LOOP('',(#8403,#8410,#8417,#8422));
#8403 = ORIENTED_EDGE('',*,*,#8404,.T.);
#8404 = EDGE_CURVE('',#8379,#8405,#8407,.T.);
#8405 = VERTEX_POINT('',#8406);
#8406 = CARTESIAN_POINT('',(5.25,0.985449024711,10.423707229421));
#8407 = B_SPLINE_CURVE_WITH_KNOTS('',1,(#8408,#8409),.UNSPECIFIED.,.F.,
  .F.,(2,2),(-2.969548608943E-02,0.),.PIECEWISE_BEZIER_KNOTS.);
#8408 = CARTESIAN_POINT('',(5.25,0.985449024711,10.394011743332));
#8409 = CARTESIAN_POINT('',(5.25,0.985449024711,10.423707229421));
#8410 = ORIENTED_EDGE('',*,*,#8411,.F.);
#8411 = EDGE_CURVE('',#8412,#8405,#8414,.T.);
#8412 = VERTEX_POINT('',#8413);
#8413 = CARTESIAN_POINT('',(5.251,0.985449024711,10.423707229421));
#8414 = B_SPLINE_CURVE_WITH_KNOTS('',1,(#8415,#8416),.UNSPECIFIED.,.F.,
  .F.,(2,2),(-0.,1.E-03),.PIECEWISE_BEZIER_KNOTS.);
#8415 = CARTESIAN_POINT('',(5.251,0.985449024711,10.423707229421));
#8416 = CARTESIAN_POINT('',(5.25,0.985449024711,10.423707229421));
#8417 = ORIENTED_EDGE('',*,*,#8418,.F.);
#8418 = EDGE_CURVE('',#8370,#8412,#8419,.T.);
#8419 = B_SPLINE_CURVE_WITH_KNOTS('',1,(#8420,#8421),.UNSPECIFIED.,.F.,
  .F.,(2,2),(-2.969548608943E-02,0.),.PIECEWISE_BEZIER_KNOTS.);
#8420 = CARTESIAN_POINT('',(5.251,0.985449024711,10.394011743332));
#8421 = CARTESIAN_POINT('',(5.251,0.985449024711,10.423707229421));
#8422 = ORIENTED_EDGE('',*,*,#8378,.T.);
#8423 = B_SPLINE_SURFACE_WITH_KNOTS('',1,1,(
    (#8424,#8425)
    ,(#8426,#8427
    )),.UNSPECIFIED.,.F.,.F.,.F.,(2,2),(2,2),(-0.,2.969548608943E-02),(
    -1.000000000001E-03,0.),.PIECEWISE_BEZIER_KNOTS.);
#8424 = CARTESIAN_POINT('',(5.25,0.985449024711,10.423707229421));
#8425 = CARTESIAN_POINT('',(5.251,0.985449024711,10.423707229421));
#8426 = CARTESIAN_POINT('',(5.25,0.985449024711,10.394011743332));
#8427 = CARTESIAN_POINT('',(5.251,0.985449024711,10.394011743332));
#8428 = ADVANCED_FACE('',(#8429),#8455,.F.);
#8429 = FACE_BOUND('',#8430,.F.);
#8430 = EDGE_LOOP('',(#8431,#8432,#8441,#8448));
#8431 = ORIENTED_EDGE('',*,*,#8411,.F.);
#8432 = ORIENTED_EDGE('',*,*,#8433,.T.);
#8433 = EDGE_CURVE('',#8412,#8434,#8436,.T.);
#8434 = VERTEX_POINT('',#8435);
#8435 = CARTESIAN_POINT('',(5.251,0.944149840274,10.43144302832));
#8436 = B_SPLINE_CURVE_WITH_KNOTS('',3,(#8437,#8438,#8439,#8440),
  .UNSPECIFIED.,.F.,.F.,(4,4),(8.,9.),.PIECEWISE_BEZIER_KNOTS.);
#8437 = CARTESIAN_POINT('',(5.251,0.985449024711,10.423707229421));
#8438 = CARTESIAN_POINT('',(5.251,0.972722387814,10.42894760932));
#8439 = CARTESIAN_POINT('',(5.251,0.958997583319,10.43144302832));
#8440 = CARTESIAN_POINT('',(5.251,0.944149840274,10.43144302832));
#8441 = ORIENTED_EDGE('',*,*,#8442,.T.);
#8442 = EDGE_CURVE('',#8434,#8443,#8445,.T.);
#8443 = VERTEX_POINT('',#8444);
#8444 = CARTESIAN_POINT('',(5.25,0.944149840274,10.43144302832));
#8445 = B_SPLINE_CURVE_WITH_KNOTS('',1,(#8446,#8447),.UNSPECIFIED.,.F.,
  .F.,(2,2),(-0.,1.E-03),.PIECEWISE_BEZIER_KNOTS.);
#8446 = CARTESIAN_POINT('',(5.251,0.944149840274,10.43144302832));
#8447 = CARTESIAN_POINT('',(5.25,0.944149840274,10.43144302832));
#8448 = ORIENTED_EDGE('',*,*,#8449,.F.);
#8449 = EDGE_CURVE('',#8405,#8443,#8450,.T.);
#8450 = B_SPLINE_CURVE_WITH_KNOTS('',3,(#8451,#8452,#8453,#8454),
  .UNSPECIFIED.,.F.,.F.,(4,4),(8.,9.),.PIECEWISE_BEZIER_KNOTS.);
#8451 = CARTESIAN_POINT('',(5.25,0.985449024711,10.423707229421));
#8452 = CARTESIAN_POINT('',(5.25,0.972722387814,10.42894760932));
#8453 = CARTESIAN_POINT('',(5.25,0.958997583319,10.43144302832));
#8454 = CARTESIAN_POINT('',(5.25,0.944149840274,10.43144302832));
#8455 = B_SPLINE_SURFACE_WITH_KNOTS('',3,1,(
    (#8456,#8457)
    ,(#8458,#8459)
    ,(#8460,#8461)
    ,(#8462,#8463
    )),.UNSPECIFIED.,.F.,.F.,.F.,(4,4),(2,2),(8.,9.),(0.,1.),
  .PIECEWISE_BEZIER_KNOTS.);
#8456 = CARTESIAN_POINT('',(5.251,0.985449024711,10.423707229421));
#8457 = CARTESIAN_POINT('',(5.25,0.985449024711,10.423707229421));
#8458 = CARTESIAN_POINT('',(5.251,0.972722387814,10.42894760932));
#8459 = CARTESIAN_POINT('',(5.25,0.972722387814,10.42894760932));
#8460 = CARTESIAN_POINT('',(5.251,0.958997583319,10.43144302832));
#8461 = CARTESIAN_POINT('',(5.25,0.958997583319,10.43144302832));
#8462 = CARTESIAN_POINT('',(5.251,0.944149840274,10.43144302832));
#8463 = CARTESIAN_POINT('',(5.25,0.944149840274,10.43144302832));
#8464 = ADVANCED_FACE('',(#8465),#8491,.F.);
#8465 = FACE_BOUND('',#8466,.F.);
#8466 = EDGE_LOOP('',(#8467,#8468,#8477,#8484));
#8467 = ORIENTED_EDGE('',*,*,#8442,.F.);
#8468 = ORIENTED_EDGE('',*,*,#8469,.T.);
#8469 = EDGE_CURVE('',#8434,#8470,#8472,.T.);
#8470 = VERTEX_POINT('',#8471);
#8471 = CARTESIAN_POINT('',(5.251,0.895863482641,10.417593452874));
#8472 = B_SPLINE_CURVE_WITH_KNOTS('',3,(#8473,#8474,#8475,#8476),
  .UNSPECIFIED.,.F.,.F.,(4,4),(7.,8.),.PIECEWISE_BEZIER_KNOTS.);
#8473 = CARTESIAN_POINT('',(5.251,0.944149840274,10.43144302832));
#8474 = CARTESIAN_POINT('',(5.251,0.925059884931,10.43144302832));
#8475 = CARTESIAN_POINT('',(5.251,0.908964432386,10.426826503172));
#8476 = CARTESIAN_POINT('',(5.251,0.895863482641,10.417593452874));
#8477 = ORIENTED_EDGE('',*,*,#8478,.T.);
#8478 = EDGE_CURVE('',#8470,#8479,#8481,.T.);
#8479 = VERTEX_POINT('',#8480);
#8480 = CARTESIAN_POINT('',(5.25,0.895863482641,10.417593452874));
#8481 = B_SPLINE_CURVE_WITH_KNOTS('',1,(#8482,#8483),.UNSPECIFIED.,.F.,
  .F.,(2,2),(-0.,1.E-03),.PIECEWISE_BEZIER_KNOTS.);
#8482 = CARTESIAN_POINT('',(5.251,0.895863482641,10.417593452874));
#8483 = CARTESIAN_POINT('',(5.25,0.895863482641,10.417593452874));
#8484 = ORIENTED_EDGE('',*,*,#8485,.F.);
#8485 = EDGE_CURVE('',#8443,#8479,#8486,.T.);
#8486 = B_SPLINE_CURVE_WITH_KNOTS('',3,(#8487,#8488,#8489,#8490),
  .UNSPECIFIED.,.F.,.F.,(4,4),(7.,8.),.PIECEWISE_BEZIER_KNOTS.);
#8487 = CARTESIAN_POINT('',(5.25,0.944149840274,10.43144302832));
#8488 = CARTESIAN_POINT('',(5.25,0.925059884931,10.43144302832));
#8489 = CARTESIAN_POINT('',(5.25,0.908964432386,10.426826503172));
#8490 = CARTESIAN_POINT('',(5.25,0.895863482641,10.417593452874));
#8491 = B_SPLINE_SURFACE_WITH_KNOTS('',3,1,(
    (#8492,#8493)
    ,(#8494,#8495)
    ,(#8496,#8497)
    ,(#8498,#8499
    )),.UNSPECIFIED.,.F.,.F.,.F.,(4,4),(2,2),(7.,8.),(0.,1.),
  .PIECEWISE_BEZIER_KNOTS.);
#8492 = CARTESIAN_POINT('',(5.251,0.944149840274,10.43144302832));
#8493 = CARTESIAN_POINT('',(5.25,0.944149840274,10.43144302832));
#8494 = CARTESIAN_POINT('',(5.251,0.925059884931,10.43144302832));
#8495 = CARTESIAN_POINT('',(5.25,0.925059884931,10.43144302832));
#8496 = CARTESIAN_POINT('',(5.251,0.908964432386,10.426826503172));
#8497 = CARTESIAN_POINT('',(5.25,0.908964432386,10.426826503172));
#8498 = CARTESIAN_POINT('',(5.251,0.895863482641,10.417593452874));
#8499 = CARTESIAN_POINT('',(5.25,0.895863482641,10.417593452874));
#8500 = ADVANCED_FACE('',(#8501),#8527,.F.);
#8501 = FACE_BOUND('',#8502,.F.);
#8502 = EDGE_LOOP('',(#8503,#8504,#8513,#8520));
#8503 = ORIENTED_EDGE('',*,*,#8478,.F.);
#8504 = ORIENTED_EDGE('',*,*,#8505,.T.);
#8505 = EDGE_CURVE('',#8470,#8506,#8508,.T.);
#8506 = VERTEX_POINT('',#8507);
#8507 = CARTESIAN_POINT('',(5.251,0.876274443497,10.380411709787));
#8508 = B_SPLINE_CURVE_WITH_KNOTS('',3,(#8509,#8510,#8511,#8512),
  .UNSPECIFIED.,.F.,.F.,(4,4),(6.,7.),.PIECEWISE_BEZIER_KNOTS.);
#8509 = CARTESIAN_POINT('',(5.251,0.895863482641,10.417593452874));
#8510 = CARTESIAN_POINT('',(5.251,0.88282491837,10.408235631627));
#8511 = CARTESIAN_POINT('',(5.251,0.876274443497,10.395883307581));
#8512 = CARTESIAN_POINT('',(5.251,0.876274443497,10.380411709787));
#8513 = ORIENTED_EDGE('',*,*,#8514,.T.);
#8514 = EDGE_CURVE('',#8506,#8515,#8517,.T.);
#8515 = VERTEX_POINT('',#8516);
#8516 = CARTESIAN_POINT('',(5.25,0.876274443497,10.380411709787));
#8517 = B_SPLINE_CURVE_WITH_KNOTS('',1,(#8518,#8519),.UNSPECIFIED.,.F.,
  .F.,(2,2),(-0.,1.E-03),.PIECEWISE_BEZIER_KNOTS.);
#8518 = CARTESIAN_POINT('',(5.251,0.876274443497,10.380411709787));
#8519 = CARTESIAN_POINT('',(5.25,0.876274443497,10.380411709787));
#8520 = ORIENTED_EDGE('',*,*,#8521,.F.);
#8521 = EDGE_CURVE('',#8479,#8515,#8522,.T.);
#8522 = B_SPLINE_CURVE_WITH_KNOTS('',3,(#8523,#8524,#8525,#8526),
  .UNSPECIFIED.,.F.,.F.,(4,4),(6.,7.),.PIECEWISE_BEZIER_KNOTS.);
#8523 = CARTESIAN_POINT('',(5.25,0.895863482641,10.417593452874));
#8524 = CARTESIAN_POINT('',(5.25,0.88282491837,10.408235631627));
#8525 = CARTESIAN_POINT('',(5.25,0.876274443497,10.395883307581));
#8526 = CARTESIAN_POINT('',(5.25,0.876274443497,10.380411709787));
#8527 = B_SPLINE_SURFACE_WITH_KNOTS('',3,1,(
    (#8528,#8529)
    ,(#8530,#8531)
    ,(#8532,#8533)
    ,(#8534,#8535
    )),.UNSPECIFIED.,.F.,.F.,.F.,(4,4),(2,2),(6.,7.),(0.,1.),
  .PIECEWISE_BEZIER_KNOTS.);
#8528 = CARTESIAN_POINT('',(5.251,0.895863482641,10.417593452874));
#8529 = CARTESIAN_POINT('',(5.25,0.895863482641,10.417593452874));
#8530 = CARTESIAN_POINT('',(5.251,0.88282491837,10.408235631627));
#8531 = CARTESIAN_POINT('',(5.25,0.88282491837,10.408235631627));
#8532 = CARTESIAN_POINT('',(5.251,0.876274443497,10.395883307581));
#8533 = CARTESIAN_POINT('',(5.25,0.876274443497,10.395883307581));
#8534 = CARTESIAN_POINT('',(5.251,0.876274443497,10.380411709787));
#8535 = CARTESIAN_POINT('',(5.25,0.876274443497,10.380411709787));
#8536 = ADVANCED_FACE('',(#8537),#8563,.F.);
#8537 = FACE_BOUND('',#8538,.F.);
#8538 = EDGE_LOOP('',(#8539,#8540,#8549,#8556));
#8539 = ORIENTED_EDGE('',*,*,#8514,.F.);
#8540 = ORIENTED_EDGE('',*,*,#8541,.T.);
#8541 = EDGE_CURVE('',#8506,#8542,#8544,.T.);
#8542 = VERTEX_POINT('',#8543);
#8543 = CARTESIAN_POINT('',(5.251,0.884946024519,10.352837329846));
#8544 = B_SPLINE_CURVE_WITH_KNOTS('',3,(#8545,#8546,#8547,#8548),
  .UNSPECIFIED.,.F.,.F.,(4,4),(5.,6.),.PIECEWISE_BEZIER_KNOTS.);
#8545 = CARTESIAN_POINT('',(5.251,0.876274443497,10.380411709787));
#8546 = CARTESIAN_POINT('',(5.251,0.876274443497,10.369681408089));
#8547 = CARTESIAN_POINT('',(5.251,0.879144175346,10.360448357793));
#8548 = CARTESIAN_POINT('',(5.251,0.884946024519,10.352837329846));
#8549 = ORIENTED_EDGE('',*,*,#8550,.T.);
#8550 = EDGE_CURVE('',#8542,#8551,#8553,.T.);
#8551 = VERTEX_POINT('',#8552);
#8552 = CARTESIAN_POINT('',(5.25,0.884946024519,10.352837329846));
#8553 = B_SPLINE_CURVE_WITH_KNOTS('',1,(#8554,#8555),.UNSPECIFIED.,.F.,
  .F.,(2,2),(-0.,1.E-03),.PIECEWISE_BEZIER_KNOTS.);
#8554 = CARTESIAN_POINT('',(5.251,0.884946024519,10.352837329846));
#8555 = CARTESIAN_POINT('',(5.25,0.884946024519,10.352837329846));
#8556 = ORIENTED_EDGE('',*,*,#8557,.F.);
#8557 = EDGE_CURVE('',#8515,#8551,#8558,.T.);
#8558 = B_SPLINE_CURVE_WITH_KNOTS('',3,(#8559,#8560,#8561,#8562),
  .UNSPECIFIED.,.F.,.F.,(4,4),(5.,6.),.PIECEWISE_BEZIER_KNOTS.);
#8559 = CARTESIAN_POINT('',(5.25,0.876274443497,10.380411709787));
#8560 = CARTESIAN_POINT('',(5.25,0.876274443497,10.369681408089));
#8561 = CARTESIAN_POINT('',(5.25,0.879144175346,10.360448357793));
#8562 = CARTESIAN_POINT('',(5.25,0.884946024519,10.352837329846));
#8563 = B_SPLINE_SURFACE_WITH_KNOTS('',3,1,(
    (#8564,#8565)
    ,(#8566,#8567)
    ,(#8568,#8569)
    ,(#8570,#8571
    )),.UNSPECIFIED.,.F.,.F.,.F.,(4,4),(2,2),(5.,6.),(0.,1.),
  .PIECEWISE_BEZIER_KNOTS.);
#8564 = CARTESIAN_POINT('',(5.251,0.876274443497,10.380411709787));
#8565 = CARTESIAN_POINT('',(5.25,0.876274443497,10.380411709787));
#8566 = CARTESIAN_POINT('',(5.251,0.876274443497,10.369681408089));
#8567 = CARTESIAN_POINT('',(5.25,0.876274443497,10.369681408089));
#8568 = CARTESIAN_POINT('',(5.251,0.879144175346,10.360448357793));
#8569 = CARTESIAN_POINT('',(5.25,0.879144175346,10.360448357793));
#8570 = CARTESIAN_POINT('',(5.251,0.884946024519,10.352837329846));
#8571 = CARTESIAN_POINT('',(5.25,0.884946024519,10.352837329846));
#8572 = ADVANCED_FACE('',(#8573),#8599,.F.);
#8573 = FACE_BOUND('',#8574,.F.);
#8574 = EDGE_LOOP('',(#8575,#8576,#8585,#8592));
#8575 = ORIENTED_EDGE('',*,*,#8550,.F.);
#8576 = ORIENTED_EDGE('',*,*,#8577,.T.);
#8577 = EDGE_CURVE('',#8542,#8578,#8580,.T.);
#8578 = VERTEX_POINT('',#8579);
#8579 = CARTESIAN_POINT('',(5.251,0.922564465932,10.329754704103));
#8580 = B_SPLINE_CURVE_WITH_KNOTS('',3,(#8581,#8582,#8583,#8584),
  .UNSPECIFIED.,.F.,.F.,(4,4),(4.,5.),.PIECEWISE_BEZIER_KNOTS.);
#8581 = CARTESIAN_POINT('',(5.251,0.884946024519,10.352837329846));
#8582 = CARTESIAN_POINT('',(5.251,0.890685488217,10.345226301899));
#8583 = CARTESIAN_POINT('',(5.251,0.903287354163,10.337490503));
#8584 = CARTESIAN_POINT('',(5.251,0.922564465932,10.329754704103));
#8585 = ORIENTED_EDGE('',*,*,#8586,.T.);
#8586 = EDGE_CURVE('',#8578,#8587,#8589,.T.);
#8587 = VERTEX_POINT('',#8588);
#8588 = CARTESIAN_POINT('',(5.25,0.922564465932,10.329754704103));
#8589 = B_SPLINE_CURVE_WITH_KNOTS('',1,(#8590,#8591),.UNSPECIFIED.,.F.,
  .F.,(2,2),(-0.,1.E-03),.PIECEWISE_BEZIER_KNOTS.);
#8590 = CARTESIAN_POINT('',(5.251,0.922564465932,10.329754704103));
#8591 = CARTESIAN_POINT('',(5.25,0.922564465932,10.329754704103));
#8592 = ORIENTED_EDGE('',*,*,#8593,.F.);
#8593 = EDGE_CURVE('',#8551,#8587,#8594,.T.);
#8594 = B_SPLINE_CURVE_WITH_KNOTS('',3,(#8595,#8596,#8597,#8598),
  .UNSPECIFIED.,.F.,.F.,(4,4),(4.,5.),.PIECEWISE_BEZIER_KNOTS.);
#8595 = CARTESIAN_POINT('',(5.25,0.884946024519,10.352837329846));
#8596 = CARTESIAN_POINT('',(5.25,0.890685488217,10.345226301899));
#8597 = CARTESIAN_POINT('',(5.25,0.903287354163,10.337490503));
#8598 = CARTESIAN_POINT('',(5.25,0.922564465932,10.329754704103));
#8599 = B_SPLINE_SURFACE_WITH_KNOTS('',3,1,(
    (#8600,#8601)
    ,(#8602,#8603)
    ,(#8604,#8605)
    ,(#8606,#8607
    )),.UNSPECIFIED.,.F.,.F.,.F.,(4,4),(2,2),(4.,5.),(0.,1.),
  .PIECEWISE_BEZIER_KNOTS.);
#8600 = CARTESIAN_POINT('',(5.251,0.884946024519,10.352837329846));
#8601 = CARTESIAN_POINT('',(5.25,0.884946024519,10.352837329846));
#8602 = CARTESIAN_POINT('',(5.251,0.890685488217,10.345226301899));
#8603 = CARTESIAN_POINT('',(5.25,0.890685488217,10.345226301899));
#8604 = CARTESIAN_POINT('',(5.251,0.903287354163,10.337490503));
#8605 = CARTESIAN_POINT('',(5.25,0.903287354163,10.337490503));
#8606 = CARTESIAN_POINT('',(5.251,0.922564465932,10.329754704103));
#8607 = CARTESIAN_POINT('',(5.25,0.922564465932,10.329754704103));
#8608 = ADVANCED_FACE('',(#8609),#8635,.F.);
#8609 = FACE_BOUND('',#8610,.F.);
#8610 = EDGE_LOOP('',(#8611,#8612,#8621,#8628));
#8611 = ORIENTED_EDGE('',*,*,#8586,.F.);
#8612 = ORIENTED_EDGE('',*,*,#8613,.T.);
#8613 = EDGE_CURVE('',#8578,#8614,#8616,.T.);
#8614 = VERTEX_POINT('',#8615);
#8615 = CARTESIAN_POINT('',(5.251,0.954568214595,10.314158335358));
#8616 = B_SPLINE_CURVE_WITH_KNOTS('',3,(#8617,#8618,#8619,#8620),
  .UNSPECIFIED.,.F.,.F.,(4,4),(3.,4.),.PIECEWISE_BEZIER_KNOTS.);
#8617 = CARTESIAN_POINT('',(5.251,0.922564465932,10.329754704103));
#8618 = CARTESIAN_POINT('',(5.251,0.938659918477,10.323765698506));
#8619 = CARTESIAN_POINT('',(5.251,0.949327834697,10.318525318607));
#8620 = CARTESIAN_POINT('',(5.251,0.954568214595,10.314158335358));
#8621 = ORIENTED_EDGE('',*,*,#8622,.T.);
#8622 = EDGE_CURVE('',#8614,#8623,#8625,.T.);
#8623 = VERTEX_POINT('',#8624);
#8624 = CARTESIAN_POINT('',(5.25,0.954568214595,10.314158335358));
#8625 = B_SPLINE_CURVE_WITH_KNOTS('',1,(#8626,#8627),.UNSPECIFIED.,.F.,
  .F.,(2,2),(-0.,1.E-03),.PIECEWISE_BEZIER_KNOTS.);
#8626 = CARTESIAN_POINT('',(5.251,0.954568214595,10.314158335358));
#8627 = CARTESIAN_POINT('',(5.25,0.954568214595,10.314158335358));
#8628 = ORIENTED_EDGE('',*,*,#8629,.F.);
#8629 = EDGE_CURVE('',#8587,#8623,#8630,.T.);
#8630 = B_SPLINE_CURVE_WITH_KNOTS('',3,(#8631,#8632,#8633,#8634),
  .UNSPECIFIED.,.F.,.F.,(4,4),(3.,4.),.PIECEWISE_BEZIER_KNOTS.);
#8631 = CARTESIAN_POINT('',(5.25,0.922564465932,10.329754704103));
#8632 = CARTESIAN_POINT('',(5.25,0.938659918477,10.323765698506));
#8633 = CARTESIAN_POINT('',(5.25,0.949327834697,10.318525318607));
#8634 = CARTESIAN_POINT('',(5.25,0.954568214595,10.314158335358));
#8635 = B_SPLINE_SURFACE_WITH_KNOTS('',3,1,(
    (#8636,#8637)
    ,(#8638,#8639)
    ,(#8640,#8641)
    ,(#8642,#8643
    )),.UNSPECIFIED.,.F.,.F.,.F.,(4,4),(2,2),(3.,4.),(0.,1.),
  .PIECEWISE_BEZIER_KNOTS.);
#8636 = CARTESIAN_POINT('',(5.251,0.922564465932,10.329754704103));
#8637 = CARTESIAN_POINT('',(5.25,0.922564465932,10.329754704103));
#8638 = CARTESIAN_POINT('',(5.251,0.938659918477,10.323765698506));
#8639 = CARTESIAN_POINT('',(5.25,0.938659918477,10.323765698506));
#8640 = CARTESIAN_POINT('',(5.251,0.949327834697,10.318525318607));
#8641 = CARTESIAN_POINT('',(5.25,0.949327834697,10.318525318607));
#8642 = CARTESIAN_POINT('',(5.251,0.954568214595,10.314158335358));
#8643 = CARTESIAN_POINT('',(5.25,0.954568214595,10.314158335358));
#8644 = ADVANCED_FACE('',(#8645),#8671,.F.);
#8645 = FACE_BOUND('',#8646,.F.);
#8646 = EDGE_LOOP('',(#8647,#8648,#8657,#8664));
#8647 = ORIENTED_EDGE('',*,*,#8622,.F.);
#8648 = ORIENTED_EDGE('',*,*,#8649,.T.);
#8649 = EDGE_CURVE('',#8614,#8650,#8652,.T.);
#8650 = VERTEX_POINT('',#8651);
#8651 = CARTESIAN_POINT('',(5.251,0.962428784443,10.297563799014));
#8652 = B_SPLINE_CURVE_WITH_KNOTS('',3,(#8653,#8654,#8655,#8656),
  .UNSPECIFIED.,.F.,.F.,(4,4),(2.,3.),.PIECEWISE_BEZIER_KNOTS.);
#8653 = CARTESIAN_POINT('',(5.251,0.954568214595,10.314158335358));
#8654 = CARTESIAN_POINT('',(5.251,0.959808594494,10.30979135211));
#8655 = CARTESIAN_POINT('',(5.251,0.962428784443,10.304301430313));
#8656 = CARTESIAN_POINT('',(5.251,0.962428784443,10.297563799014));
#8657 = ORIENTED_EDGE('',*,*,#8658,.T.);
#8658 = EDGE_CURVE('',#8650,#8659,#8661,.T.);
#8659 = VERTEX_POINT('',#8660);
#8660 = CARTESIAN_POINT('',(5.25,0.962428784443,10.297563799014));
#8661 = B_SPLINE_CURVE_WITH_KNOTS('',1,(#8662,#8663),.UNSPECIFIED.,.F.,
  .F.,(2,2),(-0.,1.E-03),.PIECEWISE_BEZIER_KNOTS.);
#8662 = CARTESIAN_POINT('',(5.251,0.962428784443,10.297563799014));
#8663 = CARTESIAN_POINT('',(5.25,0.962428784443,10.297563799014));
#8664 = ORIENTED_EDGE('',*,*,#8665,.F.);
#8665 = EDGE_CURVE('',#8623,#8659,#8666,.T.);
#8666 = B_SPLINE_CURVE_WITH_KNOTS('',3,(#8667,#8668,#8669,#8670),
  .UNSPECIFIED.,.F.,.F.,(4,4),(2.,3.),.PIECEWISE_BEZIER_KNOTS.);
#8667 = CARTESIAN_POINT('',(5.25,0.954568214595,10.314158335358));
#8668 = CARTESIAN_POINT('',(5.25,0.959808594494,10.30979135211));
#8669 = CARTESIAN_POINT('',(5.25,0.962428784443,10.304301430313));
#8670 = CARTESIAN_POINT('',(5.25,0.962428784443,10.297563799014));
#8671 = B_SPLINE_SURFACE_WITH_KNOTS('',3,1,(
    (#8672,#8673)
    ,(#8674,#8675)
    ,(#8676,#8677)
    ,(#8678,#8679
    )),.UNSPECIFIED.,.F.,.F.,.F.,(4,4),(2,2),(2.,3.),(0.,1.),
  .PIECEWISE_BEZIER_KNOTS.);
#8672 = CARTESIAN_POINT('',(5.251,0.954568214595,10.314158335358));
#8673 = CARTESIAN_POINT('',(5.25,0.954568214595,10.314158335358));
#8674 = CARTESIAN_POINT('',(5.251,0.959808594494,10.30979135211));
#8675 = CARTESIAN_POINT('',(5.25,0.959808594494,10.30979135211));
#8676 = CARTESIAN_POINT('',(5.251,0.962428784443,10.304301430313));
#8677 = CARTESIAN_POINT('',(5.25,0.962428784443,10.304301430313));
#8678 = CARTESIAN_POINT('',(5.251,0.962428784443,10.297563799014));
#8679 = CARTESIAN_POINT('',(5.25,0.962428784443,10.297563799014));
#8680 = ADVANCED_FACE('',(#8681),#8699,.F.);
#8681 = FACE_BOUND('',#8682,.F.);
#8682 = EDGE_LOOP('',(#8683,#8684,#8691,#8692));
#8683 = ORIENTED_EDGE('',*,*,#8658,.F.);
#8684 = ORIENTED_EDGE('',*,*,#8685,.T.);
#8685 = EDGE_CURVE('',#8650,#7973,#8686,.T.);
#8686 = B_SPLINE_CURVE_WITH_KNOTS('',3,(#8687,#8688,#8689,#8690),
  .UNSPECIFIED.,.F.,.F.,(4,4),(1.,2.),.PIECEWISE_BEZIER_KNOTS.);
#8687 = CARTESIAN_POINT('',(5.251,0.962428784443,10.297563799014));
#8688 = CARTESIAN_POINT('',(5.251,0.962428784443,10.281842659319));
#8689 = CARTESIAN_POINT('',(5.251,0.950388387773,10.273982089473));
#8690 = CARTESIAN_POINT('',(5.251,0.926369979906,10.273982089473));
#8691 = ORIENTED_EDGE('',*,*,#7972,.T.);
#8692 = ORIENTED_EDGE('',*,*,#8693,.F.);
#8693 = EDGE_CURVE('',#8659,#7975,#8694,.T.);
#8694 = B_SPLINE_CURVE_WITH_KNOTS('',3,(#8695,#8696,#8697,#8698),
  .UNSPECIFIED.,.F.,.F.,(4,4),(1.,2.),.PIECEWISE_BEZIER_KNOTS.);
#8695 = CARTESIAN_POINT('',(5.25,0.962428784443,10.297563799014));
#8696 = CARTESIAN_POINT('',(5.25,0.962428784443,10.281842659319));
#8697 = CARTESIAN_POINT('',(5.25,0.950388387773,10.273982089473));
#8698 = CARTESIAN_POINT('',(5.25,0.926369979906,10.273982089473));
#8699 = B_SPLINE_SURFACE_WITH_KNOTS('',3,1,(
    (#8700,#8701)
    ,(#8702,#8703)
    ,(#8704,#8705)
    ,(#8706,#8707
    )),.UNSPECIFIED.,.F.,.F.,.F.,(4,4),(2,2),(1.,2.),(0.,1.),
  .PIECEWISE_BEZIER_KNOTS.);
#8700 = CARTESIAN_POINT('',(5.251,0.962428784443,10.297563799014));
#8701 = CARTESIAN_POINT('',(5.25,0.962428784443,10.297563799014));
#8702 = CARTESIAN_POINT('',(5.251,0.962428784443,10.281842659319));
#8703 = CARTESIAN_POINT('',(5.25,0.962428784443,10.281842659319));
#8704 = CARTESIAN_POINT('',(5.251,0.950388387773,10.273982089473));
#8705 = CARTESIAN_POINT('',(5.25,0.950388387773,10.273982089473));
#8706 = CARTESIAN_POINT('',(5.251,0.926369979906,10.273982089473));
#8707 = CARTESIAN_POINT('',(5.25,0.926369979906,10.273982089473));
#8708 = ADVANCED_FACE('',(#8709),#8732,.F.);
#8709 = FACE_BOUND('',#8710,.T.);
#8710 = EDGE_LOOP('',(#8711,#8712,#8713,#8714,#8715,#8716,#8717,#8718,
    #8719,#8720,#8721,#8722,#8723,#8724,#8725,#8726,#8727,#8728,#8729,
    #8730,#8731));
#8711 = ORIENTED_EDGE('',*,*,#7981,.T.);
#8712 = ORIENTED_EDGE('',*,*,#8030,.T.);
#8713 = ORIENTED_EDGE('',*,*,#8045,.T.);
#8714 = ORIENTED_EDGE('',*,*,#8081,.T.);
#8715 = ORIENTED_EDGE('',*,*,#8117,.T.);
#8716 = ORIENTED_EDGE('',*,*,#8153,.T.);
#8717 = ORIENTED_EDGE('',*,*,#8189,.T.);
#8718 = ORIENTED_EDGE('',*,*,#8225,.T.);
#8719 = ORIENTED_EDGE('',*,*,#8261,.T.);
#8720 = ORIENTED_EDGE('',*,*,#8297,.T.);
#8721 = ORIENTED_EDGE('',*,*,#8333,.T.);
#8722 = ORIENTED_EDGE('',*,*,#8369,.T.);
#8723 = ORIENTED_EDGE('',*,*,#8418,.T.);
#8724 = ORIENTED_EDGE('',*,*,#8433,.T.);
#8725 = ORIENTED_EDGE('',*,*,#8469,.T.);
#8726 = ORIENTED_EDGE('',*,*,#8505,.T.);
#8727 = ORIENTED_EDGE('',*,*,#8541,.T.);
#8728 = ORIENTED_EDGE('',*,*,#8577,.T.);
#8729 = ORIENTED_EDGE('',*,*,#8613,.T.);
#8730 = ORIENTED_EDGE('',*,*,#8649,.T.);
#8731 = ORIENTED_EDGE('',*,*,#8685,.T.);
#8732 = B_SPLINE_SURFACE_WITH_KNOTS('',1,1,(
    (#8733,#8734)
    ,(#8735,#8736
    )),.UNSPECIFIED.,.F.,.F.,.F.,(2,2),(2,2),(-2.916520955252E-02,
    0.153249919286),(-2.42523533979E-02,9.346903788726E-02),
  .PIECEWISE_BEZIER_KNOTS.);
#8733 = CARTESIAN_POINT('',(5.251,0.876087287072,10.249027899481));
#8734 = CARTESIAN_POINT('',(5.251,0.993808678357,10.249027899481));
#8735 = CARTESIAN_POINT('',(5.251,0.876087287072,10.43144302832));
#8736 = CARTESIAN_POINT('',(5.251,0.993808678357,10.43144302832));
#8737 = ADVANCED_FACE('',(#8738),#8761,.T.);
#8738 = FACE_BOUND('',#8739,.T.);
#8739 = EDGE_LOOP('',(#8740,#8741,#8742,#8743,#8744,#8745,#8746,#8747,
    #8748,#8749,#8750,#8751,#8752,#8753,#8754,#8755,#8756,#8757,#8758,
    #8759,#8760));
#8740 = ORIENTED_EDGE('',*,*,#7997,.F.);
#8741 = ORIENTED_EDGE('',*,*,#8693,.F.);
#8742 = ORIENTED_EDGE('',*,*,#8665,.F.);
#8743 = ORIENTED_EDGE('',*,*,#8629,.F.);
#8744 = ORIENTED_EDGE('',*,*,#8593,.F.);
#8745 = ORIENTED_EDGE('',*,*,#8557,.F.);
#8746 = ORIENTED_EDGE('',*,*,#8521,.F.);
#8747 = ORIENTED_EDGE('',*,*,#8485,.F.);
#8748 = ORIENTED_EDGE('',*,*,#8449,.F.);
#8749 = ORIENTED_EDGE('',*,*,#8404,.F.);
#8750 = ORIENTED_EDGE('',*,*,#8385,.F.);
#8751 = ORIENTED_EDGE('',*,*,#8349,.F.);
#8752 = ORIENTED_EDGE('',*,*,#8313,.F.);
#8753 = ORIENTED_EDGE('',*,*,#8277,.F.);
#8754 = ORIENTED_EDGE('',*,*,#8241,.F.);
#8755 = ORIENTED_EDGE('',*,*,#8205,.F.);
#8756 = ORIENTED_EDGE('',*,*,#8169,.F.);
#8757 = ORIENTED_EDGE('',*,*,#8133,.F.);
#8758 = ORIENTED_EDGE('',*,*,#8097,.F.);
#8759 = ORIENTED_EDGE('',*,*,#8061,.F.);
#8760 = ORIENTED_EDGE('',*,*,#8016,.F.);
#8761 = B_SPLINE_SURFACE_WITH_KNOTS('',1,1,(
    (#8762,#8763)
    ,(#8764,#8765
    )),.UNSPECIFIED.,.F.,.F.,.F.,(2,2),(2,2),(-2.916520955252E-02,
    0.153249919286),(-2.42523533979E-02,9.346903788726E-02),
  .PIECEWISE_BEZIER_KNOTS.);
#8762 = CARTESIAN_POINT('',(5.25,0.876087287072,10.249027899481));
#8763 = CARTESIAN_POINT('',(5.25,0.993808678357,10.249027899481));
#8764 = CARTESIAN_POINT('',(5.25,0.876087287072,10.43144302832));
#8765 = CARTESIAN_POINT('',(5.25,0.993808678357,10.43144302832));
#8766 = MANIFOLD_SOLID_BREP('',#8767);
#8767 = CLOSED_SHELL('',(#8768,#8804,#8832,#8868,#8896,#8924,#8952,#8980
    ,#9008,#9036,#9072,#9108,#9136,#9172,#9208,#9228,#9251));
#8768 = ADVANCED_FACE('',(#8769),#8799,.F.);
#8769 = FACE_BOUND('',#8770,.T.);
#8770 = EDGE_LOOP('',(#8771,#8780,#8787,#8794));
#8771 = ORIENTED_EDGE('',*,*,#8772,.T.);
#8772 = EDGE_CURVE('',#8773,#8775,#8777,.T.);
#8773 = VERTEX_POINT('',#8774);
#8774 = CARTESIAN_POINT('',(5.25,1.177034818371,10.427450357921));
#8775 = VERTEX_POINT('',#8776);
#8776 = CARTESIAN_POINT('',(5.25,1.145342997083,10.427450357921));
#8777 = B_SPLINE_CURVE_WITH_KNOTS('',1,(#8778,#8779),.UNSPECIFIED.,.F.,
  .F.,(2,2),(-3.169182128817E-02,-0.),.PIECEWISE_BEZIER_KNOTS.);
#8778 = CARTESIAN_POINT('',(5.25,1.177034818371,10.427450357921));
#8779 = CARTESIAN_POINT('',(5.25,1.145342997083,10.427450357921));
#8780 = ORIENTED_EDGE('',*,*,#8781,.F.);
#8781 = EDGE_CURVE('',#8782,#8775,#8784,.T.);
#8782 = VERTEX_POINT('',#8783);
#8783 = CARTESIAN_POINT('',(5.251,1.145342997083,10.427450357921));
#8784 = B_SPLINE_CURVE_WITH_KNOTS('',1,(#8785,#8786),.UNSPECIFIED.,.F.,
  .F.,(2,2),(-0.,1.E-03),.PIECEWISE_BEZIER_KNOTS.);
#8785 = CARTESIAN_POINT('',(5.251,1.145342997083,10.427450357921));
#8786 = CARTESIAN_POINT('',(5.25,1.145342997083,10.427450357921));
#8787 = ORIENTED_EDGE('',*,*,#8788,.F.);
#8788 = EDGE_CURVE('',#8789,#8782,#8791,.T.);
#8789 = VERTEX_POINT('',#8790);
#8790 = CARTESIAN_POINT('',(5.251,1.177034818371,10.427450357921));
#8791 = B_SPLINE_CURVE_WITH_KNOTS('',1,(#8792,#8793),.UNSPECIFIED.,.F.,
  .F.,(2,2),(-3.169182128817E-02,-0.),.PIECEWISE_BEZIER_KNOTS.);
#8792 = CARTESIAN_POINT('',(5.251,1.177034818371,10.427450357921));
#8793 = CARTESIAN_POINT('',(5.251,1.145342997083,10.427450357921));
#8794 = ORIENTED_EDGE('',*,*,#8795,.T.);
#8795 = EDGE_CURVE('',#8789,#8773,#8796,.T.);
#8796 = B_SPLINE_CURVE_WITH_KNOTS('',1,(#8797,#8798),.UNSPECIFIED.,.F.,
  .F.,(2,2),(-0.,1.E-03),.PIECEWISE_BEZIER_KNOTS.);
#8797 = CARTESIAN_POINT('',(5.251,1.177034818371,10.427450357921));
#8798 = CARTESIAN_POINT('',(5.25,1.177034818371,10.427450357921));
#8799 = B_SPLINE_SURFACE_WITH_KNOTS('',1,1,(
    (#8800,#8801)
    ,(#8802,#8803
    )),.UNSPECIFIED.,.F.,.F.,.F.,(2,2),(2,2),(0.,1.E-03),(0.,
    3.169182128817E-02),.PIECEWISE_BEZIER_KNOTS.);
#8800 = CARTESIAN_POINT('',(5.251,1.145342997083,10.427450357921));
#8801 = CARTESIAN_POINT('',(5.251,1.177034818371,10.427450357921));
#8802 = CARTESIAN_POINT('',(5.25,1.145342997083,10.427450357921));
#8803 = CARTESIAN_POINT('',(5.25,1.177034818371,10.427450357921));
#8804 = ADVANCED_FACE('',(#8805),#8827,.F.);
#8805 = FACE_BOUND('',#8806,.T.);
#8806 = EDGE_LOOP('',(#8807,#8814,#8821,#8826));
#8807 = ORIENTED_EDGE('',*,*,#8808,.T.);
#8808 = EDGE_CURVE('',#8775,#8809,#8811,.T.);
#8809 = VERTEX_POINT('',#8810);
#8810 = CARTESIAN_POINT('',(5.25,1.097742879673,10.296191318565));
#8811 = B_SPLINE_CURVE_WITH_KNOTS('',1,(#8812,#8813),.UNSPECIFIED.,.F.,
  .F.,(2,2),(-0.139623445703,0.),.PIECEWISE_BEZIER_KNOTS.);
#8812 = CARTESIAN_POINT('',(5.25,1.145342997083,10.427450357921));
#8813 = CARTESIAN_POINT('',(5.25,1.097742879673,10.296191318565));
#8814 = ORIENTED_EDGE('',*,*,#8815,.F.);
#8815 = EDGE_CURVE('',#8816,#8809,#8818,.T.);
#8816 = VERTEX_POINT('',#8817);
#8817 = CARTESIAN_POINT('',(5.251,1.097742879673,10.296191318565));
#8818 = B_SPLINE_CURVE_WITH_KNOTS('',1,(#8819,#8820),.UNSPECIFIED.,.F.,
  .F.,(2,2),(-0.,1.E-03),.PIECEWISE_BEZIER_KNOTS.);
#8819 = CARTESIAN_POINT('',(5.251,1.097742879673,10.296191318565));
#8820 = CARTESIAN_POINT('',(5.25,1.097742879673,10.296191318565));
#8821 = ORIENTED_EDGE('',*,*,#8822,.F.);
#8822 = EDGE_CURVE('',#8782,#8816,#8823,.T.);
#8823 = B_SPLINE_CURVE_WITH_KNOTS('',1,(#8824,#8825),.UNSPECIFIED.,.F.,
  .F.,(2,2),(-0.139623445703,0.),.PIECEWISE_BEZIER_KNOTS.);
#8824 = CARTESIAN_POINT('',(5.251,1.145342997083,10.427450357921));
#8825 = CARTESIAN_POINT('',(5.251,1.097742879673,10.296191318565));
#8826 = ORIENTED_EDGE('',*,*,#8781,.T.);
#8827 = B_SPLINE_SURFACE_WITH_KNOTS('',1,1,(
    (#8828,#8829)
    ,(#8830,#8831
    )),.UNSPECIFIED.,.F.,.F.,.F.,(2,2),(2,2),(0.,0.139623445703),(
    -1.000000000001E-03,0.),.PIECEWISE_BEZIER_KNOTS.);
#8828 = CARTESIAN_POINT('',(5.25,1.097742879673,10.296191318565));
#8829 = CARTESIAN_POINT('',(5.251,1.097742879673,10.296191318565));
#8830 = CARTESIAN_POINT('',(5.25,1.145342997083,10.427450357921));
#8831 = CARTESIAN_POINT('',(5.251,1.145342997083,10.427450357921));
#8832 = ADVANCED_FACE('',(#8833),#8859,.F.);
#8833 = FACE_BOUND('',#8834,.F.);
#8834 = EDGE_LOOP('',(#8835,#8836,#8845,#8852));
#8835 = ORIENTED_EDGE('',*,*,#8815,.F.);
#8836 = ORIENTED_EDGE('',*,*,#8837,.T.);
#8837 = EDGE_CURVE('',#8816,#8838,#8840,.T.);
#8838 = VERTEX_POINT('',#8839);
#8839 = CARTESIAN_POINT('',(5.251,1.093999751174,10.282092201219));
#8840 = B_SPLINE_CURVE_WITH_KNOTS('',3,(#8841,#8842,#8843,#8844),
  .UNSPECIFIED.,.F.,.F.,(4,4),(12.,13.),.PIECEWISE_BEZIER_KNOTS.);
#8841 = CARTESIAN_POINT('',(5.251,1.097742879673,10.296191318565));
#8842 = CARTESIAN_POINT('',(5.251,1.095871315424,10.290077542017));
#8843 = CARTESIAN_POINT('',(5.251,1.094623605923,10.285336245919));
#8844 = CARTESIAN_POINT('',(5.251,1.093999751174,10.282092201219));
#8845 = ORIENTED_EDGE('',*,*,#8846,.T.);
#8846 = EDGE_CURVE('',#8838,#8847,#8849,.T.);
#8847 = VERTEX_POINT('',#8848);
#8848 = CARTESIAN_POINT('',(5.25,1.093999751174,10.282092201219));
#8849 = B_SPLINE_CURVE_WITH_KNOTS('',1,(#8850,#8851),.UNSPECIFIED.,.F.,
  .F.,(2,2),(-0.,1.E-03),.PIECEWISE_BEZIER_KNOTS.);
#8850 = CARTESIAN_POINT('',(5.251,1.093999751174,10.282092201219));
#8851 = CARTESIAN_POINT('',(5.25,1.093999751174,10.282092201219));
#8852 = ORIENTED_EDGE('',*,*,#8853,.F.);
#8853 = EDGE_CURVE('',#8809,#8847,#8854,.T.);
#8854 = B_SPLINE_CURVE_WITH_KNOTS('',3,(#8855,#8856,#8857,#8858),
  .UNSPECIFIED.,.F.,.F.,(4,4),(12.,13.),.PIECEWISE_BEZIER_KNOTS.);
#8855 = CARTESIAN_POINT('',(5.25,1.097742879673,10.296191318565));
#8856 = CARTESIAN_POINT('',(5.25,1.095871315424,10.290077542017));
#8857 = CARTESIAN_POINT('',(5.25,1.094623605923,10.285336245919));
#8858 = CARTESIAN_POINT('',(5.25,1.093999751174,10.282092201219));
#8859 = B_SPLINE_SURFACE_WITH_KNOTS('',3,1,(
    (#8860,#8861)
    ,(#8862,#8863)
    ,(#8864,#8865)
    ,(#8866,#8867
    )),.UNSPECIFIED.,.F.,.F.,.F.,(4,4),(2,2),(12.,13.),(0.,1.),
  .PIECEWISE_BEZIER_KNOTS.);
#8860 = CARTESIAN_POINT('',(5.251,1.097742879673,10.296191318565));
#8861 = CARTESIAN_POINT('',(5.25,1.097742879673,10.296191318565));
#8862 = CARTESIAN_POINT('',(5.251,1.095871315424,10.290077542017));
#8863 = CARTESIAN_POINT('',(5.25,1.095871315424,10.290077542017));
#8864 = CARTESIAN_POINT('',(5.251,1.094623605923,10.285336245919));
#8865 = CARTESIAN_POINT('',(5.25,1.094623605923,10.285336245919));
#8866 = CARTESIAN_POINT('',(5.251,1.093999751174,10.282092201219));
#8867 = CARTESIAN_POINT('',(5.25,1.093999751174,10.282092201219));
#8868 = ADVANCED_FACE('',(#8869),#8891,.F.);
#8869 = FACE_BOUND('',#8870,.T.);
#8870 = EDGE_LOOP('',(#8871,#8878,#8885,#8890));
#8871 = ORIENTED_EDGE('',*,*,#8872,.T.);
#8872 = EDGE_CURVE('',#8847,#8873,#8875,.T.);
#8873 = VERTEX_POINT('',#8874);
#8874 = CARTESIAN_POINT('',(5.25,1.09318874,10.282092201219));
#8875 = B_SPLINE_CURVE_WITH_KNOTS('',1,(#8876,#8877),.UNSPECIFIED.,.F.,
  .F.,(2,2),(-8.110111738016E-04,-0.),.PIECEWISE_BEZIER_KNOTS.);
#8876 = CARTESIAN_POINT('',(5.25,1.093999751174,10.282092201219));
#8877 = CARTESIAN_POINT('',(5.25,1.09318874,10.282092201219));
#8878 = ORIENTED_EDGE('',*,*,#8879,.F.);
#8879 = EDGE_CURVE('',#8880,#8873,#8882,.T.);
#8880 = VERTEX_POINT('',#8881);
#8881 = CARTESIAN_POINT('',(5.251,1.09318874,10.282092201219));
#8882 = B_SPLINE_CURVE_WITH_KNOTS('',1,(#8883,#8884),.UNSPECIFIED.,.F.,
  .F.,(2,2),(-0.,1.E-03),.PIECEWISE_BEZIER_KNOTS.);
#8883 = CARTESIAN_POINT('',(5.251,1.09318874,10.282092201219));
#8884 = CARTESIAN_POINT('',(5.25,1.09318874,10.282092201219));
#8885 = ORIENTED_EDGE('',*,*,#8886,.F.);
#8886 = EDGE_CURVE('',#8838,#8880,#8887,.T.);
#8887 = B_SPLINE_CURVE_WITH_KNOTS('',1,(#8888,#8889),.UNSPECIFIED.,.F.,
  .F.,(2,2),(-8.110111738016E-04,-0.),.PIECEWISE_BEZIER_KNOTS.);
#8888 = CARTESIAN_POINT('',(5.251,1.093999751174,10.282092201219));
#8889 = CARTESIAN_POINT('',(5.251,1.09318874,10.282092201219));
#8890 = ORIENTED_EDGE('',*,*,#8846,.T.);
#8891 = B_SPLINE_SURFACE_WITH_KNOTS('',1,1,(
    (#8892,#8893)
    ,(#8894,#8895
    )),.UNSPECIFIED.,.F.,.F.,.F.,(2,2),(2,2),(0.,1.E-03),(0.,
    8.110111738016E-04),.PIECEWISE_BEZIER_KNOTS.);
#8892 = CARTESIAN_POINT('',(5.251,1.09318874,10.282092201219));
#8893 = CARTESIAN_POINT('',(5.251,1.093999751174,10.282092201219));
#8894 = CARTESIAN_POINT('',(5.25,1.09318874,10.282092201219));
#8895 = CARTESIAN_POINT('',(5.25,1.093999751174,10.282092201219));
#8896 = ADVANCED_FACE('',(#8897),#8919,.F.);
#8897 = FACE_BOUND('',#8898,.T.);
#8898 = EDGE_LOOP('',(#8899,#8906,#8913,#8918));
#8899 = ORIENTED_EDGE('',*,*,#8900,.T.);
#8900 = EDGE_CURVE('',#8873,#8901,#8903,.T.);
#8901 = VERTEX_POINT('',#8902);
#8902 = CARTESIAN_POINT('',(5.25,1.0894456115,10.296440860464));
#8903 = B_SPLINE_CURVE_WITH_KNOTS('',1,(#8904,#8905),.UNSPECIFIED.,.F.,
  .F.,(2,2),(-1.482885811874E-02,0.),.PIECEWISE_BEZIER_KNOTS.);
#8904 = CARTESIAN_POINT('',(5.25,1.09318874,10.282092201219));
#8905 = CARTESIAN_POINT('',(5.25,1.0894456115,10.296440860464));
#8906 = ORIENTED_EDGE('',*,*,#8907,.F.);
#8907 = EDGE_CURVE('',#8908,#8901,#8910,.T.);
#8908 = VERTEX_POINT('',#8909);
#8909 = CARTESIAN_POINT('',(5.251,1.0894456115,10.296440860464));
#8910 = B_SPLINE_CURVE_WITH_KNOTS('',1,(#8911,#8912),.UNSPECIFIED.,.F.,
  .F.,(2,2),(-0.,1.E-03),.PIECEWISE_BEZIER_KNOTS.);
#8911 = CARTESIAN_POINT('',(5.251,1.0894456115,10.296440860464));
#8912 = CARTESIAN_POINT('',(5.25,1.0894456115,10.296440860464));
#8913 = ORIENTED_EDGE('',*,*,#8914,.F.);
#8914 = EDGE_CURVE('',#8880,#8908,#8915,.T.);
#8915 = B_SPLINE_CURVE_WITH_KNOTS('',1,(#8916,#8917),.UNSPECIFIED.,.F.,
  .F.,(2,2),(-1.482885811874E-02,0.),.PIECEWISE_BEZIER_KNOTS.);
#8916 = CARTESIAN_POINT('',(5.251,1.09318874,10.282092201219));
#8917 = CARTESIAN_POINT('',(5.251,1.0894456115,10.296440860464));
#8918 = ORIENTED_EDGE('',*,*,#8879,.T.);
#8919 = B_SPLINE_SURFACE_WITH_KNOTS('',1,1,(
    (#8920,#8921)
    ,(#8922,#8923
    )),.UNSPECIFIED.,.F.,.F.,.F.,(2,2),(2,2),(0.,1.482885811874E-02),(
    -1.E-03,0.),.PIECEWISE_BEZIER_KNOTS.);
#8920 = CARTESIAN_POINT('',(5.25,1.0894456115,10.296440860464));
#8921 = CARTESIAN_POINT('',(5.251,1.0894456115,10.296440860464));
#8922 = CARTESIAN_POINT('',(5.25,1.09318874,10.282092201219));
#8923 = CARTESIAN_POINT('',(5.251,1.09318874,10.282092201219));
#8924 = ADVANCED_FACE('',(#8925),#8947,.F.);
#8925 = FACE_BOUND('',#8926,.T.);
#8926 = EDGE_LOOP('',(#8927,#8934,#8941,#8946));
#8927 = ORIENTED_EDGE('',*,*,#8928,.T.);
#8928 = EDGE_CURVE('',#8901,#8929,#8931,.T.);
#8929 = VERTEX_POINT('',#8930);
#8930 = CARTESIAN_POINT('',(5.25,1.043904214766,10.427450357921));
#8931 = B_SPLINE_CURVE_WITH_KNOTS('',1,(#8932,#8933),.UNSPECIFIED.,.F.,
  .F.,(2,2),(-0.138699341167,0.),.PIECEWISE_BEZIER_KNOTS.);
#8932 = CARTESIAN_POINT('',(5.25,1.0894456115,10.296440860464));
#8933 = CARTESIAN_POINT('',(5.25,1.043904214766,10.427450357921));
#8934 = ORIENTED_EDGE('',*,*,#8935,.F.);
#8935 = EDGE_CURVE('',#8936,#8929,#8938,.T.);
#8936 = VERTEX_POINT('',#8937);
#8937 = CARTESIAN_POINT('',(5.251,1.043904214766,10.427450357921));
#8938 = B_SPLINE_CURVE_WITH_KNOTS('',1,(#8939,#8940),.UNSPECIFIED.,.F.,
  .F.,(2,2),(-0.,1.E-03),.PIECEWISE_BEZIER_KNOTS.);
#8939 = CARTESIAN_POINT('',(5.251,1.043904214766,10.427450357921));
#8940 = CARTESIAN_POINT('',(5.25,1.043904214766,10.427450357921));
#8941 = ORIENTED_EDGE('',*,*,#8942,.F.);
#8942 = EDGE_CURVE('',#8908,#8936,#8943,.T.);
#8943 = B_SPLINE_CURVE_WITH_KNOTS('',1,(#8944,#8945),.UNSPECIFIED.,.F.,
  .F.,(2,2),(-0.138699341167,0.),.PIECEWISE_BEZIER_KNOTS.);
#8944 = CARTESIAN_POINT('',(5.251,1.0894456115,10.296440860464));
#8945 = CARTESIAN_POINT('',(5.251,1.043904214766,10.427450357921));
#8946 = ORIENTED_EDGE('',*,*,#8907,.T.);
#8947 = B_SPLINE_SURFACE_WITH_KNOTS('',1,1,(
    (#8948,#8949)
    ,(#8950,#8951
    )),.UNSPECIFIED.,.F.,.F.,.F.,(2,2),(2,2),(0.,0.138699341167),(
    -1.E-03,0.),.PIECEWISE_BEZIER_KNOTS.);
#8948 = CARTESIAN_POINT('',(5.25,1.043904214766,10.427450357921));
#8949 = CARTESIAN_POINT('',(5.251,1.043904214766,10.427450357921));
#8950 = CARTESIAN_POINT('',(5.25,1.0894456115,10.296440860464));
#8951 = CARTESIAN_POINT('',(5.251,1.0894456115,10.296440860464));
#8952 = ADVANCED_FACE('',(#8953),#8975,.F.);
#8953 = FACE_BOUND('',#8954,.T.);
#8954 = EDGE_LOOP('',(#8955,#8962,#8969,#8974));
#8955 = ORIENTED_EDGE('',*,*,#8956,.T.);
#8956 = EDGE_CURVE('',#8929,#8957,#8959,.T.);
#8957 = VERTEX_POINT('',#8958);
#8958 = CARTESIAN_POINT('',(5.25,1.009716974477,10.427450357921));
#8959 = B_SPLINE_CURVE_WITH_KNOTS('',1,(#8960,#8961),.UNSPECIFIED.,.F.,
  .F.,(2,2),(-3.418724028864E-02,-0.),.PIECEWISE_BEZIER_KNOTS.);
#8960 = CARTESIAN_POINT('',(5.25,1.043904214766,10.427450357921));
#8961 = CARTESIAN_POINT('',(5.25,1.009716974477,10.427450357921));
#8962 = ORIENTED_EDGE('',*,*,#8963,.F.);
#8963 = EDGE_CURVE('',#8964,#8957,#8966,.T.);
#8964 = VERTEX_POINT('',#8965);
#8965 = CARTESIAN_POINT('',(5.251,1.009716974477,10.427450357921));
#8966 = B_SPLINE_CURVE_WITH_KNOTS('',1,(#8967,#8968),.UNSPECIFIED.,.F.,
  .F.,(2,2),(-0.,1.E-03),.PIECEWISE_BEZIER_KNOTS.);
#8967 = CARTESIAN_POINT('',(5.251,1.009716974477,10.427450357921));
#8968 = CARTESIAN_POINT('',(5.25,1.009716974477,10.427450357921));
#8969 = ORIENTED_EDGE('',*,*,#8970,.F.);
#8970 = EDGE_CURVE('',#8936,#8964,#8971,.T.);
#8971 = B_SPLINE_CURVE_WITH_KNOTS('',1,(#8972,#8973),.UNSPECIFIED.,.F.,
  .F.,(2,2),(-3.418724028864E-02,-0.),.PIECEWISE_BEZIER_KNOTS.);
#8972 = CARTESIAN_POINT('',(5.251,1.043904214766,10.427450357921));
#8973 = CARTESIAN_POINT('',(5.251,1.009716974477,10.427450357921));
#8974 = ORIENTED_EDGE('',*,*,#8935,.T.);
#8975 = B_SPLINE_SURFACE_WITH_KNOTS('',1,1,(
    (#8976,#8977)
    ,(#8978,#8979
    )),.UNSPECIFIED.,.F.,.F.,.F.,(2,2),(2,2),(0.,3.418724028864E-02),(
    -1.E-03,0.),.PIECEWISE_BEZIER_KNOTS.);
#8976 = CARTESIAN_POINT('',(5.25,1.009716974477,10.427450357921));
#8977 = CARTESIAN_POINT('',(5.251,1.009716974477,10.427450357921));
#8978 = CARTESIAN_POINT('',(5.25,1.043904214766,10.427450357921));
#8979 = CARTESIAN_POINT('',(5.251,1.043904214766,10.427450357921));
#8980 = ADVANCED_FACE('',(#8981),#9003,.F.);
#8981 = FACE_BOUND('',#8982,.T.);
#8982 = EDGE_LOOP('',(#8983,#8990,#8997,#9002));
#8983 = ORIENTED_EDGE('',*,*,#8984,.T.);
#8984 = EDGE_CURVE('',#8957,#8985,#8987,.T.);
#8985 = VERTEX_POINT('',#8986);
#8986 = CARTESIAN_POINT('',(5.25,1.078091455055,10.253519653679));
#8987 = B_SPLINE_CURVE_WITH_KNOTS('',1,(#8988,#8989),.UNSPECIFIED.,.F.,
  .F.,(2,2),(-0.186887558366,0.),.PIECEWISE_BEZIER_KNOTS.);
#8988 = CARTESIAN_POINT('',(5.25,1.009716974477,10.427450357921));
#8989 = CARTESIAN_POINT('',(5.25,1.078091455055,10.253519653679));
#8990 = ORIENTED_EDGE('',*,*,#8991,.F.);
#8991 = EDGE_CURVE('',#8992,#8985,#8994,.T.);
#8992 = VERTEX_POINT('',#8993);
#8993 = CARTESIAN_POINT('',(5.251,1.078091455055,10.253519653679));
#8994 = B_SPLINE_CURVE_WITH_KNOTS('',1,(#8995,#8996),.UNSPECIFIED.,.F.,
  .F.,(2,2),(-0.,1.E-03),.PIECEWISE_BEZIER_KNOTS.);
#8995 = CARTESIAN_POINT('',(5.251,1.078091455055,10.253519653679));
#8996 = CARTESIAN_POINT('',(5.25,1.078091455055,10.253519653679));
#8997 = ORIENTED_EDGE('',*,*,#8998,.F.);
#8998 = EDGE_CURVE('',#8964,#8992,#8999,.T.);
#8999 = B_SPLINE_CURVE_WITH_KNOTS('',1,(#9000,#9001),.UNSPECIFIED.,.F.,
  .F.,(2,2),(-0.186887558366,0.),.PIECEWISE_BEZIER_KNOTS.);
#9000 = CARTESIAN_POINT('',(5.251,1.009716974477,10.427450357921));
#9001 = CARTESIAN_POINT('',(5.251,1.078091455055,10.253519653679));
#9002 = ORIENTED_EDGE('',*,*,#8963,.T.);
#9003 = B_SPLINE_SURFACE_WITH_KNOTS('',1,1,(
    (#9004,#9005)
    ,(#9006,#9007
    )),.UNSPECIFIED.,.F.,.F.,.F.,(2,2),(2,2),(0.,0.186887558366),(
    -1.E-03,0.),.PIECEWISE_BEZIER_KNOTS.);
#9004 = CARTESIAN_POINT('',(5.25,1.078091455055,10.253519653679));
#9005 = CARTESIAN_POINT('',(5.251,1.078091455055,10.253519653679));
#9006 = CARTESIAN_POINT('',(5.25,1.009716974477,10.427450357921));
#9007 = CARTESIAN_POINT('',(5.251,1.009716974477,10.427450357921));
#9008 = ADVANCED_FACE('',(#9009),#9031,.F.);
#9009 = FACE_BOUND('',#9010,.T.);
#9010 = EDGE_LOOP('',(#9011,#9018,#9025,#9030));
#9011 = ORIENTED_EDGE('',*,*,#9012,.T.);
#9012 = EDGE_CURVE('',#8985,#9013,#9015,.T.);
#9013 = VERTEX_POINT('',#9014);
#9014 = CARTESIAN_POINT('',(5.25,1.064678577934,10.22182783239));
#9015 = B_SPLINE_CURVE_WITH_KNOTS('',1,(#9016,#9017),.UNSPECIFIED.,.F.,
  .F.,(2,2),(-3.441332313697E-02,0.),.PIECEWISE_BEZIER_KNOTS.);
#9016 = CARTESIAN_POINT('',(5.25,1.078091455055,10.253519653679));
#9017 = CARTESIAN_POINT('',(5.25,1.064678577934,10.22182783239));
#9018 = ORIENTED_EDGE('',*,*,#9019,.F.);
#9019 = EDGE_CURVE('',#9020,#9013,#9022,.T.);
#9020 = VERTEX_POINT('',#9021);
#9021 = CARTESIAN_POINT('',(5.251,1.064678577934,10.22182783239));
#9022 = B_SPLINE_CURVE_WITH_KNOTS('',1,(#9023,#9024),.UNSPECIFIED.,.F.,
  .F.,(2,2),(-0.,1.E-03),.PIECEWISE_BEZIER_KNOTS.);
#9023 = CARTESIAN_POINT('',(5.251,1.064678577934,10.22182783239));
#9024 = CARTESIAN_POINT('',(5.25,1.064678577934,10.22182783239));
#9025 = ORIENTED_EDGE('',*,*,#9026,.F.);
#9026 = EDGE_CURVE('',#8992,#9020,#9027,.T.);
#9027 = B_SPLINE_CURVE_WITH_KNOTS('',1,(#9028,#9029),.UNSPECIFIED.,.F.,
  .F.,(2,2),(-3.441332313697E-02,0.),.PIECEWISE_BEZIER_KNOTS.);
#9028 = CARTESIAN_POINT('',(5.251,1.078091455055,10.253519653679));
#9029 = CARTESIAN_POINT('',(5.251,1.064678577934,10.22182783239));
#9030 = ORIENTED_EDGE('',*,*,#8991,.T.);
#9031 = B_SPLINE_SURFACE_WITH_KNOTS('',1,1,(
    (#9032,#9033)
    ,(#9034,#9035
    )),.UNSPECIFIED.,.F.,.F.,.F.,(2,2),(2,2),(0.,3.441332313697E-02),(
    -1.000000000001E-03,0.),.PIECEWISE_BEZIER_KNOTS.);
#9032 = CARTESIAN_POINT('',(5.25,1.064678577934,10.22182783239));
#9033 = CARTESIAN_POINT('',(5.251,1.064678577934,10.22182783239));
#9034 = CARTESIAN_POINT('',(5.25,1.078091455055,10.253519653679));
#9035 = CARTESIAN_POINT('',(5.251,1.078091455055,10.253519653679));
#9036 = ADVANCED_FACE('',(#9037),#9063,.F.);
#9037 = FACE_BOUND('',#9038,.F.);
#9038 = EDGE_LOOP('',(#9039,#9040,#9049,#9056));
#9039 = ORIENTED_EDGE('',*,*,#9019,.F.);
#9040 = ORIENTED_EDGE('',*,*,#9041,.T.);
#9041 = EDGE_CURVE('',#9020,#9042,#9044,.T.);
#9042 = VERTEX_POINT('',#9043);
#9043 = CARTESIAN_POINT('',(5.251,1.033361069494,10.197247955248));
#9044 = B_SPLINE_CURVE_WITH_KNOTS('',3,(#9045,#9046,#9047,#9048),
  .UNSPECIFIED.,.F.,.F.,(4,4),(5.,6.),.PIECEWISE_BEZIER_KNOTS.);
#9045 = CARTESIAN_POINT('',(5.251,1.064678577934,10.22182783239));
#9046 = CARTESIAN_POINT('',(5.251,1.057753790211,10.205358066996));
#9047 = CARTESIAN_POINT('',(5.251,1.04733541589,10.197247955248));
#9048 = CARTESIAN_POINT('',(5.251,1.033361069494,10.197247955248));
#9049 = ORIENTED_EDGE('',*,*,#9050,.T.);
#9050 = EDGE_CURVE('',#9042,#9051,#9053,.T.);
#9051 = VERTEX_POINT('',#9052);
#9052 = CARTESIAN_POINT('',(5.25,1.033361069494,10.197247955248));
#9053 = B_SPLINE_CURVE_WITH_KNOTS('',1,(#9054,#9055),.UNSPECIFIED.,.F.,
  .F.,(2,2),(-0.,1.E-03),.PIECEWISE_BEZIER_KNOTS.);
#9054 = CARTESIAN_POINT('',(5.251,1.033361069494,10.197247955248));
#9055 = CARTESIAN_POINT('',(5.25,1.033361069494,10.197247955248));
#9056 = ORIENTED_EDGE('',*,*,#9057,.F.);
#9057 = EDGE_CURVE('',#9013,#9051,#9058,.T.);
#9058 = B_SPLINE_CURVE_WITH_KNOTS('',3,(#9059,#9060,#9061,#9062),
  .UNSPECIFIED.,.F.,.F.,(4,4),(5.,6.),.PIECEWISE_BEZIER_KNOTS.);
#9059 = CARTESIAN_POINT('',(5.25,1.064678577934,10.22182783239));
#9060 = CARTESIAN_POINT('',(5.25,1.057753790211,10.205358066996));
#9061 = CARTESIAN_POINT('',(5.25,1.04733541589,10.197247955248));
#9062 = CARTESIAN_POINT('',(5.25,1.033361069494,10.197247955248));
#9063 = B_SPLINE_SURFACE_WITH_KNOTS('',3,1,(
    (#9064,#9065)
    ,(#9066,#9067)
    ,(#9068,#9069)
    ,(#9070,#9071
    )),.UNSPECIFIED.,.F.,.F.,.F.,(4,4),(2,2),(5.,6.),(0.,1.),
  .PIECEWISE_BEZIER_KNOTS.);
#9064 = CARTESIAN_POINT('',(5.251,1.064678577934,10.22182783239));
#9065 = CARTESIAN_POINT('',(5.25,1.064678577934,10.22182783239));
#9066 = CARTESIAN_POINT('',(5.251,1.057753790211,10.205358066996));
#9067 = CARTESIAN_POINT('',(5.25,1.057753790211,10.205358066996));
#9068 = CARTESIAN_POINT('',(5.251,1.04733541589,10.197247955248));
#9069 = CARTESIAN_POINT('',(5.25,1.04733541589,10.197247955248));
#9070 = CARTESIAN_POINT('',(5.251,1.033361069494,10.197247955248));
#9071 = CARTESIAN_POINT('',(5.25,1.033361069494,10.197247955248));
#9072 = ADVANCED_FACE('',(#9073),#9099,.F.);
#9073 = FACE_BOUND('',#9074,.F.);
#9074 = EDGE_LOOP('',(#9075,#9076,#9085,#9092));
#9075 = ORIENTED_EDGE('',*,*,#9050,.F.);
#9076 = ORIENTED_EDGE('',*,*,#9077,.T.);
#9077 = EDGE_CURVE('',#9042,#9078,#9080,.T.);
#9078 = VERTEX_POINT('',#9079);
#9079 = CARTESIAN_POINT('',(5.251,1.01601790745,10.200741541847));
#9080 = B_SPLINE_CURVE_WITH_KNOTS('',3,(#9081,#9082,#9083,#9084),
  .UNSPECIFIED.,.F.,.F.,(4,4),(4.,5.),.PIECEWISE_BEZIER_KNOTS.);
#9081 = CARTESIAN_POINT('',(5.251,1.033361069494,10.197247955248));
#9082 = CARTESIAN_POINT('',(5.251,1.027746376746,10.197247955248));
#9083 = CARTESIAN_POINT('',(5.251,1.022006913048,10.198370893798));
#9084 = CARTESIAN_POINT('',(5.251,1.01601790745,10.200741541847));
#9085 = ORIENTED_EDGE('',*,*,#9086,.T.);
#9086 = EDGE_CURVE('',#9078,#9087,#9089,.T.);
#9087 = VERTEX_POINT('',#9088);
#9088 = CARTESIAN_POINT('',(5.25,1.01601790745,10.200741541847));
#9089 = B_SPLINE_CURVE_WITH_KNOTS('',1,(#9090,#9091),.UNSPECIFIED.,.F.,
  .F.,(2,2),(-0.,1.E-03),.PIECEWISE_BEZIER_KNOTS.);
#9090 = CARTESIAN_POINT('',(5.251,1.01601790745,10.200741541847));
#9091 = CARTESIAN_POINT('',(5.25,1.01601790745,10.200741541847));
#9092 = ORIENTED_EDGE('',*,*,#9093,.F.);
#9093 = EDGE_CURVE('',#9051,#9087,#9094,.T.);
#9094 = B_SPLINE_CURVE_WITH_KNOTS('',3,(#9095,#9096,#9097,#9098),
  .UNSPECIFIED.,.F.,.F.,(4,4),(4.,5.),.PIECEWISE_BEZIER_KNOTS.);
#9095 = CARTESIAN_POINT('',(5.25,1.033361069494,10.197247955248));
#9096 = CARTESIAN_POINT('',(5.25,1.027746376746,10.197247955248));
#9097 = CARTESIAN_POINT('',(5.25,1.022006913048,10.198370893798));
#9098 = CARTESIAN_POINT('',(5.25,1.01601790745,10.200741541847));
#9099 = B_SPLINE_SURFACE_WITH_KNOTS('',3,1,(
    (#9100,#9101)
    ,(#9102,#9103)
    ,(#9104,#9105)
    ,(#9106,#9107
    )),.UNSPECIFIED.,.F.,.F.,.F.,(4,4),(2,2),(4.,5.),(0.,1.),
  .PIECEWISE_BEZIER_KNOTS.);
#9100 = CARTESIAN_POINT('',(5.251,1.033361069494,10.197247955248));
#9101 = CARTESIAN_POINT('',(5.25,1.033361069494,10.197247955248));
#9102 = CARTESIAN_POINT('',(5.251,1.027746376746,10.197247955248));
#9103 = CARTESIAN_POINT('',(5.25,1.027746376746,10.197247955248));
#9104 = CARTESIAN_POINT('',(5.251,1.022006913048,10.198370893798));
#9105 = CARTESIAN_POINT('',(5.25,1.022006913048,10.198370893798));
#9106 = CARTESIAN_POINT('',(5.251,1.01601790745,10.200741541847));
#9107 = CARTESIAN_POINT('',(5.25,1.01601790745,10.200741541847));
#9108 = ADVANCED_FACE('',(#9109),#9131,.F.);
#9109 = FACE_BOUND('',#9110,.T.);
#9110 = EDGE_LOOP('',(#9111,#9118,#9125,#9130));
#9111 = ORIENTED_EDGE('',*,*,#9112,.T.);
#9112 = EDGE_CURVE('',#9087,#9113,#9115,.T.);
#9113 = VERTEX_POINT('',#9114);
#9114 = CARTESIAN_POINT('',(5.25,1.01601790745,10.173541474756));
#9115 = B_SPLINE_CURVE_WITH_KNOTS('',1,(#9116,#9117),.UNSPECIFIED.,.F.,
  .F.,(2,2),(-2.720006709146E-02,0.),.PIECEWISE_BEZIER_KNOTS.);
#9116 = CARTESIAN_POINT('',(5.25,1.01601790745,10.200741541847));
#9117 = CARTESIAN_POINT('',(5.25,1.01601790745,10.173541474756));
#9118 = ORIENTED_EDGE('',*,*,#9119,.F.);
#9119 = EDGE_CURVE('',#9120,#9113,#9122,.T.);
#9120 = VERTEX_POINT('',#9121);
#9121 = CARTESIAN_POINT('',(5.251,1.01601790745,10.173541474756));
#9122 = B_SPLINE_CURVE_WITH_KNOTS('',1,(#9123,#9124),.UNSPECIFIED.,.F.,
  .F.,(2,2),(-0.,1.E-03),.PIECEWISE_BEZIER_KNOTS.);
#9123 = CARTESIAN_POINT('',(5.251,1.01601790745,10.173541474756));
#9124 = CARTESIAN_POINT('',(5.25,1.01601790745,10.173541474756));
#9125 = ORIENTED_EDGE('',*,*,#9126,.F.);
#9126 = EDGE_CURVE('',#9078,#9120,#9127,.T.);
#9127 = B_SPLINE_CURVE_WITH_KNOTS('',1,(#9128,#9129),.UNSPECIFIED.,.F.,
  .F.,(2,2),(-2.720006709146E-02,0.),.PIECEWISE_BEZIER_KNOTS.);
#9128 = CARTESIAN_POINT('',(5.251,1.01601790745,10.200741541847));
#9129 = CARTESIAN_POINT('',(5.251,1.01601790745,10.173541474756));
#9130 = ORIENTED_EDGE('',*,*,#9086,.T.);
#9131 = B_SPLINE_SURFACE_WITH_KNOTS('',1,1,(
    (#9132,#9133)
    ,(#9134,#9135
    )),.UNSPECIFIED.,.F.,.F.,.F.,(2,2),(2,2),(0.,2.720006709146E-02),(
    -1.000000000001E-03,0.),.PIECEWISE_BEZIER_KNOTS.);
#9132 = CARTESIAN_POINT('',(5.25,1.01601790745,10.173541474756));
#9133 = CARTESIAN_POINT('',(5.251,1.01601790745,10.173541474756));
#9134 = CARTESIAN_POINT('',(5.25,1.01601790745,10.200741541847));
#9135 = CARTESIAN_POINT('',(5.251,1.01601790745,10.200741541847));
#9136 = ADVANCED_FACE('',(#9137),#9163,.F.);
#9137 = FACE_BOUND('',#9138,.F.);
#9138 = EDGE_LOOP('',(#9139,#9140,#9149,#9156));
#9139 = ORIENTED_EDGE('',*,*,#9119,.F.);
#9140 = ORIENTED_EDGE('',*,*,#9141,.T.);
#9141 = EDGE_CURVE('',#9120,#9142,#9144,.T.);
#9142 = VERTEX_POINT('',#9143);
#9143 = CARTESIAN_POINT('',(5.251,1.035731717544,10.171046055756));
#9144 = B_SPLINE_CURVE_WITH_KNOTS('',3,(#9145,#9146,#9147,#9148),
  .UNSPECIFIED.,.F.,.F.,(4,4),(2.,3.),.PIECEWISE_BEZIER_KNOTS.);
#9145 = CARTESIAN_POINT('',(5.251,1.01601790745,10.173541474756));
#9146 = CARTESIAN_POINT('',(5.251,1.021445443773,10.171919452407));
#9147 = CARTESIAN_POINT('',(5.251,1.028058304121,10.171046055756));
#9148 = CARTESIAN_POINT('',(5.251,1.035731717544,10.171046055756));
#9149 = ORIENTED_EDGE('',*,*,#9150,.T.);
#9150 = EDGE_CURVE('',#9142,#9151,#9153,.T.);
#9151 = VERTEX_POINT('',#9152);
#9152 = CARTESIAN_POINT('',(5.25,1.035731717544,10.171046055756));
#9153 = B_SPLINE_CURVE_WITH_KNOTS('',1,(#9154,#9155),.UNSPECIFIED.,.F.,
  .F.,(2,2),(-0.,1.E-03),.PIECEWISE_BEZIER_KNOTS.);
#9154 = CARTESIAN_POINT('',(5.251,1.035731717544,10.171046055756));
#9155 = CARTESIAN_POINT('',(5.25,1.035731717544,10.171046055756));
#9156 = ORIENTED_EDGE('',*,*,#9157,.F.);
#9157 = EDGE_CURVE('',#9113,#9151,#9158,.T.);
#9158 = B_SPLINE_CURVE_WITH_KNOTS('',3,(#9159,#9160,#9161,#9162),
  .UNSPECIFIED.,.F.,.F.,(4,4),(2.,3.),.PIECEWISE_BEZIER_KNOTS.);
#9159 = CARTESIAN_POINT('',(5.25,1.01601790745,10.173541474756));
#9160 = CARTESIAN_POINT('',(5.25,1.021445443773,10.171919452407));
#9161 = CARTESIAN_POINT('',(5.25,1.028058304121,10.171046055756));
#9162 = CARTESIAN_POINT('',(5.25,1.035731717544,10.171046055756));
#9163 = B_SPLINE_SURFACE_WITH_KNOTS('',3,1,(
    (#9164,#9165)
    ,(#9166,#9167)
    ,(#9168,#9169)
    ,(#9170,#9171
    )),.UNSPECIFIED.,.F.,.F.,.F.,(4,4),(2,2),(2.,3.),(0.,1.),
  .PIECEWISE_BEZIER_KNOTS.);
#9164 = CARTESIAN_POINT('',(5.251,1.01601790745,10.173541474756));
#9165 = CARTESIAN_POINT('',(5.25,1.01601790745,10.173541474756));
#9166 = CARTESIAN_POINT('',(5.251,1.021445443773,10.171919452407));
#9167 = CARTESIAN_POINT('',(5.25,1.021445443773,10.171919452407));
#9168 = CARTESIAN_POINT('',(5.251,1.028058304121,10.171046055756));
#9169 = CARTESIAN_POINT('',(5.25,1.028058304121,10.171046055756));
#9170 = CARTESIAN_POINT('',(5.251,1.035731717544,10.171046055756));
#9171 = CARTESIAN_POINT('',(5.25,1.035731717544,10.171046055756));
#9172 = ADVANCED_FACE('',(#9173),#9199,.F.);
#9173 = FACE_BOUND('',#9174,.F.);
#9174 = EDGE_LOOP('',(#9175,#9176,#9185,#9192));
#9175 = ORIENTED_EDGE('',*,*,#9150,.F.);
#9176 = ORIENTED_EDGE('',*,*,#9177,.T.);
#9177 = EDGE_CURVE('',#9142,#9178,#9180,.T.);
#9178 = VERTEX_POINT('',#9179);
#9179 = CARTESIAN_POINT('',(5.251,1.097930036098,10.226818670389));
#9180 = B_SPLINE_CURVE_WITH_KNOTS('',3,(#9181,#9182,#9183,#9184),
  .UNSPECIFIED.,.F.,.F.,(4,4),(1.,2.),.PIECEWISE_BEZIER_KNOTS.);
#9181 = CARTESIAN_POINT('',(5.251,1.035731717544,10.171046055756));
#9182 = CARTESIAN_POINT('',(5.251,1.062495086309,10.171046055756));
#9183 = CARTESIAN_POINT('',(5.251,1.083207064003,10.189636927301));
#9184 = CARTESIAN_POINT('',(5.251,1.097930036098,10.226818670389));
#9185 = ORIENTED_EDGE('',*,*,#9186,.T.);
#9186 = EDGE_CURVE('',#9178,#9187,#9189,.T.);
#9187 = VERTEX_POINT('',#9188);
#9188 = CARTESIAN_POINT('',(5.25,1.097930036098,10.226818670389));
#9189 = B_SPLINE_CURVE_WITH_KNOTS('',1,(#9190,#9191),.UNSPECIFIED.,.F.,
  .F.,(2,2),(-0.,1.E-03),.PIECEWISE_BEZIER_KNOTS.);
#9190 = CARTESIAN_POINT('',(5.251,1.097930036098,10.226818670389));
#9191 = CARTESIAN_POINT('',(5.25,1.097930036098,10.226818670389));
#9192 = ORIENTED_EDGE('',*,*,#9193,.F.);
#9193 = EDGE_CURVE('',#9151,#9187,#9194,.T.);
#9194 = B_SPLINE_CURVE_WITH_KNOTS('',3,(#9195,#9196,#9197,#9198),
  .UNSPECIFIED.,.F.,.F.,(4,4),(1.,2.),.PIECEWISE_BEZIER_KNOTS.);
#9195 = CARTESIAN_POINT('',(5.25,1.035731717544,10.171046055756));
#9196 = CARTESIAN_POINT('',(5.25,1.062495086309,10.171046055756));
#9197 = CARTESIAN_POINT('',(5.25,1.083207064003,10.189636927301));
#9198 = CARTESIAN_POINT('',(5.25,1.097930036098,10.226818670389));
#9199 = B_SPLINE_SURFACE_WITH_KNOTS('',3,1,(
    (#9200,#9201)
    ,(#9202,#9203)
    ,(#9204,#9205)
    ,(#9206,#9207
    )),.UNSPECIFIED.,.F.,.F.,.F.,(4,4),(2,2),(1.,2.),(0.,1.),
  .PIECEWISE_BEZIER_KNOTS.);
#9200 = CARTESIAN_POINT('',(5.251,1.035731717544,10.171046055756));
#9201 = CARTESIAN_POINT('',(5.25,1.035731717544,10.171046055756));
#9202 = CARTESIAN_POINT('',(5.251,1.062495086309,10.171046055756));
#9203 = CARTESIAN_POINT('',(5.25,1.062495086309,10.171046055756));
#9204 = CARTESIAN_POINT('',(5.251,1.083207064003,10.189636927301));
#9205 = CARTESIAN_POINT('',(5.25,1.083207064003,10.189636927301));
#9206 = CARTESIAN_POINT('',(5.251,1.097930036098,10.226818670389));
#9207 = CARTESIAN_POINT('',(5.25,1.097930036098,10.226818670389));
#9208 = ADVANCED_FACE('',(#9209),#9223,.F.);
#9209 = FACE_BOUND('',#9210,.T.);
#9210 = EDGE_LOOP('',(#9211,#9216,#9217,#9222));
#9211 = ORIENTED_EDGE('',*,*,#9212,.T.);
#9212 = EDGE_CURVE('',#9187,#8773,#9213,.T.);
#9213 = B_SPLINE_CURVE_WITH_KNOTS('',1,(#9214,#9215),.UNSPECIFIED.,.F.,
  .F.,(2,2),(-0.215663257465,0.),.PIECEWISE_BEZIER_KNOTS.);
#9214 = CARTESIAN_POINT('',(5.25,1.097930036098,10.226818670389));
#9215 = CARTESIAN_POINT('',(5.25,1.177034818371,10.427450357921));
#9216 = ORIENTED_EDGE('',*,*,#8795,.F.);
#9217 = ORIENTED_EDGE('',*,*,#9218,.F.);
#9218 = EDGE_CURVE('',#9178,#8789,#9219,.T.);
#9219 = B_SPLINE_CURVE_WITH_KNOTS('',1,(#9220,#9221),.UNSPECIFIED.,.F.,
  .F.,(2,2),(-0.215663257465,0.),.PIECEWISE_BEZIER_KNOTS.);
#9220 = CARTESIAN_POINT('',(5.251,1.097930036098,10.226818670389));
#9221 = CARTESIAN_POINT('',(5.251,1.177034818371,10.427450357921));
#9222 = ORIENTED_EDGE('',*,*,#9186,.T.);
#9223 = B_SPLINE_SURFACE_WITH_KNOTS('',1,1,(
    (#9224,#9225)
    ,(#9226,#9227
    )),.UNSPECIFIED.,.F.,.F.,.F.,(2,2),(2,2),(-0.,0.215663257465),(
    -1.E-03,0.),.PIECEWISE_BEZIER_KNOTS.);
#9224 = CARTESIAN_POINT('',(5.25,1.177034818371,10.427450357921));
#9225 = CARTESIAN_POINT('',(5.251,1.177034818371,10.427450357921));
#9226 = CARTESIAN_POINT('',(5.25,1.097930036098,10.226818670389));
#9227 = CARTESIAN_POINT('',(5.251,1.097930036098,10.226818670389));
#9228 = ADVANCED_FACE('',(#9229),#9246,.T.);
#9229 = FACE_BOUND('',#9230,.T.);
#9230 = EDGE_LOOP('',(#9231,#9232,#9233,#9234,#9235,#9236,#9237,#9238,
    #9239,#9240,#9241,#9242,#9243,#9244,#9245));
#9231 = ORIENTED_EDGE('',*,*,#8788,.T.);
#9232 = ORIENTED_EDGE('',*,*,#8822,.T.);
#9233 = ORIENTED_EDGE('',*,*,#8837,.T.);
#9234 = ORIENTED_EDGE('',*,*,#8886,.T.);
#9235 = ORIENTED_EDGE('',*,*,#8914,.T.);
#9236 = ORIENTED_EDGE('',*,*,#8942,.T.);
#9237 = ORIENTED_EDGE('',*,*,#8970,.T.);
#9238 = ORIENTED_EDGE('',*,*,#8998,.T.);
#9239 = ORIENTED_EDGE('',*,*,#9026,.T.);
#9240 = ORIENTED_EDGE('',*,*,#9041,.T.);
#9241 = ORIENTED_EDGE('',*,*,#9077,.T.);
#9242 = ORIENTED_EDGE('',*,*,#9126,.T.);
#9243 = ORIENTED_EDGE('',*,*,#9141,.T.);
#9244 = ORIENTED_EDGE('',*,*,#9177,.T.);
#9245 = ORIENTED_EDGE('',*,*,#9218,.T.);
#9246 = B_SPLINE_SURFACE_WITH_KNOTS('',1,1,(
    (#9247,#9248)
    ,(#9249,#9250
    )),.UNSPECIFIED.,.F.,.F.,.F.,(2,2),(2,2),(-0.242461148506,
    1.394315365814E-02),(-6.162905109495E-02,0.105688792799),
  .PIECEWISE_BEZIER_KNOTS.);
#9247 = CARTESIAN_POINT('',(5.251,1.009716974477,10.427450357921));
#9248 = CARTESIAN_POINT('',(5.251,1.177034818371,10.427450357921));
#9249 = CARTESIAN_POINT('',(5.251,1.009716974477,10.171046055756));
#9250 = CARTESIAN_POINT('',(5.251,1.177034818371,10.171046055756));
#9251 = ADVANCED_FACE('',(#9252),#9269,.F.);
#9252 = FACE_BOUND('',#9253,.T.);
#9253 = EDGE_LOOP('',(#9254,#9255,#9256,#9257,#9258,#9259,#9260,#9261,
    #9262,#9263,#9264,#9265,#9266,#9267,#9268));
#9254 = ORIENTED_EDGE('',*,*,#8772,.F.);
#9255 = ORIENTED_EDGE('',*,*,#9212,.F.);
#9256 = ORIENTED_EDGE('',*,*,#9193,.F.);
#9257 = ORIENTED_EDGE('',*,*,#9157,.F.);
#9258 = ORIENTED_EDGE('',*,*,#9112,.F.);
#9259 = ORIENTED_EDGE('',*,*,#9093,.F.);
#9260 = ORIENTED_EDGE('',*,*,#9057,.F.);
#9261 = ORIENTED_EDGE('',*,*,#9012,.F.);
#9262 = ORIENTED_EDGE('',*,*,#8984,.F.);
#9263 = ORIENTED_EDGE('',*,*,#8956,.F.);
#9264 = ORIENTED_EDGE('',*,*,#8928,.F.);
#9265 = ORIENTED_EDGE('',*,*,#8900,.F.);
#9266 = ORIENTED_EDGE('',*,*,#8872,.F.);
#9267 = ORIENTED_EDGE('',*,*,#8853,.F.);
#9268 = ORIENTED_EDGE('',*,*,#8808,.F.);
#9269 = B_SPLINE_SURFACE_WITH_KNOTS('',1,1,(
    (#9270,#9271)
    ,(#9272,#9273
    )),.UNSPECIFIED.,.F.,.F.,.F.,(2,2),(2,2),(-0.242461148506,
    1.394315365814E-02),(-6.162905109495E-02,0.105688792799),
  .PIECEWISE_BEZIER_KNOTS.);
#9270 = CARTESIAN_POINT('',(5.25,1.009716974477,10.427450357921));
#9271 = CARTESIAN_POINT('',(5.25,1.177034818371,10.427450357921));
#9272 = CARTESIAN_POINT('',(5.25,1.009716974477,10.171046055756));
#9273 = CARTESIAN_POINT('',(5.25,1.177034818371,10.171046055756));
#9274 = MANIFOLD_SOLID_BREP('',#9275);
#9275 = CLOSED_SHELL('',(#9276,#9312,#9340,#9368,#9396,#9424,#9452,#9480
    ,#9508,#9536,#9564,#9592,#9612,#9632));
#9276 = ADVANCED_FACE('',(#9277),#9307,.F.);
#9277 = FACE_BOUND('',#9278,.T.);
#9278 = EDGE_LOOP('',(#9279,#9288,#9295,#9302));
#9279 = ORIENTED_EDGE('',*,*,#9280,.T.);
#9280 = EDGE_CURVE('',#9281,#9283,#9285,.T.);
#9281 = VERTEX_POINT('',#9282);
#9282 = CARTESIAN_POINT('',(5.25,1.341233388516,10.25314534083));
#9283 = VERTEX_POINT('',#9284);
#9284 = CARTESIAN_POINT('',(5.25,1.341233388516,10.280969262671));
#9285 = B_SPLINE_CURVE_WITH_KNOTS('',1,(#9286,#9287),.UNSPECIFIED.,.F.,
  .F.,(2,2),(-2.782392184055E-02,0.),.PIECEWISE_BEZIER_KNOTS.);
#9286 = CARTESIAN_POINT('',(5.25,1.341233388516,10.25314534083));
#9287 = CARTESIAN_POINT('',(5.25,1.341233388516,10.280969262671));
#9288 = ORIENTED_EDGE('',*,*,#9289,.F.);
#9289 = EDGE_CURVE('',#9290,#9283,#9292,.T.);
#9290 = VERTEX_POINT('',#9291);
#9291 = CARTESIAN_POINT('',(5.251,1.341233388516,10.280969262671));
#9292 = B_SPLINE_CURVE_WITH_KNOTS('',1,(#9293,#9294),.UNSPECIFIED.,.F.,
  .F.,(2,2),(-0.,1.E-03),.PIECEWISE_BEZIER_KNOTS.);
#9293 = CARTESIAN_POINT('',(5.251,1.341233388516,10.280969262671));
#9294 = CARTESIAN_POINT('',(5.25,1.341233388516,10.280969262671));
#9295 = ORIENTED_EDGE('',*,*,#9296,.F.);
#9296 = EDGE_CURVE('',#9297,#9290,#9299,.T.);
#9297 = VERTEX_POINT('',#9298);
#9298 = CARTESIAN_POINT('',(5.251,1.341233388516,10.25314534083));
#9299 = B_SPLINE_CURVE_WITH_KNOTS('',1,(#9300,#9301),.UNSPECIFIED.,.F.,
  .F.,(2,2),(-2.782392184055E-02,0.),.PIECEWISE_BEZIER_KNOTS.);
#9300 = CARTESIAN_POINT('',(5.251,1.341233388516,10.25314534083));
#9301 = CARTESIAN_POINT('',(5.251,1.341233388516,10.280969262671));
#9302 = ORIENTED_EDGE('',*,*,#9303,.T.);
#9303 = EDGE_CURVE('',#9297,#9281,#9304,.T.);
#9304 = B_SPLINE_CURVE_WITH_KNOTS('',1,(#9305,#9306),.UNSPECIFIED.,.F.,
  .F.,(2,2),(-0.,1.E-03),.PIECEWISE_BEZIER_KNOTS.);
#9305 = CARTESIAN_POINT('',(5.251,1.341233388516,10.25314534083));
#9306 = CARTESIAN_POINT('',(5.25,1.341233388516,10.25314534083));
#9307 = B_SPLINE_SURFACE_WITH_KNOTS('',1,1,(
    (#9308,#9309)
    ,(#9310,#9311
    )),.UNSPECIFIED.,.F.,.F.,.F.,(2,2),(2,2),(-0.,2.782392184055E-02),(
    -1.E-03,0.),.PIECEWISE_BEZIER_KNOTS.);
#9308 = CARTESIAN_POINT('',(5.25,1.341233388516,10.280969262671));
#9309 = CARTESIAN_POINT('',(5.251,1.341233388516,10.280969262671));
#9310 = CARTESIAN_POINT('',(5.25,1.341233388516,10.25314534083));
#9311 = CARTESIAN_POINT('',(5.251,1.341233388516,10.25314534083));
#9312 = ADVANCED_FACE('',(#9313),#9335,.F.);
#9313 = FACE_BOUND('',#9314,.T.);
#9314 = EDGE_LOOP('',(#9315,#9322,#9329,#9334));
#9315 = ORIENTED_EDGE('',*,*,#9316,.T.);
#9316 = EDGE_CURVE('',#9283,#9317,#9319,.T.);
#9317 = VERTEX_POINT('',#9318);
#9318 = CARTESIAN_POINT('',(5.25,1.241479014026,10.280969262671));
#9319 = B_SPLINE_CURVE_WITH_KNOTS('',1,(#9320,#9321),.UNSPECIFIED.,.F.,
  .F.,(2,2),(-9.975437449089E-02,-0.),.PIECEWISE_BEZIER_KNOTS.);
#9320 = CARTESIAN_POINT('',(5.25,1.341233388516,10.280969262671));
#9321 = CARTESIAN_POINT('',(5.25,1.241479014026,10.280969262671));
#9322 = ORIENTED_EDGE('',*,*,#9323,.F.);
#9323 = EDGE_CURVE('',#9324,#9317,#9326,.T.);
#9324 = VERTEX_POINT('',#9325);
#9325 = CARTESIAN_POINT('',(5.251,1.241479014026,10.280969262671));
#9326 = B_SPLINE_CURVE_WITH_KNOTS('',1,(#9327,#9328),.UNSPECIFIED.,.F.,
  .F.,(2,2),(-0.,1.E-03),.PIECEWISE_BEZIER_KNOTS.);
#9327 = CARTESIAN_POINT('',(5.251,1.241479014026,10.280969262671));
#9328 = CARTESIAN_POINT('',(5.25,1.241479014026,10.280969262671));
#9329 = ORIENTED_EDGE('',*,*,#9330,.F.);
#9330 = EDGE_CURVE('',#9290,#9324,#9331,.T.);
#9331 = B_SPLINE_CURVE_WITH_KNOTS('',1,(#9332,#9333),.UNSPECIFIED.,.F.,
  .F.,(2,2),(-9.975437449089E-02,-0.),.PIECEWISE_BEZIER_KNOTS.);
#9332 = CARTESIAN_POINT('',(5.251,1.341233388516,10.280969262671));
#9333 = CARTESIAN_POINT('',(5.251,1.241479014026,10.280969262671));
#9334 = ORIENTED_EDGE('',*,*,#9289,.T.);
#9335 = B_SPLINE_SURFACE_WITH_KNOTS('',1,1,(
    (#9336,#9337)
    ,(#9338,#9339
    )),.UNSPECIFIED.,.F.,.F.,.F.,(2,2),(2,2),(0.,9.975437449089E-02),(
    -1.E-03,0.),.PIECEWISE_BEZIER_KNOTS.);
#9336 = CARTESIAN_POINT('',(5.25,1.241479014026,10.280969262671));
#9337 = CARTESIAN_POINT('',(5.251,1.241479014026,10.280969262671));
#9338 = CARTESIAN_POINT('',(5.25,1.341233388516,10.280969262671));
#9339 = CARTESIAN_POINT('',(5.251,1.341233388516,10.280969262671));
#9340 = ADVANCED_FACE('',(#9341),#9363,.F.);
#9341 = FACE_BOUND('',#9342,.T.);
#9342 = EDGE_LOOP('',(#9343,#9350,#9357,#9362));
#9343 = ORIENTED_EDGE('',*,*,#9344,.T.);
#9344 = EDGE_CURVE('',#9317,#9345,#9347,.T.);
#9345 = VERTEX_POINT('',#9346);
#9346 = CARTESIAN_POINT('',(5.25,1.241479014026,10.363068547743));
#9347 = B_SPLINE_CURVE_WITH_KNOTS('',1,(#9348,#9349),.UNSPECIFIED.,.F.,
  .F.,(2,2),(-8.209928507198E-02,0.),.PIECEWISE_BEZIER_KNOTS.);
#9348 = CARTESIAN_POINT('',(5.25,1.241479014026,10.280969262671));
#9349 = CARTESIAN_POINT('',(5.25,1.241479014026,10.363068547743));
#9350 = ORIENTED_EDGE('',*,*,#9351,.F.);
#9351 = EDGE_CURVE('',#9352,#9345,#9354,.T.);
#9352 = VERTEX_POINT('',#9353);
#9353 = CARTESIAN_POINT('',(5.251,1.241479014026,10.363068547743));
#9354 = B_SPLINE_CURVE_WITH_KNOTS('',1,(#9355,#9356),.UNSPECIFIED.,.F.,
  .F.,(2,2),(-0.,1.E-03),.PIECEWISE_BEZIER_KNOTS.);
#9355 = CARTESIAN_POINT('',(5.251,1.241479014026,10.363068547743));
#9356 = CARTESIAN_POINT('',(5.25,1.241479014026,10.363068547743));
#9357 = ORIENTED_EDGE('',*,*,#9358,.F.);
#9358 = EDGE_CURVE('',#9324,#9352,#9359,.T.);
#9359 = B_SPLINE_CURVE_WITH_KNOTS('',1,(#9360,#9361),.UNSPECIFIED.,.F.,
  .F.,(2,2),(-8.209928507198E-02,0.),.PIECEWISE_BEZIER_KNOTS.);
#9360 = CARTESIAN_POINT('',(5.251,1.241479014026,10.280969262671));
#9361 = CARTESIAN_POINT('',(5.251,1.241479014026,10.363068547743));
#9362 = ORIENTED_EDGE('',*,*,#9323,.T.);
#9363 = B_SPLINE_SURFACE_WITH_KNOTS('',1,1,(
    (#9364,#9365)
    ,(#9366,#9367
    )),.UNSPECIFIED.,.F.,.F.,.F.,(2,2),(2,2),(0.,8.209928507198E-02),(
    -1.E-03,0.),.PIECEWISE_BEZIER_KNOTS.);
#9364 = CARTESIAN_POINT('',(5.25,1.241479014026,10.363068547743));
#9365 = CARTESIAN_POINT('',(5.251,1.241479014026,10.363068547743));
#9366 = CARTESIAN_POINT('',(5.25,1.241479014026,10.280969262671));
#9367 = CARTESIAN_POINT('',(5.251,1.241479014026,10.280969262671));
#9368 = ADVANCED_FACE('',(#9369),#9391,.F.);
#9369 = FACE_BOUND('',#9370,.T.);
#9370 = EDGE_LOOP('',(#9371,#9378,#9385,#9390));
#9371 = ORIENTED_EDGE('',*,*,#9372,.T.);
#9372 = EDGE_CURVE('',#9345,#9373,#9375,.T.);
#9373 = VERTEX_POINT('',#9374);
#9374 = CARTESIAN_POINT('',(5.25,1.32875629352,10.363068547743));
#9375 = B_SPLINE_CURVE_WITH_KNOTS('',1,(#9376,#9377),.UNSPECIFIED.,.F.,
  .F.,(2,2),(-8.727727949433E-02,0.),.PIECEWISE_BEZIER_KNOTS.);
#9376 = CARTESIAN_POINT('',(5.25,1.241479014026,10.363068547743));
#9377 = CARTESIAN_POINT('',(5.25,1.32875629352,10.363068547743));
#9378 = ORIENTED_EDGE('',*,*,#9379,.F.);
#9379 = EDGE_CURVE('',#9380,#9373,#9382,.T.);
#9380 = VERTEX_POINT('',#9381);
#9381 = CARTESIAN_POINT('',(5.251,1.32875629352,10.363068547743));
#9382 = B_SPLINE_CURVE_WITH_KNOTS('',1,(#9383,#9384),.UNSPECIFIED.,.F.,
  .F.,(2,2),(-0.,1.E-03),.PIECEWISE_BEZIER_KNOTS.);
#9383 = CARTESIAN_POINT('',(5.251,1.32875629352,10.363068547743));
#9384 = CARTESIAN_POINT('',(5.25,1.32875629352,10.363068547743));
#9385 = ORIENTED_EDGE('',*,*,#9386,.F.);
#9386 = EDGE_CURVE('',#9352,#9380,#9387,.T.);
#9387 = B_SPLINE_CURVE_WITH_KNOTS('',1,(#9388,#9389),.UNSPECIFIED.,.F.,
  .F.,(2,2),(-8.727727949433E-02,0.),.PIECEWISE_BEZIER_KNOTS.);
#9388 = CARTESIAN_POINT('',(5.251,1.241479014026,10.363068547743));
#9389 = CARTESIAN_POINT('',(5.251,1.32875629352,10.363068547743));
#9390 = ORIENTED_EDGE('',*,*,#9351,.T.);
#9391 = B_SPLINE_SURFACE_WITH_KNOTS('',1,1,(
    (#9392,#9393)
    ,(#9394,#9395
    )),.UNSPECIFIED.,.F.,.F.,.F.,(2,2),(2,2),(-0.,8.727727949433E-02),(
    -1.E-03,0.),.PIECEWISE_BEZIER_KNOTS.);
#9392 = CARTESIAN_POINT('',(5.25,1.32875629352,10.363068547743));
#9393 = CARTESIAN_POINT('',(5.251,1.32875629352,10.363068547743));
#9394 = CARTESIAN_POINT('',(5.25,1.241479014026,10.363068547743));
#9395 = CARTESIAN_POINT('',(5.251,1.241479014026,10.363068547743));
#9396 = ADVANCED_FACE('',(#9397),#9419,.F.);
#9397 = FACE_BOUND('',#9398,.T.);
#9398 = EDGE_LOOP('',(#9399,#9406,#9413,#9418));
#9399 = ORIENTED_EDGE('',*,*,#9400,.T.);
#9400 = EDGE_CURVE('',#9373,#9401,#9403,.T.);
#9401 = VERTEX_POINT('',#9402);
#9402 = CARTESIAN_POINT('',(5.25,1.32875629352,10.391017240533));
#9403 = B_SPLINE_CURVE_WITH_KNOTS('',1,(#9404,#9405),.UNSPECIFIED.,.F.,
  .F.,(2,2),(-2.794869279036E-02,0.),.PIECEWISE_BEZIER_KNOTS.);
#9404 = CARTESIAN_POINT('',(5.25,1.32875629352,10.363068547743));
#9405 = CARTESIAN_POINT('',(5.25,1.32875629352,10.391017240533));
#9406 = ORIENTED_EDGE('',*,*,#9407,.F.);
#9407 = EDGE_CURVE('',#9408,#9401,#9410,.T.);
#9408 = VERTEX_POINT('',#9409);
#9409 = CARTESIAN_POINT('',(5.251,1.32875629352,10.391017240533));
#9410 = B_SPLINE_CURVE_WITH_KNOTS('',1,(#9411,#9412),.UNSPECIFIED.,.F.,
  .F.,(2,2),(-0.,1.E-03),.PIECEWISE_BEZIER_KNOTS.);
#9411 = CARTESIAN_POINT('',(5.251,1.32875629352,10.391017240533));
#9412 = CARTESIAN_POINT('',(5.25,1.32875629352,10.391017240533));
#9413 = ORIENTED_EDGE('',*,*,#9414,.F.);
#9414 = EDGE_CURVE('',#9380,#9408,#9415,.T.);
#9415 = B_SPLINE_CURVE_WITH_KNOTS('',1,(#9416,#9417),.UNSPECIFIED.,.F.,
  .F.,(2,2),(-2.794869279036E-02,0.),.PIECEWISE_BEZIER_KNOTS.);
#9416 = CARTESIAN_POINT('',(5.251,1.32875629352,10.363068547743));
#9417 = CARTESIAN_POINT('',(5.251,1.32875629352,10.391017240533));
#9418 = ORIENTED_EDGE('',*,*,#9379,.T.);
#9419 = B_SPLINE_SURFACE_WITH_KNOTS('',1,1,(
    (#9420,#9421)
    ,(#9422,#9423
    )),.UNSPECIFIED.,.F.,.F.,.F.,(2,2),(2,2),(-0.,2.794869279036E-02),(
    -1.E-03,0.),.PIECEWISE_BEZIER_KNOTS.);
#9420 = CARTESIAN_POINT('',(5.25,1.32875629352,10.391017240533));
#9421 = CARTESIAN_POINT('',(5.251,1.32875629352,10.391017240533));
#9422 = CARTESIAN_POINT('',(5.25,1.32875629352,10.363068547743));
#9423 = CARTESIAN_POINT('',(5.251,1.32875629352,10.363068547743));
#9424 = ADVANCED_FACE('',(#9425),#9447,.F.);
#9425 = FACE_BOUND('',#9426,.T.);
#9426 = EDGE_LOOP('',(#9427,#9434,#9441,#9446));
#9427 = ORIENTED_EDGE('',*,*,#9428,.T.);
#9428 = EDGE_CURVE('',#9401,#9429,#9431,.T.);
#9429 = VERTEX_POINT('',#9430);
#9430 = CARTESIAN_POINT('',(5.25,1.241479014026,10.391017240533));
#9431 = B_SPLINE_CURVE_WITH_KNOTS('',1,(#9432,#9433),.UNSPECIFIED.,.F.,
  .F.,(2,2),(-8.727727949433E-02,-0.),.PIECEWISE_BEZIER_KNOTS.);
#9432 = CARTESIAN_POINT('',(5.25,1.32875629352,10.391017240533));
#9433 = CARTESIAN_POINT('',(5.25,1.241479014026,10.391017240533));
#9434 = ORIENTED_EDGE('',*,*,#9435,.F.);
#9435 = EDGE_CURVE('',#9436,#9429,#9438,.T.);
#9436 = VERTEX_POINT('',#9437);
#9437 = CARTESIAN_POINT('',(5.251,1.241479014026,10.391017240533));
#9438 = B_SPLINE_CURVE_WITH_KNOTS('',1,(#9439,#9440),.UNSPECIFIED.,.F.,
  .F.,(2,2),(-0.,1.E-03),.PIECEWISE_BEZIER_KNOTS.);
#9439 = CARTESIAN_POINT('',(5.251,1.241479014026,10.391017240533));
#9440 = CARTESIAN_POINT('',(5.25,1.241479014026,10.391017240533));
#9441 = ORIENTED_EDGE('',*,*,#9442,.F.);
#9442 = EDGE_CURVE('',#9408,#9436,#9443,.T.);
#9443 = B_SPLINE_CURVE_WITH_KNOTS('',1,(#9444,#9445),.UNSPECIFIED.,.F.,
  .F.,(2,2),(-8.727727949433E-02,-0.),.PIECEWISE_BEZIER_KNOTS.);
#9444 = CARTESIAN_POINT('',(5.251,1.32875629352,10.391017240533));
#9445 = CARTESIAN_POINT('',(5.251,1.241479014026,10.391017240533));
#9446 = ORIENTED_EDGE('',*,*,#9407,.T.);
#9447 = B_SPLINE_SURFACE_WITH_KNOTS('',1,1,(
    (#9448,#9449)
    ,(#9450,#9451
    )),.UNSPECIFIED.,.F.,.F.,.F.,(2,2),(2,2),(0.,8.727727949433E-02),(
    -1.E-03,0.),.PIECEWISE_BEZIER_KNOTS.);
#9448 = CARTESIAN_POINT('',(5.25,1.241479014026,10.391017240533));
#9449 = CARTESIAN_POINT('',(5.251,1.241479014026,10.391017240533));
#9450 = CARTESIAN_POINT('',(5.25,1.32875629352,10.391017240533));
#9451 = CARTESIAN_POINT('',(5.251,1.32875629352,10.391017240533));
#9452 = ADVANCED_FACE('',(#9453),#9475,.F.);
#9453 = FACE_BOUND('',#9454,.T.);
#9454 = EDGE_LOOP('',(#9455,#9462,#9469,#9474));
#9455 = ORIENTED_EDGE('',*,*,#9456,.T.);
#9456 = EDGE_CURVE('',#9429,#9457,#9459,.T.);
#9457 = VERTEX_POINT('',#9458);
#9458 = CARTESIAN_POINT('',(5.25,1.241479014026,10.469123855207));
#9459 = B_SPLINE_CURVE_WITH_KNOTS('',1,(#9460,#9461),.UNSPECIFIED.,.F.,
  .F.,(2,2),(-7.810661467455E-02,0.),.PIECEWISE_BEZIER_KNOTS.);
#9460 = CARTESIAN_POINT('',(5.25,1.241479014026,10.391017240533));
#9461 = CARTESIAN_POINT('',(5.25,1.241479014026,10.469123855207));
#9462 = ORIENTED_EDGE('',*,*,#9463,.F.);
#9463 = EDGE_CURVE('',#9464,#9457,#9466,.T.);
#9464 = VERTEX_POINT('',#9465);
#9465 = CARTESIAN_POINT('',(5.251,1.241479014026,10.469123855207));
#9466 = B_SPLINE_CURVE_WITH_KNOTS('',1,(#9467,#9468),.UNSPECIFIED.,.F.,
  .F.,(2,2),(-0.,1.E-03),.PIECEWISE_BEZIER_KNOTS.);
#9467 = CARTESIAN_POINT('',(5.251,1.241479014026,10.469123855207));
#9468 = CARTESIAN_POINT('',(5.25,1.241479014026,10.469123855207));
#9469 = ORIENTED_EDGE('',*,*,#9470,.F.);
#9470 = EDGE_CURVE('',#9436,#9464,#9471,.T.);
#9471 = B_SPLINE_CURVE_WITH_KNOTS('',1,(#9472,#9473),.UNSPECIFIED.,.F.,
  .F.,(2,2),(-7.810661467455E-02,0.),.PIECEWISE_BEZIER_KNOTS.);
#9472 = CARTESIAN_POINT('',(5.251,1.241479014026,10.391017240533));
#9473 = CARTESIAN_POINT('',(5.251,1.241479014026,10.469123855207));
#9474 = ORIENTED_EDGE('',*,*,#9435,.T.);
#9475 = B_SPLINE_SURFACE_WITH_KNOTS('',1,1,(
    (#9476,#9477)
    ,(#9478,#9479
    )),.UNSPECIFIED.,.F.,.F.,.F.,(2,2),(2,2),(0.,7.810661467455E-02),(
    -1.E-03,0.),.PIECEWISE_BEZIER_KNOTS.);
#9476 = CARTESIAN_POINT('',(5.25,1.241479014026,10.469123855207));
#9477 = CARTESIAN_POINT('',(5.251,1.241479014026,10.469123855207));
#9478 = CARTESIAN_POINT('',(5.25,1.241479014026,10.391017240533));
#9479 = CARTESIAN_POINT('',(5.251,1.241479014026,10.391017240533));
#9480 = ADVANCED_FACE('',(#9481),#9503,.F.);
#9481 = FACE_BOUND('',#9482,.T.);
#9482 = EDGE_LOOP('',(#9483,#9490,#9497,#9502));
#9483 = ORIENTED_EDGE('',*,*,#9484,.T.);
#9484 = EDGE_CURVE('',#9457,#9485,#9487,.T.);
#9485 = VERTEX_POINT('',#9486);
#9486 = CARTESIAN_POINT('',(5.25,1.335681081243,10.469123855207));
#9487 = B_SPLINE_CURVE_WITH_KNOTS('',1,(#9488,#9489),.UNSPECIFIED.,.F.,
  .F.,(2,2),(-9.420206721743E-02,0.),.PIECEWISE_BEZIER_KNOTS.);
#9488 = CARTESIAN_POINT('',(5.25,1.241479014026,10.469123855207));
#9489 = CARTESIAN_POINT('',(5.25,1.335681081243,10.469123855207));
#9490 = ORIENTED_EDGE('',*,*,#9491,.F.);
#9491 = EDGE_CURVE('',#9492,#9485,#9494,.T.);
#9492 = VERTEX_POINT('',#9493);
#9493 = CARTESIAN_POINT('',(5.251,1.335681081243,10.469123855207));
#9494 = B_SPLINE_CURVE_WITH_KNOTS('',1,(#9495,#9496),.UNSPECIFIED.,.F.,
  .F.,(2,2),(-0.,1.E-03),.PIECEWISE_BEZIER_KNOTS.);
#9495 = CARTESIAN_POINT('',(5.251,1.335681081243,10.469123855207));
#9496 = CARTESIAN_POINT('',(5.25,1.335681081243,10.469123855207));
#9497 = ORIENTED_EDGE('',*,*,#9498,.F.);
#9498 = EDGE_CURVE('',#9464,#9492,#9499,.T.);
#9499 = B_SPLINE_CURVE_WITH_KNOTS('',1,(#9500,#9501),.UNSPECIFIED.,.F.,
  .F.,(2,2),(-9.420206721743E-02,0.),.PIECEWISE_BEZIER_KNOTS.);
#9500 = CARTESIAN_POINT('',(5.251,1.241479014026,10.469123855207));
#9501 = CARTESIAN_POINT('',(5.251,1.335681081243,10.469123855207));
#9502 = ORIENTED_EDGE('',*,*,#9463,.T.);
#9503 = B_SPLINE_SURFACE_WITH_KNOTS('',1,1,(
    (#9504,#9505)
    ,(#9506,#9507)),.UNSPECIFIED.,.F.,.F.,.F.,(2,2),(2,2),(-1.E-03,0.),(
    -9.420206721743E-02,0.),.PIECEWISE_BEZIER_KNOTS.);
#9504 = CARTESIAN_POINT('',(5.25,1.241479014026,10.469123855207));
#9505 = CARTESIAN_POINT('',(5.25,1.335681081243,10.469123855207));
#9506 = CARTESIAN_POINT('',(5.251,1.241479014026,10.469123855207));
#9507 = CARTESIAN_POINT('',(5.251,1.335681081243,10.469123855207));
#9508 = ADVANCED_FACE('',(#9509),#9531,.F.);
#9509 = FACE_BOUND('',#9510,.T.);
#9510 = EDGE_LOOP('',(#9511,#9518,#9525,#9530));
#9511 = ORIENTED_EDGE('',*,*,#9512,.T.);
#9512 = EDGE_CURVE('',#9485,#9513,#9515,.T.);
#9513 = VERTEX_POINT('',#9514);
#9514 = CARTESIAN_POINT('',(5.25,1.335681081243,10.497197318948));
#9515 = B_SPLINE_CURVE_WITH_KNOTS('',1,(#9516,#9517),.UNSPECIFIED.,.F.,
  .F.,(2,2),(-2.807346374017E-02,0.),.PIECEWISE_BEZIER_KNOTS.);
#9516 = CARTESIAN_POINT('',(5.25,1.335681081243,10.469123855207));
#9517 = CARTESIAN_POINT('',(5.25,1.335681081243,10.497197318948));
#9518 = ORIENTED_EDGE('',*,*,#9519,.F.);
#9519 = EDGE_CURVE('',#9520,#9513,#9522,.T.);
#9520 = VERTEX_POINT('',#9521);
#9521 = CARTESIAN_POINT('',(5.251,1.335681081243,10.497197318948));
#9522 = B_SPLINE_CURVE_WITH_KNOTS('',1,(#9523,#9524),.UNSPECIFIED.,.F.,
  .F.,(2,2),(-0.,1.E-03),.PIECEWISE_BEZIER_KNOTS.);
#9523 = CARTESIAN_POINT('',(5.251,1.335681081243,10.497197318948));
#9524 = CARTESIAN_POINT('',(5.25,1.335681081243,10.497197318948));
#9525 = ORIENTED_EDGE('',*,*,#9526,.F.);
#9526 = EDGE_CURVE('',#9492,#9520,#9527,.T.);
#9527 = B_SPLINE_CURVE_WITH_KNOTS('',1,(#9528,#9529),.UNSPECIFIED.,.F.,
  .F.,(2,2),(-2.807346374017E-02,0.),.PIECEWISE_BEZIER_KNOTS.);
#9528 = CARTESIAN_POINT('',(5.251,1.335681081243,10.469123855207));
#9529 = CARTESIAN_POINT('',(5.251,1.335681081243,10.497197318948));
#9530 = ORIENTED_EDGE('',*,*,#9491,.T.);
#9531 = B_SPLINE_SURFACE_WITH_KNOTS('',1,1,(
    (#9532,#9533)
    ,(#9534,#9535
    )),.UNSPECIFIED.,.F.,.F.,.F.,(2,2),(2,2),(-0.,2.807346374017E-02),(
    -1.E-03,0.),.PIECEWISE_BEZIER_KNOTS.);
#9532 = CARTESIAN_POINT('',(5.25,1.335681081243,10.497197318948));
#9533 = CARTESIAN_POINT('',(5.251,1.335681081243,10.497197318948));
#9534 = CARTESIAN_POINT('',(5.25,1.335681081243,10.469123855207));
#9535 = CARTESIAN_POINT('',(5.251,1.335681081243,10.469123855207));
#9536 = ADVANCED_FACE('',(#9537),#9559,.F.);
#9537 = FACE_BOUND('',#9538,.T.);
#9538 = EDGE_LOOP('',(#9539,#9546,#9553,#9558));
#9539 = ORIENTED_EDGE('',*,*,#9540,.T.);
#9540 = EDGE_CURVE('',#9513,#9541,#9543,.T.);
#9541 = VERTEX_POINT('',#9542);
#9542 = CARTESIAN_POINT('',(5.25,1.20997434916,10.497197318948));
#9543 = B_SPLINE_CURVE_WITH_KNOTS('',1,(#9544,#9545),.UNSPECIFIED.,.F.,
  .F.,(2,2),(-0.125706732083,-0.),.PIECEWISE_BEZIER_KNOTS.);
#9544 = CARTESIAN_POINT('',(5.25,1.335681081243,10.497197318948));
#9545 = CARTESIAN_POINT('',(5.25,1.20997434916,10.497197318948));
#9546 = ORIENTED_EDGE('',*,*,#9547,.F.);
#9547 = EDGE_CURVE('',#9548,#9541,#9550,.T.);
#9548 = VERTEX_POINT('',#9549);
#9549 = CARTESIAN_POINT('',(5.251,1.20997434916,10.497197318948));
#9550 = B_SPLINE_CURVE_WITH_KNOTS('',1,(#9551,#9552),.UNSPECIFIED.,.F.,
  .F.,(2,2),(-0.,1.E-03),.PIECEWISE_BEZIER_KNOTS.);
#9551 = CARTESIAN_POINT('',(5.251,1.20997434916,10.497197318948));
#9552 = CARTESIAN_POINT('',(5.25,1.20997434916,10.497197318948));
#9553 = ORIENTED_EDGE('',*,*,#9554,.F.);
#9554 = EDGE_CURVE('',#9520,#9548,#9555,.T.);
#9555 = B_SPLINE_CURVE_WITH_KNOTS('',1,(#9556,#9557),.UNSPECIFIED.,.F.,
  .F.,(2,2),(-0.125706732083,-0.),.PIECEWISE_BEZIER_KNOTS.);
#9556 = CARTESIAN_POINT('',(5.251,1.335681081243,10.497197318948));
#9557 = CARTESIAN_POINT('',(5.251,1.20997434916,10.497197318948));
#9558 = ORIENTED_EDGE('',*,*,#9519,.T.);
#9559 = B_SPLINE_SURFACE_WITH_KNOTS('',1,1,(
    (#9560,#9561)
    ,(#9562,#9563
    )),.UNSPECIFIED.,.F.,.F.,.F.,(2,2),(2,2),(0.,1.E-03),(0.,
    0.125706732083),.PIECEWISE_BEZIER_KNOTS.);
#9560 = CARTESIAN_POINT('',(5.251,1.20997434916,10.497197318948));
#9561 = CARTESIAN_POINT('',(5.251,1.335681081243,10.497197318948));
#9562 = CARTESIAN_POINT('',(5.25,1.20997434916,10.497197318948));
#9563 = CARTESIAN_POINT('',(5.25,1.335681081243,10.497197318948));
#9564 = ADVANCED_FACE('',(#9565),#9587,.F.);
#9565 = FACE_BOUND('',#9566,.T.);
#9566 = EDGE_LOOP('',(#9567,#9574,#9581,#9586));
#9567 = ORIENTED_EDGE('',*,*,#9568,.T.);
#9568 = EDGE_CURVE('',#9541,#9569,#9571,.T.);
#9569 = VERTEX_POINT('',#9570);
#9570 = CARTESIAN_POINT('',(5.25,1.20997434916,10.25314534083));
#9571 = B_SPLINE_CURVE_WITH_KNOTS('',1,(#9572,#9573),.UNSPECIFIED.,.F.,
  .F.,(2,2),(-0.244051978118,0.),.PIECEWISE_BEZIER_KNOTS.);
#9572 = CARTESIAN_POINT('',(5.25,1.20997434916,10.497197318948));
#9573 = CARTESIAN_POINT('',(5.25,1.20997434916,10.25314534083));
#9574 = ORIENTED_EDGE('',*,*,#9575,.F.);
#9575 = EDGE_CURVE('',#9576,#9569,#9578,.T.);
#9576 = VERTEX_POINT('',#9577);
#9577 = CARTESIAN_POINT('',(5.251,1.20997434916,10.25314534083));
#9578 = B_SPLINE_CURVE_WITH_KNOTS('',1,(#9579,#9580),.UNSPECIFIED.,.F.,
  .F.,(2,2),(-0.,1.E-03),.PIECEWISE_BEZIER_KNOTS.);
#9579 = CARTESIAN_POINT('',(5.251,1.20997434916,10.25314534083));
#9580 = CARTESIAN_POINT('',(5.25,1.20997434916,10.25314534083));
#9581 = ORIENTED_EDGE('',*,*,#9582,.F.);
#9582 = EDGE_CURVE('',#9548,#9576,#9583,.T.);
#9583 = B_SPLINE_CURVE_WITH_KNOTS('',1,(#9584,#9585),.UNSPECIFIED.,.F.,
  .F.,(2,2),(-0.244051978118,0.),.PIECEWISE_BEZIER_KNOTS.);
#9584 = CARTESIAN_POINT('',(5.251,1.20997434916,10.497197318948));
#9585 = CARTESIAN_POINT('',(5.251,1.20997434916,10.25314534083));
#9586 = ORIENTED_EDGE('',*,*,#9547,.T.);
#9587 = B_SPLINE_SURFACE_WITH_KNOTS('',1,1,(
    (#9588,#9589)
    ,(#9590,#9591
    )),.UNSPECIFIED.,.F.,.F.,.F.,(2,2),(2,2),(0.,0.244051978118),(
    -1.E-03,0.),.PIECEWISE_BEZIER_KNOTS.);
#9588 = CARTESIAN_POINT('',(5.25,1.20997434916,10.25314534083));
#9589 = CARTESIAN_POINT('',(5.251,1.20997434916,10.25314534083));
#9590 = CARTESIAN_POINT('',(5.25,1.20997434916,10.497197318948));
#9591 = CARTESIAN_POINT('',(5.251,1.20997434916,10.497197318948));
#9592 = ADVANCED_FACE('',(#9593),#9607,.F.);
#9593 = FACE_BOUND('',#9594,.T.);
#9594 = EDGE_LOOP('',(#9595,#9600,#9601,#9606));
#9595 = ORIENTED_EDGE('',*,*,#9596,.T.);
#9596 = EDGE_CURVE('',#9569,#9281,#9597,.T.);
#9597 = B_SPLINE_CURVE_WITH_KNOTS('',1,(#9598,#9599),.UNSPECIFIED.,.F.,
  .F.,(2,2),(-0.131259039356,0.),.PIECEWISE_BEZIER_KNOTS.);
#9598 = CARTESIAN_POINT('',(5.25,1.20997434916,10.25314534083));
#9599 = CARTESIAN_POINT('',(5.25,1.341233388516,10.25314534083));
#9600 = ORIENTED_EDGE('',*,*,#9303,.F.);
#9601 = ORIENTED_EDGE('',*,*,#9602,.F.);
#9602 = EDGE_CURVE('',#9576,#9297,#9603,.T.);
#9603 = B_SPLINE_CURVE_WITH_KNOTS('',1,(#9604,#9605),.UNSPECIFIED.,.F.,
  .F.,(2,2),(-0.131259039356,0.),.PIECEWISE_BEZIER_KNOTS.);
#9604 = CARTESIAN_POINT('',(5.251,1.20997434916,10.25314534083));
#9605 = CARTESIAN_POINT('',(5.251,1.341233388516,10.25314534083));
#9606 = ORIENTED_EDGE('',*,*,#9575,.T.);
#9607 = B_SPLINE_SURFACE_WITH_KNOTS('',1,1,(
    (#9608,#9609)
    ,(#9610,#9611
    )),.UNSPECIFIED.,.F.,.F.,.F.,(2,2),(2,2),(-0.,0.131259039356),(
    -1.E-03,0.),.PIECEWISE_BEZIER_KNOTS.);
#9608 = CARTESIAN_POINT('',(5.25,1.341233388516,10.25314534083));
#9609 = CARTESIAN_POINT('',(5.251,1.341233388516,10.25314534083));
#9610 = CARTESIAN_POINT('',(5.25,1.20997434916,10.25314534083));
#9611 = CARTESIAN_POINT('',(5.251,1.20997434916,10.25314534083));
#9612 = ADVANCED_FACE('',(#9613),#9627,.F.);
#9613 = FACE_BOUND('',#9614,.T.);
#9614 = EDGE_LOOP('',(#9615,#9616,#9617,#9618,#9619,#9620,#9621,#9622,
    #9623,#9624,#9625,#9626));
#9615 = ORIENTED_EDGE('',*,*,#9296,.T.);
#9616 = ORIENTED_EDGE('',*,*,#9330,.T.);
#9617 = ORIENTED_EDGE('',*,*,#9358,.T.);
#9618 = ORIENTED_EDGE('',*,*,#9386,.T.);
#9619 = ORIENTED_EDGE('',*,*,#9414,.T.);
#9620 = ORIENTED_EDGE('',*,*,#9442,.T.);
#9621 = ORIENTED_EDGE('',*,*,#9470,.T.);
#9622 = ORIENTED_EDGE('',*,*,#9498,.T.);
#9623 = ORIENTED_EDGE('',*,*,#9526,.T.);
#9624 = ORIENTED_EDGE('',*,*,#9554,.T.);
#9625 = ORIENTED_EDGE('',*,*,#9582,.T.);
#9626 = ORIENTED_EDGE('',*,*,#9602,.T.);
#9627 = B_SPLINE_SURFACE_WITH_KNOTS('',1,1,(
    (#9628,#9629)
    ,(#9630,#9631
    )),.UNSPECIFIED.,.F.,.F.,.F.,(2,2),(2,2),(6.75061971383,
    6.994671691948),(1.20997434916,1.341233388516),
  .PIECEWISE_BEZIER_KNOTS.);
#9628 = CARTESIAN_POINT('',(5.251,1.20997434916,10.25314534083));
#9629 = CARTESIAN_POINT('',(5.251,1.341233388516,10.25314534083));
#9630 = CARTESIAN_POINT('',(5.251,1.20997434916,10.497197318948));
#9631 = CARTESIAN_POINT('',(5.251,1.341233388516,10.497197318948));
#9632 = ADVANCED_FACE('',(#9633),#9647,.T.);
#9633 = FACE_BOUND('',#9634,.T.);
#9634 = EDGE_LOOP('',(#9635,#9636,#9637,#9638,#9639,#9640,#9641,#9642,
    #9643,#9644,#9645,#9646));
#9635 = ORIENTED_EDGE('',*,*,#9280,.F.);
#9636 = ORIENTED_EDGE('',*,*,#9596,.F.);
#9637 = ORIENTED_EDGE('',*,*,#9568,.F.);
#9638 = ORIENTED_EDGE('',*,*,#9540,.F.);
#9639 = ORIENTED_EDGE('',*,*,#9512,.F.);
#9640 = ORIENTED_EDGE('',*,*,#9484,.F.);
#9641 = ORIENTED_EDGE('',*,*,#9456,.F.);
#9642 = ORIENTED_EDGE('',*,*,#9428,.F.);
#9643 = ORIENTED_EDGE('',*,*,#9400,.F.);
#9644 = ORIENTED_EDGE('',*,*,#9372,.F.);
#9645 = ORIENTED_EDGE('',*,*,#9344,.F.);
#9646 = ORIENTED_EDGE('',*,*,#9316,.F.);
#9647 = B_SPLINE_SURFACE_WITH_KNOTS('',1,1,(
    (#9648,#9649)
    ,(#9650,#9651
    )),.UNSPECIFIED.,.F.,.F.,.F.,(2,2),(2,2),(6.75061971383,
    6.994671691948),(1.20997434916,1.341233388516),
  .PIECEWISE_BEZIER_KNOTS.);
#9648 = CARTESIAN_POINT('',(5.25,1.20997434916,10.25314534083));
#9649 = CARTESIAN_POINT('',(5.25,1.341233388516,10.25314534083));
#9650 = CARTESIAN_POINT('',(5.25,1.20997434916,10.497197318948));
#9651 = CARTESIAN_POINT('',(5.25,1.341233388516,10.497197318948));
#9652 = MANIFOLD_SOLID_BREP('',#9653);
#9653 = CLOSED_SHELL('',(#9654,#9778,#9902,#9922,#9942,#9962,#9982,
    #10002,#10018,#10030,#10050,#10066,#10082,#10102,#10122,#10142));
#9654 = ADVANCED_FACE('',(#9655,#9714),#9773,.T.);
#9655 = FACE_BOUND('',#9656,.T.);
#9656 = EDGE_LOOP('',(#9657,#9666,#9675,#9684,#9693,#9702,#9709));
#9657 = ORIENTED_EDGE('',*,*,#9658,.T.);
#9658 = EDGE_CURVE('',#9659,#9661,#9663,.T.);
#9659 = VERTEX_POINT('',#9660);
#9660 = CARTESIAN_POINT('',(5.251,1.387336254527,10.25314534083));
#9661 = VERTEX_POINT('',#9662);
#9662 = CARTESIAN_POINT('',(5.251,1.454463025604,10.25314534083));
#9663 = B_SPLINE_CURVE_WITH_KNOTS('',1,(#9664,#9665),.UNSPECIFIED.,.F.,
  .F.,(2,2),(-6.712677107745E-02,2.22044604925E-16),
  .PIECEWISE_BEZIER_KNOTS.);
#9664 = CARTESIAN_POINT('',(5.251,1.387336254527,10.25314534083));
#9665 = CARTESIAN_POINT('',(5.251,1.454463025604,10.25314534083));
#9666 = ORIENTED_EDGE('',*,*,#9667,.T.);
#9667 = EDGE_CURVE('',#9661,#9668,#9670,.T.);
#9668 = VERTEX_POINT('',#9669);
#9669 = CARTESIAN_POINT('',(5.251,1.549226562096,10.287332581118));
#9670 = B_SPLINE_CURVE_WITH_KNOTS('',3,(#9671,#9672,#9673,#9674),
  .UNSPECIFIED.,.F.,.F.,(4,4),(5.,6.),.PIECEWISE_BEZIER_KNOTS.);
#9671 = CARTESIAN_POINT('',(5.251,1.454463025604,10.25314534083));
#9672 = CARTESIAN_POINT('',(5.251,1.493079634615,10.25314534083));
#9673 = CARTESIAN_POINT('',(5.251,1.52470907043,10.264499497275));
#9674 = CARTESIAN_POINT('',(5.251,1.549226562096,10.287332581118));
#9675 = ORIENTED_EDGE('',*,*,#9676,.T.);
#9676 = EDGE_CURVE('',#9668,#9677,#9679,.T.);
#9677 = VERTEX_POINT('',#9678);
#9678 = CARTESIAN_POINT('',(5.251,1.586033992335,10.378290603637));
#9679 = B_SPLINE_CURVE_WITH_KNOTS('',3,(#9680,#9681,#9682,#9683),
  .UNSPECIFIED.,.F.,.F.,(4,4),(4.,5.),.PIECEWISE_BEZIER_KNOTS.);
#9680 = CARTESIAN_POINT('',(5.251,1.549226562096,10.287332581118));
#9681 = CARTESIAN_POINT('',(5.251,1.573744053763,10.310165664961));
#9682 = CARTESIAN_POINT('',(5.251,1.586033992335,10.340485005799));
#9683 = CARTESIAN_POINT('',(5.251,1.586033992335,10.378290603637));
#9684 = ORIENTED_EDGE('',*,*,#9685,.T.);
#9685 = EDGE_CURVE('',#9677,#9686,#9688,.T.);
#9686 = VERTEX_POINT('',#9687);
#9687 = CARTESIAN_POINT('',(5.251,1.549226562096,10.464881642909));
#9688 = B_SPLINE_CURVE_WITH_KNOTS('',3,(#9689,#9690,#9691,#9692),
  .UNSPECIFIED.,.F.,.F.,(4,4),(3.,4.),.PIECEWISE_BEZIER_KNOTS.);
#9689 = CARTESIAN_POINT('',(5.251,1.586033992335,10.378290603637));
#9690 = CARTESIAN_POINT('',(5.251,1.586033992335,10.414474179125));
#9691 = CARTESIAN_POINT('',(5.251,1.573744053763,10.443296268566));
#9692 = CARTESIAN_POINT('',(5.251,1.549226562096,10.464881642909));
#9693 = ORIENTED_EDGE('',*,*,#9694,.T.);
#9694 = EDGE_CURVE('',#9686,#9695,#9697,.T.);
#9695 = VERTEX_POINT('',#9696);
#9696 = CARTESIAN_POINT('',(5.251,1.456958444602,10.497197318948));
#9697 = B_SPLINE_CURVE_WITH_KNOTS('',3,(#9698,#9699,#9700,#9701),
  .UNSPECIFIED.,.F.,.F.,(4,4),(2.,3.),.PIECEWISE_BEZIER_KNOTS.);
#9698 = CARTESIAN_POINT('',(5.251,1.549226562096,10.464881642909));
#9699 = CARTESIAN_POINT('',(5.251,1.52470907043,10.48646701725));
#9700 = CARTESIAN_POINT('',(5.251,1.493953031264,10.497197318948));
#9701 = CARTESIAN_POINT('',(5.251,1.456958444602,10.497197318948));
#9702 = ORIENTED_EDGE('',*,*,#9703,.T.);
#9703 = EDGE_CURVE('',#9695,#9704,#9706,.T.);
#9704 = VERTEX_POINT('',#9705);
#9705 = CARTESIAN_POINT('',(5.251,1.387336254527,10.497197318948));
#9706 = B_SPLINE_CURVE_WITH_KNOTS('',1,(#9707,#9708),.UNSPECIFIED.,.F.,
  .F.,(2,2),(-6.962219007542E-02,-0.),.PIECEWISE_BEZIER_KNOTS.);
#9707 = CARTESIAN_POINT('',(5.251,1.456958444602,10.497197318948));
#9708 = CARTESIAN_POINT('',(5.251,1.387336254527,10.497197318948));
#9709 = ORIENTED_EDGE('',*,*,#9710,.T.);
#9710 = EDGE_CURVE('',#9704,#9659,#9711,.T.);
#9711 = B_SPLINE_CURVE_WITH_KNOTS('',1,(#9712,#9713),.UNSPECIFIED.,.F.,
  .F.,(2,2),(-0.244051978118,0.),.PIECEWISE_BEZIER_KNOTS.);
#9712 = CARTESIAN_POINT('',(5.251,1.387336254527,10.497197318948));
#9713 = CARTESIAN_POINT('',(5.251,1.387336254527,10.25314534083));
#9714 = FACE_BOUND('',#9715,.T.);
#9715 = EDGE_LOOP('',(#9716,#9725,#9732,#9741,#9750,#9759,#9768));
#9716 = ORIENTED_EDGE('',*,*,#9717,.F.);
#9717 = EDGE_CURVE('',#9718,#9720,#9722,.T.);
#9718 = VERTEX_POINT('',#9719);
#9719 = CARTESIAN_POINT('',(5.251,1.41884091939,10.469123855207));
#9720 = VERTEX_POINT('',#9721);
#9721 = CARTESIAN_POINT('',(5.251,1.41884091939,10.280969262671));
#9722 = B_SPLINE_CURVE_WITH_KNOTS('',1,(#9723,#9724),.UNSPECIFIED.,.F.,
  .F.,(2,2),(0.,0.188154592537),.PIECEWISE_BEZIER_KNOTS.);
#9723 = CARTESIAN_POINT('',(5.251,1.41884091939,10.469123855207));
#9724 = CARTESIAN_POINT('',(5.251,1.41884091939,10.280969262671));
#9725 = ORIENTED_EDGE('',*,*,#9726,.F.);
#9726 = EDGE_CURVE('',#9727,#9718,#9729,.T.);
#9727 = VERTEX_POINT('',#9728);
#9728 = CARTESIAN_POINT('',(5.251,1.455710735102,10.469123855207));
#9729 = B_SPLINE_CURVE_WITH_KNOTS('',1,(#9730,#9731),.UNSPECIFIED.,.F.,
  .F.,(2,2),(0.,3.686981571217E-02),.PIECEWISE_BEZIER_KNOTS.);
#9730 = CARTESIAN_POINT('',(5.251,1.455710735102,10.469123855207));
#9731 = CARTESIAN_POINT('',(5.251,1.41884091939,10.469123855207));
#9732 = ORIENTED_EDGE('',*,*,#9733,.F.);
#9733 = EDGE_CURVE('',#9734,#9727,#9736,.T.);
#9734 = VERTEX_POINT('',#9735);
#9735 = CARTESIAN_POINT('',(5.251,1.526143936353,10.446166000415));
#9736 = B_SPLINE_CURVE_WITH_KNOTS('',3,(#9737,#9738,#9739,#9740),
  .UNSPECIFIED.,.F.,.F.,(4,4),(5.,6.),.PIECEWISE_BEZIER_KNOTS.);
#9737 = CARTESIAN_POINT('',(5.251,1.526143936353,10.446166000415));
#9738 = CARTESIAN_POINT('',(5.251,1.50830169051,10.461512827259));
#9739 = CARTESIAN_POINT('',(5.251,1.484782366443,10.469123855207));
#9740 = CARTESIAN_POINT('',(5.251,1.455710735102,10.469123855207));
#9741 = ORIENTED_EDGE('',*,*,#9742,.F.);
#9742 = EDGE_CURVE('',#9743,#9734,#9745,.T.);
#9743 = VERTEX_POINT('',#9744);
#9744 = CARTESIAN_POINT('',(5.251,1.552907305119,10.377417206988));
#9745 = B_SPLINE_CURVE_WITH_KNOTS('',3,(#9746,#9747,#9748,#9749),
  .UNSPECIFIED.,.F.,.F.,(4,4),(4.,5.),.PIECEWISE_BEZIER_KNOTS.);
#9746 = CARTESIAN_POINT('',(5.251,1.552907305119,10.377417206988));
#9747 = CARTESIAN_POINT('',(5.251,1.552907305119,10.407861318778));
#9748 = CARTESIAN_POINT('',(5.251,1.543986182197,10.430819173569));
#9749 = CARTESIAN_POINT('',(5.251,1.526143936353,10.446166000415));
#9750 = ORIENTED_EDGE('',*,*,#9751,.F.);
#9751 = EDGE_CURVE('',#9752,#9743,#9754,.T.);
#9752 = VERTEX_POINT('',#9753);
#9753 = CARTESIAN_POINT('',(5.251,1.526830176579,10.306422536461));
#9754 = B_SPLINE_CURVE_WITH_KNOTS('',3,(#9755,#9756,#9757,#9758),
  .UNSPECIFIED.,.F.,.F.,(4,4),(3.,4.),.PIECEWISE_BEZIER_KNOTS.);
#9755 = CARTESIAN_POINT('',(5.251,1.526830176579,10.306422536461));
#9756 = CARTESIAN_POINT('',(5.251,1.544235724098,10.323266614706));
#9757 = CARTESIAN_POINT('',(5.251,1.552907305119,10.346973095198));
#9758 = CARTESIAN_POINT('',(5.251,1.552907305119,10.377417206988));
#9759 = ORIENTED_EDGE('',*,*,#9760,.F.);
#9760 = EDGE_CURVE('',#9761,#9752,#9763,.T.);
#9761 = VERTEX_POINT('',#9762);
#9762 = CARTESIAN_POINT('',(5.251,1.454275869178,10.280969262671));
#9763 = B_SPLINE_CURVE_WITH_KNOTS('',3,(#9764,#9765,#9766,#9767),
  .UNSPECIFIED.,.F.,.F.,(4,4),(2.,3.),.PIECEWISE_BEZIER_KNOTS.);
#9764 = CARTESIAN_POINT('',(5.251,1.454275869178,10.280969262671));
#9765 = CARTESIAN_POINT('',(5.251,1.485281450242,10.280969262671));
#9766 = CARTESIAN_POINT('',(5.251,1.509487014534,10.289453687266));
#9767 = CARTESIAN_POINT('',(5.251,1.526830176579,10.306422536461));
#9768 = ORIENTED_EDGE('',*,*,#9769,.F.);
#9769 = EDGE_CURVE('',#9720,#9761,#9770,.T.);
#9770 = B_SPLINE_CURVE_WITH_KNOTS('',1,(#9771,#9772),.UNSPECIFIED.,.F.,
  .F.,(2,2),(0.,3.543494978763E-02),.PIECEWISE_BEZIER_KNOTS.);
#9771 = CARTESIAN_POINT('',(5.251,1.41884091939,10.280969262671));
#9772 = CARTESIAN_POINT('',(5.251,1.454275869178,10.280969262671));
#9773 = B_SPLINE_SURFACE_WITH_KNOTS('',1,1,(
    (#9774,#9775)
    ,(#9776,#9777
    )),.UNSPECIFIED.,.F.,.F.,.F.,(2,2),(2,2),(-8.063322641415E-03,
    0.235988655476),(-0.120435159446,7.826257836203E-02),
  .PIECEWISE_BEZIER_KNOTS.);
#9774 = CARTESIAN_POINT('',(5.251,1.387336254527,10.497197318948));
#9775 = CARTESIAN_POINT('',(5.251,1.586033992335,10.497197318948));
#9776 = CARTESIAN_POINT('',(5.251,1.387336254527,10.25314534083));
#9777 = CARTESIAN_POINT('',(5.251,1.586033992335,10.25314534083));
#9778 = ADVANCED_FACE('',(#9779,#9838),#9897,.F.);
#9779 = FACE_BOUND('',#9780,.T.);
#9780 = EDGE_LOOP('',(#9781,#9790,#9797,#9804,#9813,#9822,#9831));
#9781 = ORIENTED_EDGE('',*,*,#9782,.F.);
#9782 = EDGE_CURVE('',#9783,#9785,#9787,.T.);
#9783 = VERTEX_POINT('',#9784);
#9784 = CARTESIAN_POINT('',(5.25,1.387336254527,10.25314534083));
#9785 = VERTEX_POINT('',#9786);
#9786 = CARTESIAN_POINT('',(5.25,1.454463025604,10.25314534083));
#9787 = B_SPLINE_CURVE_WITH_KNOTS('',1,(#9788,#9789),.UNSPECIFIED.,.F.,
  .F.,(2,2),(-6.712677107745E-02,2.22044604925E-16),
  .PIECEWISE_BEZIER_KNOTS.);
#9788 = CARTESIAN_POINT('',(5.25,1.387336254527,10.25314534083));
#9789 = CARTESIAN_POINT('',(5.25,1.454463025604,10.25314534083));
#9790 = ORIENTED_EDGE('',*,*,#9791,.F.);
#9791 = EDGE_CURVE('',#9792,#9783,#9794,.T.);
#9792 = VERTEX_POINT('',#9793);
#9793 = CARTESIAN_POINT('',(5.25,1.387336254527,10.497197318948));
#9794 = B_SPLINE_CURVE_WITH_KNOTS('',1,(#9795,#9796),.UNSPECIFIED.,.F.,
  .F.,(2,2),(-0.244051978118,0.),.PIECEWISE_BEZIER_KNOTS.);
#9795 = CARTESIAN_POINT('',(5.25,1.387336254527,10.497197318948));
#9796 = CARTESIAN_POINT('',(5.25,1.387336254527,10.25314534083));
#9797 = ORIENTED_EDGE('',*,*,#9798,.F.);
#9798 = EDGE_CURVE('',#9799,#9792,#9801,.T.);
#9799 = VERTEX_POINT('',#9800);
#9800 = CARTESIAN_POINT('',(5.25,1.456958444602,10.497197318948));
#9801 = B_SPLINE_CURVE_WITH_KNOTS('',1,(#9802,#9803),.UNSPECIFIED.,.F.,
  .F.,(2,2),(-6.962219007542E-02,-0.),.PIECEWISE_BEZIER_KNOTS.);
#9802 = CARTESIAN_POINT('',(5.25,1.456958444602,10.497197318948));
#9803 = CARTESIAN_POINT('',(5.25,1.387336254527,10.497197318948));
#9804 = ORIENTED_EDGE('',*,*,#9805,.F.);
#9805 = EDGE_CURVE('',#9806,#9799,#9808,.T.);
#9806 = VERTEX_POINT('',#9807);
#9807 = CARTESIAN_POINT('',(5.25,1.549226562096,10.464881642909));
#9808 = B_SPLINE_CURVE_WITH_KNOTS('',3,(#9809,#9810,#9811,#9812),
  .UNSPECIFIED.,.F.,.F.,(4,4),(2.,3.),.PIECEWISE_BEZIER_KNOTS.);
#9809 = CARTESIAN_POINT('',(5.25,1.549226562096,10.464881642909));
#9810 = CARTESIAN_POINT('',(5.25,1.52470907043,10.48646701725));
#9811 = CARTESIAN_POINT('',(5.25,1.493953031264,10.497197318948));
#9812 = CARTESIAN_POINT('',(5.25,1.456958444602,10.497197318948));
#9813 = ORIENTED_EDGE('',*,*,#9814,.F.);
#9814 = EDGE_CURVE('',#9815,#9806,#9817,.T.);
#9815 = VERTEX_POINT('',#9816);
#9816 = CARTESIAN_POINT('',(5.25,1.586033992335,10.378290603637));
#9817 = B_SPLINE_CURVE_WITH_KNOTS('',3,(#9818,#9819,#9820,#9821),
  .UNSPECIFIED.,.F.,.F.,(4,4),(3.,4.),.PIECEWISE_BEZIER_KNOTS.);
#9818 = CARTESIAN_POINT('',(5.25,1.586033992335,10.378290603637));
#9819 = CARTESIAN_POINT('',(5.25,1.586033992335,10.414474179125));
#9820 = CARTESIAN_POINT('',(5.25,1.573744053763,10.443296268566));
#9821 = CARTESIAN_POINT('',(5.25,1.549226562096,10.464881642909));
#9822 = ORIENTED_EDGE('',*,*,#9823,.F.);
#9823 = EDGE_CURVE('',#9824,#9815,#9826,.T.);
#9824 = VERTEX_POINT('',#9825);
#9825 = CARTESIAN_POINT('',(5.25,1.549226562096,10.287332581118));
#9826 = B_SPLINE_CURVE_WITH_KNOTS('',3,(#9827,#9828,#9829,#9830),
  .UNSPECIFIED.,.F.,.F.,(4,4),(4.,5.),.PIECEWISE_BEZIER_KNOTS.);
#9827 = CARTESIAN_POINT('',(5.25,1.549226562096,10.287332581118));
#9828 = CARTESIAN_POINT('',(5.25,1.573744053763,10.310165664961));
#9829 = CARTESIAN_POINT('',(5.25,1.586033992335,10.340485005799));
#9830 = CARTESIAN_POINT('',(5.25,1.586033992335,10.378290603637));
#9831 = ORIENTED_EDGE('',*,*,#9832,.F.);
#9832 = EDGE_CURVE('',#9785,#9824,#9833,.T.);
#9833 = B_SPLINE_CURVE_WITH_KNOTS('',3,(#9834,#9835,#9836,#9837),
  .UNSPECIFIED.,.F.,.F.,(4,4),(5.,6.),.PIECEWISE_BEZIER_KNOTS.);
#9834 = CARTESIAN_POINT('',(5.25,1.454463025604,10.25314534083));
#9835 = CARTESIAN_POINT('',(5.25,1.493079634615,10.25314534083));
#9836 = CARTESIAN_POINT('',(5.25,1.52470907043,10.264499497275));
#9837 = CARTESIAN_POINT('',(5.25,1.549226562096,10.287332581118));
#9838 = FACE_BOUND('',#9839,.T.);
#9839 = EDGE_LOOP('',(#9840,#9849,#9856,#9863,#9872,#9881,#9890));
#9840 = ORIENTED_EDGE('',*,*,#9841,.T.);
#9841 = EDGE_CURVE('',#9842,#9844,#9846,.T.);
#9842 = VERTEX_POINT('',#9843);
#9843 = CARTESIAN_POINT('',(5.25,1.455710735102,10.469123855207));
#9844 = VERTEX_POINT('',#9845);
#9845 = CARTESIAN_POINT('',(5.25,1.41884091939,10.469123855207));
#9846 = B_SPLINE_CURVE_WITH_KNOTS('',1,(#9847,#9848),.UNSPECIFIED.,.F.,
  .F.,(2,2),(0.,3.686981571217E-02),.PIECEWISE_BEZIER_KNOTS.);
#9847 = CARTESIAN_POINT('',(5.25,1.455710735102,10.469123855207));
#9848 = CARTESIAN_POINT('',(5.25,1.41884091939,10.469123855207));
#9849 = ORIENTED_EDGE('',*,*,#9850,.T.);
#9850 = EDGE_CURVE('',#9844,#9851,#9853,.T.);
#9851 = VERTEX_POINT('',#9852);
#9852 = CARTESIAN_POINT('',(5.25,1.41884091939,10.280969262671));
#9853 = B_SPLINE_CURVE_WITH_KNOTS('',1,(#9854,#9855),.UNSPECIFIED.,.F.,
  .F.,(2,2),(0.,0.188154592537),.PIECEWISE_BEZIER_KNOTS.);
#9854 = CARTESIAN_POINT('',(5.25,1.41884091939,10.469123855207));
#9855 = CARTESIAN_POINT('',(5.25,1.41884091939,10.280969262671));
#9856 = ORIENTED_EDGE('',*,*,#9857,.T.);
#9857 = EDGE_CURVE('',#9851,#9858,#9860,.T.);
#9858 = VERTEX_POINT('',#9859);
#9859 = CARTESIAN_POINT('',(5.25,1.454275869178,10.280969262671));
#9860 = B_SPLINE_CURVE_WITH_KNOTS('',1,(#9861,#9862),.UNSPECIFIED.,.F.,
  .F.,(2,2),(0.,3.543494978763E-02),.PIECEWISE_BEZIER_KNOTS.);
#9861 = CARTESIAN_POINT('',(5.25,1.41884091939,10.280969262671));
#9862 = CARTESIAN_POINT('',(5.25,1.454275869178,10.280969262671));
#9863 = ORIENTED_EDGE('',*,*,#9864,.T.);
#9864 = EDGE_CURVE('',#9858,#9865,#9867,.T.);
#9865 = VERTEX_POINT('',#9866);
#9866 = CARTESIAN_POINT('',(5.25,1.526830176579,10.306422536461));
#9867 = B_SPLINE_CURVE_WITH_KNOTS('',3,(#9868,#9869,#9870,#9871),
  .UNSPECIFIED.,.F.,.F.,(4,4),(2.,3.),.PIECEWISE_BEZIER_KNOTS.);
#9868 = CARTESIAN_POINT('',(5.25,1.454275869178,10.280969262671));
#9869 = CARTESIAN_POINT('',(5.25,1.485281450242,10.280969262671));
#9870 = CARTESIAN_POINT('',(5.25,1.509487014534,10.289453687266));
#9871 = CARTESIAN_POINT('',(5.25,1.526830176579,10.306422536461));
#9872 = ORIENTED_EDGE('',*,*,#9873,.T.);
#9873 = EDGE_CURVE('',#9865,#9874,#9876,.T.);
#9874 = VERTEX_POINT('',#9875);
#9875 = CARTESIAN_POINT('',(5.25,1.552907305119,10.377417206988));
#9876 = B_SPLINE_CURVE_WITH_KNOTS('',3,(#9877,#9878,#9879,#9880),
  .UNSPECIFIED.,.F.,.F.,(4,4),(3.,4.),.PIECEWISE_BEZIER_KNOTS.);
#9877 = CARTESIAN_POINT('',(5.25,1.526830176579,10.306422536461));
#9878 = CARTESIAN_POINT('',(5.25,1.544235724098,10.323266614706));
#9879 = CARTESIAN_POINT('',(5.25,1.552907305119,10.346973095198));
#9880 = CARTESIAN_POINT('',(5.25,1.552907305119,10.377417206988));
#9881 = ORIENTED_EDGE('',*,*,#9882,.T.);
#9882 = EDGE_CURVE('',#9874,#9883,#9885,.T.);
#9883 = VERTEX_POINT('',#9884);
#9884 = CARTESIAN_POINT('',(5.25,1.526143936353,10.446166000415));
#9885 = B_SPLINE_CURVE_WITH_KNOTS('',3,(#9886,#9887,#9888,#9889),
  .UNSPECIFIED.,.F.,.F.,(4,4),(4.,5.),.PIECEWISE_BEZIER_KNOTS.);
#9886 = CARTESIAN_POINT('',(5.25,1.552907305119,10.377417206988));
#9887 = CARTESIAN_POINT('',(5.25,1.552907305119,10.407861318778));
#9888 = CARTESIAN_POINT('',(5.25,1.543986182197,10.430819173569));
#9889 = CARTESIAN_POINT('',(5.25,1.526143936353,10.446166000415));
#9890 = ORIENTED_EDGE('',*,*,#9891,.T.);
#9891 = EDGE_CURVE('',#9883,#9842,#9892,.T.);
#9892 = B_SPLINE_CURVE_WITH_KNOTS('',3,(#9893,#9894,#9895,#9896),
  .UNSPECIFIED.,.F.,.F.,(4,4),(5.,6.),.PIECEWISE_BEZIER_KNOTS.);
#9893 = CARTESIAN_POINT('',(5.25,1.526143936353,10.446166000415));
#9894 = CARTESIAN_POINT('',(5.25,1.50830169051,10.461512827259));
#9895 = CARTESIAN_POINT('',(5.25,1.484782366443,10.469123855207));
#9896 = CARTESIAN_POINT('',(5.25,1.455710735102,10.469123855207));
#9897 = B_SPLINE_SURFACE_WITH_KNOTS('',1,1,(
    (#9898,#9899)
    ,(#9900,#9901
    )),.UNSPECIFIED.,.F.,.F.,.F.,(2,2),(2,2),(-8.063322641415E-03,
    0.235988655476),(-0.120435159446,7.826257836203E-02),
  .PIECEWISE_BEZIER_KNOTS.);
#9898 = CARTESIAN_POINT('',(5.25,1.387336254527,10.497197318948));
#9899 = CARTESIAN_POINT('',(5.25,1.586033992335,10.497197318948));
#9900 = CARTESIAN_POINT('',(5.25,1.387336254527,10.25314534083));
#9901 = CARTESIAN_POINT('',(5.25,1.586033992335,10.25314534083));
#9902 = ADVANCED_FACE('',(#9903),#9917,.F.);
#9903 = FACE_BOUND('',#9904,.T.);
#9904 = EDGE_LOOP('',(#9905,#9906,#9911,#9912));
#9905 = ORIENTED_EDGE('',*,*,#9782,.T.);
#9906 = ORIENTED_EDGE('',*,*,#9907,.F.);
#9907 = EDGE_CURVE('',#9661,#9785,#9908,.T.);
#9908 = B_SPLINE_CURVE_WITH_KNOTS('',1,(#9909,#9910),.UNSPECIFIED.,.F.,
  .F.,(2,2),(-0.,1.E-03),.PIECEWISE_BEZIER_KNOTS.);
#9909 = CARTESIAN_POINT('',(5.251,1.454463025604,10.25314534083));
#9910 = CARTESIAN_POINT('',(5.25,1.454463025604,10.25314534083));
#9911 = ORIENTED_EDGE('',*,*,#9658,.F.);
#9912 = ORIENTED_EDGE('',*,*,#9913,.T.);
#9913 = EDGE_CURVE('',#9659,#9783,#9914,.T.);
#9914 = B_SPLINE_CURVE_WITH_KNOTS('',1,(#9915,#9916),.UNSPECIFIED.,.F.,
  .F.,(2,2),(-0.,1.E-03),.PIECEWISE_BEZIER_KNOTS.);
#9915 = CARTESIAN_POINT('',(5.251,1.387336254527,10.25314534083));
#9916 = CARTESIAN_POINT('',(5.25,1.387336254527,10.25314534083));
#9917 = B_SPLINE_SURFACE_WITH_KNOTS('',1,1,(
    (#9918,#9919)
    ,(#9920,#9921
    )),.UNSPECIFIED.,.F.,.F.,.F.,(2,2),(2,2),(-1.000000000001E-03,0.),(
    -6.712677107745E-02,2.22044604925E-16),.PIECEWISE_BEZIER_KNOTS.);
#9918 = CARTESIAN_POINT('',(5.25,1.387336254527,10.25314534083));
#9919 = CARTESIAN_POINT('',(5.25,1.454463025604,10.25314534083));
#9920 = CARTESIAN_POINT('',(5.251,1.387336254527,10.25314534083));
#9921 = CARTESIAN_POINT('',(5.251,1.454463025604,10.25314534083));
#9922 = ADVANCED_FACE('',(#9923),#9933,.F.);
#9923 = FACE_BOUND('',#9924,.F.);
#9924 = EDGE_LOOP('',(#9925,#9926,#9927,#9932));
#9925 = ORIENTED_EDGE('',*,*,#9907,.F.);
#9926 = ORIENTED_EDGE('',*,*,#9667,.T.);
#9927 = ORIENTED_EDGE('',*,*,#9928,.T.);
#9928 = EDGE_CURVE('',#9668,#9824,#9929,.T.);
#9929 = B_SPLINE_CURVE_WITH_KNOTS('',1,(#9930,#9931),.UNSPECIFIED.,.F.,
  .F.,(2,2),(-0.,1.E-03),.PIECEWISE_BEZIER_KNOTS.);
#9930 = CARTESIAN_POINT('',(5.251,1.549226562096,10.287332581118));
#9931 = CARTESIAN_POINT('',(5.25,1.549226562096,10.287332581118));
#9932 = ORIENTED_EDGE('',*,*,#9832,.F.);
#9933 = B_SPLINE_SURFACE_WITH_KNOTS('',3,1,(
    (#9934,#9935)
    ,(#9936,#9937)
    ,(#9938,#9939)
    ,(#9940,#9941
    )),.UNSPECIFIED.,.F.,.F.,.F.,(4,4),(2,2),(5.,6.),(0.,1.),
  .PIECEWISE_BEZIER_KNOTS.);
#9934 = CARTESIAN_POINT('',(5.251,1.454463025604,10.25314534083));
#9935 = CARTESIAN_POINT('',(5.25,1.454463025604,10.25314534083));
#9936 = CARTESIAN_POINT('',(5.251,1.493079634615,10.25314534083));
#9937 = CARTESIAN_POINT('',(5.25,1.493079634615,10.25314534083));
#9938 = CARTESIAN_POINT('',(5.251,1.52470907043,10.264499497275));
#9939 = CARTESIAN_POINT('',(5.25,1.52470907043,10.264499497275));
#9940 = CARTESIAN_POINT('',(5.251,1.549226562096,10.287332581118));
#9941 = CARTESIAN_POINT('',(5.25,1.549226562096,10.287332581118));
#9942 = ADVANCED_FACE('',(#9943),#9953,.F.);
#9943 = FACE_BOUND('',#9944,.F.);
#9944 = EDGE_LOOP('',(#9945,#9946,#9947,#9952));
#9945 = ORIENTED_EDGE('',*,*,#9928,.F.);
#9946 = ORIENTED_EDGE('',*,*,#9676,.T.);
#9947 = ORIENTED_EDGE('',*,*,#9948,.T.);
#9948 = EDGE_CURVE('',#9677,#9815,#9949,.T.);
#9949 = B_SPLINE_CURVE_WITH_KNOTS('',1,(#9950,#9951),.UNSPECIFIED.,.F.,
  .F.,(2,2),(-0.,1.E-03),.PIECEWISE_BEZIER_KNOTS.);
#9950 = CARTESIAN_POINT('',(5.251,1.586033992335,10.378290603637));
#9951 = CARTESIAN_POINT('',(5.25,1.586033992335,10.378290603637));
#9952 = ORIENTED_EDGE('',*,*,#9823,.F.);
#9953 = B_SPLINE_SURFACE_WITH_KNOTS('',3,1,(
    (#9954,#9955)
    ,(#9956,#9957)
    ,(#9958,#9959)
    ,(#9960,#9961
    )),.UNSPECIFIED.,.F.,.F.,.F.,(4,4),(2,2),(4.,5.),(0.,1.),
  .PIECEWISE_BEZIER_KNOTS.);
#9954 = CARTESIAN_POINT('',(5.251,1.549226562096,10.287332581118));
#9955 = CARTESIAN_POINT('',(5.25,1.549226562096,10.287332581118));
#9956 = CARTESIAN_POINT('',(5.251,1.573744053763,10.310165664961));
#9957 = CARTESIAN_POINT('',(5.25,1.573744053763,10.310165664961));
#9958 = CARTESIAN_POINT('',(5.251,1.586033992335,10.340485005799));
#9959 = CARTESIAN_POINT('',(5.25,1.586033992335,10.340485005799));
#9960 = CARTESIAN_POINT('',(5.251,1.586033992335,10.378290603637));
#9961 = CARTESIAN_POINT('',(5.25,1.586033992335,10.378290603637));
#9962 = ADVANCED_FACE('',(#9963),#9973,.F.);
#9963 = FACE_BOUND('',#9964,.F.);
#9964 = EDGE_LOOP('',(#9965,#9966,#9967,#9972));
#9965 = ORIENTED_EDGE('',*,*,#9948,.F.);
#9966 = ORIENTED_EDGE('',*,*,#9685,.T.);
#9967 = ORIENTED_EDGE('',*,*,#9968,.T.);
#9968 = EDGE_CURVE('',#9686,#9806,#9969,.T.);
#9969 = B_SPLINE_CURVE_WITH_KNOTS('',1,(#9970,#9971),.UNSPECIFIED.,.F.,
  .F.,(2,2),(-0.,1.E-03),.PIECEWISE_BEZIER_KNOTS.);
#9970 = CARTESIAN_POINT('',(5.251,1.549226562096,10.464881642909));
#9971 = CARTESIAN_POINT('',(5.25,1.549226562096,10.464881642909));
#9972 = ORIENTED_EDGE('',*,*,#9814,.F.);
#9973 = B_SPLINE_SURFACE_WITH_KNOTS('',3,1,(
    (#9974,#9975)
    ,(#9976,#9977)
    ,(#9978,#9979)
    ,(#9980,#9981
    )),.UNSPECIFIED.,.F.,.F.,.F.,(4,4),(2,2),(3.,4.),(0.,1.),
  .PIECEWISE_BEZIER_KNOTS.);
#9974 = CARTESIAN_POINT('',(5.251,1.586033992335,10.378290603637));
#9975 = CARTESIAN_POINT('',(5.25,1.586033992335,10.378290603637));
#9976 = CARTESIAN_POINT('',(5.251,1.586033992335,10.414474179125));
#9977 = CARTESIAN_POINT('',(5.25,1.586033992335,10.414474179125));
#9978 = CARTESIAN_POINT('',(5.251,1.573744053763,10.443296268566));
#9979 = CARTESIAN_POINT('',(5.25,1.573744053763,10.443296268566));
#9980 = CARTESIAN_POINT('',(5.251,1.549226562096,10.464881642909));
#9981 = CARTESIAN_POINT('',(5.25,1.549226562096,10.464881642909));
#9982 = ADVANCED_FACE('',(#9983),#9993,.F.);
#9983 = FACE_BOUND('',#9984,.F.);
#9984 = EDGE_LOOP('',(#9985,#9986,#9987,#9992));
#9985 = ORIENTED_EDGE('',*,*,#9968,.F.);
#9986 = ORIENTED_EDGE('',*,*,#9694,.T.);
#9987 = ORIENTED_EDGE('',*,*,#9988,.T.);
#9988 = EDGE_CURVE('',#9695,#9799,#9989,.T.);
#9989 = B_SPLINE_CURVE_WITH_KNOTS('',1,(#9990,#9991),.UNSPECIFIED.,.F.,
  .F.,(2,2),(-0.,1.E-03),.PIECEWISE_BEZIER_KNOTS.);
#9990 = CARTESIAN_POINT('',(5.251,1.456958444602,10.497197318948));
#9991 = CARTESIAN_POINT('',(5.25,1.456958444602,10.497197318948));
#9992 = ORIENTED_EDGE('',*,*,#9805,.F.);
#9993 = B_SPLINE_SURFACE_WITH_KNOTS('',3,1,(
    (#9994,#9995)
    ,(#9996,#9997)
    ,(#9998,#9999)
    ,(#10000,#10001
    )),.UNSPECIFIED.,.F.,.F.,.F.,(4,4),(2,2),(2.,3.),(0.,1.),
  .PIECEWISE_BEZIER_KNOTS.);
#9994 = CARTESIAN_POINT('',(5.251,1.549226562096,10.464881642909));
#9995 = CARTESIAN_POINT('',(5.25,1.549226562096,10.464881642909));
#9996 = CARTESIAN_POINT('',(5.251,1.52470907043,10.48646701725));
#9997 = CARTESIAN_POINT('',(5.25,1.52470907043,10.48646701725));
#9998 = CARTESIAN_POINT('',(5.251,1.493953031264,10.497197318948));
#9999 = CARTESIAN_POINT('',(5.25,1.493953031264,10.497197318948));
#10000 = CARTESIAN_POINT('',(5.251,1.456958444602,10.497197318948));
#10001 = CARTESIAN_POINT('',(5.25,1.456958444602,10.497197318948));
#10002 = ADVANCED_FACE('',(#10003),#10013,.F.);
#10003 = FACE_BOUND('',#10004,.T.);
#10004 = EDGE_LOOP('',(#10005,#10006,#10011,#10012));
#10005 = ORIENTED_EDGE('',*,*,#9798,.T.);
#10006 = ORIENTED_EDGE('',*,*,#10007,.F.);
#10007 = EDGE_CURVE('',#9704,#9792,#10008,.T.);
#10008 = B_SPLINE_CURVE_WITH_KNOTS('',1,(#10009,#10010),.UNSPECIFIED.,
  .F.,.F.,(2,2),(-0.,1.E-03),.PIECEWISE_BEZIER_KNOTS.);
#10009 = CARTESIAN_POINT('',(5.251,1.387336254527,10.497197318948));
#10010 = CARTESIAN_POINT('',(5.25,1.387336254527,10.497197318948));
#10011 = ORIENTED_EDGE('',*,*,#9703,.F.);
#10012 = ORIENTED_EDGE('',*,*,#9988,.T.);
#10013 = B_SPLINE_SURFACE_WITH_KNOTS('',1,1,(
    (#10014,#10015)
    ,(#10016,#10017
    )),.UNSPECIFIED.,.F.,.F.,.F.,(2,2),(2,2),(0.,6.962219007542E-02),(
    -1.E-03,0.),.PIECEWISE_BEZIER_KNOTS.);
#10014 = CARTESIAN_POINT('',(5.25,1.387336254527,10.497197318948));
#10015 = CARTESIAN_POINT('',(5.251,1.387336254527,10.497197318948));
#10016 = CARTESIAN_POINT('',(5.25,1.456958444602,10.497197318948));
#10017 = CARTESIAN_POINT('',(5.251,1.456958444602,10.497197318948));
#10018 = ADVANCED_FACE('',(#10019),#10025,.F.);
#10019 = FACE_BOUND('',#10020,.T.);
#10020 = EDGE_LOOP('',(#10021,#10022,#10023,#10024));
#10021 = ORIENTED_EDGE('',*,*,#9791,.T.);
#10022 = ORIENTED_EDGE('',*,*,#9913,.F.);
#10023 = ORIENTED_EDGE('',*,*,#9710,.F.);
#10024 = ORIENTED_EDGE('',*,*,#10007,.T.);
#10025 = B_SPLINE_SURFACE_WITH_KNOTS('',1,1,(
    (#10026,#10027)
    ,(#10028,#10029
    )),.UNSPECIFIED.,.F.,.F.,.F.,(2,2),(2,2),(0.,0.244051978118),(
    -1.E-03,0.),.PIECEWISE_BEZIER_KNOTS.);
#10026 = CARTESIAN_POINT('',(5.25,1.387336254527,10.25314534083));
#10027 = CARTESIAN_POINT('',(5.251,1.387336254527,10.25314534083));
#10028 = CARTESIAN_POINT('',(5.25,1.387336254527,10.497197318948));
#10029 = CARTESIAN_POINT('',(5.251,1.387336254527,10.497197318948));
#10030 = ADVANCED_FACE('',(#10031),#10045,.T.);
#10031 = FACE_BOUND('',#10032,.T.);
#10032 = EDGE_LOOP('',(#10033,#10034,#10039,#10040));
#10033 = ORIENTED_EDGE('',*,*,#9841,.F.);
#10034 = ORIENTED_EDGE('',*,*,#10035,.F.);
#10035 = EDGE_CURVE('',#9727,#9842,#10036,.T.);
#10036 = B_SPLINE_CURVE_WITH_KNOTS('',1,(#10037,#10038),.UNSPECIFIED.,
  .F.,.F.,(2,2),(-0.,1.E-03),.PIECEWISE_BEZIER_KNOTS.);
#10037 = CARTESIAN_POINT('',(5.251,1.455710735102,10.469123855207));
#10038 = CARTESIAN_POINT('',(5.25,1.455710735102,10.469123855207));
#10039 = ORIENTED_EDGE('',*,*,#9726,.T.);
#10040 = ORIENTED_EDGE('',*,*,#10041,.T.);
#10041 = EDGE_CURVE('',#9718,#9844,#10042,.T.);
#10042 = B_SPLINE_CURVE_WITH_KNOTS('',1,(#10043,#10044),.UNSPECIFIED.,
  .F.,.F.,(2,2),(-0.,1.E-03),.PIECEWISE_BEZIER_KNOTS.);
#10043 = CARTESIAN_POINT('',(5.251,1.41884091939,10.469123855207));
#10044 = CARTESIAN_POINT('',(5.25,1.41884091939,10.469123855207));
#10045 = B_SPLINE_SURFACE_WITH_KNOTS('',1,1,(
    (#10046,#10047)
    ,(#10048,#10049
    )),.UNSPECIFIED.,.F.,.F.,.F.,(2,2),(2,2),(0.,1.000000000001E-03),(
    -3.686981571217E-02,0.),.PIECEWISE_BEZIER_KNOTS.);
#10046 = CARTESIAN_POINT('',(5.251,1.41884091939,10.469123855207));
#10047 = CARTESIAN_POINT('',(5.251,1.455710735102,10.469123855207));
#10048 = CARTESIAN_POINT('',(5.25,1.41884091939,10.469123855207));
#10049 = CARTESIAN_POINT('',(5.25,1.455710735102,10.469123855207));
#10050 = ADVANCED_FACE('',(#10051),#10061,.T.);
#10051 = FACE_BOUND('',#10052,.T.);
#10052 = EDGE_LOOP('',(#10053,#10054,#10055,#10056));
#10053 = ORIENTED_EDGE('',*,*,#9850,.F.);
#10054 = ORIENTED_EDGE('',*,*,#10041,.F.);
#10055 = ORIENTED_EDGE('',*,*,#9717,.T.);
#10056 = ORIENTED_EDGE('',*,*,#10057,.T.);
#10057 = EDGE_CURVE('',#9720,#9851,#10058,.T.);
#10058 = B_SPLINE_CURVE_WITH_KNOTS('',1,(#10059,#10060),.UNSPECIFIED.,
  .F.,.F.,(2,2),(-0.,1.E-03),.PIECEWISE_BEZIER_KNOTS.);
#10059 = CARTESIAN_POINT('',(5.251,1.41884091939,10.280969262671));
#10060 = CARTESIAN_POINT('',(5.25,1.41884091939,10.280969262671));
#10061 = B_SPLINE_SURFACE_WITH_KNOTS('',1,1,(
    (#10062,#10063)
    ,(#10064,#10065
    )),.UNSPECIFIED.,.F.,.F.,.F.,(2,2),(2,2),(-0.188154592537,0.),(
    -1.E-03,0.),.PIECEWISE_BEZIER_KNOTS.);
#10062 = CARTESIAN_POINT('',(5.25,1.41884091939,10.280969262671));
#10063 = CARTESIAN_POINT('',(5.251,1.41884091939,10.280969262671));
#10064 = CARTESIAN_POINT('',(5.25,1.41884091939,10.469123855207));
#10065 = CARTESIAN_POINT('',(5.251,1.41884091939,10.469123855207));
#10066 = ADVANCED_FACE('',(#10067),#10077,.T.);
#10067 = FACE_BOUND('',#10068,.T.);
#10068 = EDGE_LOOP('',(#10069,#10070,#10071,#10072));
#10069 = ORIENTED_EDGE('',*,*,#9857,.F.);
#10070 = ORIENTED_EDGE('',*,*,#10057,.F.);
#10071 = ORIENTED_EDGE('',*,*,#9769,.T.);
#10072 = ORIENTED_EDGE('',*,*,#10073,.T.);
#10073 = EDGE_CURVE('',#9761,#9858,#10074,.T.);
#10074 = B_SPLINE_CURVE_WITH_KNOTS('',1,(#10075,#10076),.UNSPECIFIED.,
  .F.,.F.,(2,2),(-0.,1.E-03),.PIECEWISE_BEZIER_KNOTS.);
#10075 = CARTESIAN_POINT('',(5.251,1.454275869178,10.280969262671));
#10076 = CARTESIAN_POINT('',(5.25,1.454275869178,10.280969262671));
#10077 = B_SPLINE_SURFACE_WITH_KNOTS('',1,1,(
    (#10078,#10079)
    ,(#10080,#10081
  )),.UNSPECIFIED.,.F.,.F.,.F.,(2,2),(2,2),(-1.E-03,0.),(0.,
    3.543494978763E-02),.PIECEWISE_BEZIER_KNOTS.);
#10078 = CARTESIAN_POINT('',(5.25,1.41884091939,10.280969262671));
#10079 = CARTESIAN_POINT('',(5.25,1.454275869178,10.280969262671));
#10080 = CARTESIAN_POINT('',(5.251,1.41884091939,10.280969262671));
#10081 = CARTESIAN_POINT('',(5.251,1.454275869178,10.280969262671));
#10082 = ADVANCED_FACE('',(#10083),#10093,.T.);
#10083 = FACE_BOUND('',#10084,.T.);
#10084 = EDGE_LOOP('',(#10085,#10086,#10087,#10088));
#10085 = ORIENTED_EDGE('',*,*,#9864,.F.);
#10086 = ORIENTED_EDGE('',*,*,#10073,.F.);
#10087 = ORIENTED_EDGE('',*,*,#9760,.T.);
#10088 = ORIENTED_EDGE('',*,*,#10089,.T.);
#10089 = EDGE_CURVE('',#9752,#9865,#10090,.T.);
#10090 = B_SPLINE_CURVE_WITH_KNOTS('',1,(#10091,#10092),.UNSPECIFIED.,
  .F.,.F.,(2,2),(-0.,1.E-03),.PIECEWISE_BEZIER_KNOTS.);
#10091 = CARTESIAN_POINT('',(5.251,1.526830176579,10.306422536461));
#10092 = CARTESIAN_POINT('',(5.25,1.526830176579,10.306422536461));
#10093 = B_SPLINE_SURFACE_WITH_KNOTS('',3,1,(
    (#10094,#10095)
    ,(#10096,#10097)
    ,(#10098,#10099)
    ,(#10100,#10101
    )),.UNSPECIFIED.,.F.,.F.,.F.,(4,4),(2,2),(2.,3.),(0.,1.),
  .PIECEWISE_BEZIER_KNOTS.);
#10094 = CARTESIAN_POINT('',(5.251,1.454275869178,10.280969262671));
#10095 = CARTESIAN_POINT('',(5.25,1.454275869178,10.280969262671));
#10096 = CARTESIAN_POINT('',(5.251,1.485281450242,10.280969262671));
#10097 = CARTESIAN_POINT('',(5.25,1.485281450242,10.280969262671));
#10098 = CARTESIAN_POINT('',(5.251,1.509487014534,10.289453687266));
#10099 = CARTESIAN_POINT('',(5.25,1.509487014534,10.289453687266));
#10100 = CARTESIAN_POINT('',(5.251,1.526830176579,10.306422536461));
#10101 = CARTESIAN_POINT('',(5.25,1.526830176579,10.306422536461));
#10102 = ADVANCED_FACE('',(#10103),#10113,.T.);
#10103 = FACE_BOUND('',#10104,.T.);
#10104 = EDGE_LOOP('',(#10105,#10106,#10107,#10108));
#10105 = ORIENTED_EDGE('',*,*,#9873,.F.);
#10106 = ORIENTED_EDGE('',*,*,#10089,.F.);
#10107 = ORIENTED_EDGE('',*,*,#9751,.T.);
#10108 = ORIENTED_EDGE('',*,*,#10109,.T.);
#10109 = EDGE_CURVE('',#9743,#9874,#10110,.T.);
#10110 = B_SPLINE_CURVE_WITH_KNOTS('',1,(#10111,#10112),.UNSPECIFIED.,
  .F.,.F.,(2,2),(-0.,1.E-03),.PIECEWISE_BEZIER_KNOTS.);
#10111 = CARTESIAN_POINT('',(5.251,1.552907305119,10.377417206988));
#10112 = CARTESIAN_POINT('',(5.25,1.552907305119,10.377417206988));
#10113 = B_SPLINE_SURFACE_WITH_KNOTS('',3,1,(
    (#10114,#10115)
    ,(#10116,#10117)
    ,(#10118,#10119)
    ,(#10120,#10121
    )),.UNSPECIFIED.,.F.,.F.,.F.,(4,4),(2,2),(3.,4.),(0.,1.),
  .PIECEWISE_BEZIER_KNOTS.);
#10114 = CARTESIAN_POINT('',(5.251,1.526830176579,10.306422536461));
#10115 = CARTESIAN_POINT('',(5.25,1.526830176579,10.306422536461));
#10116 = CARTESIAN_POINT('',(5.251,1.544235724098,10.323266614706));
#10117 = CARTESIAN_POINT('',(5.25,1.544235724098,10.323266614706));
#10118 = CARTESIAN_POINT('',(5.251,1.552907305119,10.346973095198));
#10119 = CARTESIAN_POINT('',(5.25,1.552907305119,10.346973095198));
#10120 = CARTESIAN_POINT('',(5.251,1.552907305119,10.377417206988));
#10121 = CARTESIAN_POINT('',(5.25,1.552907305119,10.377417206988));
#10122 = ADVANCED_FACE('',(#10123),#10133,.T.);
#10123 = FACE_BOUND('',#10124,.T.);
#10124 = EDGE_LOOP('',(#10125,#10126,#10127,#10128));
#10125 = ORIENTED_EDGE('',*,*,#9882,.F.);
#10126 = ORIENTED_EDGE('',*,*,#10109,.F.);
#10127 = ORIENTED_EDGE('',*,*,#9742,.T.);
#10128 = ORIENTED_EDGE('',*,*,#10129,.T.);
#10129 = EDGE_CURVE('',#9734,#9883,#10130,.T.);
#10130 = B_SPLINE_CURVE_WITH_KNOTS('',1,(#10131,#10132),.UNSPECIFIED.,
  .F.,.F.,(2,2),(-0.,1.E-03),.PIECEWISE_BEZIER_KNOTS.);
#10131 = CARTESIAN_POINT('',(5.251,1.526143936353,10.446166000415));
#10132 = CARTESIAN_POINT('',(5.25,1.526143936353,10.446166000415));
#10133 = B_SPLINE_SURFACE_WITH_KNOTS('',3,1,(
    (#10134,#10135)
    ,(#10136,#10137)
    ,(#10138,#10139)
    ,(#10140,#10141
    )),.UNSPECIFIED.,.F.,.F.,.F.,(4,4),(2,2),(4.,5.),(0.,1.),
  .PIECEWISE_BEZIER_KNOTS.);
#10134 = CARTESIAN_POINT('',(5.251,1.552907305119,10.377417206988));
#10135 = CARTESIAN_POINT('',(5.25,1.552907305119,10.377417206988));
#10136 = CARTESIAN_POINT('',(5.251,1.552907305119,10.407861318778));
#10137 = CARTESIAN_POINT('',(5.25,1.552907305119,10.407861318778));
#10138 = CARTESIAN_POINT('',(5.251,1.543986182197,10.430819173569));
#10139 = CARTESIAN_POINT('',(5.25,1.543986182197,10.430819173569));
#10140 = CARTESIAN_POINT('',(5.251,1.526143936353,10.446166000415));
#10141 = CARTESIAN_POINT('',(5.25,1.526143936353,10.446166000415));
#10142 = ADVANCED_FACE('',(#10143),#10149,.T.);
#10143 = FACE_BOUND('',#10144,.T.);
#10144 = EDGE_LOOP('',(#10145,#10146,#10147,#10148));
#10145 = ORIENTED_EDGE('',*,*,#9891,.F.);
#10146 = ORIENTED_EDGE('',*,*,#10129,.F.);
#10147 = ORIENTED_EDGE('',*,*,#9733,.T.);
#10148 = ORIENTED_EDGE('',*,*,#10035,.T.);
#10149 = B_SPLINE_SURFACE_WITH_KNOTS('',3,1,(
    (#10150,#10151)
    ,(#10152,#10153)
    ,(#10154,#10155)
    ,(#10156,#10157
    )),.UNSPECIFIED.,.F.,.F.,.F.,(4,4),(2,2),(5.,6.),(0.,1.),
  .PIECEWISE_BEZIER_KNOTS.);
#10150 = CARTESIAN_POINT('',(5.251,1.526143936353,10.446166000415));
#10151 = CARTESIAN_POINT('',(5.25,1.526143936353,10.446166000415));
#10152 = CARTESIAN_POINT('',(5.251,1.50830169051,10.461512827259));
#10153 = CARTESIAN_POINT('',(5.25,1.50830169051,10.461512827259));
#10154 = CARTESIAN_POINT('',(5.251,1.484782366443,10.469123855207));
#10155 = CARTESIAN_POINT('',(5.25,1.484782366443,10.469123855207));
#10156 = CARTESIAN_POINT('',(5.251,1.455710735102,10.469123855207));
#10157 = CARTESIAN_POINT('',(5.25,1.455710735102,10.469123855207));
#10158 = MANIFOLD_SOLID_BREP('',#10159);
#10159 = CLOSED_SHELL('',(#10160,#10272,#10384,#10404,#10420,#10436,
    #10452,#10468,#10484,#10500,#10512,#10532,#10548,#10568,#10584,
    #10604));
#10160 = ADVANCED_FACE('',(#10161,#10219),#10267,.F.);
#10161 = FACE_BOUND('',#10162,.T.);
#10162 = EDGE_LOOP('',(#10163,#10172,#10179,#10186,#10193,#10200,#10207,
    #10214));
#10163 = ORIENTED_EDGE('',*,*,#10164,.T.);
#10164 = EDGE_CURVE('',#10165,#10167,#10169,.T.);
#10165 = VERTEX_POINT('',#10166);
#10166 = CARTESIAN_POINT('',(5.251,1.81916851233,10.25314534083));
#10167 = VERTEX_POINT('',#10168);
#10168 = CARTESIAN_POINT('',(5.251,1.726214154612,10.497197318948));
#10169 = B_SPLINE_CURVE_WITH_KNOTS('',1,(#10170,#10171),.UNSPECIFIED.,
  .F.,.F.,(2,2),(-0.261154897794,0.),.PIECEWISE_BEZIER_KNOTS.);
#10170 = CARTESIAN_POINT('',(5.251,1.81916851233,10.25314534083));
#10171 = CARTESIAN_POINT('',(5.251,1.726214154612,10.497197318948));
#10172 = ORIENTED_EDGE('',*,*,#10173,.T.);
#10173 = EDGE_CURVE('',#10167,#10174,#10176,.T.);
#10174 = VERTEX_POINT('',#10175);
#10175 = CARTESIAN_POINT('',(5.251,1.692525998122,10.497197318948));
#10176 = B_SPLINE_CURVE_WITH_KNOTS('',1,(#10177,#10178),.UNSPECIFIED.,
  .F.,.F.,(2,2),(-3.368815649021E-02,-0.),.PIECEWISE_BEZIER_KNOTS.);
#10177 = CARTESIAN_POINT('',(5.251,1.726214154612,10.497197318948));
#10178 = CARTESIAN_POINT('',(5.251,1.692525998122,10.497197318948));
#10179 = ORIENTED_EDGE('',*,*,#10180,.T.);
#10180 = EDGE_CURVE('',#10174,#10181,#10183,.T.);
#10181 = VERTEX_POINT('',#10182);
#10182 = CARTESIAN_POINT('',(5.251,1.599571640403,10.25314534083));
#10183 = B_SPLINE_CURVE_WITH_KNOTS('',1,(#10184,#10185),.UNSPECIFIED.,
  .F.,.F.,(2,2),(-0.261154897795,-0.),.PIECEWISE_BEZIER_KNOTS.);
#10184 = CARTESIAN_POINT('',(5.251,1.692525998122,10.497197318948));
#10185 = CARTESIAN_POINT('',(5.251,1.599571640403,10.25314534083));
#10186 = ORIENTED_EDGE('',*,*,#10187,.T.);
#10187 = EDGE_CURVE('',#10181,#10188,#10190,.T.);
#10188 = VERTEX_POINT('',#10189);
#10189 = CARTESIAN_POINT('',(5.251,1.634382735441,10.25314534083));
#10190 = B_SPLINE_CURVE_WITH_KNOTS('',1,(#10191,#10192),.UNSPECIFIED.,
  .F.,.F.,(2,2),(-3.481109503855E-02,0.),.PIECEWISE_BEZIER_KNOTS.);
#10191 = CARTESIAN_POINT('',(5.251,1.599571640403,10.25314534083));
#10192 = CARTESIAN_POINT('',(5.251,1.634382735441,10.25314534083));
#10193 = ORIENTED_EDGE('',*,*,#10194,.T.);
#10194 = EDGE_CURVE('',#10188,#10195,#10197,.T.);
#10195 = VERTEX_POINT('',#10196);
#10196 = CARTESIAN_POINT('',(5.251,1.657839674033,10.319897799056));
#10197 = B_SPLINE_CURVE_WITH_KNOTS('',1,(#10198,#10199),.UNSPECIFIED.,
  .F.,.F.,(2,2),(-7.075393026092E-02,0.),.PIECEWISE_BEZIER_KNOTS.);
#10198 = CARTESIAN_POINT('',(5.251,1.634382735441,10.25314534083));
#10199 = CARTESIAN_POINT('',(5.251,1.657839674033,10.319897799056));
#10200 = ORIENTED_EDGE('',*,*,#10201,.T.);
#10201 = EDGE_CURVE('',#10195,#10202,#10204,.T.);
#10202 = VERTEX_POINT('',#10203);
#10203 = CARTESIAN_POINT('',(5.251,1.759465612775,10.319897799056));
#10204 = B_SPLINE_CURVE_WITH_KNOTS('',1,(#10205,#10206),.UNSPECIFIED.,
  .F.,.F.,(2,2),(-0.101625938741,0.),.PIECEWISE_BEZIER_KNOTS.);
#10205 = CARTESIAN_POINT('',(5.251,1.657839674033,10.319897799056));
#10206 = CARTESIAN_POINT('',(5.251,1.759465612775,10.319897799056));
#10207 = ORIENTED_EDGE('',*,*,#10208,.T.);
#10208 = EDGE_CURVE('',#10202,#10209,#10211,.T.);
#10209 = VERTEX_POINT('',#10210);
#10210 = CARTESIAN_POINT('',(5.251,1.784357417293,10.25314534083));
#10211 = B_SPLINE_CURVE_WITH_KNOTS('',1,(#10212,#10213),.UNSPECIFIED.,
  .F.,.F.,(2,2),(-7.124249161442E-02,0.),.PIECEWISE_BEZIER_KNOTS.);
#10212 = CARTESIAN_POINT('',(5.251,1.759465612775,10.319897799056));
#10213 = CARTESIAN_POINT('',(5.251,1.784357417293,10.25314534083));
#10214 = ORIENTED_EDGE('',*,*,#10215,.T.);
#10215 = EDGE_CURVE('',#10209,#10165,#10216,.T.);
#10216 = B_SPLINE_CURVE_WITH_KNOTS('',1,(#10217,#10218),.UNSPECIFIED.,
  .F.,.F.,(2,2),(-3.481109503688E-02,0.),.PIECEWISE_BEZIER_KNOTS.);
#10217 = CARTESIAN_POINT('',(5.251,1.784357417293,10.25314534083));
#10218 = CARTESIAN_POINT('',(5.251,1.81916851233,10.25314534083));
#10219 = FACE_BOUND('',#10220,.T.);
#10220 = EDGE_LOOP('',(#10221,#10230,#10237,#10246,#10253,#10262));
#10221 = ORIENTED_EDGE('',*,*,#10222,.F.);
#10222 = EDGE_CURVE('',#10223,#10225,#10227,.T.);
#10223 = VERTEX_POINT('',#10224);
#10224 = CARTESIAN_POINT('',(5.251,1.667821350032,10.347472178997));
#10225 = VERTEX_POINT('',#10226);
#10226 = CARTESIAN_POINT('',(5.251,1.749733478679,10.347472178997));
#10227 = B_SPLINE_CURVE_WITH_KNOTS('',1,(#10228,#10229),.UNSPECIFIED.,
  .F.,.F.,(2,2),(0.,8.191212864727E-02),.PIECEWISE_BEZIER_KNOTS.);
#10228 = CARTESIAN_POINT('',(5.251,1.667821350032,10.347472178997));
#10229 = CARTESIAN_POINT('',(5.251,1.749733478679,10.347472178997));
#10230 = ORIENTED_EDGE('',*,*,#10231,.F.);
#10231 = EDGE_CURVE('',#10232,#10223,#10234,.T.);
#10232 = VERTEX_POINT('',#10233);
#10233 = CARTESIAN_POINT('',(5.251,1.704316852893,10.448910961314));
#10234 = B_SPLINE_CURVE_WITH_KNOTS('',1,(#10235,#10236),.UNSPECIFIED.,
  .F.,.F.,(2,2),(9.109047260983E-16,0.107804212752),
  .PIECEWISE_BEZIER_KNOTS.);
#10235 = CARTESIAN_POINT('',(5.251,1.704316852893,10.448910961314));
#10236 = CARTESIAN_POINT('',(5.251,1.667821350032,10.347472178997));
#10237 = ORIENTED_EDGE('',*,*,#10238,.F.);
#10238 = EDGE_CURVE('',#10239,#10232,#10241,.T.);
#10239 = VERTEX_POINT('',#10240);
#10240 = CARTESIAN_POINT('',(5.251,1.708309523292,10.466004581457));
#10241 = B_SPLINE_CURVE_WITH_KNOTS('',3,(#10242,#10243,#10244,#10245),
  .UNSPECIFIED.,.F.,.F.,(4,4),(3.,4.),.PIECEWISE_BEZIER_KNOTS.);
#10242 = CARTESIAN_POINT('',(5.251,1.708309523292,10.466004581457));
#10243 = CARTESIAN_POINT('',(5.251,1.707124199267,10.45864309541));
#10244 = CARTESIAN_POINT('',(5.251,1.705814104294,10.452903631711));
#10245 = CARTESIAN_POINT('',(5.251,1.704316852893,10.448910961314));
#10246 = ORIENTED_EDGE('',*,*,#10247,.F.);
#10247 = EDGE_CURVE('',#10248,#10239,#10250,.T.);
#10248 = VERTEX_POINT('',#10249);
#10249 = CARTESIAN_POINT('',(5.251,1.709058148993,10.466004581457));
#10250 = B_SPLINE_CURVE_WITH_KNOTS('',1,(#10251,#10252),.UNSPECIFIED.,
  .F.,.F.,(2,2),(-2.22044604925E-16,7.4862570056E-04),
  .PIECEWISE_BEZIER_KNOTS.);
#10251 = CARTESIAN_POINT('',(5.251,1.709058148993,10.466004581457));
#10252 = CARTESIAN_POINT('',(5.251,1.708309523292,10.466004581457));
#10253 = ORIENTED_EDGE('',*,*,#10254,.F.);
#10254 = EDGE_CURVE('',#10255,#10248,#10257,.T.);
#10255 = VERTEX_POINT('',#10256);
#10256 = CARTESIAN_POINT('',(5.251,1.712863662965,10.448910961314));
#10257 = B_SPLINE_CURVE_WITH_KNOTS('',3,(#10258,#10259,#10260,#10261),
  .UNSPECIFIED.,.F.,.F.,(4,4),(1.,2.),.PIECEWISE_BEZIER_KNOTS.);
#10258 = CARTESIAN_POINT('',(5.251,1.712863662965,10.448910961314));
#10259 = CARTESIAN_POINT('',(5.251,1.711678338942,10.452279776962));
#10260 = CARTESIAN_POINT('',(5.251,1.710430629441,10.457894469711));
#10261 = CARTESIAN_POINT('',(5.251,1.709058148993,10.466004581457));
#10262 = ORIENTED_EDGE('',*,*,#10263,.F.);
#10263 = EDGE_CURVE('',#10225,#10255,#10264,.T.);
#10264 = B_SPLINE_CURVE_WITH_KNOTS('',1,(#10265,#10266),.UNSPECIFIED.,
  .F.,.F.,(2,2),(0.,0.10793150545),.PIECEWISE_BEZIER_KNOTS.);
#10265 = CARTESIAN_POINT('',(5.251,1.749733478679,10.347472178997));
#10266 = CARTESIAN_POINT('',(5.251,1.712863662965,10.448910961314));
#10267 = B_SPLINE_SURFACE_WITH_KNOTS('',1,1,(
    (#10268,#10269)
    ,(#10270,#10271
    )),.UNSPECIFIED.,.F.,.F.,.F.,(2,2),(2,2),(6.75061971383,
    6.994671691948),(1.599571640403,1.81916851233),
  .PIECEWISE_BEZIER_KNOTS.);
#10268 = CARTESIAN_POINT('',(5.251,1.599571640403,10.25314534083));
#10269 = CARTESIAN_POINT('',(5.251,1.81916851233,10.25314534083));
#10270 = CARTESIAN_POINT('',(5.251,1.599571640403,10.497197318948));
#10271 = CARTESIAN_POINT('',(5.251,1.81916851233,10.497197318948));
#10272 = ADVANCED_FACE('',(#10273,#10331),#10379,.T.);
#10273 = FACE_BOUND('',#10274,.T.);
#10274 = EDGE_LOOP('',(#10275,#10284,#10291,#10298,#10305,#10312,#10319,
    #10326));
#10275 = ORIENTED_EDGE('',*,*,#10276,.F.);
#10276 = EDGE_CURVE('',#10277,#10279,#10281,.T.);
#10277 = VERTEX_POINT('',#10278);
#10278 = CARTESIAN_POINT('',(5.25,1.81916851233,10.25314534083));
#10279 = VERTEX_POINT('',#10280);
#10280 = CARTESIAN_POINT('',(5.25,1.726214154612,10.497197318948));
#10281 = B_SPLINE_CURVE_WITH_KNOTS('',1,(#10282,#10283),.UNSPECIFIED.,
  .F.,.F.,(2,2),(-0.261154897794,0.),.PIECEWISE_BEZIER_KNOTS.);
#10282 = CARTESIAN_POINT('',(5.25,1.81916851233,10.25314534083));
#10283 = CARTESIAN_POINT('',(5.25,1.726214154612,10.497197318948));
#10284 = ORIENTED_EDGE('',*,*,#10285,.F.);
#10285 = EDGE_CURVE('',#10286,#10277,#10288,.T.);
#10286 = VERTEX_POINT('',#10287);
#10287 = CARTESIAN_POINT('',(5.25,1.784357417293,10.25314534083));
#10288 = B_SPLINE_CURVE_WITH_KNOTS('',1,(#10289,#10290),.UNSPECIFIED.,
  .F.,.F.,(2,2),(-3.481109503688E-02,0.),.PIECEWISE_BEZIER_KNOTS.);
#10289 = CARTESIAN_POINT('',(5.25,1.784357417293,10.25314534083));
#10290 = CARTESIAN_POINT('',(5.25,1.81916851233,10.25314534083));
#10291 = ORIENTED_EDGE('',*,*,#10292,.F.);
#10292 = EDGE_CURVE('',#10293,#10286,#10295,.T.);
#10293 = VERTEX_POINT('',#10294);
#10294 = CARTESIAN_POINT('',(5.25,1.759465612775,10.319897799056));
#10295 = B_SPLINE_CURVE_WITH_KNOTS('',1,(#10296,#10297),.UNSPECIFIED.,
  .F.,.F.,(2,2),(-7.124249161442E-02,0.),.PIECEWISE_BEZIER_KNOTS.);
#10296 = CARTESIAN_POINT('',(5.25,1.759465612775,10.319897799056));
#10297 = CARTESIAN_POINT('',(5.25,1.784357417293,10.25314534083));
#10298 = ORIENTED_EDGE('',*,*,#10299,.F.);
#10299 = EDGE_CURVE('',#10300,#10293,#10302,.T.);
#10300 = VERTEX_POINT('',#10301);
#10301 = CARTESIAN_POINT('',(5.25,1.657839674033,10.319897799056));
#10302 = B_SPLINE_CURVE_WITH_KNOTS('',1,(#10303,#10304),.UNSPECIFIED.,
  .F.,.F.,(2,2),(-0.101625938741,0.),.PIECEWISE_BEZIER_KNOTS.);
#10303 = CARTESIAN_POINT('',(5.25,1.657839674033,10.319897799056));
#10304 = CARTESIAN_POINT('',(5.25,1.759465612775,10.319897799056));
#10305 = ORIENTED_EDGE('',*,*,#10306,.F.);
#10306 = EDGE_CURVE('',#10307,#10300,#10309,.T.);
#10307 = VERTEX_POINT('',#10308);
#10308 = CARTESIAN_POINT('',(5.25,1.634382735441,10.25314534083));
#10309 = B_SPLINE_CURVE_WITH_KNOTS('',1,(#10310,#10311),.UNSPECIFIED.,
  .F.,.F.,(2,2),(-7.075393026092E-02,0.),.PIECEWISE_BEZIER_KNOTS.);
#10310 = CARTESIAN_POINT('',(5.25,1.634382735441,10.25314534083));
#10311 = CARTESIAN_POINT('',(5.25,1.657839674033,10.319897799056));
#10312 = ORIENTED_EDGE('',*,*,#10313,.F.);
#10313 = EDGE_CURVE('',#10314,#10307,#10316,.T.);
#10314 = VERTEX_POINT('',#10315);
#10315 = CARTESIAN_POINT('',(5.25,1.599571640403,10.25314534083));
#10316 = B_SPLINE_CURVE_WITH_KNOTS('',1,(#10317,#10318),.UNSPECIFIED.,
  .F.,.F.,(2,2),(-3.481109503855E-02,0.),.PIECEWISE_BEZIER_KNOTS.);
#10317 = CARTESIAN_POINT('',(5.25,1.599571640403,10.25314534083));
#10318 = CARTESIAN_POINT('',(5.25,1.634382735441,10.25314534083));
#10319 = ORIENTED_EDGE('',*,*,#10320,.F.);
#10320 = EDGE_CURVE('',#10321,#10314,#10323,.T.);
#10321 = VERTEX_POINT('',#10322);
#10322 = CARTESIAN_POINT('',(5.25,1.692525998122,10.497197318948));
#10323 = B_SPLINE_CURVE_WITH_KNOTS('',1,(#10324,#10325),.UNSPECIFIED.,
  .F.,.F.,(2,2),(-0.261154897795,-0.),.PIECEWISE_BEZIER_KNOTS.);
#10324 = CARTESIAN_POINT('',(5.25,1.692525998122,10.497197318948));
#10325 = CARTESIAN_POINT('',(5.25,1.599571640403,10.25314534083));
#10326 = ORIENTED_EDGE('',*,*,#10327,.F.);
#10327 = EDGE_CURVE('',#10279,#10321,#10328,.T.);
#10328 = B_SPLINE_CURVE_WITH_KNOTS('',1,(#10329,#10330),.UNSPECIFIED.,
  .F.,.F.,(2,2),(-3.368815649021E-02,-0.),.PIECEWISE_BEZIER_KNOTS.);
#10329 = CARTESIAN_POINT('',(5.25,1.726214154612,10.497197318948));
#10330 = CARTESIAN_POINT('',(5.25,1.692525998122,10.497197318948));
#10331 = FACE_BOUND('',#10332,.T.);
#10332 = EDGE_LOOP('',(#10333,#10342,#10349,#10356,#10365,#10372));
#10333 = ORIENTED_EDGE('',*,*,#10334,.T.);
#10334 = EDGE_CURVE('',#10335,#10337,#10339,.T.);
#10335 = VERTEX_POINT('',#10336);
#10336 = CARTESIAN_POINT('',(5.25,1.704316852893,10.448910961314));
#10337 = VERTEX_POINT('',#10338);
#10338 = CARTESIAN_POINT('',(5.25,1.667821350032,10.347472178997));
#10339 = B_SPLINE_CURVE_WITH_KNOTS('',1,(#10340,#10341),.UNSPECIFIED.,
  .F.,.F.,(2,2),(7.516987794346E-17,0.107804212752),
  .PIECEWISE_BEZIER_KNOTS.);
#10340 = CARTESIAN_POINT('',(5.25,1.704316852893,10.448910961314));
#10341 = CARTESIAN_POINT('',(5.25,1.667821350032,10.347472178997));
#10342 = ORIENTED_EDGE('',*,*,#10343,.T.);
#10343 = EDGE_CURVE('',#10337,#10344,#10346,.T.);
#10344 = VERTEX_POINT('',#10345);
#10345 = CARTESIAN_POINT('',(5.25,1.749733478679,10.347472178997));
#10346 = B_SPLINE_CURVE_WITH_KNOTS('',1,(#10347,#10348),.UNSPECIFIED.,
  .F.,.F.,(2,2),(-2.22044604925E-16,8.191212864727E-02),
  .PIECEWISE_BEZIER_KNOTS.);
#10347 = CARTESIAN_POINT('',(5.25,1.667821350032,10.347472178997));
#10348 = CARTESIAN_POINT('',(5.25,1.749733478679,10.347472178997));
#10349 = ORIENTED_EDGE('',*,*,#10350,.T.);
#10350 = EDGE_CURVE('',#10344,#10351,#10353,.T.);
#10351 = VERTEX_POINT('',#10352);
#10352 = CARTESIAN_POINT('',(5.25,1.712863662965,10.448910961314));
#10353 = B_SPLINE_CURVE_WITH_KNOTS('',1,(#10354,#10355),.UNSPECIFIED.,
  .F.,.F.,(2,2),(0.,0.10793150545),.PIECEWISE_BEZIER_KNOTS.);
#10354 = CARTESIAN_POINT('',(5.25,1.749733478679,10.347472178997));
#10355 = CARTESIAN_POINT('',(5.25,1.712863662965,10.448910961314));
#10356 = ORIENTED_EDGE('',*,*,#10357,.T.);
#10357 = EDGE_CURVE('',#10351,#10358,#10360,.T.);
#10358 = VERTEX_POINT('',#10359);
#10359 = CARTESIAN_POINT('',(5.25,1.709058148993,10.466004581457));
#10360 = B_SPLINE_CURVE_WITH_KNOTS('',3,(#10361,#10362,#10363,#10364),
  .UNSPECIFIED.,.F.,.F.,(4,4),(1.,2.),.PIECEWISE_BEZIER_KNOTS.);
#10361 = CARTESIAN_POINT('',(5.25,1.712863662965,10.448910961314));
#10362 = CARTESIAN_POINT('',(5.25,1.711678338942,10.452279776962));
#10363 = CARTESIAN_POINT('',(5.25,1.710430629441,10.457894469711));
#10364 = CARTESIAN_POINT('',(5.25,1.709058148993,10.466004581457));
#10365 = ORIENTED_EDGE('',*,*,#10366,.T.);
#10366 = EDGE_CURVE('',#10358,#10367,#10369,.T.);
#10367 = VERTEX_POINT('',#10368);
#10368 = CARTESIAN_POINT('',(5.25,1.708309523292,10.466004581457));
#10369 = B_SPLINE_CURVE_WITH_KNOTS('',1,(#10370,#10371),.UNSPECIFIED.,
  .F.,.F.,(2,2),(-2.22044604925E-16,7.4862570056E-04),
  .PIECEWISE_BEZIER_KNOTS.);
#10370 = CARTESIAN_POINT('',(5.25,1.709058148993,10.466004581457));
#10371 = CARTESIAN_POINT('',(5.25,1.708309523292,10.466004581457));
#10372 = ORIENTED_EDGE('',*,*,#10373,.T.);
#10373 = EDGE_CURVE('',#10367,#10335,#10374,.T.);
#10374 = B_SPLINE_CURVE_WITH_KNOTS('',3,(#10375,#10376,#10377,#10378),
  .UNSPECIFIED.,.F.,.F.,(4,4),(3.,4.),.PIECEWISE_BEZIER_KNOTS.);
#10375 = CARTESIAN_POINT('',(5.25,1.708309523292,10.466004581457));
#10376 = CARTESIAN_POINT('',(5.25,1.707124199267,10.45864309541));
#10377 = CARTESIAN_POINT('',(5.25,1.705814104294,10.452903631711));
#10378 = CARTESIAN_POINT('',(5.25,1.704316852893,10.448910961314));
#10379 = B_SPLINE_SURFACE_WITH_KNOTS('',1,1,(
    (#10380,#10381)
    ,(#10382,#10383
    )),.UNSPECIFIED.,.F.,.F.,.F.,(2,2),(2,2),(6.75061971383,
    6.994671691948),(1.599571640403,1.81916851233),
  .PIECEWISE_BEZIER_KNOTS.);
#10380 = CARTESIAN_POINT('',(5.25,1.599571640403,10.25314534083));
#10381 = CARTESIAN_POINT('',(5.25,1.81916851233,10.25314534083));
#10382 = CARTESIAN_POINT('',(5.25,1.599571640403,10.497197318948));
#10383 = CARTESIAN_POINT('',(5.25,1.81916851233,10.497197318948));
#10384 = ADVANCED_FACE('',(#10385),#10399,.F.);
#10385 = FACE_BOUND('',#10386,.T.);
#10386 = EDGE_LOOP('',(#10387,#10388,#10393,#10394));
#10387 = ORIENTED_EDGE('',*,*,#10276,.T.);
#10388 = ORIENTED_EDGE('',*,*,#10389,.F.);
#10389 = EDGE_CURVE('',#10167,#10279,#10390,.T.);
#10390 = B_SPLINE_CURVE_WITH_KNOTS('',1,(#10391,#10392),.UNSPECIFIED.,
  .F.,.F.,(2,2),(-0.,1.E-03),.PIECEWISE_BEZIER_KNOTS.);
#10391 = CARTESIAN_POINT('',(5.251,1.726214154612,10.497197318948));
#10392 = CARTESIAN_POINT('',(5.25,1.726214154612,10.497197318948));
#10393 = ORIENTED_EDGE('',*,*,#10164,.F.);
#10394 = ORIENTED_EDGE('',*,*,#10395,.T.);
#10395 = EDGE_CURVE('',#10165,#10277,#10396,.T.);
#10396 = B_SPLINE_CURVE_WITH_KNOTS('',1,(#10397,#10398),.UNSPECIFIED.,
  .F.,.F.,(2,2),(-0.,1.E-03),.PIECEWISE_BEZIER_KNOTS.);
#10397 = CARTESIAN_POINT('',(5.251,1.81916851233,10.25314534083));
#10398 = CARTESIAN_POINT('',(5.25,1.81916851233,10.25314534083));
#10399 = B_SPLINE_SURFACE_WITH_KNOTS('',1,1,(
    (#10400,#10401)
    ,(#10402,#10403
    )),.UNSPECIFIED.,.F.,.F.,.F.,(2,2),(2,2),(0.,0.261154897794),(
    -1.E-03,0.),.PIECEWISE_BEZIER_KNOTS.);
#10400 = CARTESIAN_POINT('',(5.25,1.726214154612,10.497197318948));
#10401 = CARTESIAN_POINT('',(5.251,1.726214154612,10.497197318948));
#10402 = CARTESIAN_POINT('',(5.25,1.81916851233,10.25314534083));
#10403 = CARTESIAN_POINT('',(5.251,1.81916851233,10.25314534083));
#10404 = ADVANCED_FACE('',(#10405),#10415,.F.);
#10405 = FACE_BOUND('',#10406,.T.);
#10406 = EDGE_LOOP('',(#10407,#10408,#10413,#10414));
#10407 = ORIENTED_EDGE('',*,*,#10327,.T.);
#10408 = ORIENTED_EDGE('',*,*,#10409,.F.);
#10409 = EDGE_CURVE('',#10174,#10321,#10410,.T.);
#10410 = B_SPLINE_CURVE_WITH_KNOTS('',1,(#10411,#10412),.UNSPECIFIED.,
  .F.,.F.,(2,2),(-0.,1.E-03),.PIECEWISE_BEZIER_KNOTS.);
#10411 = CARTESIAN_POINT('',(5.251,1.692525998122,10.497197318948));
#10412 = CARTESIAN_POINT('',(5.25,1.692525998122,10.497197318948));
#10413 = ORIENTED_EDGE('',*,*,#10173,.F.);
#10414 = ORIENTED_EDGE('',*,*,#10389,.T.);
#10415 = B_SPLINE_SURFACE_WITH_KNOTS('',1,1,(
    (#10416,#10417)
    ,(#10418,#10419
  )),.UNSPECIFIED.,.F.,.F.,.F.,(2,2),(2,2),(0.,1.E-03),(0.,
    3.368815649021E-02),.PIECEWISE_BEZIER_KNOTS.);
#10416 = CARTESIAN_POINT('',(5.251,1.692525998122,10.497197318948));
#10417 = CARTESIAN_POINT('',(5.251,1.726214154612,10.497197318948));
#10418 = CARTESIAN_POINT('',(5.25,1.692525998122,10.497197318948));
#10419 = CARTESIAN_POINT('',(5.25,1.726214154612,10.497197318948));
#10420 = ADVANCED_FACE('',(#10421),#10431,.F.);
#10421 = FACE_BOUND('',#10422,.T.);
#10422 = EDGE_LOOP('',(#10423,#10424,#10429,#10430));
#10423 = ORIENTED_EDGE('',*,*,#10320,.T.);
#10424 = ORIENTED_EDGE('',*,*,#10425,.F.);
#10425 = EDGE_CURVE('',#10181,#10314,#10426,.T.);
#10426 = B_SPLINE_CURVE_WITH_KNOTS('',1,(#10427,#10428),.UNSPECIFIED.,
  .F.,.F.,(2,2),(-0.,1.E-03),.PIECEWISE_BEZIER_KNOTS.);
#10427 = CARTESIAN_POINT('',(5.251,1.599571640403,10.25314534083));
#10428 = CARTESIAN_POINT('',(5.25,1.599571640403,10.25314534083));
#10429 = ORIENTED_EDGE('',*,*,#10180,.F.);
#10430 = ORIENTED_EDGE('',*,*,#10409,.T.);
#10431 = B_SPLINE_SURFACE_WITH_KNOTS('',1,1,(
    (#10432,#10433)
    ,(#10434,#10435
    )),.UNSPECIFIED.,.F.,.F.,.F.,(2,2),(2,2),(0.,0.261154897795),(
    -1.E-03,0.),.PIECEWISE_BEZIER_KNOTS.);
#10432 = CARTESIAN_POINT('',(5.25,1.599571640403,10.25314534083));
#10433 = CARTESIAN_POINT('',(5.251,1.599571640403,10.25314534083));
#10434 = CARTESIAN_POINT('',(5.25,1.692525998122,10.497197318948));
#10435 = CARTESIAN_POINT('',(5.251,1.692525998122,10.497197318948));
#10436 = ADVANCED_FACE('',(#10437),#10447,.F.);
#10437 = FACE_BOUND('',#10438,.T.);
#10438 = EDGE_LOOP('',(#10439,#10440,#10445,#10446));
#10439 = ORIENTED_EDGE('',*,*,#10313,.T.);
#10440 = ORIENTED_EDGE('',*,*,#10441,.F.);
#10441 = EDGE_CURVE('',#10188,#10307,#10442,.T.);
#10442 = B_SPLINE_CURVE_WITH_KNOTS('',1,(#10443,#10444),.UNSPECIFIED.,
  .F.,.F.,(2,2),(-0.,1.E-03),.PIECEWISE_BEZIER_KNOTS.);
#10443 = CARTESIAN_POINT('',(5.251,1.634382735441,10.25314534083));
#10444 = CARTESIAN_POINT('',(5.25,1.634382735441,10.25314534083));
#10445 = ORIENTED_EDGE('',*,*,#10187,.F.);
#10446 = ORIENTED_EDGE('',*,*,#10425,.T.);
#10447 = B_SPLINE_SURFACE_WITH_KNOTS('',1,1,(
    (#10448,#10449)
    ,(#10450,#10451
  )),.UNSPECIFIED.,.F.,.F.,.F.,(2,2),(2,2),(-1.E-03,0.),(
    -3.481109503855E-02,0.),.PIECEWISE_BEZIER_KNOTS.);
#10448 = CARTESIAN_POINT('',(5.25,1.599571640403,10.25314534083));
#10449 = CARTESIAN_POINT('',(5.25,1.634382735441,10.25314534083));
#10450 = CARTESIAN_POINT('',(5.251,1.599571640403,10.25314534083));
#10451 = CARTESIAN_POINT('',(5.251,1.634382735441,10.25314534083));
#10452 = ADVANCED_FACE('',(#10453),#10463,.F.);
#10453 = FACE_BOUND('',#10454,.T.);
#10454 = EDGE_LOOP('',(#10455,#10456,#10461,#10462));
#10455 = ORIENTED_EDGE('',*,*,#10306,.T.);
#10456 = ORIENTED_EDGE('',*,*,#10457,.F.);
#10457 = EDGE_CURVE('',#10195,#10300,#10458,.T.);
#10458 = B_SPLINE_CURVE_WITH_KNOTS('',1,(#10459,#10460),.UNSPECIFIED.,
  .F.,.F.,(2,2),(-0.,1.E-03),.PIECEWISE_BEZIER_KNOTS.);
#10459 = CARTESIAN_POINT('',(5.251,1.657839674033,10.319897799056));
#10460 = CARTESIAN_POINT('',(5.25,1.657839674033,10.319897799056));
#10461 = ORIENTED_EDGE('',*,*,#10194,.F.);
#10462 = ORIENTED_EDGE('',*,*,#10441,.T.);
#10463 = B_SPLINE_SURFACE_WITH_KNOTS('',1,1,(
    (#10464,#10465)
    ,(#10466,#10467
    )),.UNSPECIFIED.,.F.,.F.,.F.,(2,2),(2,2),(-0.,7.075393026092E-02),(
    -1.E-03,0.),.PIECEWISE_BEZIER_KNOTS.);
#10464 = CARTESIAN_POINT('',(5.25,1.657839674033,10.319897799056));
#10465 = CARTESIAN_POINT('',(5.251,1.657839674033,10.319897799056));
#10466 = CARTESIAN_POINT('',(5.25,1.634382735441,10.25314534083));
#10467 = CARTESIAN_POINT('',(5.251,1.634382735441,10.25314534083));
#10468 = ADVANCED_FACE('',(#10469),#10479,.F.);
#10469 = FACE_BOUND('',#10470,.T.);
#10470 = EDGE_LOOP('',(#10471,#10472,#10477,#10478));
#10471 = ORIENTED_EDGE('',*,*,#10299,.T.);
#10472 = ORIENTED_EDGE('',*,*,#10473,.F.);
#10473 = EDGE_CURVE('',#10202,#10293,#10474,.T.);
#10474 = B_SPLINE_CURVE_WITH_KNOTS('',1,(#10475,#10476),.UNSPECIFIED.,
  .F.,.F.,(2,2),(-0.,1.E-03),.PIECEWISE_BEZIER_KNOTS.);
#10475 = CARTESIAN_POINT('',(5.251,1.759465612775,10.319897799056));
#10476 = CARTESIAN_POINT('',(5.25,1.759465612775,10.319897799056));
#10477 = ORIENTED_EDGE('',*,*,#10201,.F.);
#10478 = ORIENTED_EDGE('',*,*,#10457,.T.);
#10479 = B_SPLINE_SURFACE_WITH_KNOTS('',1,1,(
    (#10480,#10481)
    ,(#10482,#10483
    )),.UNSPECIFIED.,.F.,.F.,.F.,(2,2),(2,2),(-0.,0.101625938741),(
    -1.E-03,0.),.PIECEWISE_BEZIER_KNOTS.);
#10480 = CARTESIAN_POINT('',(5.25,1.759465612775,10.319897799056));
#10481 = CARTESIAN_POINT('',(5.251,1.759465612775,10.319897799056));
#10482 = CARTESIAN_POINT('',(5.25,1.657839674033,10.319897799056));
#10483 = CARTESIAN_POINT('',(5.251,1.657839674033,10.319897799056));
#10484 = ADVANCED_FACE('',(#10485),#10495,.F.);
#10485 = FACE_BOUND('',#10486,.T.);
#10486 = EDGE_LOOP('',(#10487,#10488,#10493,#10494));
#10487 = ORIENTED_EDGE('',*,*,#10292,.T.);
#10488 = ORIENTED_EDGE('',*,*,#10489,.F.);
#10489 = EDGE_CURVE('',#10209,#10286,#10490,.T.);
#10490 = B_SPLINE_CURVE_WITH_KNOTS('',1,(#10491,#10492),.UNSPECIFIED.,
  .F.,.F.,(2,2),(-0.,1.E-03),.PIECEWISE_BEZIER_KNOTS.);
#10491 = CARTESIAN_POINT('',(5.251,1.784357417293,10.25314534083));
#10492 = CARTESIAN_POINT('',(5.25,1.784357417293,10.25314534083));
#10493 = ORIENTED_EDGE('',*,*,#10208,.F.);
#10494 = ORIENTED_EDGE('',*,*,#10473,.T.);
#10495 = B_SPLINE_SURFACE_WITH_KNOTS('',1,1,(
    (#10496,#10497)
    ,(#10498,#10499
    )),.UNSPECIFIED.,.F.,.F.,.F.,(2,2),(2,2),(0.,7.124249161442E-02),(
    -1.E-03,0.),.PIECEWISE_BEZIER_KNOTS.);
#10496 = CARTESIAN_POINT('',(5.25,1.784357417293,10.25314534083));
#10497 = CARTESIAN_POINT('',(5.251,1.784357417293,10.25314534083));
#10498 = CARTESIAN_POINT('',(5.25,1.759465612775,10.319897799056));
#10499 = CARTESIAN_POINT('',(5.251,1.759465612775,10.319897799056));
#10500 = ADVANCED_FACE('',(#10501),#10507,.F.);
#10501 = FACE_BOUND('',#10502,.T.);
#10502 = EDGE_LOOP('',(#10503,#10504,#10505,#10506));
#10503 = ORIENTED_EDGE('',*,*,#10285,.T.);
#10504 = ORIENTED_EDGE('',*,*,#10395,.F.);
#10505 = ORIENTED_EDGE('',*,*,#10215,.F.);
#10506 = ORIENTED_EDGE('',*,*,#10489,.T.);
#10507 = B_SPLINE_SURFACE_WITH_KNOTS('',1,1,(
    (#10508,#10509)
    ,(#10510,#10511
  )),.UNSPECIFIED.,.F.,.F.,.F.,(2,2),(2,2),(-1.E-03,0.),(
    -3.481109503688E-02,0.),.PIECEWISE_BEZIER_KNOTS.);
#10508 = CARTESIAN_POINT('',(5.25,1.784357417293,10.25314534083));
#10509 = CARTESIAN_POINT('',(5.25,1.81916851233,10.25314534083));
#10510 = CARTESIAN_POINT('',(5.251,1.784357417293,10.25314534083));
#10511 = CARTESIAN_POINT('',(5.251,1.81916851233,10.25314534083));
#10512 = ADVANCED_FACE('',(#10513),#10527,.T.);
#10513 = FACE_BOUND('',#10514,.T.);
#10514 = EDGE_LOOP('',(#10515,#10516,#10521,#10522));
#10515 = ORIENTED_EDGE('',*,*,#10343,.F.);
#10516 = ORIENTED_EDGE('',*,*,#10517,.F.);
#10517 = EDGE_CURVE('',#10223,#10337,#10518,.T.);
#10518 = B_SPLINE_CURVE_WITH_KNOTS('',1,(#10519,#10520),.UNSPECIFIED.,
  .F.,.F.,(2,2),(-0.,1.E-03),.PIECEWISE_BEZIER_KNOTS.);
#10519 = CARTESIAN_POINT('',(5.251,1.667821350032,10.347472178997));
#10520 = CARTESIAN_POINT('',(5.25,1.667821350032,10.347472178997));
#10521 = ORIENTED_EDGE('',*,*,#10222,.T.);
#10522 = ORIENTED_EDGE('',*,*,#10523,.T.);
#10523 = EDGE_CURVE('',#10225,#10344,#10524,.T.);
#10524 = B_SPLINE_CURVE_WITH_KNOTS('',1,(#10525,#10526),.UNSPECIFIED.,
  .F.,.F.,(2,2),(-0.,1.E-03),.PIECEWISE_BEZIER_KNOTS.);
#10525 = CARTESIAN_POINT('',(5.251,1.749733478679,10.347472178997));
#10526 = CARTESIAN_POINT('',(5.25,1.749733478679,10.347472178997));
#10527 = B_SPLINE_SURFACE_WITH_KNOTS('',1,1,(
    (#10528,#10529)
    ,(#10530,#10531
  )),.UNSPECIFIED.,.F.,.F.,.F.,(2,2),(2,2),(-1.E-03,0.),(
    -2.22044604925E-16,8.191212864727E-02),.PIECEWISE_BEZIER_KNOTS.);
#10528 = CARTESIAN_POINT('',(5.25,1.667821350032,10.347472178997));
#10529 = CARTESIAN_POINT('',(5.25,1.749733478679,10.347472178997));
#10530 = CARTESIAN_POINT('',(5.251,1.667821350032,10.347472178997));
#10531 = CARTESIAN_POINT('',(5.251,1.749733478679,10.347472178997));
#10532 = ADVANCED_FACE('',(#10533),#10543,.T.);
#10533 = FACE_BOUND('',#10534,.T.);
#10534 = EDGE_LOOP('',(#10535,#10536,#10537,#10538));
#10535 = ORIENTED_EDGE('',*,*,#10350,.F.);
#10536 = ORIENTED_EDGE('',*,*,#10523,.F.);
#10537 = ORIENTED_EDGE('',*,*,#10263,.T.);
#10538 = ORIENTED_EDGE('',*,*,#10539,.T.);
#10539 = EDGE_CURVE('',#10255,#10351,#10540,.T.);
#10540 = B_SPLINE_CURVE_WITH_KNOTS('',1,(#10541,#10542),.UNSPECIFIED.,
  .F.,.F.,(2,2),(-0.,1.E-03),.PIECEWISE_BEZIER_KNOTS.);
#10541 = CARTESIAN_POINT('',(5.251,1.712863662965,10.448910961314));
#10542 = CARTESIAN_POINT('',(5.25,1.712863662965,10.448910961314));
#10543 = B_SPLINE_SURFACE_WITH_KNOTS('',1,1,(
    (#10544,#10545)
    ,(#10546,#10547
    )),.UNSPECIFIED.,.F.,.F.,.F.,(2,2),(2,2),(-0.10793150545,0.),(
    -1.E-03,0.),.PIECEWISE_BEZIER_KNOTS.);
#10544 = CARTESIAN_POINT('',(5.25,1.712863662965,10.448910961314));
#10545 = CARTESIAN_POINT('',(5.251,1.712863662965,10.448910961314));
#10546 = CARTESIAN_POINT('',(5.25,1.749733478679,10.347472178997));
#10547 = CARTESIAN_POINT('',(5.251,1.749733478679,10.347472178997));
#10548 = ADVANCED_FACE('',(#10549),#10559,.T.);
#10549 = FACE_BOUND('',#10550,.T.);
#10550 = EDGE_LOOP('',(#10551,#10552,#10553,#10554));
#10551 = ORIENTED_EDGE('',*,*,#10357,.F.);
#10552 = ORIENTED_EDGE('',*,*,#10539,.F.);
#10553 = ORIENTED_EDGE('',*,*,#10254,.T.);
#10554 = ORIENTED_EDGE('',*,*,#10555,.T.);
#10555 = EDGE_CURVE('',#10248,#10358,#10556,.T.);
#10556 = B_SPLINE_CURVE_WITH_KNOTS('',1,(#10557,#10558),.UNSPECIFIED.,
  .F.,.F.,(2,2),(-0.,1.E-03),.PIECEWISE_BEZIER_KNOTS.);
#10557 = CARTESIAN_POINT('',(5.251,1.709058148993,10.466004581457));
#10558 = CARTESIAN_POINT('',(5.25,1.709058148993,10.466004581457));
#10559 = B_SPLINE_SURFACE_WITH_KNOTS('',3,1,(
    (#10560,#10561)
    ,(#10562,#10563)
    ,(#10564,#10565)
    ,(#10566,#10567
    )),.UNSPECIFIED.,.F.,.F.,.F.,(4,4),(2,2),(1.,2.),(0.,1.),
  .PIECEWISE_BEZIER_KNOTS.);
#10560 = CARTESIAN_POINT('',(5.251,1.712863662965,10.448910961314));
#10561 = CARTESIAN_POINT('',(5.25,1.712863662965,10.448910961314));
#10562 = CARTESIAN_POINT('',(5.251,1.711678338942,10.452279776962));
#10563 = CARTESIAN_POINT('',(5.25,1.711678338942,10.452279776962));
#10564 = CARTESIAN_POINT('',(5.251,1.710430629441,10.457894469711));
#10565 = CARTESIAN_POINT('',(5.25,1.710430629441,10.457894469711));
#10566 = CARTESIAN_POINT('',(5.251,1.709058148993,10.466004581457));
#10567 = CARTESIAN_POINT('',(5.25,1.709058148993,10.466004581457));
#10568 = ADVANCED_FACE('',(#10569),#10579,.T.);
#10569 = FACE_BOUND('',#10570,.T.);
#10570 = EDGE_LOOP('',(#10571,#10572,#10573,#10574));
#10571 = ORIENTED_EDGE('',*,*,#10366,.F.);
#10572 = ORIENTED_EDGE('',*,*,#10555,.F.);
#10573 = ORIENTED_EDGE('',*,*,#10247,.T.);
#10574 = ORIENTED_EDGE('',*,*,#10575,.T.);
#10575 = EDGE_CURVE('',#10239,#10367,#10576,.T.);
#10576 = B_SPLINE_CURVE_WITH_KNOTS('',1,(#10577,#10578),.UNSPECIFIED.,
  .F.,.F.,(2,2),(-0.,1.E-03),.PIECEWISE_BEZIER_KNOTS.);
#10577 = CARTESIAN_POINT('',(5.251,1.708309523292,10.466004581457));
#10578 = CARTESIAN_POINT('',(5.25,1.708309523292,10.466004581457));
#10579 = B_SPLINE_SURFACE_WITH_KNOTS('',1,1,(
    (#10580,#10581)
    ,(#10582,#10583
    )),.UNSPECIFIED.,.F.,.F.,.F.,(2,2),(2,2),(0.,1.000000000001E-03),(
    -7.4862570056E-04,2.22044604925E-16),.PIECEWISE_BEZIER_KNOTS.);
#10580 = CARTESIAN_POINT('',(5.251,1.708309523292,10.466004581457));
#10581 = CARTESIAN_POINT('',(5.251,1.709058148993,10.466004581457));
#10582 = CARTESIAN_POINT('',(5.25,1.708309523292,10.466004581457));
#10583 = CARTESIAN_POINT('',(5.25,1.709058148993,10.466004581457));
#10584 = ADVANCED_FACE('',(#10585),#10595,.T.);
#10585 = FACE_BOUND('',#10586,.T.);
#10586 = EDGE_LOOP('',(#10587,#10588,#10589,#10590));
#10587 = ORIENTED_EDGE('',*,*,#10373,.F.);
#10588 = ORIENTED_EDGE('',*,*,#10575,.F.);
#10589 = ORIENTED_EDGE('',*,*,#10238,.T.);
#10590 = ORIENTED_EDGE('',*,*,#10591,.T.);
#10591 = EDGE_CURVE('',#10232,#10335,#10592,.T.);
#10592 = B_SPLINE_CURVE_WITH_KNOTS('',1,(#10593,#10594),.UNSPECIFIED.,
  .F.,.F.,(2,2),(-8.881784197001E-16,1.E-03),.PIECEWISE_BEZIER_KNOTS.);
#10593 = CARTESIAN_POINT('',(5.251,1.704316852893,10.448910961314));
#10594 = CARTESIAN_POINT('',(5.25,1.704316852893,10.448910961314));
#10595 = B_SPLINE_SURFACE_WITH_KNOTS('',3,1,(
    (#10596,#10597)
    ,(#10598,#10599)
    ,(#10600,#10601)
    ,(#10602,#10603
    )),.UNSPECIFIED.,.F.,.F.,.F.,(4,4),(2,2),(3.,4.),(0.,1.),
  .PIECEWISE_BEZIER_KNOTS.);
#10596 = CARTESIAN_POINT('',(5.251,1.708309523292,10.466004581457));
#10597 = CARTESIAN_POINT('',(5.25,1.708309523292,10.466004581457));
#10598 = CARTESIAN_POINT('',(5.251,1.707124199267,10.45864309541));
#10599 = CARTESIAN_POINT('',(5.25,1.707124199267,10.45864309541));
#10600 = CARTESIAN_POINT('',(5.251,1.705814104294,10.452903631711));
#10601 = CARTESIAN_POINT('',(5.25,1.705814104294,10.452903631711));
#10602 = CARTESIAN_POINT('',(5.251,1.704316852893,10.448910961314));
#10603 = CARTESIAN_POINT('',(5.25,1.704316852893,10.448910961314));
#10604 = ADVANCED_FACE('',(#10605),#10611,.T.);
#10605 = FACE_BOUND('',#10606,.T.);
#10606 = EDGE_LOOP('',(#10607,#10608,#10609,#10610));
#10607 = ORIENTED_EDGE('',*,*,#10334,.F.);
#10608 = ORIENTED_EDGE('',*,*,#10591,.F.);
#10609 = ORIENTED_EDGE('',*,*,#10231,.T.);
#10610 = ORIENTED_EDGE('',*,*,#10517,.T.);
#10611 = B_SPLINE_SURFACE_WITH_KNOTS('',1,1,(
    (#10612,#10613)
    ,(#10614,#10615
    )),.UNSPECIFIED.,.F.,.F.,.F.,(2,2),(2,2),(-0.107804212752,0.),(
    -1.000000000001E-03,0.),.PIECEWISE_BEZIER_KNOTS.);
#10612 = CARTESIAN_POINT('',(5.25,1.667821350032,10.347472178997));
#10613 = CARTESIAN_POINT('',(5.251,1.667821350032,10.347472178997));
#10614 = CARTESIAN_POINT('',(5.25,1.704316852893,10.448910961314));
#10615 = CARTESIAN_POINT('',(5.251,1.704316852893,10.448910961314));
#10616 = MANIFOLD_SOLID_BREP('',#10617);
#10617 = CLOSED_SHELL('',(#10618,#10938,#11258,#11282,#11302,#11322,
    #11342,#11362,#11382,#11402,#11422,#11442,#11462,#11482,#11502,
    #11518,#11534,#11550,#11566,#11586,#11606,#11626,#11646,#11666,
    #11686,#11706,#11722,#11742,#11762,#11778,#11798,#11818,#11838,
    #11854,#11874,#11890,#11920));
#10618 = ADVANCED_FACE('',(#10619,#10908),#10933,.F.);
#10619 = FACE_BOUND('',#10620,.T.);
#10620 = EDGE_LOOP('',(#10621,#10632,#10641,#10650,#10659,#10668,#10677,
    #10686,#10695,#10704,#10713,#10722,#10731,#10740,#10747,#10754,
    #10761,#10770,#10779,#10788,#10797,#10806,#10815,#10824,#10833,
    #10842,#10851,#10858,#10867,#10876,#10885,#10892,#10901));
#10621 = ORIENTED_EDGE('',*,*,#10622,.T.);
#10622 = EDGE_CURVE('',#10623,#10625,#10627,.T.);
#10623 = VERTEX_POINT('',#10624);
#10624 = CARTESIAN_POINT('',(5.251,0.334216276883,10.495224773356));
#10625 = VERTEX_POINT('',#10626);
#10626 = CARTESIAN_POINT('',(5.251,0.162433040734,10.722533896998));
#10627 = B_SPLINE_CURVE_WITH_KNOTS('',3,(#10628,#10629,#10630,#10631),
  .UNSPECIFIED.,.F.,.F.,(4,4),(35.,36.),.PIECEWISE_BEZIER_KNOTS.);
#10628 = CARTESIAN_POINT('',(5.251,0.334216276883,10.495224773356));
#10629 = CARTESIAN_POINT('',(5.251,0.332481118755,10.599335783445));
#10630 = CARTESIAN_POINT('',(5.251,0.261338510247,10.691300587351));
#10631 = CARTESIAN_POINT('',(5.251,0.162433040734,10.722533896998));
#10632 = ORIENTED_EDGE('',*,*,#10633,.T.);
#10633 = EDGE_CURVE('',#10625,#10634,#10636,.T.);
#10634 = VERTEX_POINT('',#10635);
#10635 = CARTESIAN_POINT('',(5.251,6.87330456045E-02,10.859613482422));
#10636 = B_SPLINE_CURVE_WITH_KNOTS('',3,(#10637,#10638,#10639,#10640),
  .UNSPECIFIED.,.F.,.F.,(4,4),(0.,1.),.PIECEWISE_BEZIER_KNOTS.);
#10637 = CARTESIAN_POINT('',(5.251,0.162433040734,10.722533896998));
#10638 = CARTESIAN_POINT('',(5.251,0.14334603656,10.774589435137));
#10639 = CARTESIAN_POINT('',(5.251,0.110377502594,10.821439416155));
#10640 = CARTESIAN_POINT('',(5.251,6.87330456045E-02,10.859613482422));
#10641 = ORIENTED_EDGE('',*,*,#10642,.T.);
#10642 = EDGE_CURVE('',#10634,#10643,#10645,.T.);
#10643 = VERTEX_POINT('',#10644);
#10644 = CARTESIAN_POINT('',(5.251,-0.167252034157,10.949843086831));
#10645 = B_SPLINE_CURVE_WITH_KNOTS('',3,(#10646,#10647,#10648,#10649),
  .UNSPECIFIED.,.F.,.F.,(4,4),(1.,2.),.PIECEWISE_BEZIER_KNOTS.);
#10646 = CARTESIAN_POINT('',(5.251,6.87330456045E-02,10.859613482422));
#10647 = CARTESIAN_POINT('',(5.251,2.796043864505E-03,10.916874579756));
#10648 = CARTESIAN_POINT('',(5.251,-8.049280392266E-02,10.949843086831)
  );
#10649 = CARTESIAN_POINT('',(5.251,-0.167252034157,10.949843086831));
#10650 = ORIENTED_EDGE('',*,*,#10651,.T.);
#10651 = EDGE_CURVE('',#10643,#10652,#10654,.T.);
#10652 = VERTEX_POINT('',#10653);
#10653 = CARTESIAN_POINT('',(5.251,-0.37547418672,10.882170885592));
#10654 = B_SPLINE_CURVE_WITH_KNOTS('',3,(#10655,#10656,#10657,#10658),
  .UNSPECIFIED.,.F.,.F.,(4,4),(2.,3.),.PIECEWISE_BEZIER_KNOTS.);
#10655 = CARTESIAN_POINT('',(5.251,-0.167252034157,10.949843086831));
#10656 = CARTESIAN_POINT('',(5.251,-0.243600150143,10.949843086831));
#10657 = CARTESIAN_POINT('',(5.251,-0.314742725555,10.925550502779));
#10658 = CARTESIAN_POINT('',(5.251,-0.37547418672,10.882170885592));
#10659 = ORIENTED_EDGE('',*,*,#10660,.T.);
#10660 = EDGE_CURVE('',#10652,#10661,#10663,.T.);
#10661 = VERTEX_POINT('',#10662);
#10662 = CARTESIAN_POINT('',(5.251,-0.451822302706,10.805822761332));
#10663 = B_SPLINE_CURVE_WITH_KNOTS('',3,(#10664,#10665,#10666,#10667),
  .UNSPECIFIED.,.F.,.F.,(4,4),(3.,4.),.PIECEWISE_BEZIER_KNOTS.);
#10664 = CARTESIAN_POINT('',(5.251,-0.37547418672,10.882170885592));
#10665 = CARTESIAN_POINT('',(5.251,-0.404972338238,10.861348665372));
#10666 = CARTESIAN_POINT('',(5.251,-0.429264916084,10.835320896303));
#10667 = CARTESIAN_POINT('',(5.251,-0.451822302706,10.805822761332));
#10668 = ORIENTED_EDGE('',*,*,#10669,.T.);
#10669 = EDGE_CURVE('',#10661,#10670,#10672,.T.);
#10670 = VERTEX_POINT('',#10671);
#10671 = CARTESIAN_POINT('',(5.251,-0.491731535376,10.809293127231));
#10672 = B_SPLINE_CURVE_WITH_KNOTS('',3,(#10673,#10674,#10675,#10676),
  .UNSPECIFIED.,.F.,.F.,(4,4),(4.,5.),.PIECEWISE_BEZIER_KNOTS.);
#10673 = CARTESIAN_POINT('',(5.251,-0.451822302706,10.805822761332));
#10674 = CARTESIAN_POINT('',(5.251,-0.465703766305,10.807557952556));
#10675 = CARTESIAN_POINT('',(5.251,-0.477850071777,10.809293127231));
#10676 = CARTESIAN_POINT('',(5.251,-0.491731535376,10.809293127231));
#10677 = ORIENTED_EDGE('',*,*,#10678,.T.);
#10678 = EDGE_CURVE('',#10670,#10679,#10681,.T.);
#10679 = VERTEX_POINT('',#10680);
#10680 = CARTESIAN_POINT('',(5.251,-0.691277764915,10.726004262897));
#10681 = B_SPLINE_CURVE_WITH_KNOTS('',3,(#10682,#10683,#10684,#10685),
  .UNSPECIFIED.,.F.,.F.,(4,4),(5.,6.),.PIECEWISE_BEZIER_KNOTS.);
#10682 = CARTESIAN_POINT('',(5.251,-0.491731535376,10.809293127231));
#10683 = CARTESIAN_POINT('',(5.251,-0.566344476687,10.809293127231));
#10684 = CARTESIAN_POINT('',(5.251,-0.63748703555,10.779794992263));
#10685 = CARTESIAN_POINT('',(5.251,-0.691277764915,10.726004262897));
#10686 = ORIENTED_EDGE('',*,*,#10687,.T.);
#10687 = EDGE_CURVE('',#10679,#10688,#10690,.T.);
#10688 = VERTEX_POINT('',#10689);
#10689 = CARTESIAN_POINT('',(5.251,-0.772831487669,10.528193241131));
#10690 = B_SPLINE_CURVE_WITH_KNOTS('',3,(#10691,#10692,#10693,#10694),
  .UNSPECIFIED.,.F.,.F.,(4,4),(6.,7.),.PIECEWISE_BEZIER_KNOTS.);
#10691 = CARTESIAN_POINT('',(5.251,-0.691277764915,10.726004262897));
#10692 = CARTESIAN_POINT('',(5.251,-0.743333348563,10.673948741304));
#10693 = CARTESIAN_POINT('',(5.251,-0.772831487669,10.602806165892));
#10694 = CARTESIAN_POINT('',(5.251,-0.772831487669,10.528193241131));
#10695 = ORIENTED_EDGE('',*,*,#10696,.T.);
#10696 = EDGE_CURVE('',#10688,#10697,#10699,.T.);
#10697 = VERTEX_POINT('',#10698);
#10698 = CARTESIAN_POINT('',(5.251,-0.699953737582,10.339058158934));
#10699 = B_SPLINE_CURVE_WITH_KNOTS('',3,(#10700,#10701,#10702,#10703),
  .UNSPECIFIED.,.F.,.F.,(4,4),(7.,8.),.PIECEWISE_BEZIER_KNOTS.);
#10700 = CARTESIAN_POINT('',(5.251,-0.772831487669,10.528193241131));
#10701 = CARTESIAN_POINT('',(5.251,-0.772831487669,10.458785856942));
#10702 = CARTESIAN_POINT('',(5.251,-0.7468037186,10.391113630883));
#10703 = CARTESIAN_POINT('',(5.251,-0.699953737582,10.339058158934));
#10704 = ORIENTED_EDGE('',*,*,#10705,.T.);
#10705 = EDGE_CURVE('',#10697,#10706,#10708,.T.);
#10706 = VERTEX_POINT('',#10707);
#10707 = CARTESIAN_POINT('',(5.251,-0.561138969208,10.255769311148));
#10708 = B_SPLINE_CURVE_WITH_KNOTS('',3,(#10709,#10710,#10711,#10712),
  .UNSPECIFIED.,.F.,.F.,(4,4),(8.,9.),.PIECEWISE_BEZIER_KNOTS.);
#10709 = CARTESIAN_POINT('',(5.251,-0.699953737582,10.339058158934));
#10710 = CARTESIAN_POINT('',(5.251,-0.661779679589,10.297413701944));
#10711 = CARTESIAN_POINT('',(5.251,-0.614929682024,10.269650774747));
#10712 = CARTESIAN_POINT('',(5.251,-0.561138969208,10.255769311148));
#10713 = ORIENTED_EDGE('',*,*,#10714,.T.);
#10714 = EDGE_CURVE('',#10706,#10715,#10717,.T.);
#10715 = VERTEX_POINT('',#10716);
#10716 = CARTESIAN_POINT('',(5.251,-0.396296415214,10.137776771267));
#10717 = B_SPLINE_CURVE_WITH_KNOTS('',3,(#10718,#10719,#10720,#10721),
  .UNSPECIFIED.,.F.,.F.,(4,4),(9.,10.),.PIECEWISE_BEZIER_KNOTS.);
#10718 = CARTESIAN_POINT('',(5.251,-0.561138969208,10.255769311148));
#10719 = CARTESIAN_POINT('',(5.251,-0.538581566037,10.186361926959));
#10720 = CARTESIAN_POINT('',(5.251,-0.472644564297,10.137776771267));
#10721 = CARTESIAN_POINT('',(5.251,-0.396296415214,10.137776771267));
#10722 = ORIENTED_EDGE('',*,*,#10723,.T.);
#10723 = EDGE_CURVE('',#10715,#10724,#10726,.T.);
#10724 = VERTEX_POINT('',#10725);
#10725 = CARTESIAN_POINT('',(5.251,-0.222777954745,10.311295231735));
#10726 = B_SPLINE_CURVE_WITH_KNOTS('',3,(#10727,#10728,#10729,#10730),
  .UNSPECIFIED.,.F.,.F.,(4,4),(10.,11.),.PIECEWISE_BEZIER_KNOTS.);
#10727 = CARTESIAN_POINT('',(5.251,-0.396296415214,10.137776771267));
#10728 = CARTESIAN_POINT('',(5.251,-0.300861261956,10.137776771267));
#10729 = CARTESIAN_POINT('',(5.251,-0.222777954745,10.215860078477));
#10730 = CARTESIAN_POINT('',(5.251,-0.222777954745,10.311295231735));
#10731 = ORIENTED_EDGE('',*,*,#10732,.T.);
#10732 = EDGE_CURVE('',#10724,#10733,#10735,.T.);
#10733 = VERTEX_POINT('',#10734);
#10734 = CARTESIAN_POINT('',(5.251,-0.222777954745,10.328647077783));
#10735 = B_SPLINE_CURVE_WITH_KNOTS('',3,(#10736,#10737,#10738,#10739),
  .UNSPECIFIED.,.F.,.F.,(4,4),(11.,12.),.PIECEWISE_BEZIER_KNOTS.);
#10736 = CARTESIAN_POINT('',(5.251,-0.222777954745,10.311295231735));
#10737 = CARTESIAN_POINT('',(5.251,-0.222777954745,10.316500772312));
#10738 = CARTESIAN_POINT('',(5.251,-0.222777954745,10.321706312888));
#10739 = CARTESIAN_POINT('',(5.251,-0.222777954745,10.328647077783));
#10740 = ORIENTED_EDGE('',*,*,#10741,.T.);
#10741 = EDGE_CURVE('',#10733,#10742,#10744,.T.);
#10742 = VERTEX_POINT('',#10743);
#10743 = CARTESIAN_POINT('',(5.251,2.014788991167E-02,10.457050731911));
#10744 = B_SPLINE_CURVE_WITH_KNOTS('',1,(#10745,#10746),.UNSPECIFIED.,
  .F.,.F.,(2,2),(-2.4538564243E-17,0.274773478333),
  .PIECEWISE_BEZIER_KNOTS.);
#10745 = CARTESIAN_POINT('',(5.251,-0.222777954745,10.328647077783));
#10746 = CARTESIAN_POINT('',(5.251,2.014788991167E-02,10.457050731911));
#10747 = ORIENTED_EDGE('',*,*,#10748,.T.);
#10748 = EDGE_CURVE('',#10742,#10749,#10751,.T.);
#10749 = VERTEX_POINT('',#10750);
#10750 = CARTESIAN_POINT('',(5.251,-3.364280635731E-02,10.549015535816)
  );
#10751 = B_SPLINE_CURVE_WITH_KNOTS('',1,(#10752,#10753),.UNSPECIFIED.,
  .F.,.F.,(2,2),(0.,0.106540903706),.PIECEWISE_BEZIER_KNOTS.);
#10752 = CARTESIAN_POINT('',(5.251,2.014788991167E-02,10.457050731911));
#10753 = CARTESIAN_POINT('',(5.251,-3.364280635731E-02,10.549015535816)
  );
#10754 = ORIENTED_EDGE('',*,*,#10755,.T.);
#10755 = EDGE_CURVE('',#10749,#10756,#10758,.T.);
#10756 = VERTEX_POINT('',#10757);
#10757 = CARTESIAN_POINT('',(5.251,-0.266157536766,10.427552613489));
#10758 = B_SPLINE_CURVE_WITH_KNOTS('',1,(#10759,#10760),.UNSPECIFIED.,
  .F.,.F.,(2,2),(0.,0.262328689543),.PIECEWISE_BEZIER_KNOTS.);
#10759 = CARTESIAN_POINT('',(5.251,-3.364280635731E-02,10.549015535816)
  );
#10760 = CARTESIAN_POINT('',(5.251,-0.266157536766,10.427552613489));
#10761 = ORIENTED_EDGE('',*,*,#10762,.T.);
#10762 = EDGE_CURVE('',#10756,#10763,#10765,.T.);
#10763 = VERTEX_POINT('',#10764);
#10764 = CARTESIAN_POINT('',(5.251,-0.396296382118,10.486548883429));
#10765 = B_SPLINE_CURVE_WITH_KNOTS('',3,(#10766,#10767,#10768,#10769),
  .UNSPECIFIED.,.F.,.F.,(4,4),(15.,16.),.PIECEWISE_BEZIER_KNOTS.);
#10766 = CARTESIAN_POINT('',(5.251,-0.266157536766,10.427552613489));
#10767 = CARTESIAN_POINT('',(5.251,-0.297390846412,10.463991496806));
#10768 = CARTESIAN_POINT('',(5.251,-0.344240843977,10.486548883429));
#10769 = CARTESIAN_POINT('',(5.251,-0.396296382118,10.486548883429));
#10770 = ORIENTED_EDGE('',*,*,#10771,.T.);
#10771 = EDGE_CURVE('',#10763,#10772,#10774,.T.);
#10772 = VERTEX_POINT('',#10773);
#10773 = CARTESIAN_POINT('',(5.251,-0.559403728339,10.372026692901));
#10774 = B_SPLINE_CURVE_WITH_KNOTS('',3,(#10775,#10776,#10777,#10778),
  .UNSPECIFIED.,.F.,.F.,(4,4),(16.,17.),.PIECEWISE_BEZIER_KNOTS.);
#10775 = CARTESIAN_POINT('',(5.251,-0.396296382118,10.486548883429));
#10776 = CARTESIAN_POINT('',(5.251,-0.470909339977,10.486548883429));
#10777 = CARTESIAN_POINT('',(5.251,-0.535111150493,10.437963727737));
#10778 = CARTESIAN_POINT('',(5.251,-0.559403728339,10.372026692901));
#10779 = ORIENTED_EDGE('',*,*,#10780,.T.);
#10780 = EDGE_CURVE('',#10772,#10781,#10783,.T.);
#10781 = VERTEX_POINT('',#10782);
#10782 = CARTESIAN_POINT('',(5.251,-0.663514804621,10.53166368977));
#10783 = B_SPLINE_CURVE_WITH_KNOTS('',3,(#10784,#10785,#10786,#10787),
  .UNSPECIFIED.,.F.,.F.,(4,4),(17.,18.),.PIECEWISE_BEZIER_KNOTS.);
#10784 = CARTESIAN_POINT('',(5.251,-0.559403728339,10.372026692901));
#10785 = CARTESIAN_POINT('',(5.251,-0.620135189503,10.399789653194));
#10786 = CARTESIAN_POINT('',(5.251,-0.663514804621,10.460521114358));
#10787 = CARTESIAN_POINT('',(5.251,-0.663514804621,10.53166368977));
#10788 = ORIENTED_EDGE('',*,*,#10789,.T.);
#10789 = EDGE_CURVE('',#10781,#10790,#10792,.T.);
#10790 = VERTEX_POINT('',#10791);
#10791 = CARTESIAN_POINT('',(5.251,-0.489996344152,10.705182150238));
#10792 = B_SPLINE_CURVE_WITH_KNOTS('',3,(#10793,#10794,#10795,#10796),
  .UNSPECIFIED.,.F.,.F.,(4,4),(18.,19.),.PIECEWISE_BEZIER_KNOTS.);
#10793 = CARTESIAN_POINT('',(5.251,-0.663514804621,10.53166368977));
#10794 = CARTESIAN_POINT('',(5.251,-0.663514804621,10.627098843028));
#10795 = CARTESIAN_POINT('',(5.251,-0.58543149741,10.705182150238));
#10796 = CARTESIAN_POINT('',(5.251,-0.489996344152,10.705182150238));
#10797 = ORIENTED_EDGE('',*,*,#10798,.T.);
#10798 = EDGE_CURVE('',#10790,#10799,#10801,.T.);
#10799 = VERTEX_POINT('',#10800);
#10800 = CARTESIAN_POINT('',(5.251,-0.398031573342,10.679154381167));
#10801 = B_SPLINE_CURVE_WITH_KNOTS('',3,(#10802,#10803,#10804,#10805),
  .UNSPECIFIED.,.F.,.F.,(4,4),(19.,20.),.PIECEWISE_BEZIER_KNOTS.);
#10802 = CARTESIAN_POINT('',(5.251,-0.489996344152,10.705182150238));
#10803 = CARTESIAN_POINT('',(5.251,-0.457027843281,10.705182150238));
#10804 = CARTESIAN_POINT('',(5.251,-0.424059342412,10.694771035992));
#10805 = CARTESIAN_POINT('',(5.251,-0.398031573342,10.679154381167));
#10806 = ORIENTED_EDGE('',*,*,#10807,.T.);
#10807 = EDGE_CURVE('',#10799,#10808,#10810,.T.);
#10808 = VERTEX_POINT('',#10809);
#10809 = CARTESIAN_POINT('',(5.251,-0.165516876029,10.845732010549));
#10810 = B_SPLINE_CURVE_WITH_KNOTS('',3,(#10811,#10812,#10813,#10814),
  .UNSPECIFIED.,.F.,.F.,(4,4),(20.,21.),.PIECEWISE_BEZIER_KNOTS.);
#10811 = CARTESIAN_POINT('',(5.251,-0.398031573342,10.679154381167));
#10812 = CARTESIAN_POINT('',(5.251,-0.365063105568,10.776324626362));
#10813 = CARTESIAN_POINT('',(5.251,-0.274833492886,10.845732010549));
#10814 = CARTESIAN_POINT('',(5.251,-0.165516876029,10.845732010549));
#10815 = ORIENTED_EDGE('',*,*,#10816,.T.);
#10816 = EDGE_CURVE('',#10808,#10817,#10819,.T.);
#10817 = VERTEX_POINT('',#10818);
#10818 = CARTESIAN_POINT('',(5.251,7.740896862767E-02,10.628833934963));
#10819 = B_SPLINE_CURVE_WITH_KNOTS('',3,(#10820,#10821,#10822,#10823),
  .UNSPECIFIED.,.F.,.F.,(4,4),(21.,22.),.PIECEWISE_BEZIER_KNOTS.);
#10820 = CARTESIAN_POINT('',(5.251,-0.165516876029,10.845732010549));
#10821 = CARTESIAN_POINT('',(5.251,-4.058357125216E-02,10.845732010549)
  );
#10822 = CARTESIAN_POINT('',(5.251,6.352750502834E-02,10.750296857291));
#10823 = CARTESIAN_POINT('',(5.251,7.740896862767E-02,10.628833934963));
#10824 = ORIENTED_EDGE('',*,*,#10825,.T.);
#10825 = EDGE_CURVE('',#10817,#10826,#10828,.T.);
#10826 = VERTEX_POINT('',#10827);
#10827 = CARTESIAN_POINT('',(5.251,9.129043222699E-02,10.628833934963));
#10828 = B_SPLINE_CURVE_WITH_KNOTS('',3,(#10829,#10830,#10831,#10832),
  .UNSPECIFIED.,.F.,.F.,(4,4),(22.,23.),.PIECEWISE_BEZIER_KNOTS.);
#10829 = CARTESIAN_POINT('',(5.251,7.740896862767E-02,10.628833934963));
#10830 = CARTESIAN_POINT('',(5.251,8.261450920299E-02,10.628833934963));
#10831 = CARTESIAN_POINT('',(5.251,8.608489165084E-02,10.628833934963));
#10832 = CARTESIAN_POINT('',(5.251,9.129043222699E-02,10.628833934963));
#10833 = ORIENTED_EDGE('',*,*,#10834,.T.);
#10834 = EDGE_CURVE('',#10826,#10835,#10837,.T.);
#10835 = VERTEX_POINT('',#10836);
#10836 = CARTESIAN_POINT('',(5.251,0.226634818154,10.493489549036));
#10837 = B_SPLINE_CURVE_WITH_KNOTS('',3,(#10838,#10839,#10840,#10841),
  .UNSPECIFIED.,.F.,.F.,(4,4),(23.,24.),.PIECEWISE_BEZIER_KNOTS.);
#10838 = CARTESIAN_POINT('',(5.251,9.129043222699E-02,10.628833934963));
#10839 = CARTESIAN_POINT('',(5.251,0.16590335699,10.628833934963));
#10840 = CARTESIAN_POINT('',(5.251,0.226634818154,10.5681024738));
#10841 = CARTESIAN_POINT('',(5.251,0.226634818154,10.493489549036));
#10842 = ORIENTED_EDGE('',*,*,#10843,.T.);
#10843 = EDGE_CURVE('',#10835,#10844,#10846,.T.);
#10844 = VERTEX_POINT('',#10845);
#10845 = CARTESIAN_POINT('',(5.251,0.101701513378,10.358145163109));
#10846 = B_SPLINE_CURVE_WITH_KNOTS('',3,(#10847,#10848,#10849,#10850),
  .UNSPECIFIED.,.F.,.F.,(4,4),(24.,25.),.PIECEWISE_BEZIER_KNOTS.);
#10847 = CARTESIAN_POINT('',(5.251,0.226634818154,10.493489549036));
#10848 = CARTESIAN_POINT('',(5.251,0.226634818154,10.422346973624));
#10849 = CARTESIAN_POINT('',(5.251,0.172844121885,10.363350703686));
#10850 = CARTESIAN_POINT('',(5.251,0.101701513378,10.358145163109));
#10851 = ORIENTED_EDGE('',*,*,#10852,.T.);
#10852 = EDGE_CURVE('',#10844,#10853,#10855,.T.);
#10853 = VERTEX_POINT('',#10854);
#10854 = CARTESIAN_POINT('',(5.251,2.361820616747E-02,10.358145163109));
#10855 = B_SPLINE_CURVE_WITH_KNOTS('',1,(#10856,#10857),.UNSPECIFIED.,
  .F.,.F.,(2,2),(4.163336342344E-17,7.8083307211E-02),
  .PIECEWISE_BEZIER_KNOTS.);
#10856 = CARTESIAN_POINT('',(5.251,0.101701513378,10.358145163109));
#10857 = CARTESIAN_POINT('',(5.251,2.361820616747E-02,10.358145163109));
#10858 = ORIENTED_EDGE('',*,*,#10859,.T.);
#10859 = EDGE_CURVE('',#10853,#10860,#10862,.T.);
#10860 = VERTEX_POINT('',#10861);
#10861 = CARTESIAN_POINT('',(5.251,1.320712501599E-02,10.359880321237));
#10862 = B_SPLINE_CURVE_WITH_KNOTS('',3,(#10863,#10864,#10865,#10866),
  .UNSPECIFIED.,.F.,.F.,(4,4),(26.,27.),.PIECEWISE_BEZIER_KNOTS.);
#10863 = CARTESIAN_POINT('',(5.251,2.361820616747E-02,10.358145163109));
#10864 = CARTESIAN_POINT('',(5.251,2.014782371963E-02,10.358145163109));
#10865 = CARTESIAN_POINT('',(5.251,1.667744127179E-02,10.359880321237));
#10866 = CARTESIAN_POINT('',(5.251,1.320712501599E-02,10.359880321237));
#10867 = ORIENTED_EDGE('',*,*,#10868,.T.);
#10868 = EDGE_CURVE('',#10860,#10869,#10871,.T.);
#10869 = VERTEX_POINT('',#10870);
#10870 = CARTESIAN_POINT('',(5.251,-4.058357125216E-02,10.306089624969)
  );
#10871 = B_SPLINE_CURVE_WITH_KNOTS('',3,(#10872,#10873,#10874,#10875),
  .UNSPECIFIED.,.F.,.F.,(4,4),(27.,28.),.PIECEWISE_BEZIER_KNOTS.);
#10872 = CARTESIAN_POINT('',(5.251,1.320712501599E-02,10.359880321237));
#10873 = CARTESIAN_POINT('',(5.251,-1.629102650219E-02,10.359880321237)
  );
#10874 = CARTESIAN_POINT('',(5.251,-4.058357125216E-02,10.335587710295)
  );
#10875 = CARTESIAN_POINT('',(5.251,-4.058357125216E-02,10.306089624969)
  );
#10876 = ORIENTED_EDGE('',*,*,#10877,.T.);
#10877 = EDGE_CURVE('',#10869,#10878,#10880,.T.);
#10878 = VERTEX_POINT('',#10879);
#10879 = CARTESIAN_POINT('',(5.251,9.736808760193E-03,10.252298928699));
#10880 = B_SPLINE_CURVE_WITH_KNOTS('',3,(#10881,#10882,#10883,#10884),
  .UNSPECIFIED.,.F.,.F.,(4,4),(28.,29.),.PIECEWISE_BEZIER_KNOTS.);
#10881 = CARTESIAN_POINT('',(5.251,-4.058357125216E-02,10.306089624969)
  );
#10882 = CARTESIAN_POINT('',(5.251,-4.058357125216E-02,10.27832669777));
#10883 = CARTESIAN_POINT('',(5.251,-1.80261846305E-02,10.254034086826));
#10884 = CARTESIAN_POINT('',(5.251,9.736808760193E-03,10.252298928699));
#10885 = ORIENTED_EDGE('',*,*,#10886,.T.);
#10886 = EDGE_CURVE('',#10878,#10887,#10889,.T.);
#10887 = VERTEX_POINT('',#10888);
#10888 = CARTESIAN_POINT('',(5.251,0.112112660722,10.252298928699));
#10889 = B_SPLINE_CURVE_WITH_KNOTS('',1,(#10890,#10891),.UNSPECIFIED.,
  .F.,.F.,(2,2),(5.377642775529E-17,0.102375851962),
  .PIECEWISE_BEZIER_KNOTS.);
#10890 = CARTESIAN_POINT('',(5.251,9.736808760193E-03,10.252298928699));
#10891 = CARTESIAN_POINT('',(5.251,0.112112660722,10.252298928699));
#10892 = ORIENTED_EDGE('',*,*,#10893,.T.);
#10893 = EDGE_CURVE('',#10887,#10894,#10896,.T.);
#10894 = VERTEX_POINT('',#10895);
#10895 = CARTESIAN_POINT('',(5.251,0.270014433271,10.330382235911));
#10896 = B_SPLINE_CURVE_WITH_KNOTS('',3,(#10897,#10898,#10899,#10900),
  .UNSPECIFIED.,.F.,.F.,(4,4),(33.,34.),.PIECEWISE_BEZIER_KNOTS.);
#10897 = CARTESIAN_POINT('',(5.251,0.112112660722,10.252298928699));
#10898 = CARTESIAN_POINT('',(5.251,0.172844121885,10.257504469275));
#10899 = CARTESIAN_POINT('',(5.251,0.228370042474,10.285267462666));
#10900 = CARTESIAN_POINT('',(5.251,0.270014433271,10.330382235911));
#10901 = ORIENTED_EDGE('',*,*,#10902,.T.);
#10902 = EDGE_CURVE('',#10894,#10623,#10903,.T.);
#10903 = B_SPLINE_CURVE_WITH_KNOTS('',3,(#10904,#10905,#10906,#10907),
  .UNSPECIFIED.,.F.,.F.,(4,4),(34.,35.),.PIECEWISE_BEZIER_KNOTS.);
#10904 = CARTESIAN_POINT('',(5.251,0.270014433271,10.330382235911));
#10905 = CARTESIAN_POINT('',(5.251,0.311658890261,10.375497009156));
#10906 = CARTESIAN_POINT('',(5.251,0.334216276883,10.434493312192));
#10907 = CARTESIAN_POINT('',(5.251,0.334216276883,10.495224773356));
#10908 = FACE_BOUND('',#10909,.T.);
#10909 = EDGE_LOOP('',(#10910,#10924));
#10910 = ORIENTED_EDGE('',*,*,#10911,.F.);
#10911 = EDGE_CURVE('',#10912,#10914,#10916,.T.);
#10912 = VERTEX_POINT('',#10913);
#10913 = CARTESIAN_POINT('',(5.251,-0.398031606438,10.241887715164));
#10914 = VERTEX_POINT('',#10915);
#10915 = CARTESIAN_POINT('',(5.251,-0.398031606438,10.377232167283));
#10916 = B_SPLINE_CURVE_WITH_KNOTS('',3,(#10917,#10918,#10919,#10920,
    #10921,#10922,#10923),.UNSPECIFIED.,.F.,.F.,(4,3,4),(0.,1.,2.),
  .PIECEWISE_BEZIER_KNOTS.);
#10917 = CARTESIAN_POINT('',(5.251,-0.398031606438,10.241887715164));
#10918 = CARTESIAN_POINT('',(5.251,-0.359857564993,10.241887715164));
#10919 = CARTESIAN_POINT('',(5.251,-0.330359413475,10.273121091002));
#10920 = CARTESIAN_POINT('',(5.251,-0.330359413475,10.309559941224));
#10921 = CARTESIAN_POINT('',(5.251,-0.330359413475,10.347734015765));
#10922 = CARTESIAN_POINT('',(5.251,-0.36159272312,10.377232167283));
#10923 = CARTESIAN_POINT('',(5.251,-0.398031606438,10.377232167283));
#10924 = ORIENTED_EDGE('',*,*,#10925,.F.);
#10925 = EDGE_CURVE('',#10914,#10912,#10926,.T.);
#10926 = B_SPLINE_CURVE_WITH_KNOTS('',3,(#10927,#10928,#10929,#10930,
    #10931,#10932),.UNSPECIFIED.,.F.,.F.,(4,2,4),(2.,3.,4.),
  .UNSPECIFIED.);
#10927 = CARTESIAN_POINT('',(5.251,-0.398031606438,10.377232167283));
#10928 = CARTESIAN_POINT('',(5.251,-0.434470489755,10.377232167283));
#10929 = CARTESIAN_POINT('',(5.251,-0.465703799402,10.347734015765));
#10930 = CARTESIAN_POINT('',(5.251,-0.465703799402,10.271385866682));
#10931 = CARTESIAN_POINT('',(5.251,-0.434470489755,10.241887715164));
#10932 = CARTESIAN_POINT('',(5.251,-0.398031606438,10.241887715164));
#10933 = B_SPLINE_SURFACE_WITH_KNOTS('',1,1,(
    (#10934,#10935)
    ,(#10936,#10937
    )),.UNSPECIFIED.,.F.,.F.,.F.,(2,2),(2,2),(-0.498431701576,
    0.313634613988),(-1.057595013247,4.94527513051E-02),
  .PIECEWISE_BEZIER_KNOTS.);
#10934 = CARTESIAN_POINT('',(5.251,-0.772831487669,10.137776771267));
#10935 = CARTESIAN_POINT('',(5.251,0.334216276883,10.137776771267));
#10936 = CARTESIAN_POINT('',(5.251,-0.772831487669,10.949843086831));
#10937 = CARTESIAN_POINT('',(5.251,0.334216276883,10.949843086831));
#10938 = ADVANCED_FACE('',(#10939,#11228),#11253,.T.);
#10939 = FACE_BOUND('',#10940,.T.);
#10940 = EDGE_LOOP('',(#10941,#10952,#10961,#10970,#10977,#10986,#10995,
    #11004,#11011,#11020,#11029,#11038,#11047,#11056,#11065,#11074,
    #11083,#11092,#11101,#11108,#11115,#11122,#11131,#11140,#11149,
    #11158,#11167,#11176,#11185,#11194,#11203,#11212,#11221));
#10941 = ORIENTED_EDGE('',*,*,#10942,.F.);
#10942 = EDGE_CURVE('',#10943,#10945,#10947,.T.);
#10943 = VERTEX_POINT('',#10944);
#10944 = CARTESIAN_POINT('',(5.25,0.334216276883,10.495224773356));
#10945 = VERTEX_POINT('',#10946);
#10946 = CARTESIAN_POINT('',(5.25,0.162433040734,10.722533896998));
#10947 = B_SPLINE_CURVE_WITH_KNOTS('',3,(#10948,#10949,#10950,#10951),
  .UNSPECIFIED.,.F.,.F.,(4,4),(35.,36.),.PIECEWISE_BEZIER_KNOTS.);
#10948 = CARTESIAN_POINT('',(5.25,0.334216276883,10.495224773356));
#10949 = CARTESIAN_POINT('',(5.25,0.332481118755,10.599335783445));
#10950 = CARTESIAN_POINT('',(5.25,0.261338510247,10.691300587351));
#10951 = CARTESIAN_POINT('',(5.25,0.162433040734,10.722533896998));
#10952 = ORIENTED_EDGE('',*,*,#10953,.F.);
#10953 = EDGE_CURVE('',#10954,#10943,#10956,.T.);
#10954 = VERTEX_POINT('',#10955);
#10955 = CARTESIAN_POINT('',(5.25,0.270014433271,10.330382235911));
#10956 = B_SPLINE_CURVE_WITH_KNOTS('',3,(#10957,#10958,#10959,#10960),
  .UNSPECIFIED.,.F.,.F.,(4,4),(34.,35.),.PIECEWISE_BEZIER_KNOTS.);
#10957 = CARTESIAN_POINT('',(5.25,0.270014433271,10.330382235911));
#10958 = CARTESIAN_POINT('',(5.25,0.311658890261,10.375497009156));
#10959 = CARTESIAN_POINT('',(5.25,0.334216276883,10.434493312192));
#10960 = CARTESIAN_POINT('',(5.25,0.334216276883,10.495224773356));
#10961 = ORIENTED_EDGE('',*,*,#10962,.F.);
#10962 = EDGE_CURVE('',#10963,#10954,#10965,.T.);
#10963 = VERTEX_POINT('',#10964);
#10964 = CARTESIAN_POINT('',(5.25,0.112112660722,10.252298928699));
#10965 = B_SPLINE_CURVE_WITH_KNOTS('',3,(#10966,#10967,#10968,#10969),
  .UNSPECIFIED.,.F.,.F.,(4,4),(33.,34.),.PIECEWISE_BEZIER_KNOTS.);
#10966 = CARTESIAN_POINT('',(5.25,0.112112660722,10.252298928699));
#10967 = CARTESIAN_POINT('',(5.25,0.172844121885,10.257504469275));
#10968 = CARTESIAN_POINT('',(5.25,0.228370042474,10.285267462666));
#10969 = CARTESIAN_POINT('',(5.25,0.270014433271,10.330382235911));
#10970 = ORIENTED_EDGE('',*,*,#10971,.F.);
#10971 = EDGE_CURVE('',#10972,#10963,#10974,.T.);
#10972 = VERTEX_POINT('',#10973);
#10973 = CARTESIAN_POINT('',(5.25,9.736808760193E-03,10.252298928699));
#10974 = B_SPLINE_CURVE_WITH_KNOTS('',1,(#10975,#10976),.UNSPECIFIED.,
  .F.,.F.,(2,2),(-9.717031138565E-02,5.205540576155E-03),
  .PIECEWISE_BEZIER_KNOTS.);
#10975 = CARTESIAN_POINT('',(5.25,9.736808760193E-03,10.252298928699));
#10976 = CARTESIAN_POINT('',(5.25,0.112112660722,10.252298928699));
#10977 = ORIENTED_EDGE('',*,*,#10978,.F.);
#10978 = EDGE_CURVE('',#10979,#10972,#10981,.T.);
#10979 = VERTEX_POINT('',#10980);
#10980 = CARTESIAN_POINT('',(5.25,-4.058357125216E-02,10.306089624969));
#10981 = B_SPLINE_CURVE_WITH_KNOTS('',3,(#10982,#10983,#10984,#10985),
  .UNSPECIFIED.,.F.,.F.,(4,4),(28.,29.),.PIECEWISE_BEZIER_KNOTS.);
#10982 = CARTESIAN_POINT('',(5.25,-4.058357125216E-02,10.306089624969));
#10983 = CARTESIAN_POINT('',(5.25,-4.058357125216E-02,10.27832669777));
#10984 = CARTESIAN_POINT('',(5.25,-1.80261846305E-02,10.254034086826));
#10985 = CARTESIAN_POINT('',(5.25,9.736808760193E-03,10.252298928699));
#10986 = ORIENTED_EDGE('',*,*,#10987,.F.);
#10987 = EDGE_CURVE('',#10988,#10979,#10990,.T.);
#10988 = VERTEX_POINT('',#10989);
#10989 = CARTESIAN_POINT('',(5.25,1.320712501599E-02,10.359880321237));
#10990 = B_SPLINE_CURVE_WITH_KNOTS('',3,(#10991,#10992,#10993,#10994),
  .UNSPECIFIED.,.F.,.F.,(4,4),(27.,28.),.PIECEWISE_BEZIER_KNOTS.);
#10991 = CARTESIAN_POINT('',(5.25,1.320712501599E-02,10.359880321237));
#10992 = CARTESIAN_POINT('',(5.25,-1.629102650219E-02,10.359880321237));
#10993 = CARTESIAN_POINT('',(5.25,-4.058357125216E-02,10.335587710295));
#10994 = CARTESIAN_POINT('',(5.25,-4.058357125216E-02,10.306089624969));
#10995 = ORIENTED_EDGE('',*,*,#10996,.F.);
#10996 = EDGE_CURVE('',#10997,#10988,#10999,.T.);
#10997 = VERTEX_POINT('',#10998);
#10998 = CARTESIAN_POINT('',(5.25,2.361820616747E-02,10.358145163109));
#10999 = B_SPLINE_CURVE_WITH_KNOTS('',3,(#11000,#11001,#11002,#11003),
  .UNSPECIFIED.,.F.,.F.,(4,4),(26.,27.),.PIECEWISE_BEZIER_KNOTS.);
#11000 = CARTESIAN_POINT('',(5.25,2.361820616747E-02,10.358145163109));
#11001 = CARTESIAN_POINT('',(5.25,2.014782371963E-02,10.358145163109));
#11002 = CARTESIAN_POINT('',(5.25,1.667744127179E-02,10.359880321237));
#11003 = CARTESIAN_POINT('',(5.25,1.320712501599E-02,10.359880321237));
#11004 = ORIENTED_EDGE('',*,*,#11005,.F.);
#11005 = EDGE_CURVE('',#11006,#10997,#11008,.T.);
#11006 = VERTEX_POINT('',#11007);
#11007 = CARTESIAN_POINT('',(5.25,0.101701513378,10.358145163109));
#11008 = B_SPLINE_CURVE_WITH_KNOTS('',1,(#11009,#11010),.UNSPECIFIED.,
  .F.,.F.,(2,2),(4.163336342344E-17,7.8083307211E-02),
  .PIECEWISE_BEZIER_KNOTS.);
#11009 = CARTESIAN_POINT('',(5.25,0.101701513378,10.358145163109));
#11010 = CARTESIAN_POINT('',(5.25,2.361820616747E-02,10.358145163109));
#11011 = ORIENTED_EDGE('',*,*,#11012,.F.);
#11012 = EDGE_CURVE('',#11013,#11006,#11015,.T.);
#11013 = VERTEX_POINT('',#11014);
#11014 = CARTESIAN_POINT('',(5.25,0.226634818154,10.493489549036));
#11015 = B_SPLINE_CURVE_WITH_KNOTS('',3,(#11016,#11017,#11018,#11019),
  .UNSPECIFIED.,.F.,.F.,(4,4),(24.,25.),.PIECEWISE_BEZIER_KNOTS.);
#11016 = CARTESIAN_POINT('',(5.25,0.226634818154,10.493489549036));
#11017 = CARTESIAN_POINT('',(5.25,0.226634818154,10.422346973624));
#11018 = CARTESIAN_POINT('',(5.25,0.172844121885,10.363350703686));
#11019 = CARTESIAN_POINT('',(5.25,0.101701513378,10.358145163109));
#11020 = ORIENTED_EDGE('',*,*,#11021,.F.);
#11021 = EDGE_CURVE('',#11022,#11013,#11024,.T.);
#11022 = VERTEX_POINT('',#11023);
#11023 = CARTESIAN_POINT('',(5.25,9.129043222699E-02,10.628833934963));
#11024 = B_SPLINE_CURVE_WITH_KNOTS('',3,(#11025,#11026,#11027,#11028),
  .UNSPECIFIED.,.F.,.F.,(4,4),(23.,24.),.PIECEWISE_BEZIER_KNOTS.);
#11025 = CARTESIAN_POINT('',(5.25,9.129043222699E-02,10.628833934963));
#11026 = CARTESIAN_POINT('',(5.25,0.16590335699,10.628833934963));
#11027 = CARTESIAN_POINT('',(5.25,0.226634818154,10.5681024738));
#11028 = CARTESIAN_POINT('',(5.25,0.226634818154,10.493489549036));
#11029 = ORIENTED_EDGE('',*,*,#11030,.F.);
#11030 = EDGE_CURVE('',#11031,#11022,#11033,.T.);
#11031 = VERTEX_POINT('',#11032);
#11032 = CARTESIAN_POINT('',(5.25,7.740896862767E-02,10.628833934963));
#11033 = B_SPLINE_CURVE_WITH_KNOTS('',3,(#11034,#11035,#11036,#11037),
  .UNSPECIFIED.,.F.,.F.,(4,4),(22.,23.),.PIECEWISE_BEZIER_KNOTS.);
#11034 = CARTESIAN_POINT('',(5.25,7.740896862767E-02,10.628833934963));
#11035 = CARTESIAN_POINT('',(5.25,8.261450920299E-02,10.628833934963));
#11036 = CARTESIAN_POINT('',(5.25,8.608489165084E-02,10.628833934963));
#11037 = CARTESIAN_POINT('',(5.25,9.129043222699E-02,10.628833934963));
#11038 = ORIENTED_EDGE('',*,*,#11039,.F.);
#11039 = EDGE_CURVE('',#11040,#11031,#11042,.T.);
#11040 = VERTEX_POINT('',#11041);
#11041 = CARTESIAN_POINT('',(5.25,-0.165516876029,10.845732010549));
#11042 = B_SPLINE_CURVE_WITH_KNOTS('',3,(#11043,#11044,#11045,#11046),
  .UNSPECIFIED.,.F.,.F.,(4,4),(21.,22.),.PIECEWISE_BEZIER_KNOTS.);
#11043 = CARTESIAN_POINT('',(5.25,-0.165516876029,10.845732010549));
#11044 = CARTESIAN_POINT('',(5.25,-4.058357125216E-02,10.845732010549));
#11045 = CARTESIAN_POINT('',(5.25,6.352750502834E-02,10.750296857291));
#11046 = CARTESIAN_POINT('',(5.25,7.740896862767E-02,10.628833934963));
#11047 = ORIENTED_EDGE('',*,*,#11048,.F.);
#11048 = EDGE_CURVE('',#11049,#11040,#11051,.T.);
#11049 = VERTEX_POINT('',#11050);
#11050 = CARTESIAN_POINT('',(5.25,-0.398031573342,10.679154381167));
#11051 = B_SPLINE_CURVE_WITH_KNOTS('',3,(#11052,#11053,#11054,#11055),
  .UNSPECIFIED.,.F.,.F.,(4,4),(20.,21.),.PIECEWISE_BEZIER_KNOTS.);
#11052 = CARTESIAN_POINT('',(5.25,-0.398031573342,10.679154381167));
#11053 = CARTESIAN_POINT('',(5.25,-0.365063105568,10.776324626362));
#11054 = CARTESIAN_POINT('',(5.25,-0.274833492886,10.845732010549));
#11055 = CARTESIAN_POINT('',(5.25,-0.165516876029,10.845732010549));
#11056 = ORIENTED_EDGE('',*,*,#11057,.F.);
#11057 = EDGE_CURVE('',#11058,#11049,#11060,.T.);
#11058 = VERTEX_POINT('',#11059);
#11059 = CARTESIAN_POINT('',(5.25,-0.489996344152,10.705182150238));
#11060 = B_SPLINE_CURVE_WITH_KNOTS('',3,(#11061,#11062,#11063,#11064),
  .UNSPECIFIED.,.F.,.F.,(4,4),(19.,20.),.PIECEWISE_BEZIER_KNOTS.);
#11061 = CARTESIAN_POINT('',(5.25,-0.489996344152,10.705182150238));
#11062 = CARTESIAN_POINT('',(5.25,-0.457027843281,10.705182150238));
#11063 = CARTESIAN_POINT('',(5.25,-0.424059342412,10.694771035992));
#11064 = CARTESIAN_POINT('',(5.25,-0.398031573342,10.679154381167));
#11065 = ORIENTED_EDGE('',*,*,#11066,.F.);
#11066 = EDGE_CURVE('',#11067,#11058,#11069,.T.);
#11067 = VERTEX_POINT('',#11068);
#11068 = CARTESIAN_POINT('',(5.25,-0.663514804621,10.53166368977));
#11069 = B_SPLINE_CURVE_WITH_KNOTS('',3,(#11070,#11071,#11072,#11073),
  .UNSPECIFIED.,.F.,.F.,(4,4),(18.,19.),.PIECEWISE_BEZIER_KNOTS.);
#11070 = CARTESIAN_POINT('',(5.25,-0.663514804621,10.53166368977));
#11071 = CARTESIAN_POINT('',(5.25,-0.663514804621,10.627098843028));
#11072 = CARTESIAN_POINT('',(5.25,-0.58543149741,10.705182150238));
#11073 = CARTESIAN_POINT('',(5.25,-0.489996344152,10.705182150238));
#11074 = ORIENTED_EDGE('',*,*,#11075,.F.);
#11075 = EDGE_CURVE('',#11076,#11067,#11078,.T.);
#11076 = VERTEX_POINT('',#11077);
#11077 = CARTESIAN_POINT('',(5.25,-0.559403728339,10.372026692901));
#11078 = B_SPLINE_CURVE_WITH_KNOTS('',3,(#11079,#11080,#11081,#11082),
  .UNSPECIFIED.,.F.,.F.,(4,4),(17.,18.),.PIECEWISE_BEZIER_KNOTS.);
#11079 = CARTESIAN_POINT('',(5.25,-0.559403728339,10.372026692901));
#11080 = CARTESIAN_POINT('',(5.25,-0.620135189503,10.399789653194));
#11081 = CARTESIAN_POINT('',(5.25,-0.663514804621,10.460521114358));
#11082 = CARTESIAN_POINT('',(5.25,-0.663514804621,10.53166368977));
#11083 = ORIENTED_EDGE('',*,*,#11084,.F.);
#11084 = EDGE_CURVE('',#11085,#11076,#11087,.T.);
#11085 = VERTEX_POINT('',#11086);
#11086 = CARTESIAN_POINT('',(5.25,-0.396296382118,10.486548883429));
#11087 = B_SPLINE_CURVE_WITH_KNOTS('',3,(#11088,#11089,#11090,#11091),
  .UNSPECIFIED.,.F.,.F.,(4,4),(16.,17.),.PIECEWISE_BEZIER_KNOTS.);
#11088 = CARTESIAN_POINT('',(5.25,-0.396296382118,10.486548883429));
#11089 = CARTESIAN_POINT('',(5.25,-0.470909339977,10.486548883429));
#11090 = CARTESIAN_POINT('',(5.25,-0.535111150493,10.437963727737));
#11091 = CARTESIAN_POINT('',(5.25,-0.559403728339,10.372026692901));
#11092 = ORIENTED_EDGE('',*,*,#11093,.F.);
#11093 = EDGE_CURVE('',#11094,#11085,#11096,.T.);
#11094 = VERTEX_POINT('',#11095);
#11095 = CARTESIAN_POINT('',(5.25,-0.266157536766,10.427552613489));
#11096 = B_SPLINE_CURVE_WITH_KNOTS('',3,(#11097,#11098,#11099,#11100),
  .UNSPECIFIED.,.F.,.F.,(4,4),(15.,16.),.PIECEWISE_BEZIER_KNOTS.);
#11097 = CARTESIAN_POINT('',(5.25,-0.266157536766,10.427552613489));
#11098 = CARTESIAN_POINT('',(5.25,-0.297390846412,10.463991496806));
#11099 = CARTESIAN_POINT('',(5.25,-0.344240843977,10.486548883429));
#11100 = CARTESIAN_POINT('',(5.25,-0.396296382118,10.486548883429));
#11101 = ORIENTED_EDGE('',*,*,#11102,.F.);
#11102 = EDGE_CURVE('',#11103,#11094,#11105,.T.);
#11103 = VERTEX_POINT('',#11104);
#11104 = CARTESIAN_POINT('',(5.25,-3.364280635731E-02,10.549015535816));
#11105 = B_SPLINE_CURVE_WITH_KNOTS('',1,(#11106,#11107),.UNSPECIFIED.,
  .F.,.F.,(2,2),(0.,0.262328689543),.PIECEWISE_BEZIER_KNOTS.);
#11106 = CARTESIAN_POINT('',(5.25,-3.364280635731E-02,10.549015535816));
#11107 = CARTESIAN_POINT('',(5.25,-0.266157536766,10.427552613489));
#11108 = ORIENTED_EDGE('',*,*,#11109,.F.);
#11109 = EDGE_CURVE('',#11110,#11103,#11112,.T.);
#11110 = VERTEX_POINT('',#11111);
#11111 = CARTESIAN_POINT('',(5.25,2.014788991167E-02,10.457050731911));
#11112 = B_SPLINE_CURVE_WITH_KNOTS('',1,(#11113,#11114),.UNSPECIFIED.,
  .F.,.F.,(2,2),(0.,0.106540903706),.PIECEWISE_BEZIER_KNOTS.);
#11113 = CARTESIAN_POINT('',(5.25,2.014788991167E-02,10.457050731911));
#11114 = CARTESIAN_POINT('',(5.25,-3.364280635731E-02,10.549015535816));
#11115 = ORIENTED_EDGE('',*,*,#11116,.F.);
#11116 = EDGE_CURVE('',#11117,#11110,#11119,.T.);
#11117 = VERTEX_POINT('',#11118);
#11118 = CARTESIAN_POINT('',(5.25,-0.222777954745,10.328647077783));
#11119 = B_SPLINE_CURVE_WITH_KNOTS('',1,(#11120,#11121),.UNSPECIFIED.,
  .F.,.F.,(2,2),(-2.4538564243E-17,0.274773478333),
  .PIECEWISE_BEZIER_KNOTS.);
#11120 = CARTESIAN_POINT('',(5.25,-0.222777954745,10.328647077783));
#11121 = CARTESIAN_POINT('',(5.25,2.014788991167E-02,10.457050731911));
#11122 = ORIENTED_EDGE('',*,*,#11123,.F.);
#11123 = EDGE_CURVE('',#11124,#11117,#11126,.T.);
#11124 = VERTEX_POINT('',#11125);
#11125 = CARTESIAN_POINT('',(5.25,-0.222777954745,10.311295231735));
#11126 = B_SPLINE_CURVE_WITH_KNOTS('',3,(#11127,#11128,#11129,#11130),
  .UNSPECIFIED.,.F.,.F.,(4,4),(11.,12.),.PIECEWISE_BEZIER_KNOTS.);
#11127 = CARTESIAN_POINT('',(5.25,-0.222777954745,10.311295231735));
#11128 = CARTESIAN_POINT('',(5.25,-0.222777954745,10.316500772312));
#11129 = CARTESIAN_POINT('',(5.25,-0.222777954745,10.321706312888));
#11130 = CARTESIAN_POINT('',(5.25,-0.222777954745,10.328647077783));
#11131 = ORIENTED_EDGE('',*,*,#11132,.F.);
#11132 = EDGE_CURVE('',#11133,#11124,#11135,.T.);
#11133 = VERTEX_POINT('',#11134);
#11134 = CARTESIAN_POINT('',(5.25,-0.396296415214,10.137776771267));
#11135 = B_SPLINE_CURVE_WITH_KNOTS('',3,(#11136,#11137,#11138,#11139),
  .UNSPECIFIED.,.F.,.F.,(4,4),(10.,11.),.PIECEWISE_BEZIER_KNOTS.);
#11136 = CARTESIAN_POINT('',(5.25,-0.396296415214,10.137776771267));
#11137 = CARTESIAN_POINT('',(5.25,-0.300861261956,10.137776771267));
#11138 = CARTESIAN_POINT('',(5.25,-0.222777954745,10.215860078477));
#11139 = CARTESIAN_POINT('',(5.25,-0.222777954745,10.311295231735));
#11140 = ORIENTED_EDGE('',*,*,#11141,.F.);
#11141 = EDGE_CURVE('',#11142,#11133,#11144,.T.);
#11142 = VERTEX_POINT('',#11143);
#11143 = CARTESIAN_POINT('',(5.25,-0.561138969208,10.255769311148));
#11144 = B_SPLINE_CURVE_WITH_KNOTS('',3,(#11145,#11146,#11147,#11148),
  .UNSPECIFIED.,.F.,.F.,(4,4),(9.,10.),.PIECEWISE_BEZIER_KNOTS.);
#11145 = CARTESIAN_POINT('',(5.25,-0.561138969208,10.255769311148));
#11146 = CARTESIAN_POINT('',(5.25,-0.538581566037,10.186361926959));
#11147 = CARTESIAN_POINT('',(5.25,-0.472644564297,10.137776771267));
#11148 = CARTESIAN_POINT('',(5.25,-0.396296415214,10.137776771267));
#11149 = ORIENTED_EDGE('',*,*,#11150,.F.);
#11150 = EDGE_CURVE('',#11151,#11142,#11153,.T.);
#11151 = VERTEX_POINT('',#11152);
#11152 = CARTESIAN_POINT('',(5.25,-0.699953737582,10.339058158934));
#11153 = B_SPLINE_CURVE_WITH_KNOTS('',3,(#11154,#11155,#11156,#11157),
  .UNSPECIFIED.,.F.,.F.,(4,4),(8.,9.),.PIECEWISE_BEZIER_KNOTS.);
#11154 = CARTESIAN_POINT('',(5.25,-0.699953737582,10.339058158934));
#11155 = CARTESIAN_POINT('',(5.25,-0.661779679589,10.297413701944));
#11156 = CARTESIAN_POINT('',(5.25,-0.614929682024,10.269650774747));
#11157 = CARTESIAN_POINT('',(5.25,-0.561138969208,10.255769311148));
#11158 = ORIENTED_EDGE('',*,*,#11159,.F.);
#11159 = EDGE_CURVE('',#11160,#11151,#11162,.T.);
#11160 = VERTEX_POINT('',#11161);
#11161 = CARTESIAN_POINT('',(5.25,-0.772831487669,10.528193241131));
#11162 = B_SPLINE_CURVE_WITH_KNOTS('',3,(#11163,#11164,#11165,#11166),
  .UNSPECIFIED.,.F.,.F.,(4,4),(7.,8.),.PIECEWISE_BEZIER_KNOTS.);
#11163 = CARTESIAN_POINT('',(5.25,-0.772831487669,10.528193241131));
#11164 = CARTESIAN_POINT('',(5.25,-0.772831487669,10.458785856942));
#11165 = CARTESIAN_POINT('',(5.25,-0.7468037186,10.391113630883));
#11166 = CARTESIAN_POINT('',(5.25,-0.699953737582,10.339058158934));
#11167 = ORIENTED_EDGE('',*,*,#11168,.F.);
#11168 = EDGE_CURVE('',#11169,#11160,#11171,.T.);
#11169 = VERTEX_POINT('',#11170);
#11170 = CARTESIAN_POINT('',(5.25,-0.691277764915,10.726004262897));
#11171 = B_SPLINE_CURVE_WITH_KNOTS('',3,(#11172,#11173,#11174,#11175),
  .UNSPECIFIED.,.F.,.F.,(4,4),(6.,7.),.PIECEWISE_BEZIER_KNOTS.);
#11172 = CARTESIAN_POINT('',(5.25,-0.691277764915,10.726004262897));
#11173 = CARTESIAN_POINT('',(5.25,-0.743333348563,10.673948741304));
#11174 = CARTESIAN_POINT('',(5.25,-0.772831487669,10.602806165892));
#11175 = CARTESIAN_POINT('',(5.25,-0.772831487669,10.528193241131));
#11176 = ORIENTED_EDGE('',*,*,#11177,.F.);
#11177 = EDGE_CURVE('',#11178,#11169,#11180,.T.);
#11178 = VERTEX_POINT('',#11179);
#11179 = CARTESIAN_POINT('',(5.25,-0.491731535376,10.809293127231));
#11180 = B_SPLINE_CURVE_WITH_KNOTS('',3,(#11181,#11182,#11183,#11184),
  .UNSPECIFIED.,.F.,.F.,(4,4),(5.,6.),.PIECEWISE_BEZIER_KNOTS.);
#11181 = CARTESIAN_POINT('',(5.25,-0.491731535376,10.809293127231));
#11182 = CARTESIAN_POINT('',(5.25,-0.566344476687,10.809293127231));
#11183 = CARTESIAN_POINT('',(5.25,-0.63748703555,10.779794992263));
#11184 = CARTESIAN_POINT('',(5.25,-0.691277764915,10.726004262897));
#11185 = ORIENTED_EDGE('',*,*,#11186,.F.);
#11186 = EDGE_CURVE('',#11187,#11178,#11189,.T.);
#11187 = VERTEX_POINT('',#11188);
#11188 = CARTESIAN_POINT('',(5.25,-0.451822302706,10.805822761332));
#11189 = B_SPLINE_CURVE_WITH_KNOTS('',3,(#11190,#11191,#11192,#11193),
  .UNSPECIFIED.,.F.,.F.,(4,4),(4.,5.),.PIECEWISE_BEZIER_KNOTS.);
#11190 = CARTESIAN_POINT('',(5.25,-0.451822302706,10.805822761332));
#11191 = CARTESIAN_POINT('',(5.25,-0.465703766305,10.807557952556));
#11192 = CARTESIAN_POINT('',(5.25,-0.477850071777,10.809293127231));
#11193 = CARTESIAN_POINT('',(5.25,-0.491731535376,10.809293127231));
#11194 = ORIENTED_EDGE('',*,*,#11195,.F.);
#11195 = EDGE_CURVE('',#11196,#11187,#11198,.T.);
#11196 = VERTEX_POINT('',#11197);
#11197 = CARTESIAN_POINT('',(5.25,-0.37547418672,10.882170885592));
#11198 = B_SPLINE_CURVE_WITH_KNOTS('',3,(#11199,#11200,#11201,#11202),
  .UNSPECIFIED.,.F.,.F.,(4,4),(3.,4.),.PIECEWISE_BEZIER_KNOTS.);
#11199 = CARTESIAN_POINT('',(5.25,-0.37547418672,10.882170885592));
#11200 = CARTESIAN_POINT('',(5.25,-0.404972338238,10.861348665372));
#11201 = CARTESIAN_POINT('',(5.25,-0.429264916084,10.835320896303));
#11202 = CARTESIAN_POINT('',(5.25,-0.451822302706,10.805822761332));
#11203 = ORIENTED_EDGE('',*,*,#11204,.F.);
#11204 = EDGE_CURVE('',#11205,#11196,#11207,.T.);
#11205 = VERTEX_POINT('',#11206);
#11206 = CARTESIAN_POINT('',(5.25,-0.167252034157,10.949843086831));
#11207 = B_SPLINE_CURVE_WITH_KNOTS('',3,(#11208,#11209,#11210,#11211),
  .UNSPECIFIED.,.F.,.F.,(4,4),(2.,3.),.PIECEWISE_BEZIER_KNOTS.);
#11208 = CARTESIAN_POINT('',(5.25,-0.167252034157,10.949843086831));
#11209 = CARTESIAN_POINT('',(5.25,-0.243600150143,10.949843086831));
#11210 = CARTESIAN_POINT('',(5.25,-0.314742725555,10.925550502779));
#11211 = CARTESIAN_POINT('',(5.25,-0.37547418672,10.882170885592));
#11212 = ORIENTED_EDGE('',*,*,#11213,.F.);
#11213 = EDGE_CURVE('',#11214,#11205,#11216,.T.);
#11214 = VERTEX_POINT('',#11215);
#11215 = CARTESIAN_POINT('',(5.25,6.87330456045E-02,10.859613482422));
#11216 = B_SPLINE_CURVE_WITH_KNOTS('',3,(#11217,#11218,#11219,#11220),
  .UNSPECIFIED.,.F.,.F.,(4,4),(1.,2.),.PIECEWISE_BEZIER_KNOTS.);
#11217 = CARTESIAN_POINT('',(5.25,6.87330456045E-02,10.859613482422));
#11218 = CARTESIAN_POINT('',(5.25,2.796043864505E-03,10.916874579756));
#11219 = CARTESIAN_POINT('',(5.25,-8.049280392266E-02,10.949843086831));
#11220 = CARTESIAN_POINT('',(5.25,-0.167252034157,10.949843086831));
#11221 = ORIENTED_EDGE('',*,*,#11222,.F.);
#11222 = EDGE_CURVE('',#10945,#11214,#11223,.T.);
#11223 = B_SPLINE_CURVE_WITH_KNOTS('',3,(#11224,#11225,#11226,#11227),
  .UNSPECIFIED.,.F.,.F.,(4,4),(0.,1.),.PIECEWISE_BEZIER_KNOTS.);
#11224 = CARTESIAN_POINT('',(5.25,0.162433040734,10.722533896998));
#11225 = CARTESIAN_POINT('',(5.25,0.14334603656,10.774589435137));
#11226 = CARTESIAN_POINT('',(5.25,0.110377502594,10.821439416155));
#11227 = CARTESIAN_POINT('',(5.25,6.87330456045E-02,10.859613482422));
#11228 = FACE_BOUND('',#11229,.T.);
#11229 = EDGE_LOOP('',(#11230,#11243));
#11230 = ORIENTED_EDGE('',*,*,#11231,.T.);
#11231 = EDGE_CURVE('',#11232,#11234,#11236,.T.);
#11232 = VERTEX_POINT('',#11233);
#11233 = CARTESIAN_POINT('',(5.25,-0.398031606438,10.377232167283));
#11234 = VERTEX_POINT('',#11235);
#11235 = CARTESIAN_POINT('',(5.25,-0.398031606438,10.241887715164));
#11236 = B_SPLINE_CURVE_WITH_KNOTS('',3,(#11237,#11238,#11239,#11240,
    #11241,#11242),.UNSPECIFIED.,.F.,.F.,(4,2,4),(2.,3.,4.),
  .UNSPECIFIED.);
#11237 = CARTESIAN_POINT('',(5.25,-0.398031606438,10.377232167283));
#11238 = CARTESIAN_POINT('',(5.25,-0.434470489755,10.377232167283));
#11239 = CARTESIAN_POINT('',(5.25,-0.465703799402,10.347734015765));
#11240 = CARTESIAN_POINT('',(5.25,-0.465703799402,10.271385866682));
#11241 = CARTESIAN_POINT('',(5.25,-0.434470489755,10.241887715164));
#11242 = CARTESIAN_POINT('',(5.25,-0.398031606438,10.241887715164));
#11243 = ORIENTED_EDGE('',*,*,#11244,.T.);
#11244 = EDGE_CURVE('',#11234,#11232,#11245,.T.);
#11245 = B_SPLINE_CURVE_WITH_KNOTS('',3,(#11246,#11247,#11248,#11249,
    #11250,#11251,#11252),.UNSPECIFIED.,.F.,.F.,(4,3,4),(0.,1.,2.),
  .PIECEWISE_BEZIER_KNOTS.);
#11246 = CARTESIAN_POINT('',(5.25,-0.398031606438,10.241887715164));
#11247 = CARTESIAN_POINT('',(5.25,-0.359857564993,10.241887715164));
#11248 = CARTESIAN_POINT('',(5.25,-0.330359413475,10.273121091002));
#11249 = CARTESIAN_POINT('',(5.25,-0.330359413475,10.309559941224));
#11250 = CARTESIAN_POINT('',(5.25,-0.330359413475,10.347734015765));
#11251 = CARTESIAN_POINT('',(5.25,-0.36159272312,10.377232167283));
#11252 = CARTESIAN_POINT('',(5.25,-0.398031606438,10.377232167283));
#11253 = B_SPLINE_SURFACE_WITH_KNOTS('',1,1,(
    (#11254,#11255)
    ,(#11256,#11257
    )),.UNSPECIFIED.,.F.,.F.,.F.,(2,2),(2,2),(-0.498431701576,
    0.313634613988),(-1.057595013247,4.94527513051E-02),
  .PIECEWISE_BEZIER_KNOTS.);
#11254 = CARTESIAN_POINT('',(5.25,-0.772831487669,10.137776771267));
#11255 = CARTESIAN_POINT('',(5.25,0.334216276883,10.137776771267));
#11256 = CARTESIAN_POINT('',(5.25,-0.772831487669,10.949843086831));
#11257 = CARTESIAN_POINT('',(5.25,0.334216276883,10.949843086831));
#11258 = ADVANCED_FACE('',(#11259),#11273,.F.);
#11259 = FACE_BOUND('',#11260,.F.);
#11260 = EDGE_LOOP('',(#11261,#11266,#11267,#11272));
#11261 = ORIENTED_EDGE('',*,*,#11262,.F.);
#11262 = EDGE_CURVE('',#10623,#10943,#11263,.T.);
#11263 = B_SPLINE_CURVE_WITH_KNOTS('',1,(#11264,#11265),.UNSPECIFIED.,
  .F.,.F.,(2,2),(-0.,1.E-03),.PIECEWISE_BEZIER_KNOTS.);
#11264 = CARTESIAN_POINT('',(5.251,0.334216276883,10.495224773356));
#11265 = CARTESIAN_POINT('',(5.25,0.334216276883,10.495224773356));
#11266 = ORIENTED_EDGE('',*,*,#10622,.T.);
#11267 = ORIENTED_EDGE('',*,*,#11268,.T.);
#11268 = EDGE_CURVE('',#10625,#10945,#11269,.T.);
#11269 = B_SPLINE_CURVE_WITH_KNOTS('',1,(#11270,#11271),.UNSPECIFIED.,
  .F.,.F.,(2,2),(-0.,1.E-03),.PIECEWISE_BEZIER_KNOTS.);
#11270 = CARTESIAN_POINT('',(5.251,0.162433040734,10.722533896998));
#11271 = CARTESIAN_POINT('',(5.25,0.162433040734,10.722533896998));
#11272 = ORIENTED_EDGE('',*,*,#10942,.F.);
#11273 = B_SPLINE_SURFACE_WITH_KNOTS('',3,1,(
    (#11274,#11275)
    ,(#11276,#11277)
    ,(#11278,#11279)
    ,(#11280,#11281
    )),.UNSPECIFIED.,.F.,.F.,.F.,(4,4),(2,2),(35.,36.),(0.,1.),
  .PIECEWISE_BEZIER_KNOTS.);
#11274 = CARTESIAN_POINT('',(5.251,0.334216276883,10.495224773356));
#11275 = CARTESIAN_POINT('',(5.25,0.334216276883,10.495224773356));
#11276 = CARTESIAN_POINT('',(5.251,0.332481118755,10.599335783445));
#11277 = CARTESIAN_POINT('',(5.25,0.332481118755,10.599335783445));
#11278 = CARTESIAN_POINT('',(5.251,0.261338510247,10.691300587351));
#11279 = CARTESIAN_POINT('',(5.25,0.261338510247,10.691300587351));
#11280 = CARTESIAN_POINT('',(5.251,0.162433040734,10.722533896998));
#11281 = CARTESIAN_POINT('',(5.25,0.162433040734,10.722533896998));
#11282 = ADVANCED_FACE('',(#11283),#11293,.F.);
#11283 = FACE_BOUND('',#11284,.F.);
#11284 = EDGE_LOOP('',(#11285,#11286,#11287,#11292));
#11285 = ORIENTED_EDGE('',*,*,#11268,.F.);
#11286 = ORIENTED_EDGE('',*,*,#10633,.T.);
#11287 = ORIENTED_EDGE('',*,*,#11288,.T.);
#11288 = EDGE_CURVE('',#10634,#11214,#11289,.T.);
#11289 = B_SPLINE_CURVE_WITH_KNOTS('',1,(#11290,#11291),.UNSPECIFIED.,
  .F.,.F.,(2,2),(-0.,1.E-03),.PIECEWISE_BEZIER_KNOTS.);
#11290 = CARTESIAN_POINT('',(5.251,6.87330456045E-02,10.859613482422));
#11291 = CARTESIAN_POINT('',(5.25,6.87330456045E-02,10.859613482422));
#11292 = ORIENTED_EDGE('',*,*,#11222,.F.);
#11293 = B_SPLINE_SURFACE_WITH_KNOTS('',3,1,(
    (#11294,#11295)
    ,(#11296,#11297)
    ,(#11298,#11299)
    ,(#11300,#11301
    )),.UNSPECIFIED.,.F.,.F.,.F.,(4,4),(2,2),(0.,1.),(0.,1.),
  .PIECEWISE_BEZIER_KNOTS.);
#11294 = CARTESIAN_POINT('',(5.251,0.162433040734,10.722533896998));
#11295 = CARTESIAN_POINT('',(5.25,0.162433040734,10.722533896998));
#11296 = CARTESIAN_POINT('',(5.251,0.14334603656,10.774589435137));
#11297 = CARTESIAN_POINT('',(5.25,0.14334603656,10.774589435137));
#11298 = CARTESIAN_POINT('',(5.251,0.110377502594,10.821439416155));
#11299 = CARTESIAN_POINT('',(5.25,0.110377502594,10.821439416155));
#11300 = CARTESIAN_POINT('',(5.251,6.87330456045E-02,10.859613482422));
#11301 = CARTESIAN_POINT('',(5.25,6.87330456045E-02,10.859613482422));
#11302 = ADVANCED_FACE('',(#11303),#11313,.F.);
#11303 = FACE_BOUND('',#11304,.F.);
#11304 = EDGE_LOOP('',(#11305,#11306,#11307,#11312));
#11305 = ORIENTED_EDGE('',*,*,#11288,.F.);
#11306 = ORIENTED_EDGE('',*,*,#10642,.T.);
#11307 = ORIENTED_EDGE('',*,*,#11308,.T.);
#11308 = EDGE_CURVE('',#10643,#11205,#11309,.T.);
#11309 = B_SPLINE_CURVE_WITH_KNOTS('',1,(#11310,#11311),.UNSPECIFIED.,
  .F.,.F.,(2,2),(-0.,1.E-03),.PIECEWISE_BEZIER_KNOTS.);
#11310 = CARTESIAN_POINT('',(5.251,-0.167252034157,10.949843086831));
#11311 = CARTESIAN_POINT('',(5.25,-0.167252034157,10.949843086831));
#11312 = ORIENTED_EDGE('',*,*,#11213,.F.);
#11313 = B_SPLINE_SURFACE_WITH_KNOTS('',3,1,(
    (#11314,#11315)
    ,(#11316,#11317)
    ,(#11318,#11319)
    ,(#11320,#11321
    )),.UNSPECIFIED.,.F.,.F.,.F.,(4,4),(2,2),(1.,2.),(0.,1.),
  .PIECEWISE_BEZIER_KNOTS.);
#11314 = CARTESIAN_POINT('',(5.251,6.87330456045E-02,10.859613482422));
#11315 = CARTESIAN_POINT('',(5.25,6.87330456045E-02,10.859613482422));
#11316 = CARTESIAN_POINT('',(5.251,2.796043864505E-03,10.916874579756));
#11317 = CARTESIAN_POINT('',(5.25,2.796043864505E-03,10.916874579756));
#11318 = CARTESIAN_POINT('',(5.251,-8.049280392266E-02,10.949843086831)
  );
#11319 = CARTESIAN_POINT('',(5.25,-8.049280392266E-02,10.949843086831));
#11320 = CARTESIAN_POINT('',(5.251,-0.167252034157,10.949843086831));
#11321 = CARTESIAN_POINT('',(5.25,-0.167252034157,10.949843086831));
#11322 = ADVANCED_FACE('',(#11323),#11333,.F.);
#11323 = FACE_BOUND('',#11324,.F.);
#11324 = EDGE_LOOP('',(#11325,#11326,#11327,#11332));
#11325 = ORIENTED_EDGE('',*,*,#11308,.F.);
#11326 = ORIENTED_EDGE('',*,*,#10651,.T.);
#11327 = ORIENTED_EDGE('',*,*,#11328,.T.);
#11328 = EDGE_CURVE('',#10652,#11196,#11329,.T.);
#11329 = B_SPLINE_CURVE_WITH_KNOTS('',1,(#11330,#11331),.UNSPECIFIED.,
  .F.,.F.,(2,2),(-0.,1.E-03),.PIECEWISE_BEZIER_KNOTS.);
#11330 = CARTESIAN_POINT('',(5.251,-0.37547418672,10.882170885592));
#11331 = CARTESIAN_POINT('',(5.25,-0.37547418672,10.882170885592));
#11332 = ORIENTED_EDGE('',*,*,#11204,.F.);
#11333 = B_SPLINE_SURFACE_WITH_KNOTS('',3,1,(
    (#11334,#11335)
    ,(#11336,#11337)
    ,(#11338,#11339)
    ,(#11340,#11341
    )),.UNSPECIFIED.,.F.,.F.,.F.,(4,4),(2,2),(2.,3.),(0.,1.),
  .PIECEWISE_BEZIER_KNOTS.);
#11334 = CARTESIAN_POINT('',(5.251,-0.167252034157,10.949843086831));
#11335 = CARTESIAN_POINT('',(5.25,-0.167252034157,10.949843086831));
#11336 = CARTESIAN_POINT('',(5.251,-0.243600150143,10.949843086831));
#11337 = CARTESIAN_POINT('',(5.25,-0.243600150143,10.949843086831));
#11338 = CARTESIAN_POINT('',(5.251,-0.314742725555,10.925550502779));
#11339 = CARTESIAN_POINT('',(5.25,-0.314742725555,10.925550502779));
#11340 = CARTESIAN_POINT('',(5.251,-0.37547418672,10.882170885592));
#11341 = CARTESIAN_POINT('',(5.25,-0.37547418672,10.882170885592));
#11342 = ADVANCED_FACE('',(#11343),#11353,.F.);
#11343 = FACE_BOUND('',#11344,.F.);
#11344 = EDGE_LOOP('',(#11345,#11346,#11347,#11352));
#11345 = ORIENTED_EDGE('',*,*,#11328,.F.);
#11346 = ORIENTED_EDGE('',*,*,#10660,.T.);
#11347 = ORIENTED_EDGE('',*,*,#11348,.T.);
#11348 = EDGE_CURVE('',#10661,#11187,#11349,.T.);
#11349 = B_SPLINE_CURVE_WITH_KNOTS('',1,(#11350,#11351),.UNSPECIFIED.,
  .F.,.F.,(2,2),(-0.,1.E-03),.PIECEWISE_BEZIER_KNOTS.);
#11350 = CARTESIAN_POINT('',(5.251,-0.451822302706,10.805822761332));
#11351 = CARTESIAN_POINT('',(5.25,-0.451822302706,10.805822761332));
#11352 = ORIENTED_EDGE('',*,*,#11195,.F.);
#11353 = B_SPLINE_SURFACE_WITH_KNOTS('',3,1,(
    (#11354,#11355)
    ,(#11356,#11357)
    ,(#11358,#11359)
    ,(#11360,#11361
    )),.UNSPECIFIED.,.F.,.F.,.F.,(4,4),(2,2),(3.,4.),(0.,1.),
  .PIECEWISE_BEZIER_KNOTS.);
#11354 = CARTESIAN_POINT('',(5.251,-0.37547418672,10.882170885592));
#11355 = CARTESIAN_POINT('',(5.25,-0.37547418672,10.882170885592));
#11356 = CARTESIAN_POINT('',(5.251,-0.404972338238,10.861348665372));
#11357 = CARTESIAN_POINT('',(5.25,-0.404972338238,10.861348665372));
#11358 = CARTESIAN_POINT('',(5.251,-0.429264916084,10.835320896303));
#11359 = CARTESIAN_POINT('',(5.25,-0.429264916084,10.835320896303));
#11360 = CARTESIAN_POINT('',(5.251,-0.451822302706,10.805822761332));
#11361 = CARTESIAN_POINT('',(5.25,-0.451822302706,10.805822761332));
#11362 = ADVANCED_FACE('',(#11363),#11373,.F.);
#11363 = FACE_BOUND('',#11364,.F.);
#11364 = EDGE_LOOP('',(#11365,#11366,#11367,#11372));
#11365 = ORIENTED_EDGE('',*,*,#11348,.F.);
#11366 = ORIENTED_EDGE('',*,*,#10669,.T.);
#11367 = ORIENTED_EDGE('',*,*,#11368,.T.);
#11368 = EDGE_CURVE('',#10670,#11178,#11369,.T.);
#11369 = B_SPLINE_CURVE_WITH_KNOTS('',1,(#11370,#11371),.UNSPECIFIED.,
  .F.,.F.,(2,2),(-0.,1.E-03),.PIECEWISE_BEZIER_KNOTS.);
#11370 = CARTESIAN_POINT('',(5.251,-0.491731535376,10.809293127231));
#11371 = CARTESIAN_POINT('',(5.25,-0.491731535376,10.809293127231));
#11372 = ORIENTED_EDGE('',*,*,#11186,.F.);
#11373 = B_SPLINE_SURFACE_WITH_KNOTS('',3,1,(
    (#11374,#11375)
    ,(#11376,#11377)
    ,(#11378,#11379)
    ,(#11380,#11381
    )),.UNSPECIFIED.,.F.,.F.,.F.,(4,4),(2,2),(4.,5.),(0.,1.),
  .PIECEWISE_BEZIER_KNOTS.);
#11374 = CARTESIAN_POINT('',(5.251,-0.451822302706,10.805822761332));
#11375 = CARTESIAN_POINT('',(5.25,-0.451822302706,10.805822761332));
#11376 = CARTESIAN_POINT('',(5.251,-0.465703766305,10.807557952556));
#11377 = CARTESIAN_POINT('',(5.25,-0.465703766305,10.807557952556));
#11378 = CARTESIAN_POINT('',(5.251,-0.477850071777,10.809293127231));
#11379 = CARTESIAN_POINT('',(5.25,-0.477850071777,10.809293127231));
#11380 = CARTESIAN_POINT('',(5.251,-0.491731535376,10.809293127231));
#11381 = CARTESIAN_POINT('',(5.25,-0.491731535376,10.809293127231));
#11382 = ADVANCED_FACE('',(#11383),#11393,.F.);
#11383 = FACE_BOUND('',#11384,.F.);
#11384 = EDGE_LOOP('',(#11385,#11386,#11387,#11392));
#11385 = ORIENTED_EDGE('',*,*,#11368,.F.);
#11386 = ORIENTED_EDGE('',*,*,#10678,.T.);
#11387 = ORIENTED_EDGE('',*,*,#11388,.T.);
#11388 = EDGE_CURVE('',#10679,#11169,#11389,.T.);
#11389 = B_SPLINE_CURVE_WITH_KNOTS('',1,(#11390,#11391),.UNSPECIFIED.,
  .F.,.F.,(2,2),(-0.,1.E-03),.PIECEWISE_BEZIER_KNOTS.);
#11390 = CARTESIAN_POINT('',(5.251,-0.691277764915,10.726004262897));
#11391 = CARTESIAN_POINT('',(5.25,-0.691277764915,10.726004262897));
#11392 = ORIENTED_EDGE('',*,*,#11177,.F.);
#11393 = B_SPLINE_SURFACE_WITH_KNOTS('',3,1,(
    (#11394,#11395)
    ,(#11396,#11397)
    ,(#11398,#11399)
    ,(#11400,#11401
    )),.UNSPECIFIED.,.F.,.F.,.F.,(4,4),(2,2),(5.,6.),(0.,1.),
  .PIECEWISE_BEZIER_KNOTS.);
#11394 = CARTESIAN_POINT('',(5.251,-0.491731535376,10.809293127231));
#11395 = CARTESIAN_POINT('',(5.25,-0.491731535376,10.809293127231));
#11396 = CARTESIAN_POINT('',(5.251,-0.566344476687,10.809293127231));
#11397 = CARTESIAN_POINT('',(5.25,-0.566344476687,10.809293127231));
#11398 = CARTESIAN_POINT('',(5.251,-0.63748703555,10.779794992263));
#11399 = CARTESIAN_POINT('',(5.25,-0.63748703555,10.779794992263));
#11400 = CARTESIAN_POINT('',(5.251,-0.691277764915,10.726004262897));
#11401 = CARTESIAN_POINT('',(5.25,-0.691277764915,10.726004262897));
#11402 = ADVANCED_FACE('',(#11403),#11413,.F.);
#11403 = FACE_BOUND('',#11404,.F.);
#11404 = EDGE_LOOP('',(#11405,#11406,#11407,#11412));
#11405 = ORIENTED_EDGE('',*,*,#11388,.F.);
#11406 = ORIENTED_EDGE('',*,*,#10687,.T.);
#11407 = ORIENTED_EDGE('',*,*,#11408,.T.);
#11408 = EDGE_CURVE('',#10688,#11160,#11409,.T.);
#11409 = B_SPLINE_CURVE_WITH_KNOTS('',1,(#11410,#11411),.UNSPECIFIED.,
  .F.,.F.,(2,2),(-0.,1.E-03),.PIECEWISE_BEZIER_KNOTS.);
#11410 = CARTESIAN_POINT('',(5.251,-0.772831487669,10.528193241131));
#11411 = CARTESIAN_POINT('',(5.25,-0.772831487669,10.528193241131));
#11412 = ORIENTED_EDGE('',*,*,#11168,.F.);
#11413 = B_SPLINE_SURFACE_WITH_KNOTS('',3,1,(
    (#11414,#11415)
    ,(#11416,#11417)
    ,(#11418,#11419)
    ,(#11420,#11421
    )),.UNSPECIFIED.,.F.,.F.,.F.,(4,4),(2,2),(6.,7.),(0.,1.),
  .PIECEWISE_BEZIER_KNOTS.);
#11414 = CARTESIAN_POINT('',(5.251,-0.691277764915,10.726004262897));
#11415 = CARTESIAN_POINT('',(5.25,-0.691277764915,10.726004262897));
#11416 = CARTESIAN_POINT('',(5.251,-0.743333348563,10.673948741304));
#11417 = CARTESIAN_POINT('',(5.25,-0.743333348563,10.673948741304));
#11418 = CARTESIAN_POINT('',(5.251,-0.772831487669,10.602806165892));
#11419 = CARTESIAN_POINT('',(5.25,-0.772831487669,10.602806165892));
#11420 = CARTESIAN_POINT('',(5.251,-0.772831487669,10.528193241131));
#11421 = CARTESIAN_POINT('',(5.25,-0.772831487669,10.528193241131));
#11422 = ADVANCED_FACE('',(#11423),#11433,.F.);
#11423 = FACE_BOUND('',#11424,.F.);
#11424 = EDGE_LOOP('',(#11425,#11426,#11427,#11432));
#11425 = ORIENTED_EDGE('',*,*,#11408,.F.);
#11426 = ORIENTED_EDGE('',*,*,#10696,.T.);
#11427 = ORIENTED_EDGE('',*,*,#11428,.T.);
#11428 = EDGE_CURVE('',#10697,#11151,#11429,.T.);
#11429 = B_SPLINE_CURVE_WITH_KNOTS('',1,(#11430,#11431),.UNSPECIFIED.,
  .F.,.F.,(2,2),(-0.,1.E-03),.PIECEWISE_BEZIER_KNOTS.);
#11430 = CARTESIAN_POINT('',(5.251,-0.699953737582,10.339058158934));
#11431 = CARTESIAN_POINT('',(5.25,-0.699953737582,10.339058158934));
#11432 = ORIENTED_EDGE('',*,*,#11159,.F.);
#11433 = B_SPLINE_SURFACE_WITH_KNOTS('',3,1,(
    (#11434,#11435)
    ,(#11436,#11437)
    ,(#11438,#11439)
    ,(#11440,#11441
    )),.UNSPECIFIED.,.F.,.F.,.F.,(4,4),(2,2),(7.,8.),(0.,1.),
  .PIECEWISE_BEZIER_KNOTS.);
#11434 = CARTESIAN_POINT('',(5.251,-0.772831487669,10.528193241131));
#11435 = CARTESIAN_POINT('',(5.25,-0.772831487669,10.528193241131));
#11436 = CARTESIAN_POINT('',(5.251,-0.772831487669,10.458785856942));
#11437 = CARTESIAN_POINT('',(5.25,-0.772831487669,10.458785856942));
#11438 = CARTESIAN_POINT('',(5.251,-0.7468037186,10.391113630883));
#11439 = CARTESIAN_POINT('',(5.25,-0.7468037186,10.391113630883));
#11440 = CARTESIAN_POINT('',(5.251,-0.699953737582,10.339058158934));
#11441 = CARTESIAN_POINT('',(5.25,-0.699953737582,10.339058158934));
#11442 = ADVANCED_FACE('',(#11443),#11453,.F.);
#11443 = FACE_BOUND('',#11444,.F.);
#11444 = EDGE_LOOP('',(#11445,#11446,#11447,#11452));
#11445 = ORIENTED_EDGE('',*,*,#11428,.F.);
#11446 = ORIENTED_EDGE('',*,*,#10705,.T.);
#11447 = ORIENTED_EDGE('',*,*,#11448,.T.);
#11448 = EDGE_CURVE('',#10706,#11142,#11449,.T.);
#11449 = B_SPLINE_CURVE_WITH_KNOTS('',1,(#11450,#11451),.UNSPECIFIED.,
  .F.,.F.,(2,2),(-0.,1.E-03),.PIECEWISE_BEZIER_KNOTS.);
#11450 = CARTESIAN_POINT('',(5.251,-0.561138969208,10.255769311148));
#11451 = CARTESIAN_POINT('',(5.25,-0.561138969208,10.255769311148));
#11452 = ORIENTED_EDGE('',*,*,#11150,.F.);
#11453 = B_SPLINE_SURFACE_WITH_KNOTS('',3,1,(
    (#11454,#11455)
    ,(#11456,#11457)
    ,(#11458,#11459)
    ,(#11460,#11461
    )),.UNSPECIFIED.,.F.,.F.,.F.,(4,4),(2,2),(8.,9.),(0.,1.),
  .PIECEWISE_BEZIER_KNOTS.);
#11454 = CARTESIAN_POINT('',(5.251,-0.699953737582,10.339058158934));
#11455 = CARTESIAN_POINT('',(5.25,-0.699953737582,10.339058158934));
#11456 = CARTESIAN_POINT('',(5.251,-0.661779679589,10.297413701944));
#11457 = CARTESIAN_POINT('',(5.25,-0.661779679589,10.297413701944));
#11458 = CARTESIAN_POINT('',(5.251,-0.614929682024,10.269650774747));
#11459 = CARTESIAN_POINT('',(5.25,-0.614929682024,10.269650774747));
#11460 = CARTESIAN_POINT('',(5.251,-0.561138969208,10.255769311148));
#11461 = CARTESIAN_POINT('',(5.25,-0.561138969208,10.255769311148));
#11462 = ADVANCED_FACE('',(#11463),#11473,.F.);
#11463 = FACE_BOUND('',#11464,.F.);
#11464 = EDGE_LOOP('',(#11465,#11466,#11467,#11472));
#11465 = ORIENTED_EDGE('',*,*,#11448,.F.);
#11466 = ORIENTED_EDGE('',*,*,#10714,.T.);
#11467 = ORIENTED_EDGE('',*,*,#11468,.T.);
#11468 = EDGE_CURVE('',#10715,#11133,#11469,.T.);
#11469 = B_SPLINE_CURVE_WITH_KNOTS('',1,(#11470,#11471),.UNSPECIFIED.,
  .F.,.F.,(2,2),(-0.,1.E-03),.PIECEWISE_BEZIER_KNOTS.);
#11470 = CARTESIAN_POINT('',(5.251,-0.396296415214,10.137776771267));
#11471 = CARTESIAN_POINT('',(5.25,-0.396296415214,10.137776771267));
#11472 = ORIENTED_EDGE('',*,*,#11141,.F.);
#11473 = B_SPLINE_SURFACE_WITH_KNOTS('',3,1,(
    (#11474,#11475)
    ,(#11476,#11477)
    ,(#11478,#11479)
    ,(#11480,#11481
    )),.UNSPECIFIED.,.F.,.F.,.F.,(4,4),(2,2),(9.,10.),(0.,1.),
  .PIECEWISE_BEZIER_KNOTS.);
#11474 = CARTESIAN_POINT('',(5.251,-0.561138969208,10.255769311148));
#11475 = CARTESIAN_POINT('',(5.25,-0.561138969208,10.255769311148));
#11476 = CARTESIAN_POINT('',(5.251,-0.538581566037,10.186361926959));
#11477 = CARTESIAN_POINT('',(5.25,-0.538581566037,10.186361926959));
#11478 = CARTESIAN_POINT('',(5.251,-0.472644564297,10.137776771267));
#11479 = CARTESIAN_POINT('',(5.25,-0.472644564297,10.137776771267));
#11480 = CARTESIAN_POINT('',(5.251,-0.396296415214,10.137776771267));
#11481 = CARTESIAN_POINT('',(5.25,-0.396296415214,10.137776771267));
#11482 = ADVANCED_FACE('',(#11483),#11493,.F.);
#11483 = FACE_BOUND('',#11484,.F.);
#11484 = EDGE_LOOP('',(#11485,#11486,#11487,#11492));
#11485 = ORIENTED_EDGE('',*,*,#11468,.F.);
#11486 = ORIENTED_EDGE('',*,*,#10723,.T.);
#11487 = ORIENTED_EDGE('',*,*,#11488,.T.);
#11488 = EDGE_CURVE('',#10724,#11124,#11489,.T.);
#11489 = B_SPLINE_CURVE_WITH_KNOTS('',1,(#11490,#11491),.UNSPECIFIED.,
  .F.,.F.,(2,2),(-0.,1.E-03),.PIECEWISE_BEZIER_KNOTS.);
#11490 = CARTESIAN_POINT('',(5.251,-0.222777954745,10.311295231735));
#11491 = CARTESIAN_POINT('',(5.25,-0.222777954745,10.311295231735));
#11492 = ORIENTED_EDGE('',*,*,#11132,.F.);
#11493 = B_SPLINE_SURFACE_WITH_KNOTS('',3,1,(
    (#11494,#11495)
    ,(#11496,#11497)
    ,(#11498,#11499)
    ,(#11500,#11501
    )),.UNSPECIFIED.,.F.,.F.,.F.,(4,4),(2,2),(10.,11.),(0.,1.),
  .PIECEWISE_BEZIER_KNOTS.);
#11494 = CARTESIAN_POINT('',(5.251,-0.396296415214,10.137776771267));
#11495 = CARTESIAN_POINT('',(5.25,-0.396296415214,10.137776771267));
#11496 = CARTESIAN_POINT('',(5.251,-0.300861261956,10.137776771267));
#11497 = CARTESIAN_POINT('',(5.25,-0.300861261956,10.137776771267));
#11498 = CARTESIAN_POINT('',(5.251,-0.222777954745,10.215860078477));
#11499 = CARTESIAN_POINT('',(5.25,-0.222777954745,10.215860078477));
#11500 = CARTESIAN_POINT('',(5.251,-0.222777954745,10.311295231735));
#11501 = CARTESIAN_POINT('',(5.25,-0.222777954745,10.311295231735));
#11502 = ADVANCED_FACE('',(#11503),#11513,.F.);
#11503 = FACE_BOUND('',#11504,.T.);
#11504 = EDGE_LOOP('',(#11505,#11506,#11511,#11512));
#11505 = ORIENTED_EDGE('',*,*,#11123,.T.);
#11506 = ORIENTED_EDGE('',*,*,#11507,.F.);
#11507 = EDGE_CURVE('',#10733,#11117,#11508,.T.);
#11508 = B_SPLINE_CURVE_WITH_KNOTS('',1,(#11509,#11510),.UNSPECIFIED.,
  .F.,.F.,(2,2),(-0.,1.E-03),.PIECEWISE_BEZIER_KNOTS.);
#11509 = CARTESIAN_POINT('',(5.251,-0.222777954745,10.328647077783));
#11510 = CARTESIAN_POINT('',(5.25,-0.222777954745,10.328647077783));
#11511 = ORIENTED_EDGE('',*,*,#10732,.F.);
#11512 = ORIENTED_EDGE('',*,*,#11488,.T.);
#11513 = B_SPLINE_SURFACE_WITH_KNOTS('',1,1,(
    (#11514,#11515)
    ,(#11516,#11517
    )),.UNSPECIFIED.,.F.,.F.,.F.,(2,2),(2,2),(-1.7351846048E-02,0.),(
    -1.E-03,0.),.PIECEWISE_BEZIER_KNOTS.);
#11514 = CARTESIAN_POINT('',(5.25,-0.222777954745,10.328647077783));
#11515 = CARTESIAN_POINT('',(5.251,-0.222777954745,10.328647077783));
#11516 = CARTESIAN_POINT('',(5.25,-0.222777954745,10.311295231735));
#11517 = CARTESIAN_POINT('',(5.251,-0.222777954745,10.311295231735));
#11518 = ADVANCED_FACE('',(#11519),#11529,.F.);
#11519 = FACE_BOUND('',#11520,.T.);
#11520 = EDGE_LOOP('',(#11521,#11522,#11527,#11528));
#11521 = ORIENTED_EDGE('',*,*,#11116,.T.);
#11522 = ORIENTED_EDGE('',*,*,#11523,.F.);
#11523 = EDGE_CURVE('',#10742,#11110,#11524,.T.);
#11524 = B_SPLINE_CURVE_WITH_KNOTS('',1,(#11525,#11526),.UNSPECIFIED.,
  .F.,.F.,(2,2),(-0.,1.E-03),.PIECEWISE_BEZIER_KNOTS.);
#11525 = CARTESIAN_POINT('',(5.251,2.014788991167E-02,10.457050731911));
#11526 = CARTESIAN_POINT('',(5.25,2.014788991167E-02,10.457050731911));
#11527 = ORIENTED_EDGE('',*,*,#10741,.F.);
#11528 = ORIENTED_EDGE('',*,*,#11507,.T.);
#11529 = B_SPLINE_SURFACE_WITH_KNOTS('',1,1,(
    (#11530,#11531)
    ,(#11532,#11533
    )),.UNSPECIFIED.,.F.,.F.,.F.,(2,2),(2,2),(-0.274773478333,
    2.4538564243E-17),(-1.000000000001E-03,0.),
  .PIECEWISE_BEZIER_KNOTS.);
#11530 = CARTESIAN_POINT('',(5.25,2.014788991167E-02,10.457050731911));
#11531 = CARTESIAN_POINT('',(5.251,2.014788991167E-02,10.457050731911));
#11532 = CARTESIAN_POINT('',(5.25,-0.222777954745,10.328647077783));
#11533 = CARTESIAN_POINT('',(5.251,-0.222777954745,10.328647077783));
#11534 = ADVANCED_FACE('',(#11535),#11545,.F.);
#11535 = FACE_BOUND('',#11536,.T.);
#11536 = EDGE_LOOP('',(#11537,#11538,#11543,#11544));
#11537 = ORIENTED_EDGE('',*,*,#11109,.T.);
#11538 = ORIENTED_EDGE('',*,*,#11539,.F.);
#11539 = EDGE_CURVE('',#10749,#11103,#11540,.T.);
#11540 = B_SPLINE_CURVE_WITH_KNOTS('',1,(#11541,#11542),.UNSPECIFIED.,
  .F.,.F.,(2,2),(-0.,1.E-03),.PIECEWISE_BEZIER_KNOTS.);
#11541 = CARTESIAN_POINT('',(5.251,-3.364280635731E-02,10.549015535816)
  );
#11542 = CARTESIAN_POINT('',(5.25,-3.364280635731E-02,10.549015535816));
#11543 = ORIENTED_EDGE('',*,*,#10748,.F.);
#11544 = ORIENTED_EDGE('',*,*,#11523,.T.);
#11545 = B_SPLINE_SURFACE_WITH_KNOTS('',1,1,(
    (#11546,#11547)
    ,(#11548,#11549
    )),.UNSPECIFIED.,.F.,.F.,.F.,(2,2),(2,2),(-0.106540903706,0.),(
    -1.E-03,0.),.PIECEWISE_BEZIER_KNOTS.);
#11546 = CARTESIAN_POINT('',(5.25,-3.364280635731E-02,10.549015535816));
#11547 = CARTESIAN_POINT('',(5.251,-3.364280635731E-02,10.549015535816)
  );
#11548 = CARTESIAN_POINT('',(5.25,2.014788991167E-02,10.457050731911));
#11549 = CARTESIAN_POINT('',(5.251,2.014788991167E-02,10.457050731911));
#11550 = ADVANCED_FACE('',(#11551),#11561,.F.);
#11551 = FACE_BOUND('',#11552,.T.);
#11552 = EDGE_LOOP('',(#11553,#11554,#11559,#11560));
#11553 = ORIENTED_EDGE('',*,*,#11102,.T.);
#11554 = ORIENTED_EDGE('',*,*,#11555,.F.);
#11555 = EDGE_CURVE('',#10756,#11094,#11556,.T.);
#11556 = B_SPLINE_CURVE_WITH_KNOTS('',1,(#11557,#11558),.UNSPECIFIED.,
  .F.,.F.,(2,2),(-0.,1.E-03),.PIECEWISE_BEZIER_KNOTS.);
#11557 = CARTESIAN_POINT('',(5.251,-0.266157536766,10.427552613489));
#11558 = CARTESIAN_POINT('',(5.25,-0.266157536766,10.427552613489));
#11559 = ORIENTED_EDGE('',*,*,#10755,.F.);
#11560 = ORIENTED_EDGE('',*,*,#11539,.T.);
#11561 = B_SPLINE_SURFACE_WITH_KNOTS('',1,1,(
    (#11562,#11563)
    ,(#11564,#11565
    )),.UNSPECIFIED.,.F.,.F.,.F.,(2,2),(2,2),(-0.262328689543,0.),(
    -1.E-03,0.),.PIECEWISE_BEZIER_KNOTS.);
#11562 = CARTESIAN_POINT('',(5.25,-0.266157536766,10.427552613489));
#11563 = CARTESIAN_POINT('',(5.251,-0.266157536766,10.427552613489));
#11564 = CARTESIAN_POINT('',(5.25,-3.364280635731E-02,10.549015535816));
#11565 = CARTESIAN_POINT('',(5.251,-3.364280635731E-02,10.549015535816)
  );
#11566 = ADVANCED_FACE('',(#11567),#11577,.F.);
#11567 = FACE_BOUND('',#11568,.F.);
#11568 = EDGE_LOOP('',(#11569,#11570,#11571,#11576));
#11569 = ORIENTED_EDGE('',*,*,#11555,.F.);
#11570 = ORIENTED_EDGE('',*,*,#10762,.T.);
#11571 = ORIENTED_EDGE('',*,*,#11572,.T.);
#11572 = EDGE_CURVE('',#10763,#11085,#11573,.T.);
#11573 = B_SPLINE_CURVE_WITH_KNOTS('',1,(#11574,#11575),.UNSPECIFIED.,
  .F.,.F.,(2,2),(-0.,1.E-03),.PIECEWISE_BEZIER_KNOTS.);
#11574 = CARTESIAN_POINT('',(5.251,-0.396296382118,10.486548883429));
#11575 = CARTESIAN_POINT('',(5.25,-0.396296382118,10.486548883429));
#11576 = ORIENTED_EDGE('',*,*,#11093,.F.);
#11577 = B_SPLINE_SURFACE_WITH_KNOTS('',3,1,(
    (#11578,#11579)
    ,(#11580,#11581)
    ,(#11582,#11583)
    ,(#11584,#11585
    )),.UNSPECIFIED.,.F.,.F.,.F.,(4,4),(2,2),(15.,16.),(0.,1.),
  .PIECEWISE_BEZIER_KNOTS.);
#11578 = CARTESIAN_POINT('',(5.251,-0.266157536766,10.427552613489));
#11579 = CARTESIAN_POINT('',(5.25,-0.266157536766,10.427552613489));
#11580 = CARTESIAN_POINT('',(5.251,-0.297390846412,10.463991496806));
#11581 = CARTESIAN_POINT('',(5.25,-0.297390846412,10.463991496806));
#11582 = CARTESIAN_POINT('',(5.251,-0.344240843977,10.486548883429));
#11583 = CARTESIAN_POINT('',(5.25,-0.344240843977,10.486548883429));
#11584 = CARTESIAN_POINT('',(5.251,-0.396296382118,10.486548883429));
#11585 = CARTESIAN_POINT('',(5.25,-0.396296382118,10.486548883429));
#11586 = ADVANCED_FACE('',(#11587),#11597,.F.);
#11587 = FACE_BOUND('',#11588,.F.);
#11588 = EDGE_LOOP('',(#11589,#11590,#11591,#11596));
#11589 = ORIENTED_EDGE('',*,*,#11572,.F.);
#11590 = ORIENTED_EDGE('',*,*,#10771,.T.);
#11591 = ORIENTED_EDGE('',*,*,#11592,.T.);
#11592 = EDGE_CURVE('',#10772,#11076,#11593,.T.);
#11593 = B_SPLINE_CURVE_WITH_KNOTS('',1,(#11594,#11595),.UNSPECIFIED.,
  .F.,.F.,(2,2),(-0.,1.E-03),.PIECEWISE_BEZIER_KNOTS.);
#11594 = CARTESIAN_POINT('',(5.251,-0.559403728339,10.372026692901));
#11595 = CARTESIAN_POINT('',(5.25,-0.559403728339,10.372026692901));
#11596 = ORIENTED_EDGE('',*,*,#11084,.F.);
#11597 = B_SPLINE_SURFACE_WITH_KNOTS('',3,1,(
    (#11598,#11599)
    ,(#11600,#11601)
    ,(#11602,#11603)
    ,(#11604,#11605
    )),.UNSPECIFIED.,.F.,.F.,.F.,(4,4),(2,2),(16.,17.),(0.,1.),
  .PIECEWISE_BEZIER_KNOTS.);
#11598 = CARTESIAN_POINT('',(5.251,-0.396296382118,10.486548883429));
#11599 = CARTESIAN_POINT('',(5.25,-0.396296382118,10.486548883429));
#11600 = CARTESIAN_POINT('',(5.251,-0.470909339977,10.486548883429));
#11601 = CARTESIAN_POINT('',(5.25,-0.470909339977,10.486548883429));
#11602 = CARTESIAN_POINT('',(5.251,-0.535111150493,10.437963727737));
#11603 = CARTESIAN_POINT('',(5.25,-0.535111150493,10.437963727737));
#11604 = CARTESIAN_POINT('',(5.251,-0.559403728339,10.372026692901));
#11605 = CARTESIAN_POINT('',(5.25,-0.559403728339,10.372026692901));
#11606 = ADVANCED_FACE('',(#11607),#11617,.F.);
#11607 = FACE_BOUND('',#11608,.F.);
#11608 = EDGE_LOOP('',(#11609,#11610,#11611,#11616));
#11609 = ORIENTED_EDGE('',*,*,#11592,.F.);
#11610 = ORIENTED_EDGE('',*,*,#10780,.T.);
#11611 = ORIENTED_EDGE('',*,*,#11612,.T.);
#11612 = EDGE_CURVE('',#10781,#11067,#11613,.T.);
#11613 = B_SPLINE_CURVE_WITH_KNOTS('',1,(#11614,#11615),.UNSPECIFIED.,
  .F.,.F.,(2,2),(-0.,1.E-03),.PIECEWISE_BEZIER_KNOTS.);
#11614 = CARTESIAN_POINT('',(5.251,-0.663514804621,10.53166368977));
#11615 = CARTESIAN_POINT('',(5.25,-0.663514804621,10.53166368977));
#11616 = ORIENTED_EDGE('',*,*,#11075,.F.);
#11617 = B_SPLINE_SURFACE_WITH_KNOTS('',3,1,(
    (#11618,#11619)
    ,(#11620,#11621)
    ,(#11622,#11623)
    ,(#11624,#11625
    )),.UNSPECIFIED.,.F.,.F.,.F.,(4,4),(2,2),(17.,18.),(0.,1.),
  .PIECEWISE_BEZIER_KNOTS.);
#11618 = CARTESIAN_POINT('',(5.251,-0.559403728339,10.372026692901));
#11619 = CARTESIAN_POINT('',(5.25,-0.559403728339,10.372026692901));
#11620 = CARTESIAN_POINT('',(5.251,-0.620135189503,10.399789653194));
#11621 = CARTESIAN_POINT('',(5.25,-0.620135189503,10.399789653194));
#11622 = CARTESIAN_POINT('',(5.251,-0.663514804621,10.460521114358));
#11623 = CARTESIAN_POINT('',(5.25,-0.663514804621,10.460521114358));
#11624 = CARTESIAN_POINT('',(5.251,-0.663514804621,10.53166368977));
#11625 = CARTESIAN_POINT('',(5.25,-0.663514804621,10.53166368977));
#11626 = ADVANCED_FACE('',(#11627),#11637,.F.);
#11627 = FACE_BOUND('',#11628,.F.);
#11628 = EDGE_LOOP('',(#11629,#11630,#11631,#11636));
#11629 = ORIENTED_EDGE('',*,*,#11612,.F.);
#11630 = ORIENTED_EDGE('',*,*,#10789,.T.);
#11631 = ORIENTED_EDGE('',*,*,#11632,.T.);
#11632 = EDGE_CURVE('',#10790,#11058,#11633,.T.);
#11633 = B_SPLINE_CURVE_WITH_KNOTS('',1,(#11634,#11635),.UNSPECIFIED.,
  .F.,.F.,(2,2),(-0.,1.E-03),.PIECEWISE_BEZIER_KNOTS.);
#11634 = CARTESIAN_POINT('',(5.251,-0.489996344152,10.705182150238));
#11635 = CARTESIAN_POINT('',(5.25,-0.489996344152,10.705182150238));
#11636 = ORIENTED_EDGE('',*,*,#11066,.F.);
#11637 = B_SPLINE_SURFACE_WITH_KNOTS('',3,1,(
    (#11638,#11639)
    ,(#11640,#11641)
    ,(#11642,#11643)
    ,(#11644,#11645
    )),.UNSPECIFIED.,.F.,.F.,.F.,(4,4),(2,2),(18.,19.),(0.,1.),
  .PIECEWISE_BEZIER_KNOTS.);
#11638 = CARTESIAN_POINT('',(5.251,-0.663514804621,10.53166368977));
#11639 = CARTESIAN_POINT('',(5.25,-0.663514804621,10.53166368977));
#11640 = CARTESIAN_POINT('',(5.251,-0.663514804621,10.627098843028));
#11641 = CARTESIAN_POINT('',(5.25,-0.663514804621,10.627098843028));
#11642 = CARTESIAN_POINT('',(5.251,-0.58543149741,10.705182150238));
#11643 = CARTESIAN_POINT('',(5.25,-0.58543149741,10.705182150238));
#11644 = CARTESIAN_POINT('',(5.251,-0.489996344152,10.705182150238));
#11645 = CARTESIAN_POINT('',(5.25,-0.489996344152,10.705182150238));
#11646 = ADVANCED_FACE('',(#11647),#11657,.F.);
#11647 = FACE_BOUND('',#11648,.F.);
#11648 = EDGE_LOOP('',(#11649,#11650,#11651,#11656));
#11649 = ORIENTED_EDGE('',*,*,#11632,.F.);
#11650 = ORIENTED_EDGE('',*,*,#10798,.T.);
#11651 = ORIENTED_EDGE('',*,*,#11652,.T.);
#11652 = EDGE_CURVE('',#10799,#11049,#11653,.T.);
#11653 = B_SPLINE_CURVE_WITH_KNOTS('',1,(#11654,#11655),.UNSPECIFIED.,
  .F.,.F.,(2,2),(-0.,1.E-03),.PIECEWISE_BEZIER_KNOTS.);
#11654 = CARTESIAN_POINT('',(5.251,-0.398031573342,10.679154381167));
#11655 = CARTESIAN_POINT('',(5.25,-0.398031573342,10.679154381167));
#11656 = ORIENTED_EDGE('',*,*,#11057,.F.);
#11657 = B_SPLINE_SURFACE_WITH_KNOTS('',3,1,(
    (#11658,#11659)
    ,(#11660,#11661)
    ,(#11662,#11663)
    ,(#11664,#11665
    )),.UNSPECIFIED.,.F.,.F.,.F.,(4,4),(2,2),(19.,20.),(0.,1.),
  .PIECEWISE_BEZIER_KNOTS.);
#11658 = CARTESIAN_POINT('',(5.251,-0.489996344152,10.705182150238));
#11659 = CARTESIAN_POINT('',(5.25,-0.489996344152,10.705182150238));
#11660 = CARTESIAN_POINT('',(5.251,-0.457027843281,10.705182150238));
#11661 = CARTESIAN_POINT('',(5.25,-0.457027843281,10.705182150238));
#11662 = CARTESIAN_POINT('',(5.251,-0.424059342412,10.694771035992));
#11663 = CARTESIAN_POINT('',(5.25,-0.424059342412,10.694771035992));
#11664 = CARTESIAN_POINT('',(5.251,-0.398031573342,10.679154381167));
#11665 = CARTESIAN_POINT('',(5.25,-0.398031573342,10.679154381167));
#11666 = ADVANCED_FACE('',(#11667),#11677,.F.);
#11667 = FACE_BOUND('',#11668,.F.);
#11668 = EDGE_LOOP('',(#11669,#11670,#11671,#11676));
#11669 = ORIENTED_EDGE('',*,*,#11652,.F.);
#11670 = ORIENTED_EDGE('',*,*,#10807,.T.);
#11671 = ORIENTED_EDGE('',*,*,#11672,.T.);
#11672 = EDGE_CURVE('',#10808,#11040,#11673,.T.);
#11673 = B_SPLINE_CURVE_WITH_KNOTS('',1,(#11674,#11675),.UNSPECIFIED.,
  .F.,.F.,(2,2),(-0.,1.E-03),.PIECEWISE_BEZIER_KNOTS.);
#11674 = CARTESIAN_POINT('',(5.251,-0.165516876029,10.845732010549));
#11675 = CARTESIAN_POINT('',(5.25,-0.165516876029,10.845732010549));
#11676 = ORIENTED_EDGE('',*,*,#11048,.F.);
#11677 = B_SPLINE_SURFACE_WITH_KNOTS('',3,1,(
    (#11678,#11679)
    ,(#11680,#11681)
    ,(#11682,#11683)
    ,(#11684,#11685
    )),.UNSPECIFIED.,.F.,.F.,.F.,(4,4),(2,2),(20.,21.),(0.,1.),
  .PIECEWISE_BEZIER_KNOTS.);
#11678 = CARTESIAN_POINT('',(5.251,-0.398031573342,10.679154381167));
#11679 = CARTESIAN_POINT('',(5.25,-0.398031573342,10.679154381167));
#11680 = CARTESIAN_POINT('',(5.251,-0.365063105568,10.776324626362));
#11681 = CARTESIAN_POINT('',(5.25,-0.365063105568,10.776324626362));
#11682 = CARTESIAN_POINT('',(5.251,-0.274833492886,10.845732010549));
#11683 = CARTESIAN_POINT('',(5.25,-0.274833492886,10.845732010549));
#11684 = CARTESIAN_POINT('',(5.251,-0.165516876029,10.845732010549));
#11685 = CARTESIAN_POINT('',(5.25,-0.165516876029,10.845732010549));
#11686 = ADVANCED_FACE('',(#11687),#11697,.F.);
#11687 = FACE_BOUND('',#11688,.F.);
#11688 = EDGE_LOOP('',(#11689,#11690,#11691,#11696));
#11689 = ORIENTED_EDGE('',*,*,#11672,.F.);
#11690 = ORIENTED_EDGE('',*,*,#10816,.T.);
#11691 = ORIENTED_EDGE('',*,*,#11692,.T.);
#11692 = EDGE_CURVE('',#10817,#11031,#11693,.T.);
#11693 = B_SPLINE_CURVE_WITH_KNOTS('',1,(#11694,#11695),.UNSPECIFIED.,
  .F.,.F.,(2,2),(-0.,1.E-03),.PIECEWISE_BEZIER_KNOTS.);
#11694 = CARTESIAN_POINT('',(5.251,7.740896862767E-02,10.628833934963));
#11695 = CARTESIAN_POINT('',(5.25,7.740896862767E-02,10.628833934963));
#11696 = ORIENTED_EDGE('',*,*,#11039,.F.);
#11697 = B_SPLINE_SURFACE_WITH_KNOTS('',3,1,(
    (#11698,#11699)
    ,(#11700,#11701)
    ,(#11702,#11703)
    ,(#11704,#11705
    )),.UNSPECIFIED.,.F.,.F.,.F.,(4,4),(2,2),(21.,22.),(0.,1.),
  .PIECEWISE_BEZIER_KNOTS.);
#11698 = CARTESIAN_POINT('',(5.251,-0.165516876029,10.845732010549));
#11699 = CARTESIAN_POINT('',(5.25,-0.165516876029,10.845732010549));
#11700 = CARTESIAN_POINT('',(5.251,-4.058357125216E-02,10.845732010549)
  );
#11701 = CARTESIAN_POINT('',(5.25,-4.058357125216E-02,10.845732010549));
#11702 = CARTESIAN_POINT('',(5.251,6.352750502834E-02,10.750296857291));
#11703 = CARTESIAN_POINT('',(5.25,6.352750502834E-02,10.750296857291));
#11704 = CARTESIAN_POINT('',(5.251,7.740896862767E-02,10.628833934963));
#11705 = CARTESIAN_POINT('',(5.25,7.740896862767E-02,10.628833934963));
#11706 = ADVANCED_FACE('',(#11707),#11717,.F.);
#11707 = FACE_BOUND('',#11708,.T.);
#11708 = EDGE_LOOP('',(#11709,#11710,#11715,#11716));
#11709 = ORIENTED_EDGE('',*,*,#11030,.T.);
#11710 = ORIENTED_EDGE('',*,*,#11711,.F.);
#11711 = EDGE_CURVE('',#10826,#11022,#11712,.T.);
#11712 = B_SPLINE_CURVE_WITH_KNOTS('',1,(#11713,#11714),.UNSPECIFIED.,
  .F.,.F.,(2,2),(-0.,1.E-03),.PIECEWISE_BEZIER_KNOTS.);
#11713 = CARTESIAN_POINT('',(5.251,9.129043222699E-02,10.628833934963));
#11714 = CARTESIAN_POINT('',(5.25,9.129043222699E-02,10.628833934963));
#11715 = ORIENTED_EDGE('',*,*,#10825,.F.);
#11716 = ORIENTED_EDGE('',*,*,#11692,.T.);
#11717 = B_SPLINE_SURFACE_WITH_KNOTS('',1,1,(
    (#11718,#11719)
    ,(#11720,#11721
  )),.UNSPECIFIED.,.F.,.F.,.F.,(2,2),(2,2),(-1.E-03,0.),(0.,
    1.388146359933E-02),.PIECEWISE_BEZIER_KNOTS.);
#11718 = CARTESIAN_POINT('',(5.25,7.740896862767E-02,10.628833934963));
#11719 = CARTESIAN_POINT('',(5.25,9.129043222699E-02,10.628833934963));
#11720 = CARTESIAN_POINT('',(5.251,7.740896862767E-02,10.628833934963));
#11721 = CARTESIAN_POINT('',(5.251,9.129043222699E-02,10.628833934963));
#11722 = ADVANCED_FACE('',(#11723),#11733,.F.);
#11723 = FACE_BOUND('',#11724,.F.);
#11724 = EDGE_LOOP('',(#11725,#11726,#11727,#11732));
#11725 = ORIENTED_EDGE('',*,*,#11711,.F.);
#11726 = ORIENTED_EDGE('',*,*,#10834,.T.);
#11727 = ORIENTED_EDGE('',*,*,#11728,.T.);
#11728 = EDGE_CURVE('',#10835,#11013,#11729,.T.);
#11729 = B_SPLINE_CURVE_WITH_KNOTS('',1,(#11730,#11731),.UNSPECIFIED.,
  .F.,.F.,(2,2),(-0.,1.E-03),.PIECEWISE_BEZIER_KNOTS.);
#11730 = CARTESIAN_POINT('',(5.251,0.226634818154,10.493489549036));
#11731 = CARTESIAN_POINT('',(5.25,0.226634818154,10.493489549036));
#11732 = ORIENTED_EDGE('',*,*,#11021,.F.);
#11733 = B_SPLINE_SURFACE_WITH_KNOTS('',3,1,(
    (#11734,#11735)
    ,(#11736,#11737)
    ,(#11738,#11739)
    ,(#11740,#11741
    )),.UNSPECIFIED.,.F.,.F.,.F.,(4,4),(2,2),(23.,24.),(0.,1.),
  .PIECEWISE_BEZIER_KNOTS.);
#11734 = CARTESIAN_POINT('',(5.251,9.129043222699E-02,10.628833934963));
#11735 = CARTESIAN_POINT('',(5.25,9.129043222699E-02,10.628833934963));
#11736 = CARTESIAN_POINT('',(5.251,0.16590335699,10.628833934963));
#11737 = CARTESIAN_POINT('',(5.25,0.16590335699,10.628833934963));
#11738 = CARTESIAN_POINT('',(5.251,0.226634818154,10.5681024738));
#11739 = CARTESIAN_POINT('',(5.25,0.226634818154,10.5681024738));
#11740 = CARTESIAN_POINT('',(5.251,0.226634818154,10.493489549036));
#11741 = CARTESIAN_POINT('',(5.25,0.226634818154,10.493489549036));
#11742 = ADVANCED_FACE('',(#11743),#11753,.F.);
#11743 = FACE_BOUND('',#11744,.F.);
#11744 = EDGE_LOOP('',(#11745,#11746,#11747,#11752));
#11745 = ORIENTED_EDGE('',*,*,#11728,.F.);
#11746 = ORIENTED_EDGE('',*,*,#10843,.T.);
#11747 = ORIENTED_EDGE('',*,*,#11748,.T.);
#11748 = EDGE_CURVE('',#10844,#11006,#11749,.T.);
#11749 = B_SPLINE_CURVE_WITH_KNOTS('',1,(#11750,#11751),.UNSPECIFIED.,
  .F.,.F.,(2,2),(-0.,1.E-03),.PIECEWISE_BEZIER_KNOTS.);
#11750 = CARTESIAN_POINT('',(5.251,0.101701513378,10.358145163109));
#11751 = CARTESIAN_POINT('',(5.25,0.101701513378,10.358145163109));
#11752 = ORIENTED_EDGE('',*,*,#11012,.F.);
#11753 = B_SPLINE_SURFACE_WITH_KNOTS('',3,1,(
    (#11754,#11755)
    ,(#11756,#11757)
    ,(#11758,#11759)
    ,(#11760,#11761
    )),.UNSPECIFIED.,.F.,.F.,.F.,(4,4),(2,2),(24.,25.),(0.,1.),
  .PIECEWISE_BEZIER_KNOTS.);
#11754 = CARTESIAN_POINT('',(5.251,0.226634818154,10.493489549036));
#11755 = CARTESIAN_POINT('',(5.25,0.226634818154,10.493489549036));
#11756 = CARTESIAN_POINT('',(5.251,0.226634818154,10.422346973624));
#11757 = CARTESIAN_POINT('',(5.25,0.226634818154,10.422346973624));
#11758 = CARTESIAN_POINT('',(5.251,0.172844121885,10.363350703686));
#11759 = CARTESIAN_POINT('',(5.25,0.172844121885,10.363350703686));
#11760 = CARTESIAN_POINT('',(5.251,0.101701513378,10.358145163109));
#11761 = CARTESIAN_POINT('',(5.25,0.101701513378,10.358145163109));
#11762 = ADVANCED_FACE('',(#11763),#11773,.F.);
#11763 = FACE_BOUND('',#11764,.T.);
#11764 = EDGE_LOOP('',(#11765,#11766,#11771,#11772));
#11765 = ORIENTED_EDGE('',*,*,#11005,.T.);
#11766 = ORIENTED_EDGE('',*,*,#11767,.F.);
#11767 = EDGE_CURVE('',#10853,#10997,#11768,.T.);
#11768 = B_SPLINE_CURVE_WITH_KNOTS('',1,(#11769,#11770),.UNSPECIFIED.,
  .F.,.F.,(2,2),(-0.,1.E-03),.PIECEWISE_BEZIER_KNOTS.);
#11769 = CARTESIAN_POINT('',(5.251,2.361820616747E-02,10.358145163109));
#11770 = CARTESIAN_POINT('',(5.25,2.361820616747E-02,10.358145163109));
#11771 = ORIENTED_EDGE('',*,*,#10852,.F.);
#11772 = ORIENTED_EDGE('',*,*,#11748,.T.);
#11773 = B_SPLINE_SURFACE_WITH_KNOTS('',1,1,(
    (#11774,#11775)
    ,(#11776,#11777
    )),.UNSPECIFIED.,.F.,.F.,.F.,(2,2),(2,2),(-0.,1.000000000001E-03),(
    -7.8083307211E-02,-4.163336342344E-17),.PIECEWISE_BEZIER_KNOTS.);
#11774 = CARTESIAN_POINT('',(5.251,2.361820616747E-02,10.358145163109));
#11775 = CARTESIAN_POINT('',(5.251,0.101701513378,10.358145163109));
#11776 = CARTESIAN_POINT('',(5.25,2.361820616747E-02,10.358145163109));
#11777 = CARTESIAN_POINT('',(5.25,0.101701513378,10.358145163109));
#11778 = ADVANCED_FACE('',(#11779),#11789,.F.);
#11779 = FACE_BOUND('',#11780,.F.);
#11780 = EDGE_LOOP('',(#11781,#11782,#11783,#11788));
#11781 = ORIENTED_EDGE('',*,*,#11767,.F.);
#11782 = ORIENTED_EDGE('',*,*,#10859,.T.);
#11783 = ORIENTED_EDGE('',*,*,#11784,.T.);
#11784 = EDGE_CURVE('',#10860,#10988,#11785,.T.);
#11785 = B_SPLINE_CURVE_WITH_KNOTS('',1,(#11786,#11787),.UNSPECIFIED.,
  .F.,.F.,(2,2),(-0.,1.E-03),.PIECEWISE_BEZIER_KNOTS.);
#11786 = CARTESIAN_POINT('',(5.251,1.320712501599E-02,10.359880321237));
#11787 = CARTESIAN_POINT('',(5.25,1.320712501599E-02,10.359880321237));
#11788 = ORIENTED_EDGE('',*,*,#10996,.F.);
#11789 = B_SPLINE_SURFACE_WITH_KNOTS('',3,1,(
    (#11790,#11791)
    ,(#11792,#11793)
    ,(#11794,#11795)
    ,(#11796,#11797
    )),.UNSPECIFIED.,.F.,.F.,.F.,(4,4),(2,2),(26.,27.),(0.,1.),
  .PIECEWISE_BEZIER_KNOTS.);
#11790 = CARTESIAN_POINT('',(5.251,2.361820616747E-02,10.358145163109));
#11791 = CARTESIAN_POINT('',(5.25,2.361820616747E-02,10.358145163109));
#11792 = CARTESIAN_POINT('',(5.251,2.014782371963E-02,10.358145163109));
#11793 = CARTESIAN_POINT('',(5.25,2.014782371963E-02,10.358145163109));
#11794 = CARTESIAN_POINT('',(5.251,1.667744127179E-02,10.359880321237));
#11795 = CARTESIAN_POINT('',(5.25,1.667744127179E-02,10.359880321237));
#11796 = CARTESIAN_POINT('',(5.251,1.320712501599E-02,10.359880321237));
#11797 = CARTESIAN_POINT('',(5.25,1.320712501599E-02,10.359880321237));
#11798 = ADVANCED_FACE('',(#11799),#11809,.F.);
#11799 = FACE_BOUND('',#11800,.F.);
#11800 = EDGE_LOOP('',(#11801,#11802,#11803,#11808));
#11801 = ORIENTED_EDGE('',*,*,#11784,.F.);
#11802 = ORIENTED_EDGE('',*,*,#10868,.T.);
#11803 = ORIENTED_EDGE('',*,*,#11804,.T.);
#11804 = EDGE_CURVE('',#10869,#10979,#11805,.T.);
#11805 = B_SPLINE_CURVE_WITH_KNOTS('',1,(#11806,#11807),.UNSPECIFIED.,
  .F.,.F.,(2,2),(-0.,1.E-03),.PIECEWISE_BEZIER_KNOTS.);
#11806 = CARTESIAN_POINT('',(5.251,-4.058357125216E-02,10.306089624969)
  );
#11807 = CARTESIAN_POINT('',(5.25,-4.058357125216E-02,10.306089624969));
#11808 = ORIENTED_EDGE('',*,*,#10987,.F.);
#11809 = B_SPLINE_SURFACE_WITH_KNOTS('',3,1,(
    (#11810,#11811)
    ,(#11812,#11813)
    ,(#11814,#11815)
    ,(#11816,#11817
    )),.UNSPECIFIED.,.F.,.F.,.F.,(4,4),(2,2),(27.,28.),(0.,1.),
  .PIECEWISE_BEZIER_KNOTS.);
#11810 = CARTESIAN_POINT('',(5.251,1.320712501599E-02,10.359880321237));
#11811 = CARTESIAN_POINT('',(5.25,1.320712501599E-02,10.359880321237));
#11812 = CARTESIAN_POINT('',(5.251,-1.629102650219E-02,10.359880321237)
  );
#11813 = CARTESIAN_POINT('',(5.25,-1.629102650219E-02,10.359880321237));
#11814 = CARTESIAN_POINT('',(5.251,-4.058357125216E-02,10.335587710295)
  );
#11815 = CARTESIAN_POINT('',(5.25,-4.058357125216E-02,10.335587710295));
#11816 = CARTESIAN_POINT('',(5.251,-4.058357125216E-02,10.306089624969)
  );
#11817 = CARTESIAN_POINT('',(5.25,-4.058357125216E-02,10.306089624969));
#11818 = ADVANCED_FACE('',(#11819),#11829,.F.);
#11819 = FACE_BOUND('',#11820,.F.);
#11820 = EDGE_LOOP('',(#11821,#11822,#11823,#11828));
#11821 = ORIENTED_EDGE('',*,*,#11804,.F.);
#11822 = ORIENTED_EDGE('',*,*,#10877,.T.);
#11823 = ORIENTED_EDGE('',*,*,#11824,.T.);
#11824 = EDGE_CURVE('',#10878,#10972,#11825,.T.);
#11825 = B_SPLINE_CURVE_WITH_KNOTS('',1,(#11826,#11827),.UNSPECIFIED.,
  .F.,.F.,(2,2),(-0.,1.E-03),.PIECEWISE_BEZIER_KNOTS.);
#11826 = CARTESIAN_POINT('',(5.251,9.736808760193E-03,10.252298928699));
#11827 = CARTESIAN_POINT('',(5.25,9.736808760193E-03,10.252298928699));
#11828 = ORIENTED_EDGE('',*,*,#10978,.F.);
#11829 = B_SPLINE_SURFACE_WITH_KNOTS('',3,1,(
    (#11830,#11831)
    ,(#11832,#11833)
    ,(#11834,#11835)
    ,(#11836,#11837
    )),.UNSPECIFIED.,.F.,.F.,.F.,(4,4),(2,2),(28.,29.),(0.,1.),
  .PIECEWISE_BEZIER_KNOTS.);
#11830 = CARTESIAN_POINT('',(5.251,-4.058357125216E-02,10.306089624969)
  );
#11831 = CARTESIAN_POINT('',(5.25,-4.058357125216E-02,10.306089624969));
#11832 = CARTESIAN_POINT('',(5.251,-4.058357125216E-02,10.27832669777));
#11833 = CARTESIAN_POINT('',(5.25,-4.058357125216E-02,10.27832669777));
#11834 = CARTESIAN_POINT('',(5.251,-1.80261846305E-02,10.254034086826));
#11835 = CARTESIAN_POINT('',(5.25,-1.80261846305E-02,10.254034086826));
#11836 = CARTESIAN_POINT('',(5.251,9.736808760193E-03,10.252298928699));
#11837 = CARTESIAN_POINT('',(5.25,9.736808760193E-03,10.252298928699));
#11838 = ADVANCED_FACE('',(#11839),#11849,.F.);
#11839 = FACE_BOUND('',#11840,.T.);
#11840 = EDGE_LOOP('',(#11841,#11842,#11847,#11848));
#11841 = ORIENTED_EDGE('',*,*,#10971,.T.);
#11842 = ORIENTED_EDGE('',*,*,#11843,.F.);
#11843 = EDGE_CURVE('',#10887,#10963,#11844,.T.);
#11844 = B_SPLINE_CURVE_WITH_KNOTS('',1,(#11845,#11846),.UNSPECIFIED.,
  .F.,.F.,(2,2),(-0.,1.E-03),.PIECEWISE_BEZIER_KNOTS.);
#11845 = CARTESIAN_POINT('',(5.251,0.112112660722,10.252298928699));
#11846 = CARTESIAN_POINT('',(5.25,0.112112660722,10.252298928699));
#11847 = ORIENTED_EDGE('',*,*,#10886,.F.);
#11848 = ORIENTED_EDGE('',*,*,#11824,.T.);
#11849 = B_SPLINE_SURFACE_WITH_KNOTS('',1,1,(
    (#11850,#11851)
    ,(#11852,#11853
    )),.UNSPECIFIED.,.F.,.F.,.F.,(2,2),(2,2),(-1.000000000001E-03,0.),(
    -9.717031138565E-02,5.205540576155E-03),.PIECEWISE_BEZIER_KNOTS.);
#11850 = CARTESIAN_POINT('',(5.25,9.736808760193E-03,10.252298928699));
#11851 = CARTESIAN_POINT('',(5.25,0.112112660722,10.252298928699));
#11852 = CARTESIAN_POINT('',(5.251,9.736808760193E-03,10.252298928699));
#11853 = CARTESIAN_POINT('',(5.251,0.112112660722,10.252298928699));
#11854 = ADVANCED_FACE('',(#11855),#11865,.F.);
#11855 = FACE_BOUND('',#11856,.F.);
#11856 = EDGE_LOOP('',(#11857,#11858,#11859,#11864));
#11857 = ORIENTED_EDGE('',*,*,#11843,.F.);
#11858 = ORIENTED_EDGE('',*,*,#10893,.T.);
#11859 = ORIENTED_EDGE('',*,*,#11860,.T.);
#11860 = EDGE_CURVE('',#10894,#10954,#11861,.T.);
#11861 = B_SPLINE_CURVE_WITH_KNOTS('',1,(#11862,#11863),.UNSPECIFIED.,
  .F.,.F.,(2,2),(-0.,1.E-03),.PIECEWISE_BEZIER_KNOTS.);
#11862 = CARTESIAN_POINT('',(5.251,0.270014433271,10.330382235911));
#11863 = CARTESIAN_POINT('',(5.25,0.270014433271,10.330382235911));
#11864 = ORIENTED_EDGE('',*,*,#10962,.F.);
#11865 = B_SPLINE_SURFACE_WITH_KNOTS('',3,1,(
    (#11866,#11867)
    ,(#11868,#11869)
    ,(#11870,#11871)
    ,(#11872,#11873
    )),.UNSPECIFIED.,.F.,.F.,.F.,(4,4),(2,2),(33.,34.),(0.,1.),
  .PIECEWISE_BEZIER_KNOTS.);
#11866 = CARTESIAN_POINT('',(5.251,0.112112660722,10.252298928699));
#11867 = CARTESIAN_POINT('',(5.25,0.112112660722,10.252298928699));
#11868 = CARTESIAN_POINT('',(5.251,0.172844121885,10.257504469275));
#11869 = CARTESIAN_POINT('',(5.25,0.172844121885,10.257504469275));
#11870 = CARTESIAN_POINT('',(5.251,0.228370042474,10.285267462666));
#11871 = CARTESIAN_POINT('',(5.25,0.228370042474,10.285267462666));
#11872 = CARTESIAN_POINT('',(5.251,0.270014433271,10.330382235911));
#11873 = CARTESIAN_POINT('',(5.25,0.270014433271,10.330382235911));
#11874 = ADVANCED_FACE('',(#11875),#11881,.F.);
#11875 = FACE_BOUND('',#11876,.F.);
#11876 = EDGE_LOOP('',(#11877,#11878,#11879,#11880));
#11877 = ORIENTED_EDGE('',*,*,#11860,.F.);
#11878 = ORIENTED_EDGE('',*,*,#10902,.T.);
#11879 = ORIENTED_EDGE('',*,*,#11262,.T.);
#11880 = ORIENTED_EDGE('',*,*,#10953,.F.);
#11881 = B_SPLINE_SURFACE_WITH_KNOTS('',3,1,(
    (#11882,#11883)
    ,(#11884,#11885)
    ,(#11886,#11887)
    ,(#11888,#11889
    )),.UNSPECIFIED.,.F.,.F.,.F.,(4,4),(2,2),(34.,35.),(0.,1.),
  .PIECEWISE_BEZIER_KNOTS.);
#11882 = CARTESIAN_POINT('',(5.251,0.270014433271,10.330382235911));
#11883 = CARTESIAN_POINT('',(5.25,0.270014433271,10.330382235911));
#11884 = CARTESIAN_POINT('',(5.251,0.311658890261,10.375497009156));
#11885 = CARTESIAN_POINT('',(5.25,0.311658890261,10.375497009156));
#11886 = CARTESIAN_POINT('',(5.251,0.334216276883,10.434493312192));
#11887 = CARTESIAN_POINT('',(5.25,0.334216276883,10.434493312192));
#11888 = CARTESIAN_POINT('',(5.251,0.334216276883,10.495224773356));
#11889 = CARTESIAN_POINT('',(5.25,0.334216276883,10.495224773356));
#11890 = ADVANCED_FACE('',(#11891),#11905,.T.);
#11891 = FACE_BOUND('',#11892,.T.);
#11892 = EDGE_LOOP('',(#11893,#11894,#11899,#11900));
#11893 = ORIENTED_EDGE('',*,*,#11244,.F.);
#11894 = ORIENTED_EDGE('',*,*,#11895,.F.);
#11895 = EDGE_CURVE('',#10912,#11234,#11896,.T.);
#11896 = B_SPLINE_CURVE_WITH_KNOTS('',1,(#11897,#11898),.UNSPECIFIED.,
  .F.,.F.,(2,2),(-0.,1.E-03),.PIECEWISE_BEZIER_KNOTS.);
#11897 = CARTESIAN_POINT('',(5.251,-0.398031606438,10.241887715164));
#11898 = CARTESIAN_POINT('',(5.25,-0.398031606438,10.241887715164));
#11899 = ORIENTED_EDGE('',*,*,#10911,.T.);
#11900 = ORIENTED_EDGE('',*,*,#11901,.T.);
#11901 = EDGE_CURVE('',#10914,#11232,#11902,.T.);
#11902 = B_SPLINE_CURVE_WITH_KNOTS('',1,(#11903,#11904),.UNSPECIFIED.,
  .F.,.F.,(2,2),(-0.,1.E-03),.PIECEWISE_BEZIER_KNOTS.);
#11903 = CARTESIAN_POINT('',(5.251,-0.398031606438,10.377232167283));
#11904 = CARTESIAN_POINT('',(5.25,-0.398031606438,10.377232167283));
#11905 = B_SPLINE_SURFACE_WITH_KNOTS('',3,1,(
    (#11906,#11907)
    ,(#11908,#11909)
    ,(#11910,#11911)
    ,(#11912,#11913)
    ,(#11914,#11915)
    ,(#11916,#11917)
    ,(#11918,#11919
  )),.UNSPECIFIED.,.F.,.F.,.F.,(4,3,4),(2,2),(0.,1.,2.),(0.,1.),
  .PIECEWISE_BEZIER_KNOTS.);
#11906 = CARTESIAN_POINT('',(5.251,-0.398031606438,10.241887715164));
#11907 = CARTESIAN_POINT('',(5.25,-0.398031606438,10.241887715164));
#11908 = CARTESIAN_POINT('',(5.251,-0.359857564993,10.241887715164));
#11909 = CARTESIAN_POINT('',(5.25,-0.359857564993,10.241887715164));
#11910 = CARTESIAN_POINT('',(5.251,-0.330359413475,10.273121091002));
#11911 = CARTESIAN_POINT('',(5.25,-0.330359413475,10.273121091002));
#11912 = CARTESIAN_POINT('',(5.251,-0.330359413475,10.309559941224));
#11913 = CARTESIAN_POINT('',(5.25,-0.330359413475,10.309559941224));
#11914 = CARTESIAN_POINT('',(5.251,-0.330359413475,10.347734015765));
#11915 = CARTESIAN_POINT('',(5.25,-0.330359413475,10.347734015765));
#11916 = CARTESIAN_POINT('',(5.251,-0.36159272312,10.377232167283));
#11917 = CARTESIAN_POINT('',(5.25,-0.36159272312,10.377232167283));
#11918 = CARTESIAN_POINT('',(5.251,-0.398031606438,10.377232167283));
#11919 = CARTESIAN_POINT('',(5.25,-0.398031606438,10.377232167283));
#11920 = ADVANCED_FACE('',(#11921),#11927,.T.);
#11921 = FACE_BOUND('',#11922,.T.);
#11922 = EDGE_LOOP('',(#11923,#11924,#11925,#11926));
#11923 = ORIENTED_EDGE('',*,*,#11231,.F.);
#11924 = ORIENTED_EDGE('',*,*,#11901,.F.);
#11925 = ORIENTED_EDGE('',*,*,#10925,.T.);
#11926 = ORIENTED_EDGE('',*,*,#11895,.T.);
#11927 = B_SPLINE_SURFACE_WITH_KNOTS('',3,1,(
    (#11928,#11929)
    ,(#11930,#11931)
    ,(#11932,#11933)
    ,(#11934,#11935)
    ,(#11936,#11937)
    ,(#11938,#11939
  )),.UNSPECIFIED.,.F.,.F.,.F.,(4,2,4),(2,2),(2.,3.,4.),(0.,1.),
  .UNSPECIFIED.);
#11928 = CARTESIAN_POINT('',(5.251,-0.398031606438,10.377232167283));
#11929 = CARTESIAN_POINT('',(5.25,-0.398031606438,10.377232167283));
#11930 = CARTESIAN_POINT('',(5.251,-0.434470489755,10.377232167283));
#11931 = CARTESIAN_POINT('',(5.25,-0.434470489755,10.377232167283));
#11932 = CARTESIAN_POINT('',(5.251,-0.465703799402,10.347734015765));
#11933 = CARTESIAN_POINT('',(5.25,-0.465703799402,10.347734015765));
#11934 = CARTESIAN_POINT('',(5.251,-0.465703799402,10.271385866682));
#11935 = CARTESIAN_POINT('',(5.25,-0.465703799402,10.271385866682));
#11936 = CARTESIAN_POINT('',(5.251,-0.434470489755,10.241887715164));
#11937 = CARTESIAN_POINT('',(5.25,-0.434470489755,10.241887715164));
#11938 = CARTESIAN_POINT('',(5.251,-0.398031606438,10.241887715164));
#11939 = CARTESIAN_POINT('',(5.25,-0.398031606438,10.241887715164));
#11940 = ( GEOMETRIC_REPRESENTATION_CONTEXT(3) 
GLOBAL_UNCERTAINTY_ASSIGNED_CONTEXT((#11944)) 
GLOBAL_UNIT_ASSIGNED_CONTEXT((#11941,#11942,#11943)) 
REPRESENTATION_CONTEXT('Context #1',
  '3D Context with UNIT and UNCERTAINTY') );
#11941 = ( LENGTH_UNIT() NAMED_UNIT(*) SI_UNIT(.MILLI.,.METRE.) );
#11942 = ( NAMED_UNIT(*) PLANE_ANGLE_UNIT() SI_UNIT($,.RADIAN.) );
#11943 = ( NAMED_UNIT(*) SI_UNIT($,.STERADIAN.) SOLID_ANGLE_UNIT() );
#11944 = UNCERTAINTY_MEASURE_WITH_UNIT(LENGTH_MEASURE(1.E-04),#11941,
  'distance_accuracy_value','confusion accuracy');
#11945 = PRODUCT_RELATED_PRODUCT_CATEGORY('part',$,(#7));
#11946 = MECHANICAL_DESIGN_GEOMETRIC_PRESENTATION_REPRESENTATION('',(
    #11947,#11955,#11963,#11970,#11977,#11984,#11991,#11998,#12005,
    #12012,#12019,#12026,#12033,#12040,#12047,#12054,#12061,#12068,
    #12075,#12082,#12089,#12096,#12103,#12110,#12117,#12124,#12131,
    #12138,#12145,#12152,#12159,#12166,#12173,#12180,#12187,#12194,
    #12201,#12208,#12215,#12222,#12229,#12236,#12243,#12250,#12257,
    #12264,#12271,#12278,#12285,#12292,#12299,#12306,#12313,#12320,
    #12327,#12334,#12341,#12348,#12355,#12362,#12369,#12376,#12383,
    #12390,#12397,#12404,#12411,#12418,#12425,#12433,#12440,#12447,
    #12454,#12461,#12468,#12475,#12482,#12489,#12496,#12503,#12510,
    #12517,#12524,#12531,#12538,#12545,#12552,#12559,#12566,#12573,
    #12580,#12587,#12594,#12601,#12608,#12615,#12622,#12629,#12636,
    #12643,#12650,#12657,#12664,#12671,#12678,#12685,#12692,#12699,
    #12706,#12713,#12720,#12727,#12734,#12741,#12748,#12755,#12762,
    #12769,#12776,#12783,#12790,#12797,#12804,#12811,#12818,#12825,
    #12832,#12839,#12846,#12853,#12860,#12867,#12874,#12881,#12888,
    #12895,#12902,#12909,#12916,#12923,#12930,#12937,#12944,#12951,
    #12958,#12965,#12972,#12979,#12986,#12993,#13000,#13007,#13014,
    #13021,#13028,#13035,#13042,#13049,#13056,#13063,#13070,#13077,
    #13084,#13091,#13098,#13105,#13112,#13119,#13126,#13133,#13140,
    #13147,#13154,#13161,#13168,#13175,#13182,#13189,#13196,#13203,
    #13210,#13217,#13224,#13231,#13238,#13245,#13252,#13259,#13266,
    #13273,#13280,#13287,#13294,#13301,#13308,#13315,#13322,#13329,
    #13336,#13343,#13350,#13357,#13364,#13371,#13378,#13385,#13392,
    #13399,#13406,#13413,#13420,#13427,#13434,#13441,#13448,#13455,
    #13462,#13469,#13476,#13483,#13490,#13497,#13504,#13511,#13518,
    #13525,#13532,#13539,#13546,#13553,#13560,#13567,#13574,#13581,
    #13588,#13595,#13602,#13609,#13616,#13623,#13630,#13637,#13644,
    #13651,#13658,#13665,#13672,#13679,#13686,#13693,#13700,#13707,
    #13714,#13721,#13728,#13735,#13742,#13749,#13756,#13763,#13770,
    #13777,#13784,#13791,#13798,#13805,#13812,#13819,#13826,#13833,
    #13840,#13847,#13854,#13861,#13868,#13875,#13882,#13889,#13896,
    #13903,#13910,#13917,#13924,#13931,#13938,#13945,#13952,#13959,
    #13966,#13973,#13980,#13987,#13994,#14001,#14008,#14015,#14022,
    #14029,#14036,#14043,#14050,#14057,#14064,#14071,#14078,#14085,
    #14092,#14099,#14106,#14113,#14120),#11940);
#11947 = STYLED_ITEM('color',(#11948),#15);
#11948 = PRESENTATION_STYLE_ASSIGNMENT((#11949));
#11949 = SURFACE_STYLE_USAGE(.BOTH.,#11950);
#11950 = SURFACE_SIDE_STYLE('',(#11951));
#11951 = SURFACE_STYLE_FILL_AREA(#11952);
#11952 = FILL_AREA_STYLE('',(#11953));
#11953 = FILL_AREA_STYLE_COLOUR('',#11954);
#11954 = COLOUR_RGB('',0.372549021024,1.,0.713725498821);
#11955 = OVER_RIDING_STYLED_ITEM('overriding color',(#11956),#17,#11947
  );
#11956 = PRESENTATION_STYLE_ASSIGNMENT((#11957));
#11957 = SURFACE_STYLE_USAGE(.BOTH.,#11958);
#11958 = SURFACE_SIDE_STYLE('',(#11959));
#11959 = SURFACE_STYLE_FILL_AREA(#11960);
#11960 = FILL_AREA_STYLE('',(#11961));
#11961 = FILL_AREA_STYLE_COLOUR('',#11962);
#11962 = COLOUR_RGB('',0.968627457133,0.968627457133,0.968627457133);
#11963 = OVER_RIDING_STYLED_ITEM('overriding color',(#11964),#75,#11947
  );
#11964 = PRESENTATION_STYLE_ASSIGNMENT((#11965));
#11965 = SURFACE_STYLE_USAGE(.BOTH.,#11966);
#11966 = SURFACE_SIDE_STYLE('',(#11967));
#11967 = SURFACE_STYLE_FILL_AREA(#11968);
#11968 = FILL_AREA_STYLE('',(#11969));
#11969 = FILL_AREA_STYLE_COLOUR('',#11962);
#11970 = OVER_RIDING_STYLED_ITEM('overriding color',(#11971),#133,#11947
  );
#11971 = PRESENTATION_STYLE_ASSIGNMENT((#11972));
#11972 = SURFACE_STYLE_USAGE(.BOTH.,#11973);
#11973 = SURFACE_SIDE_STYLE('',(#11974));
#11974 = SURFACE_STYLE_FILL_AREA(#11975);
#11975 = FILL_AREA_STYLE('',(#11976));
#11976 = FILL_AREA_STYLE_COLOUR('',#11962);
#11977 = OVER_RIDING_STYLED_ITEM('overriding color',(#11978),#207,#11947
  );
#11978 = PRESENTATION_STYLE_ASSIGNMENT((#11979));
#11979 = SURFACE_STYLE_USAGE(.BOTH.,#11980);
#11980 = SURFACE_SIDE_STYLE('',(#11981));
#11981 = SURFACE_STYLE_FILL_AREA(#11982);
#11982 = FILL_AREA_STYLE('',(#11983));
#11983 = FILL_AREA_STYLE_COLOUR('',#11962);
#11984 = OVER_RIDING_STYLED_ITEM('overriding color',(#11985),#281,#11947
  );
#11985 = PRESENTATION_STYLE_ASSIGNMENT((#11986));
#11986 = SURFACE_STYLE_USAGE(.BOTH.,#11987);
#11987 = SURFACE_SIDE_STYLE('',(#11988));
#11988 = SURFACE_STYLE_FILL_AREA(#11989);
#11989 = FILL_AREA_STYLE('',(#11990));
#11990 = FILL_AREA_STYLE_COLOUR('',#11962);
#11991 = OVER_RIDING_STYLED_ITEM('overriding color',(#11992),#336,#11947
  );
#11992 = PRESENTATION_STYLE_ASSIGNMENT((#11993));
#11993 = SURFACE_STYLE_USAGE(.BOTH.,#11994);
#11994 = SURFACE_SIDE_STYLE('',(#11995));
#11995 = SURFACE_STYLE_FILL_AREA(#11996);
#11996 = FILL_AREA_STYLE('',(#11997));
#11997 = FILL_AREA_STYLE_COLOUR('',#11962);
#11998 = OVER_RIDING_STYLED_ITEM('overriding color',(#11999),#391,#11947
  );
#11999 = PRESENTATION_STYLE_ASSIGNMENT((#12000));
#12000 = SURFACE_STYLE_USAGE(.BOTH.,#12001);
#12001 = SURFACE_SIDE_STYLE('',(#12002));
#12002 = SURFACE_STYLE_FILL_AREA(#12003);
#12003 = FILL_AREA_STYLE('',(#12004));
#12004 = FILL_AREA_STYLE_COLOUR('',#11962);
#12005 = OVER_RIDING_STYLED_ITEM('overriding color',(#12006),#428,#11947
  );
#12006 = PRESENTATION_STYLE_ASSIGNMENT((#12007));
#12007 = SURFACE_STYLE_USAGE(.BOTH.,#12008);
#12008 = SURFACE_SIDE_STYLE('',(#12009));
#12009 = SURFACE_STYLE_FILL_AREA(#12010);
#12010 = FILL_AREA_STYLE('',(#12011));
#12011 = FILL_AREA_STYLE_COLOUR('',#11962);
#12012 = OVER_RIDING_STYLED_ITEM('overriding color',(#12013),#465,#11947
  );
#12013 = PRESENTATION_STYLE_ASSIGNMENT((#12014));
#12014 = SURFACE_STYLE_USAGE(.BOTH.,#12015);
#12015 = SURFACE_SIDE_STYLE('',(#12016));
#12016 = SURFACE_STYLE_FILL_AREA(#12017);
#12017 = FILL_AREA_STYLE('',(#12018));
#12018 = FILL_AREA_STYLE_COLOUR('',#11962);
#12019 = OVER_RIDING_STYLED_ITEM('overriding color',(#12020),#513,#11947
  );
#12020 = PRESENTATION_STYLE_ASSIGNMENT((#12021));
#12021 = SURFACE_STYLE_USAGE(.BOTH.,#12022);
#12022 = SURFACE_SIDE_STYLE('',(#12023));
#12023 = SURFACE_STYLE_FILL_AREA(#12024);
#12024 = FILL_AREA_STYLE('',(#12025));
#12025 = FILL_AREA_STYLE_COLOUR('',#11962);
#12026 = OVER_RIDING_STYLED_ITEM('overriding color',(#12027),#657,#11947
  );
#12027 = PRESENTATION_STYLE_ASSIGNMENT((#12028));
#12028 = SURFACE_STYLE_USAGE(.BOTH.,#12029);
#12029 = SURFACE_SIDE_STYLE('',(#12030));
#12030 = SURFACE_STYLE_FILL_AREA(#12031);
#12031 = FILL_AREA_STYLE('',(#12032));
#12032 = FILL_AREA_STYLE_COLOUR('',#11962);
#12033 = OVER_RIDING_STYLED_ITEM('overriding color',(#12034),#715,#11947
  );
#12034 = PRESENTATION_STYLE_ASSIGNMENT((#12035));
#12035 = SURFACE_STYLE_USAGE(.BOTH.,#12036);
#12036 = SURFACE_SIDE_STYLE('',(#12037));
#12037 = SURFACE_STYLE_FILL_AREA(#12038);
#12038 = FILL_AREA_STYLE('',(#12039));
#12039 = FILL_AREA_STYLE_COLOUR('',#11962);
#12040 = OVER_RIDING_STYLED_ITEM('overriding color',(#12041),#837,#11947
  );
#12041 = PRESENTATION_STYLE_ASSIGNMENT((#12042));
#12042 = SURFACE_STYLE_USAGE(.BOTH.,#12043);
#12043 = SURFACE_SIDE_STYLE('',(#12044));
#12044 = SURFACE_STYLE_FILL_AREA(#12045);
#12045 = FILL_AREA_STYLE('',(#12046));
#12046 = FILL_AREA_STYLE_COLOUR('',#11962);
#12047 = OVER_RIDING_STYLED_ITEM('overriding color',(#12048),#892,#11947
  );
#12048 = PRESENTATION_STYLE_ASSIGNMENT((#12049));
#12049 = SURFACE_STYLE_USAGE(.BOTH.,#12050);
#12050 = SURFACE_SIDE_STYLE('',(#12051));
#12051 = SURFACE_STYLE_FILL_AREA(#12052);
#12052 = FILL_AREA_STYLE('',(#12053));
#12053 = FILL_AREA_STYLE_COLOUR('',#11962);
#12054 = OVER_RIDING_STYLED_ITEM('overriding color',(#12055),#929,#11947
  );
#12055 = PRESENTATION_STYLE_ASSIGNMENT((#12056));
#12056 = SURFACE_STYLE_USAGE(.BOTH.,#12057);
#12057 = SURFACE_SIDE_STYLE('',(#12058));
#12058 = SURFACE_STYLE_FILL_AREA(#12059);
#12059 = FILL_AREA_STYLE('',(#12060));
#12060 = FILL_AREA_STYLE_COLOUR('',#11962);
#12061 = OVER_RIDING_STYLED_ITEM('overriding color',(#12062),#1807,
  #11947);
#12062 = PRESENTATION_STYLE_ASSIGNMENT((#12063));
#12063 = SURFACE_STYLE_USAGE(.BOTH.,#12064);
#12064 = SURFACE_SIDE_STYLE('',(#12065));
#12065 = SURFACE_STYLE_FILL_AREA(#12066);
#12066 = FILL_AREA_STYLE('',(#12067));
#12067 = FILL_AREA_STYLE_COLOUR('',#11962);
#12068 = OVER_RIDING_STYLED_ITEM('overriding color',(#12069),#1832,
  #11947);
#12069 = PRESENTATION_STYLE_ASSIGNMENT((#12070));
#12070 = SURFACE_STYLE_USAGE(.BOTH.,#12071);
#12071 = SURFACE_SIDE_STYLE('',(#12072));
#12072 = SURFACE_STYLE_FILL_AREA(#12073);
#12073 = FILL_AREA_STYLE('',(#12074));
#12074 = FILL_AREA_STYLE_COLOUR('',#11962);
#12075 = OVER_RIDING_STYLED_ITEM('overriding color',(#12076),#1902,
  #11947);
#12076 = PRESENTATION_STYLE_ASSIGNMENT((#12077));
#12077 = SURFACE_STYLE_USAGE(.BOTH.,#12078);
#12078 = SURFACE_SIDE_STYLE('',(#12079));
#12079 = SURFACE_STYLE_FILL_AREA(#12080);
#12080 = FILL_AREA_STYLE('',(#12081));
#12081 = FILL_AREA_STYLE_COLOUR('',#11962);
#12082 = OVER_RIDING_STYLED_ITEM('overriding color',(#12083),#1927,
  #11947);
#12083 = PRESENTATION_STYLE_ASSIGNMENT((#12084));
#12084 = SURFACE_STYLE_USAGE(.BOTH.,#12085);
#12085 = SURFACE_SIDE_STYLE('',(#12086));
#12086 = SURFACE_STYLE_FILL_AREA(#12087);
#12087 = FILL_AREA_STYLE('',(#12088));
#12088 = FILL_AREA_STYLE_COLOUR('',#11962);
#12089 = OVER_RIDING_STYLED_ITEM('overriding color',(#12090),#2157,
  #11947);
#12090 = PRESENTATION_STYLE_ASSIGNMENT((#12091));
#12091 = SURFACE_STYLE_USAGE(.BOTH.,#12092);
#12092 = SURFACE_SIDE_STYLE('',(#12093));
#12093 = SURFACE_STYLE_FILL_AREA(#12094);
#12094 = FILL_AREA_STYLE('',(#12095));
#12095 = FILL_AREA_STYLE_COLOUR('',#11962);
#12096 = OVER_RIDING_STYLED_ITEM('overriding color',(#12097),#2182,
  #11947);
#12097 = PRESENTATION_STYLE_ASSIGNMENT((#12098));
#12098 = SURFACE_STYLE_USAGE(.BOTH.,#12099);
#12099 = SURFACE_SIDE_STYLE('',(#12100));
#12100 = SURFACE_STYLE_FILL_AREA(#12101);
#12101 = FILL_AREA_STYLE('',(#12102));
#12102 = FILL_AREA_STYLE_COLOUR('',#11962);
#12103 = OVER_RIDING_STYLED_ITEM('overriding color',(#12104),#2917,
  #11947);
#12104 = PRESENTATION_STYLE_ASSIGNMENT((#12105));
#12105 = SURFACE_STYLE_USAGE(.BOTH.,#12106);
#12106 = SURFACE_SIDE_STYLE('',(#12107));
#12107 = SURFACE_STYLE_FILL_AREA(#12108);
#12108 = FILL_AREA_STYLE('',(#12109));
#12109 = FILL_AREA_STYLE_COLOUR('',#11962);
#12110 = OVER_RIDING_STYLED_ITEM('overriding color',(#12111),#2956,
  #11947);
#12111 = PRESENTATION_STYLE_ASSIGNMENT((#12112));
#12112 = SURFACE_STYLE_USAGE(.BOTH.,#12113);
#12113 = SURFACE_SIDE_STYLE('',(#12114));
#12114 = SURFACE_STYLE_FILL_AREA(#12115);
#12115 = FILL_AREA_STYLE('',(#12116));
#12116 = FILL_AREA_STYLE_COLOUR('',#11962);
#12117 = OVER_RIDING_STYLED_ITEM('overriding color',(#12118),#2995,
  #11947);
#12118 = PRESENTATION_STYLE_ASSIGNMENT((#12119));
#12119 = SURFACE_STYLE_USAGE(.BOTH.,#12120);
#12120 = SURFACE_SIDE_STYLE('',(#12121));
#12121 = SURFACE_STYLE_FILL_AREA(#12122);
#12122 = FILL_AREA_STYLE('',(#12123));
#12123 = FILL_AREA_STYLE_COLOUR('',#11962);
#12124 = OVER_RIDING_STYLED_ITEM('overriding color',(#12125),#3011,
  #11947);
#12125 = PRESENTATION_STYLE_ASSIGNMENT((#12126));
#12126 = SURFACE_STYLE_USAGE(.BOTH.,#12127);
#12127 = SURFACE_SIDE_STYLE('',(#12128));
#12128 = SURFACE_STYLE_FILL_AREA(#12129);
#12129 = FILL_AREA_STYLE('',(#12130));
#12130 = FILL_AREA_STYLE_COLOUR('',#11962);
#12131 = OVER_RIDING_STYLED_ITEM('overriding color',(#12132),#3027,
  #11947);
#12132 = PRESENTATION_STYLE_ASSIGNMENT((#12133));
#12133 = SURFACE_STYLE_USAGE(.BOTH.,#12134);
#12134 = SURFACE_SIDE_STYLE('',(#12135));
#12135 = SURFACE_STYLE_FILL_AREA(#12136);
#12136 = FILL_AREA_STYLE('',(#12137));
#12137 = FILL_AREA_STYLE_COLOUR('',#11962);
#12138 = OVER_RIDING_STYLED_ITEM('overriding color',(#12139),#3050,
  #11947);
#12139 = PRESENTATION_STYLE_ASSIGNMENT((#12140));
#12140 = SURFACE_STYLE_USAGE(.BOTH.,#12141);
#12141 = SURFACE_SIDE_STYLE('',(#12142));
#12142 = SURFACE_STYLE_FILL_AREA(#12143);
#12143 = FILL_AREA_STYLE('',(#12144));
#12144 = FILL_AREA_STYLE_COLOUR('',#11962);
#12145 = OVER_RIDING_STYLED_ITEM('overriding color',(#12146),#3068,
  #11947);
#12146 = PRESENTATION_STYLE_ASSIGNMENT((#12147));
#12147 = SURFACE_STYLE_USAGE(.BOTH.,#12148);
#12148 = SURFACE_SIDE_STYLE('',(#12149));
#12149 = SURFACE_STYLE_FILL_AREA(#12150);
#12150 = FILL_AREA_STYLE('',(#12151));
#12151 = FILL_AREA_STYLE_COLOUR('',#11962);
#12152 = OVER_RIDING_STYLED_ITEM('overriding color',(#12153),#3093,
  #11947);
#12153 = PRESENTATION_STYLE_ASSIGNMENT((#12154));
#12154 = SURFACE_STYLE_USAGE(.BOTH.,#12155);
#12155 = SURFACE_SIDE_STYLE('',(#12156));
#12156 = SURFACE_STYLE_FILL_AREA(#12157);
#12157 = FILL_AREA_STYLE('',(#12158));
#12158 = FILL_AREA_STYLE_COLOUR('',#11962);
#12159 = OVER_RIDING_STYLED_ITEM('overriding color',(#12160),#3110,
  #11947);
#12160 = PRESENTATION_STYLE_ASSIGNMENT((#12161));
#12161 = SURFACE_STYLE_USAGE(.BOTH.,#12162);
#12162 = SURFACE_SIDE_STYLE('',(#12163));
#12163 = SURFACE_STYLE_FILL_AREA(#12164);
#12164 = FILL_AREA_STYLE('',(#12165));
#12165 = FILL_AREA_STYLE_COLOUR('',#11962);
#12166 = OVER_RIDING_STYLED_ITEM('overriding color',(#12167),#3479,
  #11947);
#12167 = PRESENTATION_STYLE_ASSIGNMENT((#12168));
#12168 = SURFACE_STYLE_USAGE(.BOTH.,#12169);
#12169 = SURFACE_SIDE_STYLE('',(#12170));
#12170 = SURFACE_STYLE_FILL_AREA(#12171);
#12171 = FILL_AREA_STYLE('',(#12172));
#12172 = FILL_AREA_STYLE_COLOUR('',#11962);
#12173 = OVER_RIDING_STYLED_ITEM('overriding color',(#12174),#3518,
  #11947);
#12174 = PRESENTATION_STYLE_ASSIGNMENT((#12175));
#12175 = SURFACE_STYLE_USAGE(.BOTH.,#12176);
#12176 = SURFACE_SIDE_STYLE('',(#12177));
#12177 = SURFACE_STYLE_FILL_AREA(#12178);
#12178 = FILL_AREA_STYLE('',(#12179));
#12179 = FILL_AREA_STYLE_COLOUR('',#11962);
#12180 = OVER_RIDING_STYLED_ITEM('overriding color',(#12181),#3540,
  #11947);
#12181 = PRESENTATION_STYLE_ASSIGNMENT((#12182));
#12182 = SURFACE_STYLE_USAGE(.BOTH.,#12183);
#12183 = SURFACE_SIDE_STYLE('',(#12184));
#12184 = SURFACE_STYLE_FILL_AREA(#12185);
#12185 = FILL_AREA_STYLE('',(#12186));
#12186 = FILL_AREA_STYLE_COLOUR('',#11962);
#12187 = OVER_RIDING_STYLED_ITEM('overriding color',(#12188),#3578,
  #11947);
#12188 = PRESENTATION_STYLE_ASSIGNMENT((#12189));
#12189 = SURFACE_STYLE_USAGE(.BOTH.,#12190);
#12190 = SURFACE_SIDE_STYLE('',(#12191));
#12191 = SURFACE_STYLE_FILL_AREA(#12192);
#12192 = FILL_AREA_STYLE('',(#12193));
#12193 = FILL_AREA_STYLE_COLOUR('',#11962);
#12194 = OVER_RIDING_STYLED_ITEM('overriding color',(#12195),#3598,
  #11947);
#12195 = PRESENTATION_STYLE_ASSIGNMENT((#12196));
#12196 = SURFACE_STYLE_USAGE(.BOTH.,#12197);
#12197 = SURFACE_SIDE_STYLE('',(#12198));
#12198 = SURFACE_STYLE_FILL_AREA(#12199);
#12199 = FILL_AREA_STYLE('',(#12200));
#12200 = FILL_AREA_STYLE_COLOUR('',#11962);
#12201 = OVER_RIDING_STYLED_ITEM('overriding color',(#12202),#3612,
  #11947);
#12202 = PRESENTATION_STYLE_ASSIGNMENT((#12203));
#12203 = SURFACE_STYLE_USAGE(.BOTH.,#12204);
#12204 = SURFACE_SIDE_STYLE('',(#12205));
#12205 = SURFACE_STYLE_FILL_AREA(#12206);
#12206 = FILL_AREA_STYLE('',(#12207));
#12207 = FILL_AREA_STYLE_COLOUR('',#11962);
#12208 = OVER_RIDING_STYLED_ITEM('overriding color',(#12209),#3994,
  #11947);
#12209 = PRESENTATION_STYLE_ASSIGNMENT((#12210));
#12210 = SURFACE_STYLE_USAGE(.BOTH.,#12211);
#12211 = SURFACE_SIDE_STYLE('',(#12212));
#12212 = SURFACE_STYLE_FILL_AREA(#12213);
#12213 = FILL_AREA_STYLE('',(#12214));
#12214 = FILL_AREA_STYLE_COLOUR('',#11962);
#12215 = OVER_RIDING_STYLED_ITEM('overriding color',(#12216),#4033,
  #11947);
#12216 = PRESENTATION_STYLE_ASSIGNMENT((#12217));
#12217 = SURFACE_STYLE_USAGE(.BOTH.,#12218);
#12218 = SURFACE_SIDE_STYLE('',(#12219));
#12219 = SURFACE_STYLE_FILL_AREA(#12220);
#12220 = FILL_AREA_STYLE('',(#12221));
#12221 = FILL_AREA_STYLE_COLOUR('',#11962);
#12222 = OVER_RIDING_STYLED_ITEM('overriding color',(#12223),#4072,
  #11947);
#12223 = PRESENTATION_STYLE_ASSIGNMENT((#12224));
#12224 = SURFACE_STYLE_USAGE(.BOTH.,#12225);
#12225 = SURFACE_SIDE_STYLE('',(#12226));
#12226 = SURFACE_STYLE_FILL_AREA(#12227);
#12227 = FILL_AREA_STYLE('',(#12228));
#12228 = FILL_AREA_STYLE_COLOUR('',#11962);
#12229 = OVER_RIDING_STYLED_ITEM('overriding color',(#12230),#4088,
  #11947);
#12230 = PRESENTATION_STYLE_ASSIGNMENT((#12231));
#12231 = SURFACE_STYLE_USAGE(.BOTH.,#12232);
#12232 = SURFACE_SIDE_STYLE('',(#12233));
#12233 = SURFACE_STYLE_FILL_AREA(#12234);
#12234 = FILL_AREA_STYLE('',(#12235));
#12235 = FILL_AREA_STYLE_COLOUR('',#11962);
#12236 = OVER_RIDING_STYLED_ITEM('overriding color',(#12237),#4104,
  #11947);
#12237 = PRESENTATION_STYLE_ASSIGNMENT((#12238));
#12238 = SURFACE_STYLE_USAGE(.BOTH.,#12239);
#12239 = SURFACE_SIDE_STYLE('',(#12240));
#12240 = SURFACE_STYLE_FILL_AREA(#12241);
#12241 = FILL_AREA_STYLE('',(#12242));
#12242 = FILL_AREA_STYLE_COLOUR('',#11962);
#12243 = OVER_RIDING_STYLED_ITEM('overriding color',(#12244),#4127,
  #11947);
#12244 = PRESENTATION_STYLE_ASSIGNMENT((#12245));
#12245 = SURFACE_STYLE_USAGE(.BOTH.,#12246);
#12246 = SURFACE_SIDE_STYLE('',(#12247));
#12247 = SURFACE_STYLE_FILL_AREA(#12248);
#12248 = FILL_AREA_STYLE('',(#12249));
#12249 = FILL_AREA_STYLE_COLOUR('',#11962);
#12250 = OVER_RIDING_STYLED_ITEM('overriding color',(#12251),#4145,
  #11947);
#12251 = PRESENTATION_STYLE_ASSIGNMENT((#12252));
#12252 = SURFACE_STYLE_USAGE(.BOTH.,#12253);
#12253 = SURFACE_SIDE_STYLE('',(#12254));
#12254 = SURFACE_STYLE_FILL_AREA(#12255);
#12255 = FILL_AREA_STYLE('',(#12256));
#12256 = FILL_AREA_STYLE_COLOUR('',#11962);
#12257 = OVER_RIDING_STYLED_ITEM('overriding color',(#12258),#4184,
  #11947);
#12258 = PRESENTATION_STYLE_ASSIGNMENT((#12259));
#12259 = SURFACE_STYLE_USAGE(.BOTH.,#12260);
#12260 = SURFACE_SIDE_STYLE('',(#12261));
#12261 = SURFACE_STYLE_FILL_AREA(#12262);
#12262 = FILL_AREA_STYLE('',(#12263));
#12263 = FILL_AREA_STYLE_COLOUR('',#11962);
#12264 = OVER_RIDING_STYLED_ITEM('overriding color',(#12265),#4223,
  #11947);
#12265 = PRESENTATION_STYLE_ASSIGNMENT((#12266));
#12266 = SURFACE_STYLE_USAGE(.BOTH.,#12267);
#12267 = SURFACE_SIDE_STYLE('',(#12268));
#12268 = SURFACE_STYLE_FILL_AREA(#12269);
#12269 = FILL_AREA_STYLE('',(#12270));
#12270 = FILL_AREA_STYLE_COLOUR('',#11962);
#12271 = OVER_RIDING_STYLED_ITEM('overriding color',(#12272),#4239,
  #11947);
#12272 = PRESENTATION_STYLE_ASSIGNMENT((#12273));
#12273 = SURFACE_STYLE_USAGE(.BOTH.,#12274);
#12274 = SURFACE_SIDE_STYLE('',(#12275));
#12275 = SURFACE_STYLE_FILL_AREA(#12276);
#12276 = FILL_AREA_STYLE('',(#12277));
#12277 = FILL_AREA_STYLE_COLOUR('',#11962);
#12278 = OVER_RIDING_STYLED_ITEM('overriding color',(#12279),#4255,
  #11947);
#12279 = PRESENTATION_STYLE_ASSIGNMENT((#12280));
#12280 = SURFACE_STYLE_USAGE(.BOTH.,#12281);
#12281 = SURFACE_SIDE_STYLE('',(#12282));
#12282 = SURFACE_STYLE_FILL_AREA(#12283);
#12283 = FILL_AREA_STYLE('',(#12284));
#12284 = FILL_AREA_STYLE_COLOUR('',#11962);
#12285 = OVER_RIDING_STYLED_ITEM('overriding color',(#12286),#4278,
  #11947);
#12286 = PRESENTATION_STYLE_ASSIGNMENT((#12287));
#12287 = SURFACE_STYLE_USAGE(.BOTH.,#12288);
#12288 = SURFACE_SIDE_STYLE('',(#12289));
#12289 = SURFACE_STYLE_FILL_AREA(#12290);
#12290 = FILL_AREA_STYLE('',(#12291));
#12291 = FILL_AREA_STYLE_COLOUR('',#11962);
#12292 = OVER_RIDING_STYLED_ITEM('overriding color',(#12293),#4296,
  #11947);
#12293 = PRESENTATION_STYLE_ASSIGNMENT((#12294));
#12294 = SURFACE_STYLE_USAGE(.BOTH.,#12295);
#12295 = SURFACE_SIDE_STYLE('',(#12296));
#12296 = SURFACE_STYLE_FILL_AREA(#12297);
#12297 = FILL_AREA_STYLE('',(#12298));
#12298 = FILL_AREA_STYLE_COLOUR('',#11962);
#12299 = OVER_RIDING_STYLED_ITEM('overriding color',(#12300),#4321,
  #11947);
#12300 = PRESENTATION_STYLE_ASSIGNMENT((#12301));
#12301 = SURFACE_STYLE_USAGE(.BOTH.,#12302);
#12302 = SURFACE_SIDE_STYLE('',(#12303));
#12303 = SURFACE_STYLE_FILL_AREA(#12304);
#12304 = FILL_AREA_STYLE('',(#12305));
#12305 = FILL_AREA_STYLE_COLOUR('',#11962);
#12306 = OVER_RIDING_STYLED_ITEM('overriding color',(#12307),#4338,
  #11947);
#12307 = PRESENTATION_STYLE_ASSIGNMENT((#12308));
#12308 = SURFACE_STYLE_USAGE(.BOTH.,#12309);
#12309 = SURFACE_SIDE_STYLE('',(#12310));
#12310 = SURFACE_STYLE_FILL_AREA(#12311);
#12311 = FILL_AREA_STYLE('',(#12312));
#12312 = FILL_AREA_STYLE_COLOUR('',#11962);
#12313 = OVER_RIDING_STYLED_ITEM('overriding color',(#12314),#4363,
  #11947);
#12314 = PRESENTATION_STYLE_ASSIGNMENT((#12315));
#12315 = SURFACE_STYLE_USAGE(.BOTH.,#12316);
#12316 = SURFACE_SIDE_STYLE('',(#12317));
#12317 = SURFACE_STYLE_FILL_AREA(#12318);
#12318 = FILL_AREA_STYLE('',(#12319));
#12319 = FILL_AREA_STYLE_COLOUR('',#11962);
#12320 = OVER_RIDING_STYLED_ITEM('overriding color',(#12321),#4380,
  #11947);
#12321 = PRESENTATION_STYLE_ASSIGNMENT((#12322));
#12322 = SURFACE_STYLE_USAGE(.BOTH.,#12323);
#12323 = SURFACE_SIDE_STYLE('',(#12324));
#12324 = SURFACE_STYLE_FILL_AREA(#12325);
#12325 = FILL_AREA_STYLE('',(#12326));
#12326 = FILL_AREA_STYLE_COLOUR('',#11962);
#12327 = OVER_RIDING_STYLED_ITEM('overriding color',(#12328),#4403,
  #11947);
#12328 = PRESENTATION_STYLE_ASSIGNMENT((#12329));
#12329 = SURFACE_STYLE_USAGE(.BOTH.,#12330);
#12330 = SURFACE_SIDE_STYLE('',(#12331));
#12331 = SURFACE_STYLE_FILL_AREA(#12332);
#12332 = FILL_AREA_STYLE('',(#12333));
#12333 = FILL_AREA_STYLE_COLOUR('',#11962);
#12334 = OVER_RIDING_STYLED_ITEM('overriding color',(#12335),#4426,
  #11947);
#12335 = PRESENTATION_STYLE_ASSIGNMENT((#12336));
#12336 = SURFACE_STYLE_USAGE(.BOTH.,#12337);
#12337 = SURFACE_SIDE_STYLE('',(#12338));
#12338 = SURFACE_STYLE_FILL_AREA(#12339);
#12339 = FILL_AREA_STYLE('',(#12340));
#12340 = FILL_AREA_STYLE_COLOUR('',#11962);
#12341 = OVER_RIDING_STYLED_ITEM('overriding color',(#12342),#4465,
  #11947);
#12342 = PRESENTATION_STYLE_ASSIGNMENT((#12343));
#12343 = SURFACE_STYLE_USAGE(.BOTH.,#12344);
#12344 = SURFACE_SIDE_STYLE('',(#12345));
#12345 = SURFACE_STYLE_FILL_AREA(#12346);
#12346 = FILL_AREA_STYLE('',(#12347));
#12347 = FILL_AREA_STYLE_COLOUR('',#11962);
#12348 = OVER_RIDING_STYLED_ITEM('overriding color',(#12349),#4487,
  #11947);
#12349 = PRESENTATION_STYLE_ASSIGNMENT((#12350));
#12350 = SURFACE_STYLE_USAGE(.BOTH.,#12351);
#12351 = SURFACE_SIDE_STYLE('',(#12352));
#12352 = SURFACE_STYLE_FILL_AREA(#12353);
#12353 = FILL_AREA_STYLE('',(#12354));
#12354 = FILL_AREA_STYLE_COLOUR('',#11962);
#12355 = OVER_RIDING_STYLED_ITEM('overriding color',(#12356),#4526,
  #11947);
#12356 = PRESENTATION_STYLE_ASSIGNMENT((#12357));
#12357 = SURFACE_STYLE_USAGE(.BOTH.,#12358);
#12358 = SURFACE_SIDE_STYLE('',(#12359));
#12359 = SURFACE_STYLE_FILL_AREA(#12360);
#12360 = FILL_AREA_STYLE('',(#12361));
#12361 = FILL_AREA_STYLE_COLOUR('',#11962);
#12362 = OVER_RIDING_STYLED_ITEM('overriding color',(#12363),#4548,
  #11947);
#12363 = PRESENTATION_STYLE_ASSIGNMENT((#12364));
#12364 = SURFACE_STYLE_USAGE(.BOTH.,#12365);
#12365 = SURFACE_SIDE_STYLE('',(#12366));
#12366 = SURFACE_STYLE_FILL_AREA(#12367);
#12367 = FILL_AREA_STYLE('',(#12368));
#12368 = FILL_AREA_STYLE_COLOUR('',#11962);
#12369 = OVER_RIDING_STYLED_ITEM('overriding color',(#12370),#4586,
  #11947);
#12370 = PRESENTATION_STYLE_ASSIGNMENT((#12371));
#12371 = SURFACE_STYLE_USAGE(.BOTH.,#12372);
#12372 = SURFACE_SIDE_STYLE('',(#12373));
#12373 = SURFACE_STYLE_FILL_AREA(#12374);
#12374 = FILL_AREA_STYLE('',(#12375));
#12375 = FILL_AREA_STYLE_COLOUR('',#11962);
#12376 = OVER_RIDING_STYLED_ITEM('overriding color',(#12377),#4624,
  #11947);
#12377 = PRESENTATION_STYLE_ASSIGNMENT((#12378));
#12378 = SURFACE_STYLE_USAGE(.BOTH.,#12379);
#12379 = SURFACE_SIDE_STYLE('',(#12380));
#12380 = SURFACE_STYLE_FILL_AREA(#12381);
#12381 = FILL_AREA_STYLE('',(#12382));
#12382 = FILL_AREA_STYLE_COLOUR('',#11962);
#12383 = OVER_RIDING_STYLED_ITEM('overriding color',(#12384),#4644,
  #11947);
#12384 = PRESENTATION_STYLE_ASSIGNMENT((#12385));
#12385 = SURFACE_STYLE_USAGE(.BOTH.,#12386);
#12386 = SURFACE_SIDE_STYLE('',(#12387));
#12387 = SURFACE_STYLE_FILL_AREA(#12388);
#12388 = FILL_AREA_STYLE('',(#12389));
#12389 = FILL_AREA_STYLE_COLOUR('',#11962);
#12390 = OVER_RIDING_STYLED_ITEM('overriding color',(#12391),#4658,
  #11947);
#12391 = PRESENTATION_STYLE_ASSIGNMENT((#12392));
#12392 = SURFACE_STYLE_USAGE(.BOTH.,#12393);
#12393 = SURFACE_SIDE_STYLE('',(#12394));
#12394 = SURFACE_STYLE_FILL_AREA(#12395);
#12395 = FILL_AREA_STYLE('',(#12396));
#12396 = FILL_AREA_STYLE_COLOUR('',#11962);
#12397 = OVER_RIDING_STYLED_ITEM('overriding color',(#12398),#4672,
  #11947);
#12398 = PRESENTATION_STYLE_ASSIGNMENT((#12399));
#12399 = SURFACE_STYLE_USAGE(.BOTH.,#12400);
#12400 = SURFACE_SIDE_STYLE('',(#12401));
#12401 = SURFACE_STYLE_FILL_AREA(#12402);
#12402 = FILL_AREA_STYLE('',(#12403));
#12403 = FILL_AREA_STYLE_COLOUR('',#11962);
#12404 = OVER_RIDING_STYLED_ITEM('overriding color',(#12405),#4692,
  #11947);
#12405 = PRESENTATION_STYLE_ASSIGNMENT((#12406));
#12406 = SURFACE_STYLE_USAGE(.BOTH.,#12407);
#12407 = SURFACE_SIDE_STYLE('',(#12408));
#12408 = SURFACE_STYLE_FILL_AREA(#12409);
#12409 = FILL_AREA_STYLE('',(#12410));
#12410 = FILL_AREA_STYLE_COLOUR('',#11962);
#12411 = OVER_RIDING_STYLED_ITEM('overriding color',(#12412),#4706,
  #11947);
#12412 = PRESENTATION_STYLE_ASSIGNMENT((#12413));
#12413 = SURFACE_STYLE_USAGE(.BOTH.,#12414);
#12414 = SURFACE_SIDE_STYLE('',(#12415));
#12415 = SURFACE_STYLE_FILL_AREA(#12416);
#12416 = FILL_AREA_STYLE('',(#12417));
#12417 = FILL_AREA_STYLE_COLOUR('',#11962);
#12418 = STYLED_ITEM('color',(#12419),#4720);
#12419 = PRESENTATION_STYLE_ASSIGNMENT((#12420));
#12420 = SURFACE_STYLE_USAGE(.BOTH.,#12421);
#12421 = SURFACE_SIDE_STYLE('',(#12422));
#12422 = SURFACE_STYLE_FILL_AREA(#12423);
#12423 = FILL_AREA_STYLE('',(#12424));
#12424 = FILL_AREA_STYLE_COLOUR('',#11954);
#12425 = OVER_RIDING_STYLED_ITEM('overriding color',(#12426),#4722,
  #12418);
#12426 = PRESENTATION_STYLE_ASSIGNMENT((#12427));
#12427 = SURFACE_STYLE_USAGE(.BOTH.,#12428);
#12428 = SURFACE_SIDE_STYLE('',(#12429));
#12429 = SURFACE_STYLE_FILL_AREA(#12430);
#12430 = FILL_AREA_STYLE('',(#12431));
#12431 = FILL_AREA_STYLE_COLOUR('',#12432);
#12432 = DRAUGHTING_PRE_DEFINED_COLOUR('white');
#12433 = OVER_RIDING_STYLED_ITEM('overriding color',(#12434),#4758,
  #12418);
#12434 = PRESENTATION_STYLE_ASSIGNMENT((#12435));
#12435 = SURFACE_STYLE_USAGE(.BOTH.,#12436);
#12436 = SURFACE_SIDE_STYLE('',(#12437));
#12437 = SURFACE_STYLE_FILL_AREA(#12438);
#12438 = FILL_AREA_STYLE('',(#12439));
#12439 = FILL_AREA_STYLE_COLOUR('',#12432);
#12440 = OVER_RIDING_STYLED_ITEM('overriding color',(#12441),#4786,
  #12418);
#12441 = PRESENTATION_STYLE_ASSIGNMENT((#12442));
#12442 = SURFACE_STYLE_USAGE(.BOTH.,#12443);
#12443 = SURFACE_SIDE_STYLE('',(#12444));
#12444 = SURFACE_STYLE_FILL_AREA(#12445);
#12445 = FILL_AREA_STYLE('',(#12446));
#12446 = FILL_AREA_STYLE_COLOUR('',#12432);
#12447 = OVER_RIDING_STYLED_ITEM('overriding color',(#12448),#4814,
  #12418);
#12448 = PRESENTATION_STYLE_ASSIGNMENT((#12449));
#12449 = SURFACE_STYLE_USAGE(.BOTH.,#12450);
#12450 = SURFACE_SIDE_STYLE('',(#12451));
#12451 = SURFACE_STYLE_FILL_AREA(#12452);
#12452 = FILL_AREA_STYLE('',(#12453));
#12453 = FILL_AREA_STYLE_COLOUR('',#12432);
#12454 = OVER_RIDING_STYLED_ITEM('overriding color',(#12455),#4842,
  #12418);
#12455 = PRESENTATION_STYLE_ASSIGNMENT((#12456));
#12456 = SURFACE_STYLE_USAGE(.BOTH.,#12457);
#12457 = SURFACE_SIDE_STYLE('',(#12458));
#12458 = SURFACE_STYLE_FILL_AREA(#12459);
#12459 = FILL_AREA_STYLE('',(#12460));
#12460 = FILL_AREA_STYLE_COLOUR('',#12432);
#12461 = OVER_RIDING_STYLED_ITEM('overriding color',(#12462),#4870,
  #12418);
#12462 = PRESENTATION_STYLE_ASSIGNMENT((#12463));
#12463 = SURFACE_STYLE_USAGE(.BOTH.,#12464);
#12464 = SURFACE_SIDE_STYLE('',(#12465));
#12465 = SURFACE_STYLE_FILL_AREA(#12466);
#12466 = FILL_AREA_STYLE('',(#12467));
#12467 = FILL_AREA_STYLE_COLOUR('',#12432);
#12468 = OVER_RIDING_STYLED_ITEM('overriding color',(#12469),#4890,
  #12418);
#12469 = PRESENTATION_STYLE_ASSIGNMENT((#12470));
#12470 = SURFACE_STYLE_USAGE(.BOTH.,#12471);
#12471 = SURFACE_SIDE_STYLE('',(#12472));
#12472 = SURFACE_STYLE_FILL_AREA(#12473);
#12473 = FILL_AREA_STYLE('',(#12474));
#12474 = FILL_AREA_STYLE_COLOUR('',#12432);
#12475 = OVER_RIDING_STYLED_ITEM('overriding color',(#12476),#4904,
  #12418);
#12476 = PRESENTATION_STYLE_ASSIGNMENT((#12477));
#12477 = SURFACE_STYLE_USAGE(.BOTH.,#12478);
#12478 = SURFACE_SIDE_STYLE('',(#12479));
#12479 = SURFACE_STYLE_FILL_AREA(#12480);
#12480 = FILL_AREA_STYLE('',(#12481));
#12481 = FILL_AREA_STYLE_COLOUR('',#12432);
#12482 = STYLED_ITEM('color',(#12483),#4918);
#12483 = PRESENTATION_STYLE_ASSIGNMENT((#12484));
#12484 = SURFACE_STYLE_USAGE(.BOTH.,#12485);
#12485 = SURFACE_SIDE_STYLE('',(#12486));
#12486 = SURFACE_STYLE_FILL_AREA(#12487);
#12487 = FILL_AREA_STYLE('',(#12488));
#12488 = FILL_AREA_STYLE_COLOUR('',#11954);
#12489 = OVER_RIDING_STYLED_ITEM('overriding color',(#12490),#4920,
  #12482);
#12490 = PRESENTATION_STYLE_ASSIGNMENT((#12491));
#12491 = SURFACE_STYLE_USAGE(.BOTH.,#12492);
#12492 = SURFACE_SIDE_STYLE('',(#12493));
#12493 = SURFACE_STYLE_FILL_AREA(#12494);
#12494 = FILL_AREA_STYLE('',(#12495));
#12495 = FILL_AREA_STYLE_COLOUR('',#12432);
#12496 = OVER_RIDING_STYLED_ITEM('overriding color',(#12497),#4964,
  #12482);
#12497 = PRESENTATION_STYLE_ASSIGNMENT((#12498));
#12498 = SURFACE_STYLE_USAGE(.BOTH.,#12499);
#12499 = SURFACE_SIDE_STYLE('',(#12500));
#12500 = SURFACE_STYLE_FILL_AREA(#12501);
#12501 = FILL_AREA_STYLE('',(#12502));
#12502 = FILL_AREA_STYLE_COLOUR('',#12432);
#12503 = OVER_RIDING_STYLED_ITEM('overriding color',(#12504),#4992,
  #12482);
#12504 = PRESENTATION_STYLE_ASSIGNMENT((#12505));
#12505 = SURFACE_STYLE_USAGE(.BOTH.,#12506);
#12506 = SURFACE_SIDE_STYLE('',(#12507));
#12507 = SURFACE_STYLE_FILL_AREA(#12508);
#12508 = FILL_AREA_STYLE('',(#12509));
#12509 = FILL_AREA_STYLE_COLOUR('',#12432);
#12510 = OVER_RIDING_STYLED_ITEM('overriding color',(#12511),#5028,
  #12482);
#12511 = PRESENTATION_STYLE_ASSIGNMENT((#12512));
#12512 = SURFACE_STYLE_USAGE(.BOTH.,#12513);
#12513 = SURFACE_SIDE_STYLE('',(#12514));
#12514 = SURFACE_STYLE_FILL_AREA(#12515);
#12515 = FILL_AREA_STYLE('',(#12516));
#12516 = FILL_AREA_STYLE_COLOUR('',#12432);
#12517 = OVER_RIDING_STYLED_ITEM('overriding color',(#12518),#5064,
  #12482);
#12518 = PRESENTATION_STYLE_ASSIGNMENT((#12519));
#12519 = SURFACE_STYLE_USAGE(.BOTH.,#12520);
#12520 = SURFACE_SIDE_STYLE('',(#12521));
#12521 = SURFACE_STYLE_FILL_AREA(#12522);
#12522 = FILL_AREA_STYLE('',(#12523));
#12523 = FILL_AREA_STYLE_COLOUR('',#12432);
#12524 = OVER_RIDING_STYLED_ITEM('overriding color',(#12525),#5100,
  #12482);
#12525 = PRESENTATION_STYLE_ASSIGNMENT((#12526));
#12526 = SURFACE_STYLE_USAGE(.BOTH.,#12527);
#12527 = SURFACE_SIDE_STYLE('',(#12528));
#12528 = SURFACE_STYLE_FILL_AREA(#12529);
#12529 = FILL_AREA_STYLE('',(#12530));
#12530 = FILL_AREA_STYLE_COLOUR('',#12432);
#12531 = OVER_RIDING_STYLED_ITEM('overriding color',(#12532),#5136,
  #12482);
#12532 = PRESENTATION_STYLE_ASSIGNMENT((#12533));
#12533 = SURFACE_STYLE_USAGE(.BOTH.,#12534);
#12534 = SURFACE_SIDE_STYLE('',(#12535));
#12535 = SURFACE_STYLE_FILL_AREA(#12536);
#12536 = FILL_AREA_STYLE('',(#12537));
#12537 = FILL_AREA_STYLE_COLOUR('',#12432);
#12538 = OVER_RIDING_STYLED_ITEM('overriding color',(#12539),#5172,
  #12482);
#12539 = PRESENTATION_STYLE_ASSIGNMENT((#12540));
#12540 = SURFACE_STYLE_USAGE(.BOTH.,#12541);
#12541 = SURFACE_SIDE_STYLE('',(#12542));
#12542 = SURFACE_STYLE_FILL_AREA(#12543);
#12543 = FILL_AREA_STYLE('',(#12544));
#12544 = FILL_AREA_STYLE_COLOUR('',#12432);
#12545 = OVER_RIDING_STYLED_ITEM('overriding color',(#12546),#5208,
  #12482);
#12546 = PRESENTATION_STYLE_ASSIGNMENT((#12547));
#12547 = SURFACE_STYLE_USAGE(.BOTH.,#12548);
#12548 = SURFACE_SIDE_STYLE('',(#12549));
#12549 = SURFACE_STYLE_FILL_AREA(#12550);
#12550 = FILL_AREA_STYLE('',(#12551));
#12551 = FILL_AREA_STYLE_COLOUR('',#12432);
#12552 = OVER_RIDING_STYLED_ITEM('overriding color',(#12553),#5236,
  #12482);
#12553 = PRESENTATION_STYLE_ASSIGNMENT((#12554));
#12554 = SURFACE_STYLE_USAGE(.BOTH.,#12555);
#12555 = SURFACE_SIDE_STYLE('',(#12556));
#12556 = SURFACE_STYLE_FILL_AREA(#12557);
#12557 = FILL_AREA_STYLE('',(#12558));
#12558 = FILL_AREA_STYLE_COLOUR('',#12432);
#12559 = OVER_RIDING_STYLED_ITEM('overriding color',(#12560),#5272,
  #12482);
#12560 = PRESENTATION_STYLE_ASSIGNMENT((#12561));
#12561 = SURFACE_STYLE_USAGE(.BOTH.,#12562);
#12562 = SURFACE_SIDE_STYLE('',(#12563));
#12563 = SURFACE_STYLE_FILL_AREA(#12564);
#12564 = FILL_AREA_STYLE('',(#12565));
#12565 = FILL_AREA_STYLE_COLOUR('',#12432);
#12566 = OVER_RIDING_STYLED_ITEM('overriding color',(#12567),#5308,
  #12482);
#12567 = PRESENTATION_STYLE_ASSIGNMENT((#12568));
#12568 = SURFACE_STYLE_USAGE(.BOTH.,#12569);
#12569 = SURFACE_SIDE_STYLE('',(#12570));
#12570 = SURFACE_STYLE_FILL_AREA(#12571);
#12571 = FILL_AREA_STYLE('',(#12572));
#12572 = FILL_AREA_STYLE_COLOUR('',#12432);
#12573 = OVER_RIDING_STYLED_ITEM('overriding color',(#12574),#5344,
  #12482);
#12574 = PRESENTATION_STYLE_ASSIGNMENT((#12575));
#12575 = SURFACE_STYLE_USAGE(.BOTH.,#12576);
#12576 = SURFACE_SIDE_STYLE('',(#12577));
#12577 = SURFACE_STYLE_FILL_AREA(#12578);
#12578 = FILL_AREA_STYLE('',(#12579));
#12579 = FILL_AREA_STYLE_COLOUR('',#12432);
#12580 = OVER_RIDING_STYLED_ITEM('overriding color',(#12581),#5380,
  #12482);
#12581 = PRESENTATION_STYLE_ASSIGNMENT((#12582));
#12582 = SURFACE_STYLE_USAGE(.BOTH.,#12583);
#12583 = SURFACE_SIDE_STYLE('',(#12584));
#12584 = SURFACE_STYLE_FILL_AREA(#12585);
#12585 = FILL_AREA_STYLE('',(#12586));
#12586 = FILL_AREA_STYLE_COLOUR('',#12432);
#12587 = OVER_RIDING_STYLED_ITEM('overriding color',(#12588),#5408,
  #12482);
#12588 = PRESENTATION_STYLE_ASSIGNMENT((#12589));
#12589 = SURFACE_STYLE_USAGE(.BOTH.,#12590);
#12590 = SURFACE_SIDE_STYLE('',(#12591));
#12591 = SURFACE_STYLE_FILL_AREA(#12592);
#12592 = FILL_AREA_STYLE('',(#12593));
#12593 = FILL_AREA_STYLE_COLOUR('',#12432);
#12594 = OVER_RIDING_STYLED_ITEM('overriding color',(#12595),#5430,
  #12482);
#12595 = PRESENTATION_STYLE_ASSIGNMENT((#12596));
#12596 = SURFACE_STYLE_USAGE(.BOTH.,#12597);
#12597 = SURFACE_SIDE_STYLE('',(#12598));
#12598 = SURFACE_STYLE_FILL_AREA(#12599);
#12599 = FILL_AREA_STYLE('',(#12600));
#12600 = FILL_AREA_STYLE_COLOUR('',#12432);
#12601 = STYLED_ITEM('color',(#12602),#5452);
#12602 = PRESENTATION_STYLE_ASSIGNMENT((#12603));
#12603 = SURFACE_STYLE_USAGE(.BOTH.,#12604);
#12604 = SURFACE_SIDE_STYLE('',(#12605));
#12605 = SURFACE_STYLE_FILL_AREA(#12606);
#12606 = FILL_AREA_STYLE('',(#12607));
#12607 = FILL_AREA_STYLE_COLOUR('',#11954);
#12608 = OVER_RIDING_STYLED_ITEM('overriding color',(#12609),#5454,
  #12601);
#12609 = PRESENTATION_STYLE_ASSIGNMENT((#12610));
#12610 = SURFACE_STYLE_USAGE(.BOTH.,#12611);
#12611 = SURFACE_SIDE_STYLE('',(#12612));
#12612 = SURFACE_STYLE_FILL_AREA(#12613);
#12613 = FILL_AREA_STYLE('',(#12614));
#12614 = FILL_AREA_STYLE_COLOUR('',#12432);
#12615 = OVER_RIDING_STYLED_ITEM('overriding color',(#12616),#5490,
  #12601);
#12616 = PRESENTATION_STYLE_ASSIGNMENT((#12617));
#12617 = SURFACE_STYLE_USAGE(.BOTH.,#12618);
#12618 = SURFACE_SIDE_STYLE('',(#12619));
#12619 = SURFACE_STYLE_FILL_AREA(#12620);
#12620 = FILL_AREA_STYLE('',(#12621));
#12621 = FILL_AREA_STYLE_COLOUR('',#12432);
#12622 = OVER_RIDING_STYLED_ITEM('overriding color',(#12623),#5518,
  #12601);
#12623 = PRESENTATION_STYLE_ASSIGNMENT((#12624));
#12624 = SURFACE_STYLE_USAGE(.BOTH.,#12625);
#12625 = SURFACE_SIDE_STYLE('',(#12626));
#12626 = SURFACE_STYLE_FILL_AREA(#12627);
#12627 = FILL_AREA_STYLE('',(#12628));
#12628 = FILL_AREA_STYLE_COLOUR('',#12432);
#12629 = OVER_RIDING_STYLED_ITEM('overriding color',(#12630),#5546,
  #12601);
#12630 = PRESENTATION_STYLE_ASSIGNMENT((#12631));
#12631 = SURFACE_STYLE_USAGE(.BOTH.,#12632);
#12632 = SURFACE_SIDE_STYLE('',(#12633));
#12633 = SURFACE_STYLE_FILL_AREA(#12634);
#12634 = FILL_AREA_STYLE('',(#12635));
#12635 = FILL_AREA_STYLE_COLOUR('',#12432);
#12636 = OVER_RIDING_STYLED_ITEM('overriding color',(#12637),#5574,
  #12601);
#12637 = PRESENTATION_STYLE_ASSIGNMENT((#12638));
#12638 = SURFACE_STYLE_USAGE(.BOTH.,#12639);
#12639 = SURFACE_SIDE_STYLE('',(#12640));
#12640 = SURFACE_STYLE_FILL_AREA(#12641);
#12641 = FILL_AREA_STYLE('',(#12642));
#12642 = FILL_AREA_STYLE_COLOUR('',#12432);
#12643 = OVER_RIDING_STYLED_ITEM('overriding color',(#12644),#5602,
  #12601);
#12644 = PRESENTATION_STYLE_ASSIGNMENT((#12645));
#12645 = SURFACE_STYLE_USAGE(.BOTH.,#12646);
#12646 = SURFACE_SIDE_STYLE('',(#12647));
#12647 = SURFACE_STYLE_FILL_AREA(#12648);
#12648 = FILL_AREA_STYLE('',(#12649));
#12649 = FILL_AREA_STYLE_COLOUR('',#12432);
#12650 = OVER_RIDING_STYLED_ITEM('overriding color',(#12651),#5630,
  #12601);
#12651 = PRESENTATION_STYLE_ASSIGNMENT((#12652));
#12652 = SURFACE_STYLE_USAGE(.BOTH.,#12653);
#12653 = SURFACE_SIDE_STYLE('',(#12654));
#12654 = SURFACE_STYLE_FILL_AREA(#12655);
#12655 = FILL_AREA_STYLE('',(#12656));
#12656 = FILL_AREA_STYLE_COLOUR('',#12432);
#12657 = OVER_RIDING_STYLED_ITEM('overriding color',(#12658),#5658,
  #12601);
#12658 = PRESENTATION_STYLE_ASSIGNMENT((#12659));
#12659 = SURFACE_STYLE_USAGE(.BOTH.,#12660);
#12660 = SURFACE_SIDE_STYLE('',(#12661));
#12661 = SURFACE_STYLE_FILL_AREA(#12662);
#12662 = FILL_AREA_STYLE('',(#12663));
#12663 = FILL_AREA_STYLE_COLOUR('',#12432);
#12664 = OVER_RIDING_STYLED_ITEM('overriding color',(#12665),#5686,
  #12601);
#12665 = PRESENTATION_STYLE_ASSIGNMENT((#12666));
#12666 = SURFACE_STYLE_USAGE(.BOTH.,#12667);
#12667 = SURFACE_SIDE_STYLE('',(#12668));
#12668 = SURFACE_STYLE_FILL_AREA(#12669);
#12669 = FILL_AREA_STYLE('',(#12670));
#12670 = FILL_AREA_STYLE_COLOUR('',#12432);
#12671 = OVER_RIDING_STYLED_ITEM('overriding color',(#12672),#5714,
  #12601);
#12672 = PRESENTATION_STYLE_ASSIGNMENT((#12673));
#12673 = SURFACE_STYLE_USAGE(.BOTH.,#12674);
#12674 = SURFACE_SIDE_STYLE('',(#12675));
#12675 = SURFACE_STYLE_FILL_AREA(#12676);
#12676 = FILL_AREA_STYLE('',(#12677));
#12677 = FILL_AREA_STYLE_COLOUR('',#12432);
#12678 = OVER_RIDING_STYLED_ITEM('overriding color',(#12679),#5742,
  #12601);
#12679 = PRESENTATION_STYLE_ASSIGNMENT((#12680));
#12680 = SURFACE_STYLE_USAGE(.BOTH.,#12681);
#12681 = SURFACE_SIDE_STYLE('',(#12682));
#12682 = SURFACE_STYLE_FILL_AREA(#12683);
#12683 = FILL_AREA_STYLE('',(#12684));
#12684 = FILL_AREA_STYLE_COLOUR('',#12432);
#12685 = OVER_RIDING_STYLED_ITEM('overriding color',(#12686),#5770,
  #12601);
#12686 = PRESENTATION_STYLE_ASSIGNMENT((#12687));
#12687 = SURFACE_STYLE_USAGE(.BOTH.,#12688);
#12688 = SURFACE_SIDE_STYLE('',(#12689));
#12689 = SURFACE_STYLE_FILL_AREA(#12690);
#12690 = FILL_AREA_STYLE('',(#12691));
#12691 = FILL_AREA_STYLE_COLOUR('',#12432);
#12692 = OVER_RIDING_STYLED_ITEM('overriding color',(#12693),#5790,
  #12601);
#12693 = PRESENTATION_STYLE_ASSIGNMENT((#12694));
#12694 = SURFACE_STYLE_USAGE(.BOTH.,#12695);
#12695 = SURFACE_SIDE_STYLE('',(#12696));
#12696 = SURFACE_STYLE_FILL_AREA(#12697);
#12697 = FILL_AREA_STYLE('',(#12698));
#12698 = FILL_AREA_STYLE_COLOUR('',#12432);
#12699 = OVER_RIDING_STYLED_ITEM('overriding color',(#12700),#5810,
  #12601);
#12700 = PRESENTATION_STYLE_ASSIGNMENT((#12701));
#12701 = SURFACE_STYLE_USAGE(.BOTH.,#12702);
#12702 = SURFACE_SIDE_STYLE('',(#12703));
#12703 = SURFACE_STYLE_FILL_AREA(#12704);
#12704 = FILL_AREA_STYLE('',(#12705));
#12705 = FILL_AREA_STYLE_COLOUR('',#12432);
#12706 = STYLED_ITEM('color',(#12707),#5830);
#12707 = PRESENTATION_STYLE_ASSIGNMENT((#12708));
#12708 = SURFACE_STYLE_USAGE(.BOTH.,#12709);
#12709 = SURFACE_SIDE_STYLE('',(#12710));
#12710 = SURFACE_STYLE_FILL_AREA(#12711);
#12711 = FILL_AREA_STYLE('',(#12712));
#12712 = FILL_AREA_STYLE_COLOUR('',#11954);
#12713 = OVER_RIDING_STYLED_ITEM('overriding color',(#12714),#5832,
  #12706);
#12714 = PRESENTATION_STYLE_ASSIGNMENT((#12715));
#12715 = SURFACE_STYLE_USAGE(.BOTH.,#12716);
#12716 = SURFACE_SIDE_STYLE('',(#12717));
#12717 = SURFACE_STYLE_FILL_AREA(#12718);
#12718 = FILL_AREA_STYLE('',(#12719));
#12719 = FILL_AREA_STYLE_COLOUR('',#12432);
#12720 = OVER_RIDING_STYLED_ITEM('overriding color',(#12721),#5956,
  #12706);
#12721 = PRESENTATION_STYLE_ASSIGNMENT((#12722));
#12722 = SURFACE_STYLE_USAGE(.BOTH.,#12723);
#12723 = SURFACE_SIDE_STYLE('',(#12724));
#12724 = SURFACE_STYLE_FILL_AREA(#12725);
#12725 = FILL_AREA_STYLE('',(#12726));
#12726 = FILL_AREA_STYLE_COLOUR('',#12432);
#12727 = OVER_RIDING_STYLED_ITEM('overriding color',(#12728),#6080,
  #12706);
#12728 = PRESENTATION_STYLE_ASSIGNMENT((#12729));
#12729 = SURFACE_STYLE_USAGE(.BOTH.,#12730);
#12730 = SURFACE_SIDE_STYLE('',(#12731));
#12731 = SURFACE_STYLE_FILL_AREA(#12732);
#12732 = FILL_AREA_STYLE('',(#12733));
#12733 = FILL_AREA_STYLE_COLOUR('',#12432);
#12734 = OVER_RIDING_STYLED_ITEM('overriding color',(#12735),#6100,
  #12706);
#12735 = PRESENTATION_STYLE_ASSIGNMENT((#12736));
#12736 = SURFACE_STYLE_USAGE(.BOTH.,#12737);
#12737 = SURFACE_SIDE_STYLE('',(#12738));
#12738 = SURFACE_STYLE_FILL_AREA(#12739);
#12739 = FILL_AREA_STYLE('',(#12740));
#12740 = FILL_AREA_STYLE_COLOUR('',#12432);
#12741 = OVER_RIDING_STYLED_ITEM('overriding color',(#12742),#6120,
  #12706);
#12742 = PRESENTATION_STYLE_ASSIGNMENT((#12743));
#12743 = SURFACE_STYLE_USAGE(.BOTH.,#12744);
#12744 = SURFACE_SIDE_STYLE('',(#12745));
#12745 = SURFACE_STYLE_FILL_AREA(#12746);
#12746 = FILL_AREA_STYLE('',(#12747));
#12747 = FILL_AREA_STYLE_COLOUR('',#12432);
#12748 = OVER_RIDING_STYLED_ITEM('overriding color',(#12749),#6140,
  #12706);
#12749 = PRESENTATION_STYLE_ASSIGNMENT((#12750));
#12750 = SURFACE_STYLE_USAGE(.BOTH.,#12751);
#12751 = SURFACE_SIDE_STYLE('',(#12752));
#12752 = SURFACE_STYLE_FILL_AREA(#12753);
#12753 = FILL_AREA_STYLE('',(#12754));
#12754 = FILL_AREA_STYLE_COLOUR('',#12432);
#12755 = OVER_RIDING_STYLED_ITEM('overriding color',(#12756),#6160,
  #12706);
#12756 = PRESENTATION_STYLE_ASSIGNMENT((#12757));
#12757 = SURFACE_STYLE_USAGE(.BOTH.,#12758);
#12758 = SURFACE_SIDE_STYLE('',(#12759));
#12759 = SURFACE_STYLE_FILL_AREA(#12760);
#12760 = FILL_AREA_STYLE('',(#12761));
#12761 = FILL_AREA_STYLE_COLOUR('',#12432);
#12762 = OVER_RIDING_STYLED_ITEM('overriding color',(#12763),#6180,
  #12706);
#12763 = PRESENTATION_STYLE_ASSIGNMENT((#12764));
#12764 = SURFACE_STYLE_USAGE(.BOTH.,#12765);
#12765 = SURFACE_SIDE_STYLE('',(#12766));
#12766 = SURFACE_STYLE_FILL_AREA(#12767);
#12767 = FILL_AREA_STYLE('',(#12768));
#12768 = FILL_AREA_STYLE_COLOUR('',#12432);
#12769 = OVER_RIDING_STYLED_ITEM('overriding color',(#12770),#6196,
  #12706);
#12770 = PRESENTATION_STYLE_ASSIGNMENT((#12771));
#12771 = SURFACE_STYLE_USAGE(.BOTH.,#12772);
#12772 = SURFACE_SIDE_STYLE('',(#12773));
#12773 = SURFACE_STYLE_FILL_AREA(#12774);
#12774 = FILL_AREA_STYLE('',(#12775));
#12775 = FILL_AREA_STYLE_COLOUR('',#12432);
#12776 = OVER_RIDING_STYLED_ITEM('overriding color',(#12777),#6208,
  #12706);
#12777 = PRESENTATION_STYLE_ASSIGNMENT((#12778));
#12778 = SURFACE_STYLE_USAGE(.BOTH.,#12779);
#12779 = SURFACE_SIDE_STYLE('',(#12780));
#12780 = SURFACE_STYLE_FILL_AREA(#12781);
#12781 = FILL_AREA_STYLE('',(#12782));
#12782 = FILL_AREA_STYLE_COLOUR('',#12432);
#12783 = OVER_RIDING_STYLED_ITEM('overriding color',(#12784),#6228,
  #12706);
#12784 = PRESENTATION_STYLE_ASSIGNMENT((#12785));
#12785 = SURFACE_STYLE_USAGE(.BOTH.,#12786);
#12786 = SURFACE_SIDE_STYLE('',(#12787));
#12787 = SURFACE_STYLE_FILL_AREA(#12788);
#12788 = FILL_AREA_STYLE('',(#12789));
#12789 = FILL_AREA_STYLE_COLOUR('',#12432);
#12790 = OVER_RIDING_STYLED_ITEM('overriding color',(#12791),#6244,
  #12706);
#12791 = PRESENTATION_STYLE_ASSIGNMENT((#12792));
#12792 = SURFACE_STYLE_USAGE(.BOTH.,#12793);
#12793 = SURFACE_SIDE_STYLE('',(#12794));
#12794 = SURFACE_STYLE_FILL_AREA(#12795);
#12795 = FILL_AREA_STYLE('',(#12796));
#12796 = FILL_AREA_STYLE_COLOUR('',#12432);
#12797 = OVER_RIDING_STYLED_ITEM('overriding color',(#12798),#6260,
  #12706);
#12798 = PRESENTATION_STYLE_ASSIGNMENT((#12799));
#12799 = SURFACE_STYLE_USAGE(.BOTH.,#12800);
#12800 = SURFACE_SIDE_STYLE('',(#12801));
#12801 = SURFACE_STYLE_FILL_AREA(#12802);
#12802 = FILL_AREA_STYLE('',(#12803));
#12803 = FILL_AREA_STYLE_COLOUR('',#12432);
#12804 = OVER_RIDING_STYLED_ITEM('overriding color',(#12805),#6280,
  #12706);
#12805 = PRESENTATION_STYLE_ASSIGNMENT((#12806));
#12806 = SURFACE_STYLE_USAGE(.BOTH.,#12807);
#12807 = SURFACE_SIDE_STYLE('',(#12808));
#12808 = SURFACE_STYLE_FILL_AREA(#12809);
#12809 = FILL_AREA_STYLE('',(#12810));
#12810 = FILL_AREA_STYLE_COLOUR('',#12432);
#12811 = OVER_RIDING_STYLED_ITEM('overriding color',(#12812),#6300,
  #12706);
#12812 = PRESENTATION_STYLE_ASSIGNMENT((#12813));
#12813 = SURFACE_STYLE_USAGE(.BOTH.,#12814);
#12814 = SURFACE_SIDE_STYLE('',(#12815));
#12815 = SURFACE_STYLE_FILL_AREA(#12816);
#12816 = FILL_AREA_STYLE('',(#12817));
#12817 = FILL_AREA_STYLE_COLOUR('',#12432);
#12818 = OVER_RIDING_STYLED_ITEM('overriding color',(#12819),#6320,
  #12706);
#12819 = PRESENTATION_STYLE_ASSIGNMENT((#12820));
#12820 = SURFACE_STYLE_USAGE(.BOTH.,#12821);
#12821 = SURFACE_SIDE_STYLE('',(#12822));
#12822 = SURFACE_STYLE_FILL_AREA(#12823);
#12823 = FILL_AREA_STYLE('',(#12824));
#12824 = FILL_AREA_STYLE_COLOUR('',#12432);
#12825 = STYLED_ITEM('color',(#12826),#6336);
#12826 = PRESENTATION_STYLE_ASSIGNMENT((#12827));
#12827 = SURFACE_STYLE_USAGE(.BOTH.,#12828);
#12828 = SURFACE_SIDE_STYLE('',(#12829));
#12829 = SURFACE_STYLE_FILL_AREA(#12830);
#12830 = FILL_AREA_STYLE('',(#12831));
#12831 = FILL_AREA_STYLE_COLOUR('',#11954);
#12832 = OVER_RIDING_STYLED_ITEM('overriding color',(#12833),#6338,
  #12825);
#12833 = PRESENTATION_STYLE_ASSIGNMENT((#12834));
#12834 = SURFACE_STYLE_USAGE(.BOTH.,#12835);
#12835 = SURFACE_SIDE_STYLE('',(#12836));
#12836 = SURFACE_STYLE_FILL_AREA(#12837);
#12837 = FILL_AREA_STYLE('',(#12838));
#12838 = FILL_AREA_STYLE_COLOUR('',#12432);
#12839 = OVER_RIDING_STYLED_ITEM('overriding color',(#12840),#6450,
  #12825);
#12840 = PRESENTATION_STYLE_ASSIGNMENT((#12841));
#12841 = SURFACE_STYLE_USAGE(.BOTH.,#12842);
#12842 = SURFACE_SIDE_STYLE('',(#12843));
#12843 = SURFACE_STYLE_FILL_AREA(#12844);
#12844 = FILL_AREA_STYLE('',(#12845));
#12845 = FILL_AREA_STYLE_COLOUR('',#12432);
#12846 = OVER_RIDING_STYLED_ITEM('overriding color',(#12847),#6562,
  #12825);
#12847 = PRESENTATION_STYLE_ASSIGNMENT((#12848));
#12848 = SURFACE_STYLE_USAGE(.BOTH.,#12849);
#12849 = SURFACE_SIDE_STYLE('',(#12850));
#12850 = SURFACE_STYLE_FILL_AREA(#12851);
#12851 = FILL_AREA_STYLE('',(#12852));
#12852 = FILL_AREA_STYLE_COLOUR('',#12432);
#12853 = OVER_RIDING_STYLED_ITEM('overriding color',(#12854),#6582,
  #12825);
#12854 = PRESENTATION_STYLE_ASSIGNMENT((#12855));
#12855 = SURFACE_STYLE_USAGE(.BOTH.,#12856);
#12856 = SURFACE_SIDE_STYLE('',(#12857));
#12857 = SURFACE_STYLE_FILL_AREA(#12858);
#12858 = FILL_AREA_STYLE('',(#12859));
#12859 = FILL_AREA_STYLE_COLOUR('',#12432);
#12860 = OVER_RIDING_STYLED_ITEM('overriding color',(#12861),#6598,
  #12825);
#12861 = PRESENTATION_STYLE_ASSIGNMENT((#12862));
#12862 = SURFACE_STYLE_USAGE(.BOTH.,#12863);
#12863 = SURFACE_SIDE_STYLE('',(#12864));
#12864 = SURFACE_STYLE_FILL_AREA(#12865);
#12865 = FILL_AREA_STYLE('',(#12866));
#12866 = FILL_AREA_STYLE_COLOUR('',#12432);
#12867 = OVER_RIDING_STYLED_ITEM('overriding color',(#12868),#6614,
  #12825);
#12868 = PRESENTATION_STYLE_ASSIGNMENT((#12869));
#12869 = SURFACE_STYLE_USAGE(.BOTH.,#12870);
#12870 = SURFACE_SIDE_STYLE('',(#12871));
#12871 = SURFACE_STYLE_FILL_AREA(#12872);
#12872 = FILL_AREA_STYLE('',(#12873));
#12873 = FILL_AREA_STYLE_COLOUR('',#12432);
#12874 = OVER_RIDING_STYLED_ITEM('overriding color',(#12875),#6630,
  #12825);
#12875 = PRESENTATION_STYLE_ASSIGNMENT((#12876));
#12876 = SURFACE_STYLE_USAGE(.BOTH.,#12877);
#12877 = SURFACE_SIDE_STYLE('',(#12878));
#12878 = SURFACE_STYLE_FILL_AREA(#12879);
#12879 = FILL_AREA_STYLE('',(#12880));
#12880 = FILL_AREA_STYLE_COLOUR('',#12432);
#12881 = OVER_RIDING_STYLED_ITEM('overriding color',(#12882),#6646,
  #12825);
#12882 = PRESENTATION_STYLE_ASSIGNMENT((#12883));
#12883 = SURFACE_STYLE_USAGE(.BOTH.,#12884);
#12884 = SURFACE_SIDE_STYLE('',(#12885));
#12885 = SURFACE_STYLE_FILL_AREA(#12886);
#12886 = FILL_AREA_STYLE('',(#12887));
#12887 = FILL_AREA_STYLE_COLOUR('',#12432);
#12888 = OVER_RIDING_STYLED_ITEM('overriding color',(#12889),#6662,
  #12825);
#12889 = PRESENTATION_STYLE_ASSIGNMENT((#12890));
#12890 = SURFACE_STYLE_USAGE(.BOTH.,#12891);
#12891 = SURFACE_SIDE_STYLE('',(#12892));
#12892 = SURFACE_STYLE_FILL_AREA(#12893);
#12893 = FILL_AREA_STYLE('',(#12894));
#12894 = FILL_AREA_STYLE_COLOUR('',#12432);
#12895 = OVER_RIDING_STYLED_ITEM('overriding color',(#12896),#6678,
  #12825);
#12896 = PRESENTATION_STYLE_ASSIGNMENT((#12897));
#12897 = SURFACE_STYLE_USAGE(.BOTH.,#12898);
#12898 = SURFACE_SIDE_STYLE('',(#12899));
#12899 = SURFACE_STYLE_FILL_AREA(#12900);
#12900 = FILL_AREA_STYLE('',(#12901));
#12901 = FILL_AREA_STYLE_COLOUR('',#12432);
#12902 = OVER_RIDING_STYLED_ITEM('overriding color',(#12903),#6690,
  #12825);
#12903 = PRESENTATION_STYLE_ASSIGNMENT((#12904));
#12904 = SURFACE_STYLE_USAGE(.BOTH.,#12905);
#12905 = SURFACE_SIDE_STYLE('',(#12906));
#12906 = SURFACE_STYLE_FILL_AREA(#12907);
#12907 = FILL_AREA_STYLE('',(#12908));
#12908 = FILL_AREA_STYLE_COLOUR('',#12432);
#12909 = OVER_RIDING_STYLED_ITEM('overriding color',(#12910),#6710,
  #12825);
#12910 = PRESENTATION_STYLE_ASSIGNMENT((#12911));
#12911 = SURFACE_STYLE_USAGE(.BOTH.,#12912);
#12912 = SURFACE_SIDE_STYLE('',(#12913));
#12913 = SURFACE_STYLE_FILL_AREA(#12914);
#12914 = FILL_AREA_STYLE('',(#12915));
#12915 = FILL_AREA_STYLE_COLOUR('',#12432);
#12916 = OVER_RIDING_STYLED_ITEM('overriding color',(#12917),#6726,
  #12825);
#12917 = PRESENTATION_STYLE_ASSIGNMENT((#12918));
#12918 = SURFACE_STYLE_USAGE(.BOTH.,#12919);
#12919 = SURFACE_SIDE_STYLE('',(#12920));
#12920 = SURFACE_STYLE_FILL_AREA(#12921);
#12921 = FILL_AREA_STYLE('',(#12922));
#12922 = FILL_AREA_STYLE_COLOUR('',#12432);
#12923 = OVER_RIDING_STYLED_ITEM('overriding color',(#12924),#6746,
  #12825);
#12924 = PRESENTATION_STYLE_ASSIGNMENT((#12925));
#12925 = SURFACE_STYLE_USAGE(.BOTH.,#12926);
#12926 = SURFACE_SIDE_STYLE('',(#12927));
#12927 = SURFACE_STYLE_FILL_AREA(#12928);
#12928 = FILL_AREA_STYLE('',(#12929));
#12929 = FILL_AREA_STYLE_COLOUR('',#12432);
#12930 = OVER_RIDING_STYLED_ITEM('overriding color',(#12931),#6762,
  #12825);
#12931 = PRESENTATION_STYLE_ASSIGNMENT((#12932));
#12932 = SURFACE_STYLE_USAGE(.BOTH.,#12933);
#12933 = SURFACE_SIDE_STYLE('',(#12934));
#12934 = SURFACE_STYLE_FILL_AREA(#12935);
#12935 = FILL_AREA_STYLE('',(#12936));
#12936 = FILL_AREA_STYLE_COLOUR('',#12432);
#12937 = OVER_RIDING_STYLED_ITEM('overriding color',(#12938),#6782,
  #12825);
#12938 = PRESENTATION_STYLE_ASSIGNMENT((#12939));
#12939 = SURFACE_STYLE_USAGE(.BOTH.,#12940);
#12940 = SURFACE_SIDE_STYLE('',(#12941));
#12941 = SURFACE_STYLE_FILL_AREA(#12942);
#12942 = FILL_AREA_STYLE('',(#12943));
#12943 = FILL_AREA_STYLE_COLOUR('',#12432);
#12944 = STYLED_ITEM('color',(#12945),#6794);
#12945 = PRESENTATION_STYLE_ASSIGNMENT((#12946));
#12946 = SURFACE_STYLE_USAGE(.BOTH.,#12947);
#12947 = SURFACE_SIDE_STYLE('',(#12948));
#12948 = SURFACE_STYLE_FILL_AREA(#12949);
#12949 = FILL_AREA_STYLE('',(#12950));
#12950 = FILL_AREA_STYLE_COLOUR('',#11954);
#12951 = OVER_RIDING_STYLED_ITEM('overriding color',(#12952),#6796,
  #12944);
#12952 = PRESENTATION_STYLE_ASSIGNMENT((#12953));
#12953 = SURFACE_STYLE_USAGE(.BOTH.,#12954);
#12954 = SURFACE_SIDE_STYLE('',(#12955));
#12955 = SURFACE_STYLE_FILL_AREA(#12956);
#12956 = FILL_AREA_STYLE('',(#12957));
#12957 = FILL_AREA_STYLE_COLOUR('',#12432);
#12958 = OVER_RIDING_STYLED_ITEM('overriding color',(#12959),#6832,
  #12944);
#12959 = PRESENTATION_STYLE_ASSIGNMENT((#12960));
#12960 = SURFACE_STYLE_USAGE(.BOTH.,#12961);
#12961 = SURFACE_SIDE_STYLE('',(#12962));
#12962 = SURFACE_STYLE_FILL_AREA(#12963);
#12963 = FILL_AREA_STYLE('',(#12964));
#12964 = FILL_AREA_STYLE_COLOUR('',#12432);
#12965 = OVER_RIDING_STYLED_ITEM('overriding color',(#12966),#6860,
  #12944);
#12966 = PRESENTATION_STYLE_ASSIGNMENT((#12967));
#12967 = SURFACE_STYLE_USAGE(.BOTH.,#12968);
#12968 = SURFACE_SIDE_STYLE('',(#12969));
#12969 = SURFACE_STYLE_FILL_AREA(#12970);
#12970 = FILL_AREA_STYLE('',(#12971));
#12971 = FILL_AREA_STYLE_COLOUR('',#12432);
#12972 = OVER_RIDING_STYLED_ITEM('overriding color',(#12973),#6888,
  #12944);
#12973 = PRESENTATION_STYLE_ASSIGNMENT((#12974));
#12974 = SURFACE_STYLE_USAGE(.BOTH.,#12975);
#12975 = SURFACE_SIDE_STYLE('',(#12976));
#12976 = SURFACE_STYLE_FILL_AREA(#12977);
#12977 = FILL_AREA_STYLE('',(#12978));
#12978 = FILL_AREA_STYLE_COLOUR('',#12432);
#12979 = OVER_RIDING_STYLED_ITEM('overriding color',(#12980),#6916,
  #12944);
#12980 = PRESENTATION_STYLE_ASSIGNMENT((#12981));
#12981 = SURFACE_STYLE_USAGE(.BOTH.,#12982);
#12982 = SURFACE_SIDE_STYLE('',(#12983));
#12983 = SURFACE_STYLE_FILL_AREA(#12984);
#12984 = FILL_AREA_STYLE('',(#12985));
#12985 = FILL_AREA_STYLE_COLOUR('',#12432);
#12986 = OVER_RIDING_STYLED_ITEM('overriding color',(#12987),#6944,
  #12944);
#12987 = PRESENTATION_STYLE_ASSIGNMENT((#12988));
#12988 = SURFACE_STYLE_USAGE(.BOTH.,#12989);
#12989 = SURFACE_SIDE_STYLE('',(#12990));
#12990 = SURFACE_STYLE_FILL_AREA(#12991);
#12991 = FILL_AREA_STYLE('',(#12992));
#12992 = FILL_AREA_STYLE_COLOUR('',#12432);
#12993 = OVER_RIDING_STYLED_ITEM('overriding color',(#12994),#6972,
  #12944);
#12994 = PRESENTATION_STYLE_ASSIGNMENT((#12995));
#12995 = SURFACE_STYLE_USAGE(.BOTH.,#12996);
#12996 = SURFACE_SIDE_STYLE('',(#12997));
#12997 = SURFACE_STYLE_FILL_AREA(#12998);
#12998 = FILL_AREA_STYLE('',(#12999));
#12999 = FILL_AREA_STYLE_COLOUR('',#12432);
#13000 = OVER_RIDING_STYLED_ITEM('overriding color',(#13001),#7000,
  #12944);
#13001 = PRESENTATION_STYLE_ASSIGNMENT((#13002));
#13002 = SURFACE_STYLE_USAGE(.BOTH.,#13003);
#13003 = SURFACE_SIDE_STYLE('',(#13004));
#13004 = SURFACE_STYLE_FILL_AREA(#13005);
#13005 = FILL_AREA_STYLE('',(#13006));
#13006 = FILL_AREA_STYLE_COLOUR('',#12432);
#13007 = OVER_RIDING_STYLED_ITEM('overriding color',(#13008),#7028,
  #12944);
#13008 = PRESENTATION_STYLE_ASSIGNMENT((#13009));
#13009 = SURFACE_STYLE_USAGE(.BOTH.,#13010);
#13010 = SURFACE_SIDE_STYLE('',(#13011));
#13011 = SURFACE_STYLE_FILL_AREA(#13012);
#13012 = FILL_AREA_STYLE('',(#13013));
#13013 = FILL_AREA_STYLE_COLOUR('',#12432);
#13014 = OVER_RIDING_STYLED_ITEM('overriding color',(#13015),#7056,
  #12944);
#13015 = PRESENTATION_STYLE_ASSIGNMENT((#13016));
#13016 = SURFACE_STYLE_USAGE(.BOTH.,#13017);
#13017 = SURFACE_SIDE_STYLE('',(#13018));
#13018 = SURFACE_STYLE_FILL_AREA(#13019);
#13019 = FILL_AREA_STYLE('',(#13020));
#13020 = FILL_AREA_STYLE_COLOUR('',#12432);
#13021 = OVER_RIDING_STYLED_ITEM('overriding color',(#13022),#7084,
  #12944);
#13022 = PRESENTATION_STYLE_ASSIGNMENT((#13023));
#13023 = SURFACE_STYLE_USAGE(.BOTH.,#13024);
#13024 = SURFACE_SIDE_STYLE('',(#13025));
#13025 = SURFACE_STYLE_FILL_AREA(#13026);
#13026 = FILL_AREA_STYLE('',(#13027));
#13027 = FILL_AREA_STYLE_COLOUR('',#12432);
#13028 = OVER_RIDING_STYLED_ITEM('overriding color',(#13029),#7112,
  #12944);
#13029 = PRESENTATION_STYLE_ASSIGNMENT((#13030));
#13030 = SURFACE_STYLE_USAGE(.BOTH.,#13031);
#13031 = SURFACE_SIDE_STYLE('',(#13032));
#13032 = SURFACE_STYLE_FILL_AREA(#13033);
#13033 = FILL_AREA_STYLE('',(#13034));
#13034 = FILL_AREA_STYLE_COLOUR('',#12432);
#13035 = OVER_RIDING_STYLED_ITEM('overriding color',(#13036),#7132,
  #12944);
#13036 = PRESENTATION_STYLE_ASSIGNMENT((#13037));
#13037 = SURFACE_STYLE_USAGE(.BOTH.,#13038);
#13038 = SURFACE_SIDE_STYLE('',(#13039));
#13039 = SURFACE_STYLE_FILL_AREA(#13040);
#13040 = FILL_AREA_STYLE('',(#13041));
#13041 = FILL_AREA_STYLE_COLOUR('',#12432);
#13042 = OVER_RIDING_STYLED_ITEM('overriding color',(#13043),#7152,
  #12944);
#13043 = PRESENTATION_STYLE_ASSIGNMENT((#13044));
#13044 = SURFACE_STYLE_USAGE(.BOTH.,#13045);
#13045 = SURFACE_SIDE_STYLE('',(#13046));
#13046 = SURFACE_STYLE_FILL_AREA(#13047);
#13047 = FILL_AREA_STYLE('',(#13048));
#13048 = FILL_AREA_STYLE_COLOUR('',#12432);
#13049 = STYLED_ITEM('color',(#13050),#7172);
#13050 = PRESENTATION_STYLE_ASSIGNMENT((#13051));
#13051 = SURFACE_STYLE_USAGE(.BOTH.,#13052);
#13052 = SURFACE_SIDE_STYLE('',(#13053));
#13053 = SURFACE_STYLE_FILL_AREA(#13054);
#13054 = FILL_AREA_STYLE('',(#13055));
#13055 = FILL_AREA_STYLE_COLOUR('',#11954);
#13056 = OVER_RIDING_STYLED_ITEM('overriding color',(#13057),#7174,
  #13049);
#13057 = PRESENTATION_STYLE_ASSIGNMENT((#13058));
#13058 = SURFACE_STYLE_USAGE(.BOTH.,#13059);
#13059 = SURFACE_SIDE_STYLE('',(#13060));
#13060 = SURFACE_STYLE_FILL_AREA(#13061);
#13061 = FILL_AREA_STYLE('',(#13062));
#13062 = FILL_AREA_STYLE_COLOUR('',#12432);
#13063 = OVER_RIDING_STYLED_ITEM('overriding color',(#13064),#7366,
  #13049);
#13064 = PRESENTATION_STYLE_ASSIGNMENT((#13065));
#13065 = SURFACE_STYLE_USAGE(.BOTH.,#13066);
#13066 = SURFACE_SIDE_STYLE('',(#13067));
#13067 = SURFACE_STYLE_FILL_AREA(#13068);
#13068 = FILL_AREA_STYLE('',(#13069));
#13069 = FILL_AREA_STYLE_COLOUR('',#12432);
#13070 = OVER_RIDING_STYLED_ITEM('overriding color',(#13071),#7558,
  #13049);
#13071 = PRESENTATION_STYLE_ASSIGNMENT((#13072));
#13072 = SURFACE_STYLE_USAGE(.BOTH.,#13073);
#13073 = SURFACE_SIDE_STYLE('',(#13074));
#13074 = SURFACE_STYLE_FILL_AREA(#13075);
#13075 = FILL_AREA_STYLE('',(#13076));
#13076 = FILL_AREA_STYLE_COLOUR('',#12432);
#13077 = OVER_RIDING_STYLED_ITEM('overriding color',(#13078),#7582,
  #13049);
#13078 = PRESENTATION_STYLE_ASSIGNMENT((#13079));
#13079 = SURFACE_STYLE_USAGE(.BOTH.,#13080);
#13080 = SURFACE_SIDE_STYLE('',(#13081));
#13081 = SURFACE_STYLE_FILL_AREA(#13082);
#13082 = FILL_AREA_STYLE('',(#13083));
#13083 = FILL_AREA_STYLE_COLOUR('',#12432);
#13084 = OVER_RIDING_STYLED_ITEM('overriding color',(#13085),#7598,
  #13049);
#13085 = PRESENTATION_STYLE_ASSIGNMENT((#13086));
#13086 = SURFACE_STYLE_USAGE(.BOTH.,#13087);
#13087 = SURFACE_SIDE_STYLE('',(#13088));
#13088 = SURFACE_STYLE_FILL_AREA(#13089);
#13089 = FILL_AREA_STYLE('',(#13090));
#13090 = FILL_AREA_STYLE_COLOUR('',#12432);
#13091 = OVER_RIDING_STYLED_ITEM('overriding color',(#13092),#7618,
  #13049);
#13092 = PRESENTATION_STYLE_ASSIGNMENT((#13093));
#13093 = SURFACE_STYLE_USAGE(.BOTH.,#13094);
#13094 = SURFACE_SIDE_STYLE('',(#13095));
#13095 = SURFACE_STYLE_FILL_AREA(#13096);
#13096 = FILL_AREA_STYLE('',(#13097));
#13097 = FILL_AREA_STYLE_COLOUR('',#12432);
#13098 = OVER_RIDING_STYLED_ITEM('overriding color',(#13099),#7638,
  #13049);
#13099 = PRESENTATION_STYLE_ASSIGNMENT((#13100));
#13100 = SURFACE_STYLE_USAGE(.BOTH.,#13101);
#13101 = SURFACE_SIDE_STYLE('',(#13102));
#13102 = SURFACE_STYLE_FILL_AREA(#13103);
#13103 = FILL_AREA_STYLE('',(#13104));
#13104 = FILL_AREA_STYLE_COLOUR('',#12432);
#13105 = OVER_RIDING_STYLED_ITEM('overriding color',(#13106),#7654,
  #13049);
#13106 = PRESENTATION_STYLE_ASSIGNMENT((#13107));
#13107 = SURFACE_STYLE_USAGE(.BOTH.,#13108);
#13108 = SURFACE_SIDE_STYLE('',(#13109));
#13109 = SURFACE_STYLE_FILL_AREA(#13110);
#13110 = FILL_AREA_STYLE('',(#13111));
#13111 = FILL_AREA_STYLE_COLOUR('',#12432);
#13112 = OVER_RIDING_STYLED_ITEM('overriding color',(#13113),#7674,
  #13049);
#13113 = PRESENTATION_STYLE_ASSIGNMENT((#13114));
#13114 = SURFACE_STYLE_USAGE(.BOTH.,#13115);
#13115 = SURFACE_SIDE_STYLE('',(#13116));
#13116 = SURFACE_STYLE_FILL_AREA(#13117);
#13117 = FILL_AREA_STYLE('',(#13118));
#13118 = FILL_AREA_STYLE_COLOUR('',#12432);
#13119 = OVER_RIDING_STYLED_ITEM('overriding color',(#13120),#7694,
  #13049);
#13120 = PRESENTATION_STYLE_ASSIGNMENT((#13121));
#13121 = SURFACE_STYLE_USAGE(.BOTH.,#13122);
#13122 = SURFACE_SIDE_STYLE('',(#13123));
#13123 = SURFACE_STYLE_FILL_AREA(#13124);
#13124 = FILL_AREA_STYLE('',(#13125));
#13125 = FILL_AREA_STYLE_COLOUR('',#12432);
#13126 = OVER_RIDING_STYLED_ITEM('overriding color',(#13127),#7714,
  #13049);
#13127 = PRESENTATION_STYLE_ASSIGNMENT((#13128));
#13128 = SURFACE_STYLE_USAGE(.BOTH.,#13129);
#13129 = SURFACE_SIDE_STYLE('',(#13130));
#13130 = SURFACE_STYLE_FILL_AREA(#13131);
#13131 = FILL_AREA_STYLE('',(#13132));
#13132 = FILL_AREA_STYLE_COLOUR('',#12432);
#13133 = OVER_RIDING_STYLED_ITEM('overriding color',(#13134),#7734,
  #13049);
#13134 = PRESENTATION_STYLE_ASSIGNMENT((#13135));
#13135 = SURFACE_STYLE_USAGE(.BOTH.,#13136);
#13136 = SURFACE_SIDE_STYLE('',(#13137));
#13137 = SURFACE_STYLE_FILL_AREA(#13138);
#13138 = FILL_AREA_STYLE('',(#13139));
#13139 = FILL_AREA_STYLE_COLOUR('',#12432);
#13140 = OVER_RIDING_STYLED_ITEM('overriding color',(#13141),#7750,
  #13049);
#13141 = PRESENTATION_STYLE_ASSIGNMENT((#13142));
#13142 = SURFACE_STYLE_USAGE(.BOTH.,#13143);
#13143 = SURFACE_SIDE_STYLE('',(#13144));
#13144 = SURFACE_STYLE_FILL_AREA(#13145);
#13145 = FILL_AREA_STYLE('',(#13146));
#13146 = FILL_AREA_STYLE_COLOUR('',#12432);
#13147 = OVER_RIDING_STYLED_ITEM('overriding color',(#13148),#7766,
  #13049);
#13148 = PRESENTATION_STYLE_ASSIGNMENT((#13149));
#13149 = SURFACE_STYLE_USAGE(.BOTH.,#13150);
#13150 = SURFACE_SIDE_STYLE('',(#13151));
#13151 = SURFACE_STYLE_FILL_AREA(#13152);
#13152 = FILL_AREA_STYLE('',(#13153));
#13153 = FILL_AREA_STYLE_COLOUR('',#12432);
#13154 = OVER_RIDING_STYLED_ITEM('overriding color',(#13155),#7782,
  #13049);
#13155 = PRESENTATION_STYLE_ASSIGNMENT((#13156));
#13156 = SURFACE_STYLE_USAGE(.BOTH.,#13157);
#13157 = SURFACE_SIDE_STYLE('',(#13158));
#13158 = SURFACE_STYLE_FILL_AREA(#13159);
#13159 = FILL_AREA_STYLE('',(#13160));
#13160 = FILL_AREA_STYLE_COLOUR('',#12432);
#13161 = OVER_RIDING_STYLED_ITEM('overriding color',(#13162),#7798,
  #13049);
#13162 = PRESENTATION_STYLE_ASSIGNMENT((#13163));
#13163 = SURFACE_STYLE_USAGE(.BOTH.,#13164);
#13164 = SURFACE_SIDE_STYLE('',(#13165));
#13165 = SURFACE_STYLE_FILL_AREA(#13166);
#13166 = FILL_AREA_STYLE('',(#13167));
#13167 = FILL_AREA_STYLE_COLOUR('',#12432);
#13168 = OVER_RIDING_STYLED_ITEM('overriding color',(#13169),#7814,
  #13049);
#13169 = PRESENTATION_STYLE_ASSIGNMENT((#13170));
#13170 = SURFACE_STYLE_USAGE(.BOTH.,#13171);
#13171 = SURFACE_SIDE_STYLE('',(#13172));
#13172 = SURFACE_STYLE_FILL_AREA(#13173);
#13173 = FILL_AREA_STYLE('',(#13174));
#13174 = FILL_AREA_STYLE_COLOUR('',#12432);
#13175 = OVER_RIDING_STYLED_ITEM('overriding color',(#13176),#7838,
  #13049);
#13176 = PRESENTATION_STYLE_ASSIGNMENT((#13177));
#13177 = SURFACE_STYLE_USAGE(.BOTH.,#13178);
#13178 = SURFACE_SIDE_STYLE('',(#13179));
#13179 = SURFACE_STYLE_FILL_AREA(#13180);
#13180 = FILL_AREA_STYLE('',(#13181));
#13181 = FILL_AREA_STYLE_COLOUR('',#12432);
#13182 = OVER_RIDING_STYLED_ITEM('overriding color',(#13183),#7858,
  #13049);
#13183 = PRESENTATION_STYLE_ASSIGNMENT((#13184));
#13184 = SURFACE_STYLE_USAGE(.BOTH.,#13185);
#13185 = SURFACE_SIDE_STYLE('',(#13186));
#13186 = SURFACE_STYLE_FILL_AREA(#13187);
#13187 = FILL_AREA_STYLE('',(#13188));
#13188 = FILL_AREA_STYLE_COLOUR('',#12432);
#13189 = OVER_RIDING_STYLED_ITEM('overriding color',(#13190),#7878,
  #13049);
#13190 = PRESENTATION_STYLE_ASSIGNMENT((#13191));
#13191 = SURFACE_STYLE_USAGE(.BOTH.,#13192);
#13192 = SURFACE_SIDE_STYLE('',(#13193));
#13193 = SURFACE_STYLE_FILL_AREA(#13194);
#13194 = FILL_AREA_STYLE('',(#13195));
#13195 = FILL_AREA_STYLE_COLOUR('',#12432);
#13196 = OVER_RIDING_STYLED_ITEM('overriding color',(#13197),#7898,
  #13049);
#13197 = PRESENTATION_STYLE_ASSIGNMENT((#13198));
#13198 = SURFACE_STYLE_USAGE(.BOTH.,#13199);
#13199 = SURFACE_SIDE_STYLE('',(#13200));
#13200 = SURFACE_STYLE_FILL_AREA(#13201);
#13201 = FILL_AREA_STYLE('',(#13202));
#13202 = FILL_AREA_STYLE_COLOUR('',#12432);
#13203 = OVER_RIDING_STYLED_ITEM('overriding color',(#13204),#7918,
  #13049);
#13204 = PRESENTATION_STYLE_ASSIGNMENT((#13205));
#13205 = SURFACE_STYLE_USAGE(.BOTH.,#13206);
#13206 = SURFACE_SIDE_STYLE('',(#13207));
#13207 = SURFACE_STYLE_FILL_AREA(#13208);
#13208 = FILL_AREA_STYLE('',(#13209));
#13209 = FILL_AREA_STYLE_COLOUR('',#12432);
#13210 = OVER_RIDING_STYLED_ITEM('overriding color',(#13211),#7938,
  #13049);
#13211 = PRESENTATION_STYLE_ASSIGNMENT((#13212));
#13212 = SURFACE_STYLE_USAGE(.BOTH.,#13213);
#13213 = SURFACE_SIDE_STYLE('',(#13214));
#13214 = SURFACE_STYLE_FILL_AREA(#13215);
#13215 = FILL_AREA_STYLE('',(#13216));
#13216 = FILL_AREA_STYLE_COLOUR('',#12432);
#13217 = OVER_RIDING_STYLED_ITEM('overriding color',(#13218),#7954,
  #13049);
#13218 = PRESENTATION_STYLE_ASSIGNMENT((#13219));
#13219 = SURFACE_STYLE_USAGE(.BOTH.,#13220);
#13220 = SURFACE_SIDE_STYLE('',(#13221));
#13221 = SURFACE_STYLE_FILL_AREA(#13222);
#13222 = FILL_AREA_STYLE('',(#13223));
#13223 = FILL_AREA_STYLE_COLOUR('',#12432);
#13224 = STYLED_ITEM('color',(#13225),#7966);
#13225 = PRESENTATION_STYLE_ASSIGNMENT((#13226));
#13226 = SURFACE_STYLE_USAGE(.BOTH.,#13227);
#13227 = SURFACE_SIDE_STYLE('',(#13228));
#13228 = SURFACE_STYLE_FILL_AREA(#13229);
#13229 = FILL_AREA_STYLE('',(#13230));
#13230 = FILL_AREA_STYLE_COLOUR('',#11954);
#13231 = OVER_RIDING_STYLED_ITEM('overriding color',(#13232),#7968,
  #13224);
#13232 = PRESENTATION_STYLE_ASSIGNMENT((#13233));
#13233 = SURFACE_STYLE_USAGE(.BOTH.,#13234);
#13234 = SURFACE_SIDE_STYLE('',(#13235));
#13235 = SURFACE_STYLE_FILL_AREA(#13236);
#13236 = FILL_AREA_STYLE('',(#13237));
#13237 = FILL_AREA_STYLE_COLOUR('',#12432);
#13238 = OVER_RIDING_STYLED_ITEM('overriding color',(#13239),#8012,
  #13224);
#13239 = PRESENTATION_STYLE_ASSIGNMENT((#13240));
#13240 = SURFACE_STYLE_USAGE(.BOTH.,#13241);
#13241 = SURFACE_SIDE_STYLE('',(#13242));
#13242 = SURFACE_STYLE_FILL_AREA(#13243);
#13243 = FILL_AREA_STYLE('',(#13244));
#13244 = FILL_AREA_STYLE_COLOUR('',#12432);
#13245 = OVER_RIDING_STYLED_ITEM('overriding color',(#13246),#8040,
  #13224);
#13246 = PRESENTATION_STYLE_ASSIGNMENT((#13247));
#13247 = SURFACE_STYLE_USAGE(.BOTH.,#13248);
#13248 = SURFACE_SIDE_STYLE('',(#13249));
#13249 = SURFACE_STYLE_FILL_AREA(#13250);
#13250 = FILL_AREA_STYLE('',(#13251));
#13251 = FILL_AREA_STYLE_COLOUR('',#12432);
#13252 = OVER_RIDING_STYLED_ITEM('overriding color',(#13253),#8076,
  #13224);
#13253 = PRESENTATION_STYLE_ASSIGNMENT((#13254));
#13254 = SURFACE_STYLE_USAGE(.BOTH.,#13255);
#13255 = SURFACE_SIDE_STYLE('',(#13256));
#13256 = SURFACE_STYLE_FILL_AREA(#13257);
#13257 = FILL_AREA_STYLE('',(#13258));
#13258 = FILL_AREA_STYLE_COLOUR('',#12432);
#13259 = OVER_RIDING_STYLED_ITEM('overriding color',(#13260),#8112,
  #13224);
#13260 = PRESENTATION_STYLE_ASSIGNMENT((#13261));
#13261 = SURFACE_STYLE_USAGE(.BOTH.,#13262);
#13262 = SURFACE_SIDE_STYLE('',(#13263));
#13263 = SURFACE_STYLE_FILL_AREA(#13264);
#13264 = FILL_AREA_STYLE('',(#13265));
#13265 = FILL_AREA_STYLE_COLOUR('',#12432);
#13266 = OVER_RIDING_STYLED_ITEM('overriding color',(#13267),#8148,
  #13224);
#13267 = PRESENTATION_STYLE_ASSIGNMENT((#13268));
#13268 = SURFACE_STYLE_USAGE(.BOTH.,#13269);
#13269 = SURFACE_SIDE_STYLE('',(#13270));
#13270 = SURFACE_STYLE_FILL_AREA(#13271);
#13271 = FILL_AREA_STYLE('',(#13272));
#13272 = FILL_AREA_STYLE_COLOUR('',#12432);
#13273 = OVER_RIDING_STYLED_ITEM('overriding color',(#13274),#8184,
  #13224);
#13274 = PRESENTATION_STYLE_ASSIGNMENT((#13275));
#13275 = SURFACE_STYLE_USAGE(.BOTH.,#13276);
#13276 = SURFACE_SIDE_STYLE('',(#13277));
#13277 = SURFACE_STYLE_FILL_AREA(#13278);
#13278 = FILL_AREA_STYLE('',(#13279));
#13279 = FILL_AREA_STYLE_COLOUR('',#12432);
#13280 = OVER_RIDING_STYLED_ITEM('overriding color',(#13281),#8220,
  #13224);
#13281 = PRESENTATION_STYLE_ASSIGNMENT((#13282));
#13282 = SURFACE_STYLE_USAGE(.BOTH.,#13283);
#13283 = SURFACE_SIDE_STYLE('',(#13284));
#13284 = SURFACE_STYLE_FILL_AREA(#13285);
#13285 = FILL_AREA_STYLE('',(#13286));
#13286 = FILL_AREA_STYLE_COLOUR('',#12432);
#13287 = OVER_RIDING_STYLED_ITEM('overriding color',(#13288),#8256,
  #13224);
#13288 = PRESENTATION_STYLE_ASSIGNMENT((#13289));
#13289 = SURFACE_STYLE_USAGE(.BOTH.,#13290);
#13290 = SURFACE_SIDE_STYLE('',(#13291));
#13291 = SURFACE_STYLE_FILL_AREA(#13292);
#13292 = FILL_AREA_STYLE('',(#13293));
#13293 = FILL_AREA_STYLE_COLOUR('',#12432);
#13294 = OVER_RIDING_STYLED_ITEM('overriding color',(#13295),#8292,
  #13224);
#13295 = PRESENTATION_STYLE_ASSIGNMENT((#13296));
#13296 = SURFACE_STYLE_USAGE(.BOTH.,#13297);
#13297 = SURFACE_SIDE_STYLE('',(#13298));
#13298 = SURFACE_STYLE_FILL_AREA(#13299);
#13299 = FILL_AREA_STYLE('',(#13300));
#13300 = FILL_AREA_STYLE_COLOUR('',#12432);
#13301 = OVER_RIDING_STYLED_ITEM('overriding color',(#13302),#8328,
  #13224);
#13302 = PRESENTATION_STYLE_ASSIGNMENT((#13303));
#13303 = SURFACE_STYLE_USAGE(.BOTH.,#13304);
#13304 = SURFACE_SIDE_STYLE('',(#13305));
#13305 = SURFACE_STYLE_FILL_AREA(#13306);
#13306 = FILL_AREA_STYLE('',(#13307));
#13307 = FILL_AREA_STYLE_COLOUR('',#12432);
#13308 = OVER_RIDING_STYLED_ITEM('overriding color',(#13309),#8364,
  #13224);
#13309 = PRESENTATION_STYLE_ASSIGNMENT((#13310));
#13310 = SURFACE_STYLE_USAGE(.BOTH.,#13311);
#13311 = SURFACE_SIDE_STYLE('',(#13312));
#13312 = SURFACE_STYLE_FILL_AREA(#13313);
#13313 = FILL_AREA_STYLE('',(#13314));
#13314 = FILL_AREA_STYLE_COLOUR('',#12432);
#13315 = OVER_RIDING_STYLED_ITEM('overriding color',(#13316),#8400,
  #13224);
#13316 = PRESENTATION_STYLE_ASSIGNMENT((#13317));
#13317 = SURFACE_STYLE_USAGE(.BOTH.,#13318);
#13318 = SURFACE_SIDE_STYLE('',(#13319));
#13319 = SURFACE_STYLE_FILL_AREA(#13320);
#13320 = FILL_AREA_STYLE('',(#13321));
#13321 = FILL_AREA_STYLE_COLOUR('',#12432);
#13322 = OVER_RIDING_STYLED_ITEM('overriding color',(#13323),#8428,
  #13224);
#13323 = PRESENTATION_STYLE_ASSIGNMENT((#13324));
#13324 = SURFACE_STYLE_USAGE(.BOTH.,#13325);
#13325 = SURFACE_SIDE_STYLE('',(#13326));
#13326 = SURFACE_STYLE_FILL_AREA(#13327);
#13327 = FILL_AREA_STYLE('',(#13328));
#13328 = FILL_AREA_STYLE_COLOUR('',#12432);
#13329 = OVER_RIDING_STYLED_ITEM('overriding color',(#13330),#8464,
  #13224);
#13330 = PRESENTATION_STYLE_ASSIGNMENT((#13331));
#13331 = SURFACE_STYLE_USAGE(.BOTH.,#13332);
#13332 = SURFACE_SIDE_STYLE('',(#13333));
#13333 = SURFACE_STYLE_FILL_AREA(#13334);
#13334 = FILL_AREA_STYLE('',(#13335));
#13335 = FILL_AREA_STYLE_COLOUR('',#12432);
#13336 = OVER_RIDING_STYLED_ITEM('overriding color',(#13337),#8500,
  #13224);
#13337 = PRESENTATION_STYLE_ASSIGNMENT((#13338));
#13338 = SURFACE_STYLE_USAGE(.BOTH.,#13339);
#13339 = SURFACE_SIDE_STYLE('',(#13340));
#13340 = SURFACE_STYLE_FILL_AREA(#13341);
#13341 = FILL_AREA_STYLE('',(#13342));
#13342 = FILL_AREA_STYLE_COLOUR('',#12432);
#13343 = OVER_RIDING_STYLED_ITEM('overriding color',(#13344),#8536,
  #13224);
#13344 = PRESENTATION_STYLE_ASSIGNMENT((#13345));
#13345 = SURFACE_STYLE_USAGE(.BOTH.,#13346);
#13346 = SURFACE_SIDE_STYLE('',(#13347));
#13347 = SURFACE_STYLE_FILL_AREA(#13348);
#13348 = FILL_AREA_STYLE('',(#13349));
#13349 = FILL_AREA_STYLE_COLOUR('',#12432);
#13350 = OVER_RIDING_STYLED_ITEM('overriding color',(#13351),#8572,
  #13224);
#13351 = PRESENTATION_STYLE_ASSIGNMENT((#13352));
#13352 = SURFACE_STYLE_USAGE(.BOTH.,#13353);
#13353 = SURFACE_SIDE_STYLE('',(#13354));
#13354 = SURFACE_STYLE_FILL_AREA(#13355);
#13355 = FILL_AREA_STYLE('',(#13356));
#13356 = FILL_AREA_STYLE_COLOUR('',#12432);
#13357 = OVER_RIDING_STYLED_ITEM('overriding color',(#13358),#8608,
  #13224);
#13358 = PRESENTATION_STYLE_ASSIGNMENT((#13359));
#13359 = SURFACE_STYLE_USAGE(.BOTH.,#13360);
#13360 = SURFACE_SIDE_STYLE('',(#13361));
#13361 = SURFACE_STYLE_FILL_AREA(#13362);
#13362 = FILL_AREA_STYLE('',(#13363));
#13363 = FILL_AREA_STYLE_COLOUR('',#12432);
#13364 = OVER_RIDING_STYLED_ITEM('overriding color',(#13365),#8644,
  #13224);
#13365 = PRESENTATION_STYLE_ASSIGNMENT((#13366));
#13366 = SURFACE_STYLE_USAGE(.BOTH.,#13367);
#13367 = SURFACE_SIDE_STYLE('',(#13368));
#13368 = SURFACE_STYLE_FILL_AREA(#13369);
#13369 = FILL_AREA_STYLE('',(#13370));
#13370 = FILL_AREA_STYLE_COLOUR('',#12432);
#13371 = OVER_RIDING_STYLED_ITEM('overriding color',(#13372),#8680,
  #13224);
#13372 = PRESENTATION_STYLE_ASSIGNMENT((#13373));
#13373 = SURFACE_STYLE_USAGE(.BOTH.,#13374);
#13374 = SURFACE_SIDE_STYLE('',(#13375));
#13375 = SURFACE_STYLE_FILL_AREA(#13376);
#13376 = FILL_AREA_STYLE('',(#13377));
#13377 = FILL_AREA_STYLE_COLOUR('',#12432);
#13378 = OVER_RIDING_STYLED_ITEM('overriding color',(#13379),#8708,
  #13224);
#13379 = PRESENTATION_STYLE_ASSIGNMENT((#13380));
#13380 = SURFACE_STYLE_USAGE(.BOTH.,#13381);
#13381 = SURFACE_SIDE_STYLE('',(#13382));
#13382 = SURFACE_STYLE_FILL_AREA(#13383);
#13383 = FILL_AREA_STYLE('',(#13384));
#13384 = FILL_AREA_STYLE_COLOUR('',#12432);
#13385 = OVER_RIDING_STYLED_ITEM('overriding color',(#13386),#8737,
  #13224);
#13386 = PRESENTATION_STYLE_ASSIGNMENT((#13387));
#13387 = SURFACE_STYLE_USAGE(.BOTH.,#13388);
#13388 = SURFACE_SIDE_STYLE('',(#13389));
#13389 = SURFACE_STYLE_FILL_AREA(#13390);
#13390 = FILL_AREA_STYLE('',(#13391));
#13391 = FILL_AREA_STYLE_COLOUR('',#12432);
#13392 = STYLED_ITEM('color',(#13393),#8766);
#13393 = PRESENTATION_STYLE_ASSIGNMENT((#13394));
#13394 = SURFACE_STYLE_USAGE(.BOTH.,#13395);
#13395 = SURFACE_SIDE_STYLE('',(#13396));
#13396 = SURFACE_STYLE_FILL_AREA(#13397);
#13397 = FILL_AREA_STYLE('',(#13398));
#13398 = FILL_AREA_STYLE_COLOUR('',#11954);
#13399 = OVER_RIDING_STYLED_ITEM('overriding color',(#13400),#8768,
  #13392);
#13400 = PRESENTATION_STYLE_ASSIGNMENT((#13401));
#13401 = SURFACE_STYLE_USAGE(.BOTH.,#13402);
#13402 = SURFACE_SIDE_STYLE('',(#13403));
#13403 = SURFACE_STYLE_FILL_AREA(#13404);
#13404 = FILL_AREA_STYLE('',(#13405));
#13405 = FILL_AREA_STYLE_COLOUR('',#12432);
#13406 = OVER_RIDING_STYLED_ITEM('overriding color',(#13407),#8804,
  #13392);
#13407 = PRESENTATION_STYLE_ASSIGNMENT((#13408));
#13408 = SURFACE_STYLE_USAGE(.BOTH.,#13409);
#13409 = SURFACE_SIDE_STYLE('',(#13410));
#13410 = SURFACE_STYLE_FILL_AREA(#13411);
#13411 = FILL_AREA_STYLE('',(#13412));
#13412 = FILL_AREA_STYLE_COLOUR('',#12432);
#13413 = OVER_RIDING_STYLED_ITEM('overriding color',(#13414),#8832,
  #13392);
#13414 = PRESENTATION_STYLE_ASSIGNMENT((#13415));
#13415 = SURFACE_STYLE_USAGE(.BOTH.,#13416);
#13416 = SURFACE_SIDE_STYLE('',(#13417));
#13417 = SURFACE_STYLE_FILL_AREA(#13418);
#13418 = FILL_AREA_STYLE('',(#13419));
#13419 = FILL_AREA_STYLE_COLOUR('',#12432);
#13420 = OVER_RIDING_STYLED_ITEM('overriding color',(#13421),#8868,
  #13392);
#13421 = PRESENTATION_STYLE_ASSIGNMENT((#13422));
#13422 = SURFACE_STYLE_USAGE(.BOTH.,#13423);
#13423 = SURFACE_SIDE_STYLE('',(#13424));
#13424 = SURFACE_STYLE_FILL_AREA(#13425);
#13425 = FILL_AREA_STYLE('',(#13426));
#13426 = FILL_AREA_STYLE_COLOUR('',#12432);
#13427 = OVER_RIDING_STYLED_ITEM('overriding color',(#13428),#8896,
  #13392);
#13428 = PRESENTATION_STYLE_ASSIGNMENT((#13429));
#13429 = SURFACE_STYLE_USAGE(.BOTH.,#13430);
#13430 = SURFACE_SIDE_STYLE('',(#13431));
#13431 = SURFACE_STYLE_FILL_AREA(#13432);
#13432 = FILL_AREA_STYLE('',(#13433));
#13433 = FILL_AREA_STYLE_COLOUR('',#12432);
#13434 = OVER_RIDING_STYLED_ITEM('overriding color',(#13435),#8924,
  #13392);
#13435 = PRESENTATION_STYLE_ASSIGNMENT((#13436));
#13436 = SURFACE_STYLE_USAGE(.BOTH.,#13437);
#13437 = SURFACE_SIDE_STYLE('',(#13438));
#13438 = SURFACE_STYLE_FILL_AREA(#13439);
#13439 = FILL_AREA_STYLE('',(#13440));
#13440 = FILL_AREA_STYLE_COLOUR('',#12432);
#13441 = OVER_RIDING_STYLED_ITEM('overriding color',(#13442),#8952,
  #13392);
#13442 = PRESENTATION_STYLE_ASSIGNMENT((#13443));
#13443 = SURFACE_STYLE_USAGE(.BOTH.,#13444);
#13444 = SURFACE_SIDE_STYLE('',(#13445));
#13445 = SURFACE_STYLE_FILL_AREA(#13446);
#13446 = FILL_AREA_STYLE('',(#13447));
#13447 = FILL_AREA_STYLE_COLOUR('',#12432);
#13448 = OVER_RIDING_STYLED_ITEM('overriding color',(#13449),#8980,
  #13392);
#13449 = PRESENTATION_STYLE_ASSIGNMENT((#13450));
#13450 = SURFACE_STYLE_USAGE(.BOTH.,#13451);
#13451 = SURFACE_SIDE_STYLE('',(#13452));
#13452 = SURFACE_STYLE_FILL_AREA(#13453);
#13453 = FILL_AREA_STYLE('',(#13454));
#13454 = FILL_AREA_STYLE_COLOUR('',#12432);
#13455 = OVER_RIDING_STYLED_ITEM('overriding color',(#13456),#9008,
  #13392);
#13456 = PRESENTATION_STYLE_ASSIGNMENT((#13457));
#13457 = SURFACE_STYLE_USAGE(.BOTH.,#13458);
#13458 = SURFACE_SIDE_STYLE('',(#13459));
#13459 = SURFACE_STYLE_FILL_AREA(#13460);
#13460 = FILL_AREA_STYLE('',(#13461));
#13461 = FILL_AREA_STYLE_COLOUR('',#12432);
#13462 = OVER_RIDING_STYLED_ITEM('overriding color',(#13463),#9036,
  #13392);
#13463 = PRESENTATION_STYLE_ASSIGNMENT((#13464));
#13464 = SURFACE_STYLE_USAGE(.BOTH.,#13465);
#13465 = SURFACE_SIDE_STYLE('',(#13466));
#13466 = SURFACE_STYLE_FILL_AREA(#13467);
#13467 = FILL_AREA_STYLE('',(#13468));
#13468 = FILL_AREA_STYLE_COLOUR('',#12432);
#13469 = OVER_RIDING_STYLED_ITEM('overriding color',(#13470),#9072,
  #13392);
#13470 = PRESENTATION_STYLE_ASSIGNMENT((#13471));
#13471 = SURFACE_STYLE_USAGE(.BOTH.,#13472);
#13472 = SURFACE_SIDE_STYLE('',(#13473));
#13473 = SURFACE_STYLE_FILL_AREA(#13474);
#13474 = FILL_AREA_STYLE('',(#13475));
#13475 = FILL_AREA_STYLE_COLOUR('',#12432);
#13476 = OVER_RIDING_STYLED_ITEM('overriding color',(#13477),#9108,
  #13392);
#13477 = PRESENTATION_STYLE_ASSIGNMENT((#13478));
#13478 = SURFACE_STYLE_USAGE(.BOTH.,#13479);
#13479 = SURFACE_SIDE_STYLE('',(#13480));
#13480 = SURFACE_STYLE_FILL_AREA(#13481);
#13481 = FILL_AREA_STYLE('',(#13482));
#13482 = FILL_AREA_STYLE_COLOUR('',#12432);
#13483 = OVER_RIDING_STYLED_ITEM('overriding color',(#13484),#9136,
  #13392);
#13484 = PRESENTATION_STYLE_ASSIGNMENT((#13485));
#13485 = SURFACE_STYLE_USAGE(.BOTH.,#13486);
#13486 = SURFACE_SIDE_STYLE('',(#13487));
#13487 = SURFACE_STYLE_FILL_AREA(#13488);
#13488 = FILL_AREA_STYLE('',(#13489));
#13489 = FILL_AREA_STYLE_COLOUR('',#12432);
#13490 = OVER_RIDING_STYLED_ITEM('overriding color',(#13491),#9172,
  #13392);
#13491 = PRESENTATION_STYLE_ASSIGNMENT((#13492));
#13492 = SURFACE_STYLE_USAGE(.BOTH.,#13493);
#13493 = SURFACE_SIDE_STYLE('',(#13494));
#13494 = SURFACE_STYLE_FILL_AREA(#13495);
#13495 = FILL_AREA_STYLE('',(#13496));
#13496 = FILL_AREA_STYLE_COLOUR('',#12432);
#13497 = OVER_RIDING_STYLED_ITEM('overriding color',(#13498),#9208,
  #13392);
#13498 = PRESENTATION_STYLE_ASSIGNMENT((#13499));
#13499 = SURFACE_STYLE_USAGE(.BOTH.,#13500);
#13500 = SURFACE_SIDE_STYLE('',(#13501));
#13501 = SURFACE_STYLE_FILL_AREA(#13502);
#13502 = FILL_AREA_STYLE('',(#13503));
#13503 = FILL_AREA_STYLE_COLOUR('',#12432);
#13504 = OVER_RIDING_STYLED_ITEM('overriding color',(#13505),#9228,
  #13392);
#13505 = PRESENTATION_STYLE_ASSIGNMENT((#13506));
#13506 = SURFACE_STYLE_USAGE(.BOTH.,#13507);
#13507 = SURFACE_SIDE_STYLE('',(#13508));
#13508 = SURFACE_STYLE_FILL_AREA(#13509);
#13509 = FILL_AREA_STYLE('',(#13510));
#13510 = FILL_AREA_STYLE_COLOUR('',#12432);
#13511 = OVER_RIDING_STYLED_ITEM('overriding color',(#13512),#9251,
  #13392);
#13512 = PRESENTATION_STYLE_ASSIGNMENT((#13513));
#13513 = SURFACE_STYLE_USAGE(.BOTH.,#13514);
#13514 = SURFACE_SIDE_STYLE('',(#13515));
#13515 = SURFACE_STYLE_FILL_AREA(#13516);
#13516 = FILL_AREA_STYLE('',(#13517));
#13517 = FILL_AREA_STYLE_COLOUR('',#12432);
#13518 = STYLED_ITEM('color',(#13519),#9274);
#13519 = PRESENTATION_STYLE_ASSIGNMENT((#13520));
#13520 = SURFACE_STYLE_USAGE(.BOTH.,#13521);
#13521 = SURFACE_SIDE_STYLE('',(#13522));
#13522 = SURFACE_STYLE_FILL_AREA(#13523);
#13523 = FILL_AREA_STYLE('',(#13524));
#13524 = FILL_AREA_STYLE_COLOUR('',#11954);
#13525 = OVER_RIDING_STYLED_ITEM('overriding color',(#13526),#9276,
  #13518);
#13526 = PRESENTATION_STYLE_ASSIGNMENT((#13527));
#13527 = SURFACE_STYLE_USAGE(.BOTH.,#13528);
#13528 = SURFACE_SIDE_STYLE('',(#13529));
#13529 = SURFACE_STYLE_FILL_AREA(#13530);
#13530 = FILL_AREA_STYLE('',(#13531));
#13531 = FILL_AREA_STYLE_COLOUR('',#12432);
#13532 = OVER_RIDING_STYLED_ITEM('overriding color',(#13533),#9312,
  #13518);
#13533 = PRESENTATION_STYLE_ASSIGNMENT((#13534));
#13534 = SURFACE_STYLE_USAGE(.BOTH.,#13535);
#13535 = SURFACE_SIDE_STYLE('',(#13536));
#13536 = SURFACE_STYLE_FILL_AREA(#13537);
#13537 = FILL_AREA_STYLE('',(#13538));
#13538 = FILL_AREA_STYLE_COLOUR('',#12432);
#13539 = OVER_RIDING_STYLED_ITEM('overriding color',(#13540),#9340,
  #13518);
#13540 = PRESENTATION_STYLE_ASSIGNMENT((#13541));
#13541 = SURFACE_STYLE_USAGE(.BOTH.,#13542);
#13542 = SURFACE_SIDE_STYLE('',(#13543));
#13543 = SURFACE_STYLE_FILL_AREA(#13544);
#13544 = FILL_AREA_STYLE('',(#13545));
#13545 = FILL_AREA_STYLE_COLOUR('',#12432);
#13546 = OVER_RIDING_STYLED_ITEM('overriding color',(#13547),#9368,
  #13518);
#13547 = PRESENTATION_STYLE_ASSIGNMENT((#13548));
#13548 = SURFACE_STYLE_USAGE(.BOTH.,#13549);
#13549 = SURFACE_SIDE_STYLE('',(#13550));
#13550 = SURFACE_STYLE_FILL_AREA(#13551);
#13551 = FILL_AREA_STYLE('',(#13552));
#13552 = FILL_AREA_STYLE_COLOUR('',#12432);
#13553 = OVER_RIDING_STYLED_ITEM('overriding color',(#13554),#9396,
  #13518);
#13554 = PRESENTATION_STYLE_ASSIGNMENT((#13555));
#13555 = SURFACE_STYLE_USAGE(.BOTH.,#13556);
#13556 = SURFACE_SIDE_STYLE('',(#13557));
#13557 = SURFACE_STYLE_FILL_AREA(#13558);
#13558 = FILL_AREA_STYLE('',(#13559));
#13559 = FILL_AREA_STYLE_COLOUR('',#12432);
#13560 = OVER_RIDING_STYLED_ITEM('overriding color',(#13561),#9424,
  #13518);
#13561 = PRESENTATION_STYLE_ASSIGNMENT((#13562));
#13562 = SURFACE_STYLE_USAGE(.BOTH.,#13563);
#13563 = SURFACE_SIDE_STYLE('',(#13564));
#13564 = SURFACE_STYLE_FILL_AREA(#13565);
#13565 = FILL_AREA_STYLE('',(#13566));
#13566 = FILL_AREA_STYLE_COLOUR('',#12432);
#13567 = OVER_RIDING_STYLED_ITEM('overriding color',(#13568),#9452,
  #13518);
#13568 = PRESENTATION_STYLE_ASSIGNMENT((#13569));
#13569 = SURFACE_STYLE_USAGE(.BOTH.,#13570);
#13570 = SURFACE_SIDE_STYLE('',(#13571));
#13571 = SURFACE_STYLE_FILL_AREA(#13572);
#13572 = FILL_AREA_STYLE('',(#13573));
#13573 = FILL_AREA_STYLE_COLOUR('',#12432);
#13574 = OVER_RIDING_STYLED_ITEM('overriding color',(#13575),#9480,
  #13518);
#13575 = PRESENTATION_STYLE_ASSIGNMENT((#13576));
#13576 = SURFACE_STYLE_USAGE(.BOTH.,#13577);
#13577 = SURFACE_SIDE_STYLE('',(#13578));
#13578 = SURFACE_STYLE_FILL_AREA(#13579);
#13579 = FILL_AREA_STYLE('',(#13580));
#13580 = FILL_AREA_STYLE_COLOUR('',#12432);
#13581 = OVER_RIDING_STYLED_ITEM('overriding color',(#13582),#9508,
  #13518);
#13582 = PRESENTATION_STYLE_ASSIGNMENT((#13583));
#13583 = SURFACE_STYLE_USAGE(.BOTH.,#13584);
#13584 = SURFACE_SIDE_STYLE('',(#13585));
#13585 = SURFACE_STYLE_FILL_AREA(#13586);
#13586 = FILL_AREA_STYLE('',(#13587));
#13587 = FILL_AREA_STYLE_COLOUR('',#12432);
#13588 = OVER_RIDING_STYLED_ITEM('overriding color',(#13589),#9536,
  #13518);
#13589 = PRESENTATION_STYLE_ASSIGNMENT((#13590));
#13590 = SURFACE_STYLE_USAGE(.BOTH.,#13591);
#13591 = SURFACE_SIDE_STYLE('',(#13592));
#13592 = SURFACE_STYLE_FILL_AREA(#13593);
#13593 = FILL_AREA_STYLE('',(#13594));
#13594 = FILL_AREA_STYLE_COLOUR('',#12432);
#13595 = OVER_RIDING_STYLED_ITEM('overriding color',(#13596),#9564,
  #13518);
#13596 = PRESENTATION_STYLE_ASSIGNMENT((#13597));
#13597 = SURFACE_STYLE_USAGE(.BOTH.,#13598);
#13598 = SURFACE_SIDE_STYLE('',(#13599));
#13599 = SURFACE_STYLE_FILL_AREA(#13600);
#13600 = FILL_AREA_STYLE('',(#13601));
#13601 = FILL_AREA_STYLE_COLOUR('',#12432);
#13602 = OVER_RIDING_STYLED_ITEM('overriding color',(#13603),#9592,
  #13518);
#13603 = PRESENTATION_STYLE_ASSIGNMENT((#13604));
#13604 = SURFACE_STYLE_USAGE(.BOTH.,#13605);
#13605 = SURFACE_SIDE_STYLE('',(#13606));
#13606 = SURFACE_STYLE_FILL_AREA(#13607);
#13607 = FILL_AREA_STYLE('',(#13608));
#13608 = FILL_AREA_STYLE_COLOUR('',#12432);
#13609 = OVER_RIDING_STYLED_ITEM('overriding color',(#13610),#9612,
  #13518);
#13610 = PRESENTATION_STYLE_ASSIGNMENT((#13611));
#13611 = SURFACE_STYLE_USAGE(.BOTH.,#13612);
#13612 = SURFACE_SIDE_STYLE('',(#13613));
#13613 = SURFACE_STYLE_FILL_AREA(#13614);
#13614 = FILL_AREA_STYLE('',(#13615));
#13615 = FILL_AREA_STYLE_COLOUR('',#12432);
#13616 = OVER_RIDING_STYLED_ITEM('overriding color',(#13617),#9632,
  #13518);
#13617 = PRESENTATION_STYLE_ASSIGNMENT((#13618));
#13618 = SURFACE_STYLE_USAGE(.BOTH.,#13619);
#13619 = SURFACE_SIDE_STYLE('',(#13620));
#13620 = SURFACE_STYLE_FILL_AREA(#13621);
#13621 = FILL_AREA_STYLE('',(#13622));
#13622 = FILL_AREA_STYLE_COLOUR('',#12432);
#13623 = STYLED_ITEM('color',(#13624),#9652);
#13624 = PRESENTATION_STYLE_ASSIGNMENT((#13625));
#13625 = SURFACE_STYLE_USAGE(.BOTH.,#13626);
#13626 = SURFACE_SIDE_STYLE('',(#13627));
#13627 = SURFACE_STYLE_FILL_AREA(#13628);
#13628 = FILL_AREA_STYLE('',(#13629));
#13629 = FILL_AREA_STYLE_COLOUR('',#11954);
#13630 = OVER_RIDING_STYLED_ITEM('overriding color',(#13631),#9654,
  #13623);
#13631 = PRESENTATION_STYLE_ASSIGNMENT((#13632));
#13632 = SURFACE_STYLE_USAGE(.BOTH.,#13633);
#13633 = SURFACE_SIDE_STYLE('',(#13634));
#13634 = SURFACE_STYLE_FILL_AREA(#13635);
#13635 = FILL_AREA_STYLE('',(#13636));
#13636 = FILL_AREA_STYLE_COLOUR('',#12432);
#13637 = OVER_RIDING_STYLED_ITEM('overriding color',(#13638),#9778,
  #13623);
#13638 = PRESENTATION_STYLE_ASSIGNMENT((#13639));
#13639 = SURFACE_STYLE_USAGE(.BOTH.,#13640);
#13640 = SURFACE_SIDE_STYLE('',(#13641));
#13641 = SURFACE_STYLE_FILL_AREA(#13642);
#13642 = FILL_AREA_STYLE('',(#13643));
#13643 = FILL_AREA_STYLE_COLOUR('',#12432);
#13644 = OVER_RIDING_STYLED_ITEM('overriding color',(#13645),#9902,
  #13623);
#13645 = PRESENTATION_STYLE_ASSIGNMENT((#13646));
#13646 = SURFACE_STYLE_USAGE(.BOTH.,#13647);
#13647 = SURFACE_SIDE_STYLE('',(#13648));
#13648 = SURFACE_STYLE_FILL_AREA(#13649);
#13649 = FILL_AREA_STYLE('',(#13650));
#13650 = FILL_AREA_STYLE_COLOUR('',#12432);
#13651 = OVER_RIDING_STYLED_ITEM('overriding color',(#13652),#9922,
  #13623);
#13652 = PRESENTATION_STYLE_ASSIGNMENT((#13653));
#13653 = SURFACE_STYLE_USAGE(.BOTH.,#13654);
#13654 = SURFACE_SIDE_STYLE('',(#13655));
#13655 = SURFACE_STYLE_FILL_AREA(#13656);
#13656 = FILL_AREA_STYLE('',(#13657));
#13657 = FILL_AREA_STYLE_COLOUR('',#12432);
#13658 = OVER_RIDING_STYLED_ITEM('overriding color',(#13659),#9942,
  #13623);
#13659 = PRESENTATION_STYLE_ASSIGNMENT((#13660));
#13660 = SURFACE_STYLE_USAGE(.BOTH.,#13661);
#13661 = SURFACE_SIDE_STYLE('',(#13662));
#13662 = SURFACE_STYLE_FILL_AREA(#13663);
#13663 = FILL_AREA_STYLE('',(#13664));
#13664 = FILL_AREA_STYLE_COLOUR('',#12432);
#13665 = OVER_RIDING_STYLED_ITEM('overriding color',(#13666),#9962,
  #13623);
#13666 = PRESENTATION_STYLE_ASSIGNMENT((#13667));
#13667 = SURFACE_STYLE_USAGE(.BOTH.,#13668);
#13668 = SURFACE_SIDE_STYLE('',(#13669));
#13669 = SURFACE_STYLE_FILL_AREA(#13670);
#13670 = FILL_AREA_STYLE('',(#13671));
#13671 = FILL_AREA_STYLE_COLOUR('',#12432);
#13672 = OVER_RIDING_STYLED_ITEM('overriding color',(#13673),#9982,
  #13623);
#13673 = PRESENTATION_STYLE_ASSIGNMENT((#13674));
#13674 = SURFACE_STYLE_USAGE(.BOTH.,#13675);
#13675 = SURFACE_SIDE_STYLE('',(#13676));
#13676 = SURFACE_STYLE_FILL_AREA(#13677);
#13677 = FILL_AREA_STYLE('',(#13678));
#13678 = FILL_AREA_STYLE_COLOUR('',#12432);
#13679 = OVER_RIDING_STYLED_ITEM('overriding color',(#13680),#10002,
  #13623);
#13680 = PRESENTATION_STYLE_ASSIGNMENT((#13681));
#13681 = SURFACE_STYLE_USAGE(.BOTH.,#13682);
#13682 = SURFACE_SIDE_STYLE('',(#13683));
#13683 = SURFACE_STYLE_FILL_AREA(#13684);
#13684 = FILL_AREA_STYLE('',(#13685));
#13685 = FILL_AREA_STYLE_COLOUR('',#12432);
#13686 = OVER_RIDING_STYLED_ITEM('overriding color',(#13687),#10018,
  #13623);
#13687 = PRESENTATION_STYLE_ASSIGNMENT((#13688));
#13688 = SURFACE_STYLE_USAGE(.BOTH.,#13689);
#13689 = SURFACE_SIDE_STYLE('',(#13690));
#13690 = SURFACE_STYLE_FILL_AREA(#13691);
#13691 = FILL_AREA_STYLE('',(#13692));
#13692 = FILL_AREA_STYLE_COLOUR('',#12432);
#13693 = OVER_RIDING_STYLED_ITEM('overriding color',(#13694),#10030,
  #13623);
#13694 = PRESENTATION_STYLE_ASSIGNMENT((#13695));
#13695 = SURFACE_STYLE_USAGE(.BOTH.,#13696);
#13696 = SURFACE_SIDE_STYLE('',(#13697));
#13697 = SURFACE_STYLE_FILL_AREA(#13698);
#13698 = FILL_AREA_STYLE('',(#13699));
#13699 = FILL_AREA_STYLE_COLOUR('',#12432);
#13700 = OVER_RIDING_STYLED_ITEM('overriding color',(#13701),#10050,
  #13623);
#13701 = PRESENTATION_STYLE_ASSIGNMENT((#13702));
#13702 = SURFACE_STYLE_USAGE(.BOTH.,#13703);
#13703 = SURFACE_SIDE_STYLE('',(#13704));
#13704 = SURFACE_STYLE_FILL_AREA(#13705);
#13705 = FILL_AREA_STYLE('',(#13706));
#13706 = FILL_AREA_STYLE_COLOUR('',#12432);
#13707 = OVER_RIDING_STYLED_ITEM('overriding color',(#13708),#10066,
  #13623);
#13708 = PRESENTATION_STYLE_ASSIGNMENT((#13709));
#13709 = SURFACE_STYLE_USAGE(.BOTH.,#13710);
#13710 = SURFACE_SIDE_STYLE('',(#13711));
#13711 = SURFACE_STYLE_FILL_AREA(#13712);
#13712 = FILL_AREA_STYLE('',(#13713));
#13713 = FILL_AREA_STYLE_COLOUR('',#12432);
#13714 = OVER_RIDING_STYLED_ITEM('overriding color',(#13715),#10082,
  #13623);
#13715 = PRESENTATION_STYLE_ASSIGNMENT((#13716));
#13716 = SURFACE_STYLE_USAGE(.BOTH.,#13717);
#13717 = SURFACE_SIDE_STYLE('',(#13718));
#13718 = SURFACE_STYLE_FILL_AREA(#13719);
#13719 = FILL_AREA_STYLE('',(#13720));
#13720 = FILL_AREA_STYLE_COLOUR('',#12432);
#13721 = OVER_RIDING_STYLED_ITEM('overriding color',(#13722),#10102,
  #13623);
#13722 = PRESENTATION_STYLE_ASSIGNMENT((#13723));
#13723 = SURFACE_STYLE_USAGE(.BOTH.,#13724);
#13724 = SURFACE_SIDE_STYLE('',(#13725));
#13725 = SURFACE_STYLE_FILL_AREA(#13726);
#13726 = FILL_AREA_STYLE('',(#13727));
#13727 = FILL_AREA_STYLE_COLOUR('',#12432);
#13728 = OVER_RIDING_STYLED_ITEM('overriding color',(#13729),#10122,
  #13623);
#13729 = PRESENTATION_STYLE_ASSIGNMENT((#13730));
#13730 = SURFACE_STYLE_USAGE(.BOTH.,#13731);
#13731 = SURFACE_SIDE_STYLE('',(#13732));
#13732 = SURFACE_STYLE_FILL_AREA(#13733);
#13733 = FILL_AREA_STYLE('',(#13734));
#13734 = FILL_AREA_STYLE_COLOUR('',#12432);
#13735 = OVER_RIDING_STYLED_ITEM('overriding color',(#13736),#10142,
  #13623);
#13736 = PRESENTATION_STYLE_ASSIGNMENT((#13737));
#13737 = SURFACE_STYLE_USAGE(.BOTH.,#13738);
#13738 = SURFACE_SIDE_STYLE('',(#13739));
#13739 = SURFACE_STYLE_FILL_AREA(#13740);
#13740 = FILL_AREA_STYLE('',(#13741));
#13741 = FILL_AREA_STYLE_COLOUR('',#12432);
#13742 = STYLED_ITEM('color',(#13743),#10158);
#13743 = PRESENTATION_STYLE_ASSIGNMENT((#13744));
#13744 = SURFACE_STYLE_USAGE(.BOTH.,#13745);
#13745 = SURFACE_SIDE_STYLE('',(#13746));
#13746 = SURFACE_STYLE_FILL_AREA(#13747);
#13747 = FILL_AREA_STYLE('',(#13748));
#13748 = FILL_AREA_STYLE_COLOUR('',#11954);
#13749 = OVER_RIDING_STYLED_ITEM('overriding color',(#13750),#10160,
  #13742);
#13750 = PRESENTATION_STYLE_ASSIGNMENT((#13751));
#13751 = SURFACE_STYLE_USAGE(.BOTH.,#13752);
#13752 = SURFACE_SIDE_STYLE('',(#13753));
#13753 = SURFACE_STYLE_FILL_AREA(#13754);
#13754 = FILL_AREA_STYLE('',(#13755));
#13755 = FILL_AREA_STYLE_COLOUR('',#12432);
#13756 = OVER_RIDING_STYLED_ITEM('overriding color',(#13757),#10272,
  #13742);
#13757 = PRESENTATION_STYLE_ASSIGNMENT((#13758));
#13758 = SURFACE_STYLE_USAGE(.BOTH.,#13759);
#13759 = SURFACE_SIDE_STYLE('',(#13760));
#13760 = SURFACE_STYLE_FILL_AREA(#13761);
#13761 = FILL_AREA_STYLE('',(#13762));
#13762 = FILL_AREA_STYLE_COLOUR('',#12432);
#13763 = OVER_RIDING_STYLED_ITEM('overriding color',(#13764),#10384,
  #13742);
#13764 = PRESENTATION_STYLE_ASSIGNMENT((#13765));
#13765 = SURFACE_STYLE_USAGE(.BOTH.,#13766);
#13766 = SURFACE_SIDE_STYLE('',(#13767));
#13767 = SURFACE_STYLE_FILL_AREA(#13768);
#13768 = FILL_AREA_STYLE('',(#13769));
#13769 = FILL_AREA_STYLE_COLOUR('',#12432);
#13770 = OVER_RIDING_STYLED_ITEM('overriding color',(#13771),#10404,
  #13742);
#13771 = PRESENTATION_STYLE_ASSIGNMENT((#13772));
#13772 = SURFACE_STYLE_USAGE(.BOTH.,#13773);
#13773 = SURFACE_SIDE_STYLE('',(#13774));
#13774 = SURFACE_STYLE_FILL_AREA(#13775);
#13775 = FILL_AREA_STYLE('',(#13776));
#13776 = FILL_AREA_STYLE_COLOUR('',#12432);
#13777 = OVER_RIDING_STYLED_ITEM('overriding color',(#13778),#10420,
  #13742);
#13778 = PRESENTATION_STYLE_ASSIGNMENT((#13779));
#13779 = SURFACE_STYLE_USAGE(.BOTH.,#13780);
#13780 = SURFACE_SIDE_STYLE('',(#13781));
#13781 = SURFACE_STYLE_FILL_AREA(#13782);
#13782 = FILL_AREA_STYLE('',(#13783));
#13783 = FILL_AREA_STYLE_COLOUR('',#12432);
#13784 = OVER_RIDING_STYLED_ITEM('overriding color',(#13785),#10436,
  #13742);
#13785 = PRESENTATION_STYLE_ASSIGNMENT((#13786));
#13786 = SURFACE_STYLE_USAGE(.BOTH.,#13787);
#13787 = SURFACE_SIDE_STYLE('',(#13788));
#13788 = SURFACE_STYLE_FILL_AREA(#13789);
#13789 = FILL_AREA_STYLE('',(#13790));
#13790 = FILL_AREA_STYLE_COLOUR('',#12432);
#13791 = OVER_RIDING_STYLED_ITEM('overriding color',(#13792),#10452,
  #13742);
#13792 = PRESENTATION_STYLE_ASSIGNMENT((#13793));
#13793 = SURFACE_STYLE_USAGE(.BOTH.,#13794);
#13794 = SURFACE_SIDE_STYLE('',(#13795));
#13795 = SURFACE_STYLE_FILL_AREA(#13796);
#13796 = FILL_AREA_STYLE('',(#13797));
#13797 = FILL_AREA_STYLE_COLOUR('',#12432);
#13798 = OVER_RIDING_STYLED_ITEM('overriding color',(#13799),#10468,
  #13742);
#13799 = PRESENTATION_STYLE_ASSIGNMENT((#13800));
#13800 = SURFACE_STYLE_USAGE(.BOTH.,#13801);
#13801 = SURFACE_SIDE_STYLE('',(#13802));
#13802 = SURFACE_STYLE_FILL_AREA(#13803);
#13803 = FILL_AREA_STYLE('',(#13804));
#13804 = FILL_AREA_STYLE_COLOUR('',#12432);
#13805 = OVER_RIDING_STYLED_ITEM('overriding color',(#13806),#10484,
  #13742);
#13806 = PRESENTATION_STYLE_ASSIGNMENT((#13807));
#13807 = SURFACE_STYLE_USAGE(.BOTH.,#13808);
#13808 = SURFACE_SIDE_STYLE('',(#13809));
#13809 = SURFACE_STYLE_FILL_AREA(#13810);
#13810 = FILL_AREA_STYLE('',(#13811));
#13811 = FILL_AREA_STYLE_COLOUR('',#12432);
#13812 = OVER_RIDING_STYLED_ITEM('overriding color',(#13813),#10500,
  #13742);
#13813 = PRESENTATION_STYLE_ASSIGNMENT((#13814));
#13814 = SURFACE_STYLE_USAGE(.BOTH.,#13815);
#13815 = SURFACE_SIDE_STYLE('',(#13816));
#13816 = SURFACE_STYLE_FILL_AREA(#13817);
#13817 = FILL_AREA_STYLE('',(#13818));
#13818 = FILL_AREA_STYLE_COLOUR('',#12432);
#13819 = OVER_RIDING_STYLED_ITEM('overriding color',(#13820),#10512,
  #13742);
#13820 = PRESENTATION_STYLE_ASSIGNMENT((#13821));
#13821 = SURFACE_STYLE_USAGE(.BOTH.,#13822);
#13822 = SURFACE_SIDE_STYLE('',(#13823));
#13823 = SURFACE_STYLE_FILL_AREA(#13824);
#13824 = FILL_AREA_STYLE('',(#13825));
#13825 = FILL_AREA_STYLE_COLOUR('',#12432);
#13826 = OVER_RIDING_STYLED_ITEM('overriding color',(#13827),#10532,
  #13742);
#13827 = PRESENTATION_STYLE_ASSIGNMENT((#13828));
#13828 = SURFACE_STYLE_USAGE(.BOTH.,#13829);
#13829 = SURFACE_SIDE_STYLE('',(#13830));
#13830 = SURFACE_STYLE_FILL_AREA(#13831);
#13831 = FILL_AREA_STYLE('',(#13832));
#13832 = FILL_AREA_STYLE_COLOUR('',#12432);
#13833 = OVER_RIDING_STYLED_ITEM('overriding color',(#13834),#10548,
  #13742);
#13834 = PRESENTATION_STYLE_ASSIGNMENT((#13835));
#13835 = SURFACE_STYLE_USAGE(.BOTH.,#13836);
#13836 = SURFACE_SIDE_STYLE('',(#13837));
#13837 = SURFACE_STYLE_FILL_AREA(#13838);
#13838 = FILL_AREA_STYLE('',(#13839));
#13839 = FILL_AREA_STYLE_COLOUR('',#12432);
#13840 = OVER_RIDING_STYLED_ITEM('overriding color',(#13841),#10568,
  #13742);
#13841 = PRESENTATION_STYLE_ASSIGNMENT((#13842));
#13842 = SURFACE_STYLE_USAGE(.BOTH.,#13843);
#13843 = SURFACE_SIDE_STYLE('',(#13844));
#13844 = SURFACE_STYLE_FILL_AREA(#13845);
#13845 = FILL_AREA_STYLE('',(#13846));
#13846 = FILL_AREA_STYLE_COLOUR('',#12432);
#13847 = OVER_RIDING_STYLED_ITEM('overriding color',(#13848),#10584,
  #13742);
#13848 = PRESENTATION_STYLE_ASSIGNMENT((#13849));
#13849 = SURFACE_STYLE_USAGE(.BOTH.,#13850);
#13850 = SURFACE_SIDE_STYLE('',(#13851));
#13851 = SURFACE_STYLE_FILL_AREA(#13852);
#13852 = FILL_AREA_STYLE('',(#13853));
#13853 = FILL_AREA_STYLE_COLOUR('',#12432);
#13854 = OVER_RIDING_STYLED_ITEM('overriding color',(#13855),#10604,
  #13742);
#13855 = PRESENTATION_STYLE_ASSIGNMENT((#13856));
#13856 = SURFACE_STYLE_USAGE(.BOTH.,#13857);
#13857 = SURFACE_SIDE_STYLE('',(#13858));
#13858 = SURFACE_STYLE_FILL_AREA(#13859);
#13859 = FILL_AREA_STYLE('',(#13860));
#13860 = FILL_AREA_STYLE_COLOUR('',#12432);
#13861 = STYLED_ITEM('color',(#13862),#10616);
#13862 = PRESENTATION_STYLE_ASSIGNMENT((#13863));
#13863 = SURFACE_STYLE_USAGE(.BOTH.,#13864);
#13864 = SURFACE_SIDE_STYLE('',(#13865));
#13865 = SURFACE_STYLE_FILL_AREA(#13866);
#13866 = FILL_AREA_STYLE('',(#13867));
#13867 = FILL_AREA_STYLE_COLOUR('',#11954);
#13868 = OVER_RIDING_STYLED_ITEM('overriding color',(#13869),#10618,
  #13861);
#13869 = PRESENTATION_STYLE_ASSIGNMENT((#13870));
#13870 = SURFACE_STYLE_USAGE(.BOTH.,#13871);
#13871 = SURFACE_SIDE_STYLE('',(#13872));
#13872 = SURFACE_STYLE_FILL_AREA(#13873);
#13873 = FILL_AREA_STYLE('',(#13874));
#13874 = FILL_AREA_STYLE_COLOUR('',#12432);
#13875 = OVER_RIDING_STYLED_ITEM('overriding color',(#13876),#10938,
  #13861);
#13876 = PRESENTATION_STYLE_ASSIGNMENT((#13877));
#13877 = SURFACE_STYLE_USAGE(.BOTH.,#13878);
#13878 = SURFACE_SIDE_STYLE('',(#13879));
#13879 = SURFACE_STYLE_FILL_AREA(#13880);
#13880 = FILL_AREA_STYLE('',(#13881));
#13881 = FILL_AREA_STYLE_COLOUR('',#12432);
#13882 = OVER_RIDING_STYLED_ITEM('overriding color',(#13883),#11258,
  #13861);
#13883 = PRESENTATION_STYLE_ASSIGNMENT((#13884));
#13884 = SURFACE_STYLE_USAGE(.BOTH.,#13885);
#13885 = SURFACE_SIDE_STYLE('',(#13886));
#13886 = SURFACE_STYLE_FILL_AREA(#13887);
#13887 = FILL_AREA_STYLE('',(#13888));
#13888 = FILL_AREA_STYLE_COLOUR('',#12432);
#13889 = OVER_RIDING_STYLED_ITEM('overriding color',(#13890),#11282,
  #13861);
#13890 = PRESENTATION_STYLE_ASSIGNMENT((#13891));
#13891 = SURFACE_STYLE_USAGE(.BOTH.,#13892);
#13892 = SURFACE_SIDE_STYLE('',(#13893));
#13893 = SURFACE_STYLE_FILL_AREA(#13894);
#13894 = FILL_AREA_STYLE('',(#13895));
#13895 = FILL_AREA_STYLE_COLOUR('',#12432);
#13896 = OVER_RIDING_STYLED_ITEM('overriding color',(#13897),#11302,
  #13861);
#13897 = PRESENTATION_STYLE_ASSIGNMENT((#13898));
#13898 = SURFACE_STYLE_USAGE(.BOTH.,#13899);
#13899 = SURFACE_SIDE_STYLE('',(#13900));
#13900 = SURFACE_STYLE_FILL_AREA(#13901);
#13901 = FILL_AREA_STYLE('',(#13902));
#13902 = FILL_AREA_STYLE_COLOUR('',#12432);
#13903 = OVER_RIDING_STYLED_ITEM('overriding color',(#13904),#11322,
  #13861);
#13904 = PRESENTATION_STYLE_ASSIGNMENT((#13905));
#13905 = SURFACE_STYLE_USAGE(.BOTH.,#13906);
#13906 = SURFACE_SIDE_STYLE('',(#13907));
#13907 = SURFACE_STYLE_FILL_AREA(#13908);
#13908 = FILL_AREA_STYLE('',(#13909));
#13909 = FILL_AREA_STYLE_COLOUR('',#12432);
#13910 = OVER_RIDING_STYLED_ITEM('overriding color',(#13911),#11342,
  #13861);
#13911 = PRESENTATION_STYLE_ASSIGNMENT((#13912));
#13912 = SURFACE_STYLE_USAGE(.BOTH.,#13913);
#13913 = SURFACE_SIDE_STYLE('',(#13914));
#13914 = SURFACE_STYLE_FILL_AREA(#13915);
#13915 = FILL_AREA_STYLE('',(#13916));
#13916 = FILL_AREA_STYLE_COLOUR('',#12432);
#13917 = OVER_RIDING_STYLED_ITEM('overriding color',(#13918),#11362,
  #13861);
#13918 = PRESENTATION_STYLE_ASSIGNMENT((#13919));
#13919 = SURFACE_STYLE_USAGE(.BOTH.,#13920);
#13920 = SURFACE_SIDE_STYLE('',(#13921));
#13921 = SURFACE_STYLE_FILL_AREA(#13922);
#13922 = FILL_AREA_STYLE('',(#13923));
#13923 = FILL_AREA_STYLE_COLOUR('',#12432);
#13924 = OVER_RIDING_STYLED_ITEM('overriding color',(#13925),#11382,
  #13861);
#13925 = PRESENTATION_STYLE_ASSIGNMENT((#13926));
#13926 = SURFACE_STYLE_USAGE(.BOTH.,#13927);
#13927 = SURFACE_SIDE_STYLE('',(#13928));
#13928 = SURFACE_STYLE_FILL_AREA(#13929);
#13929 = FILL_AREA_STYLE('',(#13930));
#13930 = FILL_AREA_STYLE_COLOUR('',#12432);
#13931 = OVER_RIDING_STYLED_ITEM('overriding color',(#13932),#11402,
  #13861);
#13932 = PRESENTATION_STYLE_ASSIGNMENT((#13933));
#13933 = SURFACE_STYLE_USAGE(.BOTH.,#13934);
#13934 = SURFACE_SIDE_STYLE('',(#13935));
#13935 = SURFACE_STYLE_FILL_AREA(#13936);
#13936 = FILL_AREA_STYLE('',(#13937));
#13937 = FILL_AREA_STYLE_COLOUR('',#12432);
#13938 = OVER_RIDING_STYLED_ITEM('overriding color',(#13939),#11422,
  #13861);
#13939 = PRESENTATION_STYLE_ASSIGNMENT((#13940));
#13940 = SURFACE_STYLE_USAGE(.BOTH.,#13941);
#13941 = SURFACE_SIDE_STYLE('',(#13942));
#13942 = SURFACE_STYLE_FILL_AREA(#13943);
#13943 = FILL_AREA_STYLE('',(#13944));
#13944 = FILL_AREA_STYLE_COLOUR('',#12432);
#13945 = OVER_RIDING_STYLED_ITEM('overriding color',(#13946),#11442,
  #13861);
#13946 = PRESENTATION_STYLE_ASSIGNMENT((#13947));
#13947 = SURFACE_STYLE_USAGE(.BOTH.,#13948);
#13948 = SURFACE_SIDE_STYLE('',(#13949));
#13949 = SURFACE_STYLE_FILL_AREA(#13950);
#13950 = FILL_AREA_STYLE('',(#13951));
#13951 = FILL_AREA_STYLE_COLOUR('',#12432);
#13952 = OVER_RIDING_STYLED_ITEM('overriding color',(#13953),#11462,
  #13861);
#13953 = PRESENTATION_STYLE_ASSIGNMENT((#13954));
#13954 = SURFACE_STYLE_USAGE(.BOTH.,#13955);
#13955 = SURFACE_SIDE_STYLE('',(#13956));
#13956 = SURFACE_STYLE_FILL_AREA(#13957);
#13957 = FILL_AREA_STYLE('',(#13958));
#13958 = FILL_AREA_STYLE_COLOUR('',#12432);
#13959 = OVER_RIDING_STYLED_ITEM('overriding color',(#13960),#11482,
  #13861);
#13960 = PRESENTATION_STYLE_ASSIGNMENT((#13961));
#13961 = SURFACE_STYLE_USAGE(.BOTH.,#13962);
#13962 = SURFACE_SIDE_STYLE('',(#13963));
#13963 = SURFACE_STYLE_FILL_AREA(#13964);
#13964 = FILL_AREA_STYLE('',(#13965));
#13965 = FILL_AREA_STYLE_COLOUR('',#12432);
#13966 = OVER_RIDING_STYLED_ITEM('overriding color',(#13967),#11502,
  #13861);
#13967 = PRESENTATION_STYLE_ASSIGNMENT((#13968));
#13968 = SURFACE_STYLE_USAGE(.BOTH.,#13969);
#13969 = SURFACE_SIDE_STYLE('',(#13970));
#13970 = SURFACE_STYLE_FILL_AREA(#13971);
#13971 = FILL_AREA_STYLE('',(#13972));
#13972 = FILL_AREA_STYLE_COLOUR('',#12432);
#13973 = OVER_RIDING_STYLED_ITEM('overriding color',(#13974),#11518,
  #13861);
#13974 = PRESENTATION_STYLE_ASSIGNMENT((#13975));
#13975 = SURFACE_STYLE_USAGE(.BOTH.,#13976);
#13976 = SURFACE_SIDE_STYLE('',(#13977));
#13977 = SURFACE_STYLE_FILL_AREA(#13978);
#13978 = FILL_AREA_STYLE('',(#13979));
#13979 = FILL_AREA_STYLE_COLOUR('',#12432);
#13980 = OVER_RIDING_STYLED_ITEM('overriding color',(#13981),#11534,
  #13861);
#13981 = PRESENTATION_STYLE_ASSIGNMENT((#13982));
#13982 = SURFACE_STYLE_USAGE(.BOTH.,#13983);
#13983 = SURFACE_SIDE_STYLE('',(#13984));
#13984 = SURFACE_STYLE_FILL_AREA(#13985);
#13985 = FILL_AREA_STYLE('',(#13986));
#13986 = FILL_AREA_STYLE_COLOUR('',#12432);
#13987 = OVER_RIDING_STYLED_ITEM('overriding color',(#13988),#11550,
  #13861);
#13988 = PRESENTATION_STYLE_ASSIGNMENT((#13989));
#13989 = SURFACE_STYLE_USAGE(.BOTH.,#13990);
#13990 = SURFACE_SIDE_STYLE('',(#13991));
#13991 = SURFACE_STYLE_FILL_AREA(#13992);
#13992 = FILL_AREA_STYLE('',(#13993));
#13993 = FILL_AREA_STYLE_COLOUR('',#12432);
#13994 = OVER_RIDING_STYLED_ITEM('overriding color',(#13995),#11566,
  #13861);
#13995 = PRESENTATION_STYLE_ASSIGNMENT((#13996));
#13996 = SURFACE_STYLE_USAGE(.BOTH.,#13997);
#13997 = SURFACE_SIDE_STYLE('',(#13998));
#13998 = SURFACE_STYLE_FILL_AREA(#13999);
#13999 = FILL_AREA_STYLE('',(#14000));
#14000 = FILL_AREA_STYLE_COLOUR('',#12432);
#14001 = OVER_RIDING_STYLED_ITEM('overriding color',(#14002),#11586,
  #13861);
#14002 = PRESENTATION_STYLE_ASSIGNMENT((#14003));
#14003 = SURFACE_STYLE_USAGE(.BOTH.,#14004);
#14004 = SURFACE_SIDE_STYLE('',(#14005));
#14005 = SURFACE_STYLE_FILL_AREA(#14006);
#14006 = FILL_AREA_STYLE('',(#14007));
#14007 = FILL_AREA_STYLE_COLOUR('',#12432);
#14008 = OVER_RIDING_STYLED_ITEM('overriding color',(#14009),#11606,
  #13861);
#14009 = PRESENTATION_STYLE_ASSIGNMENT((#14010));
#14010 = SURFACE_STYLE_USAGE(.BOTH.,#14011);
#14011 = SURFACE_SIDE_STYLE('',(#14012));
#14012 = SURFACE_STYLE_FILL_AREA(#14013);
#14013 = FILL_AREA_STYLE('',(#14014));
#14014 = FILL_AREA_STYLE_COLOUR('',#12432);
#14015 = OVER_RIDING_STYLED_ITEM('overriding color',(#14016),#11626,
  #13861);
#14016 = PRESENTATION_STYLE_ASSIGNMENT((#14017));
#14017 = SURFACE_STYLE_USAGE(.BOTH.,#14018);
#14018 = SURFACE_SIDE_STYLE('',(#14019));
#14019 = SURFACE_STYLE_FILL_AREA(#14020);
#14020 = FILL_AREA_STYLE('',(#14021));
#14021 = FILL_AREA_STYLE_COLOUR('',#12432);
#14022 = OVER_RIDING_STYLED_ITEM('overriding color',(#14023),#11646,
  #13861);
#14023 = PRESENTATION_STYLE_ASSIGNMENT((#14024));
#14024 = SURFACE_STYLE_USAGE(.BOTH.,#14025);
#14025 = SURFACE_SIDE_STYLE('',(#14026));
#14026 = SURFACE_STYLE_FILL_AREA(#14027);
#14027 = FILL_AREA_STYLE('',(#14028));
#14028 = FILL_AREA_STYLE_COLOUR('',#12432);
#14029 = OVER_RIDING_STYLED_ITEM('overriding color',(#14030),#11666,
  #13861);
#14030 = PRESENTATION_STYLE_ASSIGNMENT((#14031));
#14031 = SURFACE_STYLE_USAGE(.BOTH.,#14032);
#14032 = SURFACE_SIDE_STYLE('',(#14033));
#14033 = SURFACE_STYLE_FILL_AREA(#14034);
#14034 = FILL_AREA_STYLE('',(#14035));
#14035 = FILL_AREA_STYLE_COLOUR('',#12432);
#14036 = OVER_RIDING_STYLED_ITEM('overriding color',(#14037),#11686,
  #13861);
#14037 = PRESENTATION_STYLE_ASSIGNMENT((#14038));
#14038 = SURFACE_STYLE_USAGE(.BOTH.,#14039);
#14039 = SURFACE_SIDE_STYLE('',(#14040));
#14040 = SURFACE_STYLE_FILL_AREA(#14041);
#14041 = FILL_AREA_STYLE('',(#14042));
#14042 = FILL_AREA_STYLE_COLOUR('',#12432);
#14043 = OVER_RIDING_STYLED_ITEM('overriding color',(#14044),#11706,
  #13861);
#14044 = PRESENTATION_STYLE_ASSIGNMENT((#14045));
#14045 = SURFACE_STYLE_USAGE(.BOTH.,#14046);
#14046 = SURFACE_SIDE_STYLE('',(#14047));
#14047 = SURFACE_STYLE_FILL_AREA(#14048);
#14048 = FILL_AREA_STYLE('',(#14049));
#14049 = FILL_AREA_STYLE_COLOUR('',#12432);
#14050 = OVER_RIDING_STYLED_ITEM('overriding color',(#14051),#11722,
  #13861);
#14051 = PRESENTATION_STYLE_ASSIGNMENT((#14052));
#14052 = SURFACE_STYLE_USAGE(.BOTH.,#14053);
#14053 = SURFACE_SIDE_STYLE('',(#14054));
#14054 = SURFACE_STYLE_FILL_AREA(#14055);
#14055 = FILL_AREA_STYLE('',(#14056));
#14056 = FILL_AREA_STYLE_COLOUR('',#12432);
#14057 = OVER_RIDING_STYLED_ITEM('overriding color',(#14058),#11742,
  #13861);
#14058 = PRESENTATION_STYLE_ASSIGNMENT((#14059));
#14059 = SURFACE_STYLE_USAGE(.BOTH.,#14060);
#14060 = SURFACE_SIDE_STYLE('',(#14061));
#14061 = SURFACE_STYLE_FILL_AREA(#14062);
#14062 = FILL_AREA_STYLE('',(#14063));
#14063 = FILL_AREA_STYLE_COLOUR('',#12432);
#14064 = OVER_RIDING_STYLED_ITEM('overriding color',(#14065),#11762,
  #13861);
#14065 = PRESENTATION_STYLE_ASSIGNMENT((#14066));
#14066 = SURFACE_STYLE_USAGE(.BOTH.,#14067);
#14067 = SURFACE_SIDE_STYLE('',(#14068));
#14068 = SURFACE_STYLE_FILL_AREA(#14069);
#14069 = FILL_AREA_STYLE('',(#14070));
#14070 = FILL_AREA_STYLE_COLOUR('',#12432);
#14071 = OVER_RIDING_STYLED_ITEM('overriding color',(#14072),#11778,
  #13861);
#14072 = PRESENTATION_STYLE_ASSIGNMENT((#14073));
#14073 = SURFACE_STYLE_USAGE(.BOTH.,#14074);
#14074 = SURFACE_SIDE_STYLE('',(#14075));
#14075 = SURFACE_STYLE_FILL_AREA(#14076);
#14076 = FILL_AREA_STYLE('',(#14077));
#14077 = FILL_AREA_STYLE_COLOUR('',#12432);
#14078 = OVER_RIDING_STYLED_ITEM('overriding color',(#14079),#11798,
  #13861);
#14079 = PRESENTATION_STYLE_ASSIGNMENT((#14080));
#14080 = SURFACE_STYLE_USAGE(.BOTH.,#14081);
#14081 = SURFACE_SIDE_STYLE('',(#14082));
#14082 = SURFACE_STYLE_FILL_AREA(#14083);
#14083 = FILL_AREA_STYLE('',(#14084));
#14084 = FILL_AREA_STYLE_COLOUR('',#12432);
#14085 = OVER_RIDING_STYLED_ITEM('overriding color',(#14086),#11818,
  #13861);
#14086 = PRESENTATION_STYLE_ASSIGNMENT((#14087));
#14087 = SURFACE_STYLE_USAGE(.BOTH.,#14088);
#14088 = SURFACE_SIDE_STYLE('',(#14089));
#14089 = SURFACE_STYLE_FILL_AREA(#14090);
#14090 = FILL_AREA_STYLE('',(#14091));
#14091 = FILL_AREA_STYLE_COLOUR('',#12432);
#14092 = OVER_RIDING_STYLED_ITEM('overriding color',(#14093),#11838,
  #13861);
#14093 = PRESENTATION_STYLE_ASSIGNMENT((#14094));
#14094 = SURFACE_STYLE_USAGE(.BOTH.,#14095);
#14095 = SURFACE_SIDE_STYLE('',(#14096));
#14096 = SURFACE_STYLE_FILL_AREA(#14097);
#14097 = FILL_AREA_STYLE('',(#14098));
#14098 = FILL_AREA_STYLE_COLOUR('',#12432);
#14099 = OVER_RIDING_STYLED_ITEM('overriding color',(#14100),#11854,
  #13861);
#14100 = PRESENTATION_STYLE_ASSIGNMENT((#14101));
#14101 = SURFACE_STYLE_USAGE(.BOTH.,#14102);
#14102 = SURFACE_SIDE_STYLE('',(#14103));
#14103 = SURFACE_STYLE_FILL_AREA(#14104);
#14104 = FILL_AREA_STYLE('',(#14105));
#14105 = FILL_AREA_STYLE_COLOUR('',#12432);
#14106 = OVER_RIDING_STYLED_ITEM('overriding color',(#14107),#11874,
  #13861);
#14107 = PRESENTATION_STYLE_ASSIGNMENT((#14108));
#14108 = SURFACE_STYLE_USAGE(.BOTH.,#14109);
#14109 = SURFACE_SIDE_STYLE('',(#14110));
#14110 = SURFACE_STYLE_FILL_AREA(#14111);
#14111 = FILL_AREA_STYLE('',(#14112));
#14112 = FILL_AREA_STYLE_COLOUR('',#12432);
#14113 = OVER_RIDING_STYLED_ITEM('overriding color',(#14114),#11890,
  #13861);
#14114 = PRESENTATION_STYLE_ASSIGNMENT((#14115));
#14115 = SURFACE_STYLE_USAGE(.BOTH.,#14116);
#14116 = SURFACE_SIDE_STYLE('',(#14117));
#14117 = SURFACE_STYLE_FILL_AREA(#14118);
#14118 = FILL_AREA_STYLE('',(#14119));
#14119 = FILL_AREA_STYLE_COLOUR('',#12432);
#14120 = OVER_RIDING_STYLED_ITEM('overriding color',(#14121),#11920,
  #13861);
#14121 = PRESENTATION_STYLE_ASSIGNMENT((#14122));
#14122 = SURFACE_STYLE_USAGE(.BOTH.,#14123);
#14123 = SURFACE_SIDE_STYLE('',(#14124));
#14124 = SURFACE_STYLE_FILL_AREA(#14125);
#14125 = FILL_AREA_STYLE('',(#14126));
#14126 = FILL_AREA_STYLE_COLOUR('',#12432);
ENDSEC;
END-ISO-10303-21;
