ISO-10303-21;
HEADER;
FILE_DESCRIPTION(('Open CASCADE Model'),'2;1');
FILE_NAME('Open CASCADE Shape Model','2026-05-13T15:44:24',('Author'),(
    'Open CASCADE'),'Open CASCADE STEP processor 7.8','Open CASCADE 7.8'
  ,'Unknown');
FILE_SCHEMA(('AUTOMOTIVE_DESIGN { 1 0 10303 214 1 1 1 1 }'));
ENDSEC;
DATA;
#1 = APPLICATION_PROTOCOL_DEFINITION('international standard',
  'automotive_design',2000,#2);
#2 = APPLICATION_CONTEXT(
  'core data for automotive mechanical design processes');
#3 = SHAPE_DEFINITION_REPRESENTATION(#4,#10);
#4 = PRODUCT_DEFINITION_SHAPE('','',#5);
#5 = PRODUCT_DEFINITION('design','',#6,#9);
#6 = PRODUCT_DEFINITION_FORMATION('','',#7);
#7 = PRODUCT('SOLID','SOLID','',(#8));
#8 = PRODUCT_CONTEXT('',#2,'mechanical');
#9 = PRODUCT_DEFINITION_CONTEXT('part definition',#2,'design');
#10 = ADVANCED_BREP_SHAPE_REPRESENTATION('',(#11,#15),#12069);
#11 = AXIS2_PLACEMENT_3D('',#12,#13,#14);
#12 = CARTESIAN_POINT('',(0.,0.,0.));
#13 = DIRECTION('',(0.,0.,1.));
#14 = DIRECTION('',(1.,0.,-0.));
#15 = MANIFOLD_SOLID_BREP('',#16);
#16 = CLOSED_SHELL('',(#17,#57,#97,#137,#177,#217,#257,#1662,#1842,#1894
    ,#2050,#2081,#2117,#2175,#2209,#2234,#2290,#2338,#2496,#2548,#2570,
    #2600,#2652,#2680,#2698,#2720,#2770,#2926,#2951,#2987,#3045,#3079,
    #3098,#3154,#3202,#3360,#3410,#3428,#3458,#3510,#3538,#3552,#3574,
    #3605,#3627,#3652,#3674,#3693,#3718,#3734,#3802,#3826,#3847,#3868,
    #3887,#3906,#3927,#3948,#3962,#3978,#4002,#4018,#4046,#4058,#4074,
    #4088,#4106,#4131,#4160,#4178,#4194,#4212,#4228,#4244,#4288,#4307,
    #4332,#4370,#4390,#4410,#4424,#4438,#4452,#4470,#4486,#4504,#4529,
    #4558,#4572,#4586,#4602,#4646,#4674,#4710,#4729,#4748,#4768,#4782,
    #4796,#4810,#4824,#4842,#4867,#4896,#4914,#4930,#4948,#4964,#4980,
    #5023,#5042,#5067,#5104,#5124,#5140,#5154,#5168,#5182,#5200,#5216,
    #5234,#5259,#5288,#5302,#5316,#5332,#5375,#5403,#5438,#5457,#5476,
    #5492,#5506,#5520,#5534,#5562,#5584,#5606,#5622,#5658,#5678,#5694,
    #5710,#5722,#5750,#5772,#5794,#5810,#5846,#5866,#5882,#5898,#5910,
    #5938,#5960,#5982,#5998,#6034,#6054,#6070,#6086,#6098,#6126,#6148,
    #6170,#6186,#6222,#6242,#6258,#6274,#6286,#6314,#6336,#6358,#6380,
    #6402,#6418,#6432,#6466,#6488,#6516,#6544,#6572,#6600,#6628,#6656,
    #6678,#6706,#6734,#6762,#6790,#6812,#6834,#6862,#6884,#6906,#6928,
    #6950,#6972,#6994,#7016,#7038,#7060,#7082,#7098,#7118,#7242,#7262,
    #7282,#7302,#7322,#7342,#7358,#7370,#7398,#7420,#7442,#7470,#7498,
    #7526,#7548,#7563,#7675,#7695,#7711,#7727,#7743,#7759,#7775,#7791,
    #7803,#7831,#7853,#7881,#7903,#7931,#7947,#7961,#7989,#8011,#8033,
    #8055,#8077,#8099,#8121,#8143,#8165,#8187,#8209,#8225,#8245,#8437,
    #8461,#8477,#8497,#8517,#8533,#8553,#8573,#8593,#8613,#8629,#8645,
    #8661,#8677,#8693,#8727,#8755,#8783,#8811,#8839,#8867,#8889,#8905,
    #8921,#8955,#8977,#9005,#9033,#9061,#9089,#9117,#9145,#9173,#9201,
    #9229,#9257,#9279,#9307,#9335,#9363,#9391,#9419,#9447,#9475,#9497,
    #9526,#9554,#9576,#9604,#9626,#9648,#9670,#9692,#9714,#9736,#9764,
    #9792,#9814,#9842,#9870,#9886,#9909,#9937,#9959,#9981,#10003,#10025,
    #10047,#10069,#10091,#10113,#10135,#10157,#10173,#10193,#10317,
    #10337,#10357,#10377,#10397,#10417,#10433,#10445,#10473,#10495,
    #10517,#10545,#10573,#10601,#10623,#10638,#10750,#10770,#10786,
    #10802,#10818,#10834,#10850,#10866,#10878,#10906,#10928,#10956,
    #10978,#11006,#11022,#11036,#11356,#11380,#11400,#11420,#11440,
    #11460,#11480,#11500,#11520,#11540,#11560,#11580,#11600,#11616,
    #11632,#11648,#11664,#11684,#11704,#11724,#11744,#11764,#11784,
    #11804,#11820,#11840,#11860,#11876,#11896,#11916,#11936,#11952,
    #11972,#11988,#12031,#12059));
#17 = ADVANCED_FACE('',(#18),#50,.T.);
#18 = FACE_BOUND('',#19,.T.);
#19 = EDGE_LOOP('',(#20,#30,#37,#45));
#20 = ORIENTED_EDGE('',*,*,#21,.F.);
#21 = EDGE_CURVE('',#22,#24,#26,.T.);
#22 = VERTEX_POINT('',#23);
#23 = CARTESIAN_POINT('',(1.918561986283,1.43397661238,10.099569574374)
  );
#24 = VERTEX_POINT('',#25);
#25 = CARTESIAN_POINT('',(1.720126485271,1.342621558828,9.936876071421)
  );
#26 = ( BOUNDED_CURVE() B_SPLINE_CURVE(2,(#27,#28,#29),.UNSPECIFIED.,.F.
,.F.) B_SPLINE_CURVE_WITH_KNOTS((3,3),(0.,1.49812700681),
.PIECEWISE_BEZIER_KNOTS.) CURVE() GEOMETRIC_REPRESENTATION_ITEM() 
RATIONAL_B_SPLINE_CURVE((1.,0.732326900303,1.)) REPRESENTATION_ITEM('') 
  );
#27 = CARTESIAN_POINT('',(1.918561986283,1.43397661238,10.099569574374)
  );
#28 = CARTESIAN_POINT('',(1.733558717498,1.449379676227,10.08855674198)
  );
#29 = CARTESIAN_POINT('',(1.720126485271,1.342621558828,9.936876071421)
  );
#30 = ORIENTED_EDGE('',*,*,#31,.T.);
#31 = EDGE_CURVE('',#22,#32,#34,.T.);
#32 = VERTEX_POINT('',#33);
#33 = CARTESIAN_POINT('',(1.938925588255,1.595824604072,9.98385202471));
#34 = B_SPLINE_CURVE_WITH_KNOTS('',1,(#35,#36),.UNSPECIFIED.,.F.,.F.,(2,
    2),(-0.2,3.593747337309E-16),.PIECEWISE_BEZIER_KNOTS.);
#35 = CARTESIAN_POINT('',(1.918561986283,1.43397661238,10.099569574374)
  );
#36 = CARTESIAN_POINT('',(1.938925588255,1.595824604072,9.98385202471));
#37 = ORIENTED_EDGE('',*,*,#38,.F.);
#38 = EDGE_CURVE('',#39,#32,#41,.T.);
#39 = VERTEX_POINT('',#40);
#40 = CARTESIAN_POINT('',(1.740490087242,1.50446955052,9.821158521757));
#41 = ( BOUNDED_CURVE() B_SPLINE_CURVE(2,(#42,#43,#44),.UNSPECIFIED.,.F.
,.F.) B_SPLINE_CURVE_WITH_KNOTS((3,3),(4.78505830037,6.28318530718),
.PIECEWISE_BEZIER_KNOTS.) CURVE() GEOMETRIC_REPRESENTATION_ITEM() 
RATIONAL_B_SPLINE_CURVE((1.,0.732326900303,1.)) REPRESENTATION_ITEM('') 
  );
#42 = CARTESIAN_POINT('',(1.740490087242,1.50446955052,9.821158521757));
#43 = CARTESIAN_POINT('',(1.753922319469,1.611227667919,9.972839192317)
  );
#44 = CARTESIAN_POINT('',(1.938925588255,1.595824604072,9.98385202471));
#45 = ORIENTED_EDGE('',*,*,#46,.F.);
#46 = EDGE_CURVE('',#24,#39,#47,.T.);
#47 = B_SPLINE_CURVE_WITH_KNOTS('',1,(#48,#49),.UNSPECIFIED.,.F.,.F.,(2,
    2),(-0.2,-7.387927983698E-16),.PIECEWISE_BEZIER_KNOTS.);
#48 = CARTESIAN_POINT('',(1.720126485271,1.342621558828,9.936876071421)
  );
#49 = CARTESIAN_POINT('',(1.740490087242,1.50446955052,9.821158521757));
#50 = ( BOUNDED_SURFACE() B_SPLINE_SURFACE(2,1,(
    (#51,#52)
    ,(#53,#54)
,(#55,#56
  )),.UNSPECIFIED.,.F.,.F.,.F.) B_SPLINE_SURFACE_WITH_KNOTS((3,3),(2,2),
  (4.78505830037,6.28318530718),(-0.2,1.928412800371E-16),
.PIECEWISE_BEZIER_KNOTS.) GEOMETRIC_REPRESENTATION_ITEM() 
RATIONAL_B_SPLINE_SURFACE((
    (1.,1.)
    ,(0.732326900303,0.732326900303)
,(1.,1.))) REPRESENTATION_ITEM('') SURFACE() );
#51 = CARTESIAN_POINT('',(1.720126485271,1.342621558828,9.936876071421)
  );
#52 = CARTESIAN_POINT('',(1.740490087242,1.50446955052,9.821158521757));
#53 = CARTESIAN_POINT('',(1.733558717498,1.449379676227,10.08855674198)
  );
#54 = CARTESIAN_POINT('',(1.753922319469,1.611227667919,9.972839192317)
  );
#55 = CARTESIAN_POINT('',(1.918561986283,1.43397661238,10.099569574374)
  );
#56 = CARTESIAN_POINT('',(1.938925588255,1.595824604072,9.98385202471));
#57 = ADVANCED_FACE('',(#58),#90,.T.);
#58 = FACE_BOUND('',#59,.T.);
#59 = EDGE_LOOP('',(#60,#70,#77,#85));
#60 = ORIENTED_EDGE('',*,*,#61,.F.);
#61 = EDGE_CURVE('',#62,#64,#66,.T.);
#62 = VERTEX_POINT('',#63);
#63 = CARTESIAN_POINT('',(1.938925588255,-1.585824604072,9.98385202471)
  );
#64 = VERTEX_POINT('',#65);
#65 = CARTESIAN_POINT('',(1.740490087242,-1.49446955052,9.821158521757)
  );
#66 = ( BOUNDED_CURVE() B_SPLINE_CURVE(2,(#67,#68,#69),.UNSPECIFIED.,.F.
,.F.) B_SPLINE_CURVE_WITH_KNOTS((3,3),(0.,1.49812700681),
.PIECEWISE_BEZIER_KNOTS.) CURVE() GEOMETRIC_REPRESENTATION_ITEM() 
RATIONAL_B_SPLINE_CURVE((1.,0.732326900303,1.)) REPRESENTATION_ITEM('') 
  );
#67 = CARTESIAN_POINT('',(1.938925588255,-1.585824604072,9.98385202471)
  );
#68 = CARTESIAN_POINT('',(1.753922319469,-1.601227667919,9.972839192317)
  );
#69 = CARTESIAN_POINT('',(1.740490087242,-1.49446955052,9.821158521757)
  );
#70 = ORIENTED_EDGE('',*,*,#71,.T.);
#71 = EDGE_CURVE('',#62,#72,#74,.T.);
#72 = VERTEX_POINT('',#73);
#73 = CARTESIAN_POINT('',(1.918561986283,-1.42397661238,10.099569574374)
  );
#74 = B_SPLINE_CURVE_WITH_KNOTS('',1,(#75,#76),.UNSPECIFIED.,.F.,.F.,(2,
    2),(0.8,1.),.PIECEWISE_BEZIER_KNOTS.);
#75 = CARTESIAN_POINT('',(1.938925588255,-1.585824604072,9.98385202471)
  );
#76 = CARTESIAN_POINT('',(1.918561986283,-1.42397661238,10.099569574374)
  );
#77 = ORIENTED_EDGE('',*,*,#78,.F.);
#78 = EDGE_CURVE('',#79,#72,#81,.T.);
#79 = VERTEX_POINT('',#80);
#80 = CARTESIAN_POINT('',(1.720126485271,-1.332621558828,9.936876071421)
  );
#81 = ( BOUNDED_CURVE() B_SPLINE_CURVE(2,(#82,#83,#84),.UNSPECIFIED.,.F.
,.F.) B_SPLINE_CURVE_WITH_KNOTS((3,3),(4.78505830037,6.28318530718),
.PIECEWISE_BEZIER_KNOTS.) CURVE() GEOMETRIC_REPRESENTATION_ITEM() 
RATIONAL_B_SPLINE_CURVE((1.,0.732326900303,1.)) REPRESENTATION_ITEM('') 
  );
#82 = CARTESIAN_POINT('',(1.720126485271,-1.332621558828,9.936876071421)
  );
#83 = CARTESIAN_POINT('',(1.733558717498,-1.439379676227,10.08855674198)
  );
#84 = CARTESIAN_POINT('',(1.918561986283,-1.42397661238,10.099569574374)
  );
#85 = ORIENTED_EDGE('',*,*,#86,.F.);
#86 = EDGE_CURVE('',#64,#79,#87,.T.);
#87 = B_SPLINE_CURVE_WITH_KNOTS('',1,(#88,#89),.UNSPECIFIED.,.F.,.F.,(2,
    2),(0.8,1.),.PIECEWISE_BEZIER_KNOTS.);
#88 = CARTESIAN_POINT('',(1.740490087242,-1.49446955052,9.821158521757)
  );
#89 = CARTESIAN_POINT('',(1.720126485271,-1.332621558828,9.936876071421)
  );
#90 = ( BOUNDED_SURFACE() B_SPLINE_SURFACE(2,1,(
    (#91,#92)
    ,(#93,#94)
,(#95,#96
  )),.UNSPECIFIED.,.F.,.F.,.F.) B_SPLINE_SURFACE_WITH_KNOTS((3,3),(2,2),
  (4.78505830037,6.28318530718),(0.8,1.),.PIECEWISE_BEZIER_KNOTS.) 
GEOMETRIC_REPRESENTATION_ITEM() RATIONAL_B_SPLINE_SURFACE((
    (1.,1.)
    ,(0.732326900303,0.732326900303)
,(1.,1.))) REPRESENTATION_ITEM('') SURFACE() );
#91 = CARTESIAN_POINT('',(1.740490087242,-1.49446955052,9.821158521757)
  );
#92 = CARTESIAN_POINT('',(1.720126485271,-1.332621558828,9.936876071421)
  );
#93 = CARTESIAN_POINT('',(1.753922319469,-1.601227667919,9.972839192317)
  );
#94 = CARTESIAN_POINT('',(1.733558717498,-1.439379676227,10.08855674198)
  );
#95 = CARTESIAN_POINT('',(1.938925588255,-1.585824604072,9.98385202471)
  );
#96 = CARTESIAN_POINT('',(1.918561986283,-1.42397661238,10.099569574374)
  );
#97 = ADVANCED_FACE('',(#98),#130,.F.);
#98 = FACE_BOUND('',#99,.F.);
#99 = EDGE_LOOP('',(#100,#109,#117,#124));
#100 = ORIENTED_EDGE('',*,*,#101,.T.);
#101 = EDGE_CURVE('',#102,#104,#106,.T.);
#102 = VERTEX_POINT('',#103);
#103 = CARTESIAN_POINT('',(-1.454813619185,1.056072344505,5.2000001));
#104 = VERTEX_POINT('',#105);
#105 = CARTESIAN_POINT('',(-1.454813619185,1.056072344505,8.1000001));
#106 = B_SPLINE_CURVE_WITH_KNOTS('',1,(#107,#108),.UNSPECIFIED.,.F.,.F.,
  (2,2),(0.1,3.),.PIECEWISE_BEZIER_KNOTS.);
#107 = CARTESIAN_POINT('',(-1.454813619185,1.056072344505,5.2000001));
#108 = CARTESIAN_POINT('',(-1.454813619185,1.056072344505,8.1000001));
#109 = ORIENTED_EDGE('',*,*,#110,.T.);
#110 = EDGE_CURVE('',#104,#111,#113,.T.);
#111 = VERTEX_POINT('',#112);
#112 = CARTESIAN_POINT('',(-1.450957707318,1.02857117513,8.1000001));
#113 = ( BOUNDED_CURVE() B_SPLINE_CURVE(2,(#114,#115,#116),
.UNSPECIFIED.,.F.,.F.) B_SPLINE_CURVE_WITH_KNOTS((3,3),(6.004583442079,
6.28318530718),.PIECEWISE_BEZIER_KNOTS.) CURVE() 
GEOMETRIC_REPRESENTATION_ITEM() RATIONAL_B_SPLINE_CURVE((1.,
0.990313304297,1.)) REPRESENTATION_ITEM('') );
#114 = CARTESIAN_POINT('',(-1.454813619185,1.056072344505,8.1000001));
#115 = CARTESIAN_POINT('',(-1.450957707318,1.04259207662,8.1000001));
#116 = CARTESIAN_POINT('',(-1.450957707318,1.02857117513,8.1000001));
#117 = ORIENTED_EDGE('',*,*,#118,.F.);
#118 = EDGE_CURVE('',#119,#111,#121,.T.);
#119 = VERTEX_POINT('',#120);
#120 = CARTESIAN_POINT('',(-1.450957707318,1.02857117513,5.2000001));
#121 = B_SPLINE_CURVE_WITH_KNOTS('',1,(#122,#123),.UNSPECIFIED.,.F.,.F.,
  (2,2),(0.1,3.),.PIECEWISE_BEZIER_KNOTS.);
#122 = CARTESIAN_POINT('',(-1.450957707318,1.02857117513,5.2000001));
#123 = CARTESIAN_POINT('',(-1.450957707318,1.02857117513,8.1000001));
#124 = ORIENTED_EDGE('',*,*,#125,.F.);
#125 = EDGE_CURVE('',#102,#119,#126,.T.);
#126 = ( BOUNDED_CURVE() B_SPLINE_CURVE(2,(#127,#128,#129),
.UNSPECIFIED.,.F.,.F.) B_SPLINE_CURVE_WITH_KNOTS((3,3),(2.862990788489,
3.14159265359),.PIECEWISE_BEZIER_KNOTS.) CURVE() 
GEOMETRIC_REPRESENTATION_ITEM() RATIONAL_B_SPLINE_CURVE((1.,
0.990313304297,1.)) REPRESENTATION_ITEM('') );
#127 = CARTESIAN_POINT('',(-1.454813619185,1.056072344505,5.2000001));
#128 = CARTESIAN_POINT('',(-1.450957707318,1.04259207662,5.2000001));
#129 = CARTESIAN_POINT('',(-1.450957707318,1.02857117513,5.2000001));
#130 = ( BOUNDED_SURFACE() B_SPLINE_SURFACE(2,1,(
    (#131,#132)
    ,(#133,#134)
,(#135,#136
    )),.UNSPECIFIED.,.F.,.F.,.F.) B_SPLINE_SURFACE_WITH_KNOTS((3,3),(2,2
    ),(0.,0.278601865101),(0.1,3.),.PIECEWISE_BEZIER_KNOTS.) 
GEOMETRIC_REPRESENTATION_ITEM() RATIONAL_B_SPLINE_SURFACE((
    (1.,1.)
    ,(0.990313304297,0.990313304297)
,(1.,1.))) REPRESENTATION_ITEM('') SURFACE() );
#131 = CARTESIAN_POINT('',(-1.450957707318,1.02857117513,5.2000001));
#132 = CARTESIAN_POINT('',(-1.450957707318,1.02857117513,8.1000001));
#133 = CARTESIAN_POINT('',(-1.450957707318,1.04259207662,5.2000001));
#134 = CARTESIAN_POINT('',(-1.450957707318,1.04259207662,8.1000001));
#135 = CARTESIAN_POINT('',(-1.454813619185,1.056072344505,5.2000001));
#136 = CARTESIAN_POINT('',(-1.454813619185,1.056072344505,8.1000001));
#137 = ADVANCED_FACE('',(#138),#170,.T.);
#138 = FACE_BOUND('',#139,.T.);
#139 = EDGE_LOOP('',(#140,#150,#157,#165));
#140 = ORIENTED_EDGE('',*,*,#141,.F.);
#141 = EDGE_CURVE('',#142,#144,#146,.T.);
#142 = VERTEX_POINT('',#143);
#143 = CARTESIAN_POINT('',(-1.250957707318,1.02857117513,5.2000001));
#144 = VERTEX_POINT('',#145);
#145 = CARTESIAN_POINT('',(-1.513507181821,0.730917923611,5.2000001));
#146 = ( BOUNDED_CURVE() B_SPLINE_CURVE(2,(#147,#148,#149),
.UNSPECIFIED.,.F.,.F.) B_SPLINE_CURVE_WITH_KNOTS((3,3),(3.14159265359,
4.587227366184),.PIECEWISE_BEZIER_KNOTS.) CURVE() 
GEOMETRIC_REPRESENTATION_ITEM() RATIONAL_B_SPLINE_CURVE((1.,
0.749945026315,1.)) REPRESENTATION_ITEM('') );
#147 = CARTESIAN_POINT('',(-1.250957707318,1.02857117513,5.2000001));
#148 = CARTESIAN_POINT('',(-1.250957707318,0.76395171625,5.2000001));
#149 = CARTESIAN_POINT('',(-1.513507181821,0.730917923611,5.2000001));
#150 = ORIENTED_EDGE('',*,*,#151,.T.);
#151 = EDGE_CURVE('',#142,#152,#154,.T.);
#152 = VERTEX_POINT('',#153);
#153 = CARTESIAN_POINT('',(-1.250957707318,1.02857117513,8.1000001));
#154 = B_SPLINE_CURVE_WITH_KNOTS('',1,(#155,#156),.UNSPECIFIED.,.F.,.F.,
  (2,2),(0.1,3.),.PIECEWISE_BEZIER_KNOTS.);
#155 = CARTESIAN_POINT('',(-1.250957707318,1.02857117513,5.2000001));
#156 = CARTESIAN_POINT('',(-1.250957707318,1.02857117513,8.1000001));
#157 = ORIENTED_EDGE('',*,*,#158,.F.);
#158 = EDGE_CURVE('',#159,#152,#161,.T.);
#159 = VERTEX_POINT('',#160);
#160 = CARTESIAN_POINT('',(-1.513507181821,0.730917923611,8.1000001));
#161 = ( BOUNDED_CURVE() B_SPLINE_CURVE(2,(#162,#163,#164),
.UNSPECIFIED.,.F.,.F.) B_SPLINE_CURVE_WITH_KNOTS((3,3),(4.837550594585,
6.28318530718),.PIECEWISE_BEZIER_KNOTS.) CURVE() 
GEOMETRIC_REPRESENTATION_ITEM() RATIONAL_B_SPLINE_CURVE((1.,
0.749945026315,1.)) REPRESENTATION_ITEM('') );
#162 = CARTESIAN_POINT('',(-1.513507181821,0.730917923611,8.1000001));
#163 = CARTESIAN_POINT('',(-1.250957707318,0.76395171625,8.1000001));
#164 = CARTESIAN_POINT('',(-1.250957707318,1.02857117513,8.1000001));
#165 = ORIENTED_EDGE('',*,*,#166,.F.);
#166 = EDGE_CURVE('',#144,#159,#167,.T.);
#167 = B_SPLINE_CURVE_WITH_KNOTS('',1,(#168,#169),.UNSPECIFIED.,.F.,.F.,
  (2,2),(0.1,3.),.PIECEWISE_BEZIER_KNOTS.);
#168 = CARTESIAN_POINT('',(-1.513507181821,0.730917923611,5.2000001));
#169 = CARTESIAN_POINT('',(-1.513507181821,0.730917923611,8.1000001));
#170 = ( BOUNDED_SURFACE() B_SPLINE_SURFACE(2,1,(
    (#171,#172)
    ,(#173,#174)
,(#175,#176
    )),.UNSPECIFIED.,.F.,.F.,.F.) B_SPLINE_SURFACE_WITH_KNOTS((3,3),(2,2
    ),(4.837550594585,6.28318530718),(0.1,3.),.PIECEWISE_BEZIER_KNOTS.) 
GEOMETRIC_REPRESENTATION_ITEM() RATIONAL_B_SPLINE_SURFACE((
    (1.,1.)
    ,(0.749945026315,0.749945026315)
,(1.,1.))) REPRESENTATION_ITEM('') SURFACE() );
#171 = CARTESIAN_POINT('',(-1.513507181821,0.730917923611,5.2000001));
#172 = CARTESIAN_POINT('',(-1.513507181821,0.730917923611,8.1000001));
#173 = CARTESIAN_POINT('',(-1.250957707318,0.76395171625,5.2000001));
#174 = CARTESIAN_POINT('',(-1.250957707318,0.76395171625,8.1000001));
#175 = CARTESIAN_POINT('',(-1.250957707318,1.02857117513,5.2000001));
#176 = CARTESIAN_POINT('',(-1.250957707318,1.02857117513,8.1000001));
#177 = ADVANCED_FACE('',(#178),#210,.T.);
#178 = FACE_BOUND('',#179,.T.);
#179 = EDGE_LOOP('',(#180,#190,#197,#205));
#180 = ORIENTED_EDGE('',*,*,#181,.T.);
#181 = EDGE_CURVE('',#182,#184,#186,.T.);
#182 = VERTEX_POINT('',#183);
#183 = CARTESIAN_POINT('',(-1.262525442917,-1.101074683254,5.2000001));
#184 = VERTEX_POINT('',#185);
#185 = CARTESIAN_POINT('',(-1.250957707318,-1.01857117513,5.2000001));
#186 = ( BOUNDED_CURVE() B_SPLINE_CURVE(2,(#187,#188,#189),
.UNSPECIFIED.,.F.,.F.) B_SPLINE_CURVE_WITH_KNOTS((3,3),(2.862990788489,
3.14159265359),.PIECEWISE_BEZIER_KNOTS.) CURVE() 
GEOMETRIC_REPRESENTATION_ITEM() RATIONAL_B_SPLINE_CURVE((1.,
0.990313304297,1.)) REPRESENTATION_ITEM('') );
#187 = CARTESIAN_POINT('',(-1.262525442917,-1.101074683254,5.2000001));
#188 = CARTESIAN_POINT('',(-1.250957707318,-1.060633879598,5.2000001));
#189 = CARTESIAN_POINT('',(-1.250957707318,-1.01857117513,5.2000001));
#190 = ORIENTED_EDGE('',*,*,#191,.T.);
#191 = EDGE_CURVE('',#184,#192,#194,.T.);
#192 = VERTEX_POINT('',#193);
#193 = CARTESIAN_POINT('',(-1.250957707318,-1.01857117513,8.1000001));
#194 = B_SPLINE_CURVE_WITH_KNOTS('',1,(#195,#196),.UNSPECIFIED.,.F.,.F.,
  (2,2),(0.1,3.),.PIECEWISE_BEZIER_KNOTS.);
#195 = CARTESIAN_POINT('',(-1.250957707318,-1.01857117513,5.2000001));
#196 = CARTESIAN_POINT('',(-1.250957707318,-1.01857117513,8.1000001));
#197 = ORIENTED_EDGE('',*,*,#198,.T.);
#198 = EDGE_CURVE('',#192,#199,#201,.T.);
#199 = VERTEX_POINT('',#200);
#200 = CARTESIAN_POINT('',(-1.262525442917,-1.101074683254,8.1000001));
#201 = ( BOUNDED_CURVE() B_SPLINE_CURVE(2,(#202,#203,#204),
.UNSPECIFIED.,.F.,.F.) B_SPLINE_CURVE_WITH_KNOTS((3,3),(0.,0.2786018651)
,.PIECEWISE_BEZIER_KNOTS.) CURVE() GEOMETRIC_REPRESENTATION_ITEM() 
RATIONAL_B_SPLINE_CURVE((1.,0.990313304297,1.)) REPRESENTATION_ITEM('') 
  );
#202 = CARTESIAN_POINT('',(-1.250957707318,-1.01857117513,8.1000001));
#203 = CARTESIAN_POINT('',(-1.250957707318,-1.060633879598,8.1000001));
#204 = CARTESIAN_POINT('',(-1.262525442917,-1.101074683254,8.1000001));
#205 = ORIENTED_EDGE('',*,*,#206,.F.);
#206 = EDGE_CURVE('',#182,#199,#207,.T.);
#207 = B_SPLINE_CURVE_WITH_KNOTS('',1,(#208,#209),.UNSPECIFIED.,.F.,.F.,
  (2,2),(0.1,3.),.PIECEWISE_BEZIER_KNOTS.);
#208 = CARTESIAN_POINT('',(-1.262525442917,-1.101074683254,5.2000001));
#209 = CARTESIAN_POINT('',(-1.262525442917,-1.101074683254,8.1000001));
#210 = ( BOUNDED_SURFACE() B_SPLINE_SURFACE(2,1,(
    (#211,#212)
    ,(#213,#214)
,(#215,#216
    )),.UNSPECIFIED.,.F.,.F.,.F.) B_SPLINE_SURFACE_WITH_KNOTS((3,3),(2,2
    ),(6.004583442079,6.28318530718),(0.1,3.),.PIECEWISE_BEZIER_KNOTS.) 
GEOMETRIC_REPRESENTATION_ITEM() RATIONAL_B_SPLINE_SURFACE((
    (1.,1.)
    ,(0.990313304297,0.990313304297)
,(1.,1.))) REPRESENTATION_ITEM('') SURFACE() );
#211 = CARTESIAN_POINT('',(-1.262525442917,-1.101074683254,5.2000001));
#212 = CARTESIAN_POINT('',(-1.262525442917,-1.101074683254,8.1000001));
#213 = CARTESIAN_POINT('',(-1.250957707318,-1.060633879598,5.2000001));
#214 = CARTESIAN_POINT('',(-1.250957707318,-1.060633879598,8.1000001));
#215 = CARTESIAN_POINT('',(-1.250957707318,-1.01857117513,5.2000001));
#216 = CARTESIAN_POINT('',(-1.250957707318,-1.01857117513,8.1000001));
#217 = ADVANCED_FACE('',(#218),#250,.F.);
#218 = FACE_BOUND('',#219,.F.);
#219 = EDGE_LOOP('',(#220,#229,#237,#244));
#220 = ORIENTED_EDGE('',*,*,#221,.T.);
#221 = EDGE_CURVE('',#222,#224,#226,.T.);
#222 = VERTEX_POINT('',#223);
#223 = CARTESIAN_POINT('',(-1.538474198819,-0.919353424624,5.2000001));
#224 = VERTEX_POINT('',#225);
#225 = CARTESIAN_POINT('',(-1.538474198819,-0.919353424624,8.1000001));
#226 = B_SPLINE_CURVE_WITH_KNOTS('',1,(#227,#228),.UNSPECIFIED.,.F.,.F.,
  (2,2),(0.1,3.),.PIECEWISE_BEZIER_KNOTS.);
#227 = CARTESIAN_POINT('',(-1.538474198819,-0.919353424624,5.2000001));
#228 = CARTESIAN_POINT('',(-1.538474198819,-0.919353424624,8.1000001));
#229 = ORIENTED_EDGE('',*,*,#230,.F.);
#230 = EDGE_CURVE('',#231,#224,#233,.T.);
#231 = VERTEX_POINT('',#232);
#232 = CARTESIAN_POINT('',(-1.450957707318,-1.01857117513,8.1000001));
#233 = ( BOUNDED_CURVE() B_SPLINE_CURVE(2,(#234,#235,#236),
.UNSPECIFIED.,.F.,.F.) B_SPLINE_CURVE_WITH_KNOTS((3,3),(0.,
1.445634712595),.PIECEWISE_BEZIER_KNOTS.) CURVE() 
GEOMETRIC_REPRESENTATION_ITEM() RATIONAL_B_SPLINE_CURVE((1.,
0.749945026315,1.)) REPRESENTATION_ITEM('') );
#234 = CARTESIAN_POINT('',(-1.450957707318,-1.01857117513,8.1000001));
#235 = CARTESIAN_POINT('',(-1.450957707318,-0.930364688837,8.1000001));
#236 = CARTESIAN_POINT('',(-1.538474198819,-0.919353424624,8.1000001));
#237 = ORIENTED_EDGE('',*,*,#238,.F.);
#238 = EDGE_CURVE('',#239,#231,#241,.T.);
#239 = VERTEX_POINT('',#240);
#240 = CARTESIAN_POINT('',(-1.450957707318,-1.01857117513,5.2000001));
#241 = B_SPLINE_CURVE_WITH_KNOTS('',1,(#242,#243),.UNSPECIFIED.,.F.,.F.,
  (2,2),(0.1,3.),.PIECEWISE_BEZIER_KNOTS.);
#242 = CARTESIAN_POINT('',(-1.450957707318,-1.01857117513,5.2000001));
#243 = CARTESIAN_POINT('',(-1.450957707318,-1.01857117513,8.1000001));
#244 = ORIENTED_EDGE('',*,*,#245,.T.);
#245 = EDGE_CURVE('',#239,#222,#246,.T.);
#246 = ( BOUNDED_CURVE() B_SPLINE_CURVE(2,(#247,#248,#249),
.UNSPECIFIED.,.F.,.F.) B_SPLINE_CURVE_WITH_KNOTS((3,3),(3.14159265359,
4.587227366184),.PIECEWISE_BEZIER_KNOTS.) CURVE() 
GEOMETRIC_REPRESENTATION_ITEM() RATIONAL_B_SPLINE_CURVE((1.,
0.749945026315,1.)) REPRESENTATION_ITEM('') );
#247 = CARTESIAN_POINT('',(-1.450957707318,-1.01857117513,5.2000001));
#248 = CARTESIAN_POINT('',(-1.450957707318,-0.930364688837,5.2000001));
#249 = CARTESIAN_POINT('',(-1.538474198819,-0.919353424624,5.2000001));
#250 = ( BOUNDED_SURFACE() B_SPLINE_SURFACE(2,1,(
    (#251,#252)
    ,(#253,#254)
,(#255,#256
    )),.UNSPECIFIED.,.F.,.F.,.F.) B_SPLINE_SURFACE_WITH_KNOTS((3,3),(2,2
    ),(0.,1.445634712595),(0.1,3.),.PIECEWISE_BEZIER_KNOTS.) 
GEOMETRIC_REPRESENTATION_ITEM() RATIONAL_B_SPLINE_SURFACE((
    (1.,1.)
    ,(0.749945026315,0.749945026315)
,(1.,1.))) REPRESENTATION_ITEM('') SURFACE() );
#251 = CARTESIAN_POINT('',(-1.450957707318,-1.01857117513,5.2000001));
#252 = CARTESIAN_POINT('',(-1.450957707318,-1.01857117513,8.1000001));
#253 = CARTESIAN_POINT('',(-1.450957707318,-0.930364688837,5.2000001));
#254 = CARTESIAN_POINT('',(-1.450957707318,-0.930364688837,8.1000001));
#255 = CARTESIAN_POINT('',(-1.538474198819,-0.919353424624,5.2000001));
#256 = CARTESIAN_POINT('',(-1.538474198819,-0.919353424624,8.1000001));
#257 = ADVANCED_FACE('',(#258,#375,#491,#577,#701,#731,#775,#861,#920,
    #978,#1165,#1251,#1310,#1368),#1657,.F.);
#258 = FACE_BOUND('',#259,.T.);
#259 = EDGE_LOOP('',(#260,#269,#276,#285,#294,#301,#310,#319,#326,#333,
    #340,#347,#354,#361,#370));
#260 = ORIENTED_EDGE('',*,*,#261,.F.);
#261 = EDGE_CURVE('',#262,#264,#266,.T.);
#262 = VERTEX_POINT('',#263);
#263 = CARTESIAN_POINT('',(-4.227046357521,-3.345,3.701958517148));
#264 = VERTEX_POINT('',#265);
#265 = CARTESIAN_POINT('',(-4.271062775977,-3.345,3.701958517148));
#266 = B_SPLINE_CURVE_WITH_KNOTS('',1,(#267,#268),.UNSPECIFIED.,.F.,.F.,
  (2,2),(-4.401641845579E-02,-0.),.PIECEWISE_BEZIER_KNOTS.);
#267 = CARTESIAN_POINT('',(-4.227046357521,-3.345,3.701958517148));
#268 = CARTESIAN_POINT('',(-4.271062775977,-3.345,3.701958517148));
#269 = ORIENTED_EDGE('',*,*,#270,.F.);
#270 = EDGE_CURVE('',#271,#262,#273,.T.);
#271 = VERTEX_POINT('',#272);
#272 = CARTESIAN_POINT('',(-4.336914110678,-3.345,3.423303395576));
#273 = B_SPLINE_CURVE_WITH_KNOTS('',1,(#274,#275),.UNSPECIFIED.,.F.,.F.,
  (2,2),(-0.299532302034,0.),.PIECEWISE_BEZIER_KNOTS.);
#274 = CARTESIAN_POINT('',(-4.336914110678,-3.345,3.423303395576));
#275 = CARTESIAN_POINT('',(-4.227046357521,-3.345,3.701958517148));
#276 = ORIENTED_EDGE('',*,*,#277,.F.);
#277 = EDGE_CURVE('',#278,#271,#280,.T.);
#278 = VERTEX_POINT('',#279);
#279 = CARTESIAN_POINT('',(-4.423300664226,-3.345,3.345841430809));
#280 = B_SPLINE_CURVE_WITH_KNOTS('',3,(#281,#282,#283,#284),
  .UNSPECIFIED.,.F.,.F.,(4,4),(1.,2.),.PIECEWISE_BEZIER_KNOTS.);
#281 = CARTESIAN_POINT('',(-4.423300664226,-3.345,3.345841430809));
#282 = CARTESIAN_POINT('',(-4.386129318718,-3.345,3.345841430809));
#283 = CARTESIAN_POINT('',(-4.357362683033,-3.345,3.371662085731));
#284 = CARTESIAN_POINT('',(-4.336914110678,-3.345,3.423303395576));
#285 = ORIENTED_EDGE('',*,*,#286,.F.);
#286 = EDGE_CURVE('',#287,#278,#289,.T.);
#287 = VERTEX_POINT('',#288);
#288 = CARTESIAN_POINT('',(-4.450680956022,-3.345,3.34930729053));
#289 = B_SPLINE_CURVE_WITH_KNOTS('',3,(#290,#291,#292,#293),
  .UNSPECIFIED.,.F.,.F.,(4,4),(2.,3.),.PIECEWISE_BEZIER_KNOTS.);
#290 = CARTESIAN_POINT('',(-4.450680956022,-3.345,3.34930729053));
#291 = CARTESIAN_POINT('',(-4.443142711129,-3.345,3.347054481712));
#292 = CARTESIAN_POINT('',(-4.433958182868,-3.345,3.345841430809));
#293 = CARTESIAN_POINT('',(-4.423300664226,-3.345,3.345841430809));
#294 = ORIENTED_EDGE('',*,*,#295,.F.);
#295 = EDGE_CURVE('',#296,#287,#298,.T.);
#296 = VERTEX_POINT('',#297);
#297 = CARTESIAN_POINT('',(-4.450680956022,-3.345,3.387085161491));
#298 = B_SPLINE_CURVE_WITH_KNOTS('',1,(#299,#300),.UNSPECIFIED.,.F.,.F.,
  (2,2),(-3.777787096036E-02,-0.),.PIECEWISE_BEZIER_KNOTS.);
#299 = CARTESIAN_POINT('',(-4.450680956022,-3.345,3.387085161491));
#300 = CARTESIAN_POINT('',(-4.450680956022,-3.345,3.34930729053));
#301 = ORIENTED_EDGE('',*,*,#302,.F.);
#302 = EDGE_CURVE('',#303,#296,#305,.T.);
#303 = VERTEX_POINT('',#304);
#304 = CARTESIAN_POINT('',(-4.426593230961,-3.345,3.38223295788));
#305 = B_SPLINE_CURVE_WITH_KNOTS('',3,(#306,#307,#308,#309),
  .UNSPECIFIED.,.F.,.F.,(4,4),(4.,5.),.PIECEWISE_BEZIER_KNOTS.);
#306 = CARTESIAN_POINT('',(-4.426593230961,-3.345,3.38223295788));
#307 = CARTESIAN_POINT('',(-4.434391415333,-3.345,3.38223295788));
#308 = CARTESIAN_POINT('',(-4.442362892692,-3.345,3.383792594755));
#309 = CARTESIAN_POINT('',(-4.450680956022,-3.345,3.387085161491));
#310 = ORIENTED_EDGE('',*,*,#311,.F.);
#311 = EDGE_CURVE('',#312,#303,#314,.T.);
#312 = VERTEX_POINT('',#313);
#313 = CARTESIAN_POINT('',(-4.383096691462,-3.345,3.416371676133));
#314 = B_SPLINE_CURVE_WITH_KNOTS('',3,(#315,#316,#317,#318),
  .UNSPECIFIED.,.F.,.F.,(4,4),(5.,6.),.PIECEWISE_BEZIER_KNOTS.);
#315 = CARTESIAN_POINT('',(-4.383096691462,-3.345,3.416371676133));
#316 = CARTESIAN_POINT('',(-4.392714452187,-3.345,3.393497001974));
#317 = CARTESIAN_POINT('',(-4.407184416523,-3.345,3.38223295788));
#318 = CARTESIAN_POINT('',(-4.426593230961,-3.345,3.38223295788));
#319 = ORIENTED_EDGE('',*,*,#320,.F.);
#320 = EDGE_CURVE('',#321,#312,#323,.T.);
#321 = VERTEX_POINT('',#322);
#322 = CARTESIAN_POINT('',(-4.364467695461,-3.345,3.460388094591));
#323 = B_SPLINE_CURVE_WITH_KNOTS('',1,(#324,#325),.UNSPECIFIED.,.F.,.F.,
  (2,2),(-4.779628213468E-02,-3.461748799309E-16),
  .PIECEWISE_BEZIER_KNOTS.);
#324 = CARTESIAN_POINT('',(-4.364467695461,-3.345,3.460388094591));
#325 = CARTESIAN_POINT('',(-4.383096691462,-3.345,3.416371676133));
#326 = ORIENTED_EDGE('',*,*,#327,.F.);
#327 = EDGE_CURVE('',#328,#321,#330,.T.);
#328 = VERTEX_POINT('',#329);
#329 = CARTESIAN_POINT('',(-4.459432251818,-3.345,3.701958517148));
#330 = B_SPLINE_CURVE_WITH_KNOTS('',1,(#331,#332),.UNSPECIFIED.,.F.,.F.,
  (2,2),(-0.259566053286,-6.199509723153E-16),.PIECEWISE_BEZIER_KNOTS.);
#331 = CARTESIAN_POINT('',(-4.459432251818,-3.345,3.701958517148));
#332 = CARTESIAN_POINT('',(-4.364467695461,-3.345,3.460388094591));
#333 = ORIENTED_EDGE('',*,*,#334,.F.);
#334 = EDGE_CURVE('',#335,#328,#337,.T.);
#335 = VERTEX_POINT('',#336);
#336 = CARTESIAN_POINT('',(-4.411949973639,-3.345,3.701958517148));
#337 = B_SPLINE_CURVE_WITH_KNOTS('',1,(#338,#339),.UNSPECIFIED.,.F.,.F.,
  (2,2),(-4.748227817866E-02,0.),.PIECEWISE_BEZIER_KNOTS.);
#338 = CARTESIAN_POINT('',(-4.411949973639,-3.345,3.701958517148));
#339 = CARTESIAN_POINT('',(-4.459432251818,-3.345,3.701958517148));
#340 = ORIENTED_EDGE('',*,*,#341,.F.);
#341 = EDGE_CURVE('',#342,#335,#344,.T.);
#342 = VERTEX_POINT('',#343);
#343 = CARTESIAN_POINT('',(-4.34869803373,-3.345,3.520000881792));
#344 = B_SPLINE_CURVE_WITH_KNOTS('',1,(#345,#346),.UNSPECIFIED.,.F.,.F.,
  (2,2),(-0.192637973844,0.),.PIECEWISE_BEZIER_KNOTS.);
#345 = CARTESIAN_POINT('',(-4.34869803373,-3.345,3.520000881792));
#346 = CARTESIAN_POINT('',(-4.411949973639,-3.345,3.701958517148));
#347 = ORIENTED_EDGE('',*,*,#348,.F.);
#348 = EDGE_CURVE('',#349,#342,#351,.T.);
#349 = VERTEX_POINT('',#350);
#350 = CARTESIAN_POINT('',(-4.343499244148,-3.345,3.500072188396));
#351 = B_SPLINE_CURVE_WITH_KNOTS('',1,(#352,#353),.UNSPECIFIED.,.F.,.F.,
  (2,2),(-2.059563627603E-02,-2.148541949656E-16),
  .PIECEWISE_BEZIER_KNOTS.);
#352 = CARTESIAN_POINT('',(-4.343499244148,-3.345,3.500072188396));
#353 = CARTESIAN_POINT('',(-4.34869803373,-3.345,3.520000881792));
#354 = ORIENTED_EDGE('',*,*,#355,.F.);
#355 = EDGE_CURVE('',#356,#349,#358,.T.);
#356 = VERTEX_POINT('',#357);
#357 = CARTESIAN_POINT('',(-4.34237283974,-3.345,3.500072188396));
#358 = B_SPLINE_CURVE_WITH_KNOTS('',1,(#359,#360),.UNSPECIFIED.,.F.,.F.,
  (2,2),(-1.126404408057E-03,0.),.PIECEWISE_BEZIER_KNOTS.);
#359 = CARTESIAN_POINT('',(-4.34237283974,-3.345,3.500072188396));
#360 = CARTESIAN_POINT('',(-4.343499244148,-3.345,3.500072188396));
#361 = ORIENTED_EDGE('',*,*,#362,.F.);
#362 = EDGE_CURVE('',#363,#356,#365,.T.);
#363 = VERTEX_POINT('',#364);
#364 = CARTESIAN_POINT('',(-4.337174050157,-3.345,3.51965429582));
#365 = B_SPLINE_CURVE_WITH_KNOTS('',3,(#366,#367,#368,#369),
  .UNSPECIFIED.,.F.,.F.,(4,4),(12.,13.),.PIECEWISE_BEZIER_KNOTS.);
#366 = CARTESIAN_POINT('',(-4.337174050157,-3.345,3.51965429582));
#367 = CARTESIAN_POINT('',(-4.339773444947,-3.345,3.511162939504));
#368 = CARTESIAN_POINT('',(-4.341506374811,-3.345,3.504577806035));
#369 = CARTESIAN_POINT('',(-4.34237283974,-3.345,3.500072188396));
#370 = ORIENTED_EDGE('',*,*,#371,.F.);
#371 = EDGE_CURVE('',#264,#363,#372,.T.);
#372 = B_SPLINE_CURVE_WITH_KNOTS('',1,(#373,#374),.UNSPECIFIED.,.F.,.F.,
  (2,2),(-0.193921452366,-0.),.PIECEWISE_BEZIER_KNOTS.);
#373 = CARTESIAN_POINT('',(-4.271062775977,-3.345,3.701958517148));
#374 = CARTESIAN_POINT('',(-4.337174050157,-3.345,3.51965429582));
#375 = FACE_BOUND('',#376,.T.);
#376 = EDGE_LOOP('',(#377,#388,#397,#404,#411,#418,#425,#434,#443,#452,
    #461,#468,#477,#486));
#377 = ORIENTED_EDGE('',*,*,#378,.F.);
#378 = EDGE_CURVE('',#379,#381,#383,.T.);
#379 = VERTEX_POINT('',#380);
#380 = CARTESIAN_POINT('',(-4.790075269207,-3.345,3.707503892702));
#381 = VERTEX_POINT('',#382);
#382 = CARTESIAN_POINT('',(-4.873429195499,-3.345,3.684975804516));
#383 = B_SPLINE_CURVE_WITH_KNOTS('',3,(#384,#385,#386,#387),
  .UNSPECIFIED.,.F.,.F.,(4,4),(0.,1.),.PIECEWISE_BEZIER_KNOTS.);
#384 = CARTESIAN_POINT('',(-4.790075269207,-3.345,3.707503892702));
#385 = CARTESIAN_POINT('',(-4.821614592668,-3.345,3.707503892702));
#386 = CARTESIAN_POINT('',(-4.84942811693,-3.345,3.700052294301));
#387 = CARTESIAN_POINT('',(-4.873429195499,-3.345,3.684975804516));
#388 = ORIENTED_EDGE('',*,*,#389,.F.);
#389 = EDGE_CURVE('',#390,#379,#392,.T.);
#390 = VERTEX_POINT('',#391);
#391 = CARTESIAN_POINT('',(-4.70256231125,-3.345,3.615658610093));
#392 = B_SPLINE_CURVE_WITH_KNOTS('',3,(#393,#394,#395,#396),
  .UNSPECIFIED.,.F.,.F.,(4,4),(1.,2.),.PIECEWISE_BEZIER_KNOTS.);
#393 = CARTESIAN_POINT('',(-4.70256231125,-3.345,3.615658610093));
#394 = CARTESIAN_POINT('',(-4.70256231125,-3.345,3.677004327157));
#395 = CARTESIAN_POINT('',(-4.7317621794,-3.345,3.707503892702));
#396 = CARTESIAN_POINT('',(-4.790075269207,-3.345,3.707503892702));
#397 = ORIENTED_EDGE('',*,*,#398,.F.);
#398 = EDGE_CURVE('',#399,#390,#401,.T.);
#399 = VERTEX_POINT('',#400);
#400 = CARTESIAN_POINT('',(-4.70256231125,-3.345,3.459868215633));
#401 = B_SPLINE_CURVE_WITH_KNOTS('',1,(#402,#403),.UNSPECIFIED.,.F.,.F.,
  (2,2),(-0.15579039446,0.),.PIECEWISE_BEZIER_KNOTS.);
#402 = CARTESIAN_POINT('',(-4.70256231125,-3.345,3.459868215633));
#403 = CARTESIAN_POINT('',(-4.70256231125,-3.345,3.615658610093));
#404 = ORIENTED_EDGE('',*,*,#405,.F.);
#405 = EDGE_CURVE('',#406,#399,#408,.T.);
#406 = VERTEX_POINT('',#407);
#407 = CARTESIAN_POINT('',(-4.745019092833,-3.345,3.459868215633));
#408 = B_SPLINE_CURVE_WITH_KNOTS('',1,(#409,#410),.UNSPECIFIED.,.F.,.F.,
  (2,2),(-4.245678158308E-02,0.),.PIECEWISE_BEZIER_KNOTS.);
#409 = CARTESIAN_POINT('',(-4.745019092833,-3.345,3.459868215633));
#410 = CARTESIAN_POINT('',(-4.70256231125,-3.345,3.459868215633));
#411 = ORIENTED_EDGE('',*,*,#412,.F.);
#412 = EDGE_CURVE('',#413,#406,#415,.T.);
#413 = VERTEX_POINT('',#414);
#414 = CARTESIAN_POINT('',(-4.745019092833,-3.345,3.49729950062));
#415 = B_SPLINE_CURVE_WITH_KNOTS('',1,(#416,#417),.UNSPECIFIED.,.F.,.F.,
  (2,2),(-3.743128498634E-02,-1.110223024625E-16),
  .PIECEWISE_BEZIER_KNOTS.);
#416 = CARTESIAN_POINT('',(-4.745019092833,-3.345,3.49729950062));
#417 = CARTESIAN_POINT('',(-4.745019092833,-3.345,3.459868215633));
#418 = ORIENTED_EDGE('',*,*,#419,.F.);
#419 = EDGE_CURVE('',#420,#413,#422,.T.);
#420 = VERTEX_POINT('',#421);
#421 = CARTESIAN_POINT('',(-4.746145497243,-3.345,3.49729950062));
#422 = B_SPLINE_CURVE_WITH_KNOTS('',1,(#423,#424),.UNSPECIFIED.,.F.,.F.,
  (2,2),(-1.126404409211E-03,0.),.PIECEWISE_BEZIER_KNOTS.);
#423 = CARTESIAN_POINT('',(-4.746145497243,-3.345,3.49729950062));
#424 = CARTESIAN_POINT('',(-4.745019092833,-3.345,3.49729950062));
#425 = ORIENTED_EDGE('',*,*,#426,.F.);
#426 = EDGE_CURVE('',#427,#420,#429,.T.);
#427 = VERTEX_POINT('',#428);
#428 = CARTESIAN_POINT('',(-4.820314895273,-3.345,3.454149547093));
#429 = B_SPLINE_CURVE_WITH_KNOTS('',3,(#430,#431,#432,#433),
  .UNSPECIFIED.,.F.,.F.,(4,4),(6.,7.),.PIECEWISE_BEZIER_KNOTS.);
#430 = CARTESIAN_POINT('',(-4.820314895273,-3.345,3.454149547093));
#431 = CARTESIAN_POINT('',(-4.787649167402,-3.345,3.454149547093));
#432 = CARTESIAN_POINT('',(-4.762868270396,-3.345,3.468532864935));
#433 = CARTESIAN_POINT('',(-4.746145497243,-3.345,3.49729950062));
#434 = ORIENTED_EDGE('',*,*,#435,.F.);
#435 = EDGE_CURVE('',#436,#427,#438,.T.);
#436 = VERTEX_POINT('',#437);
#437 = CARTESIAN_POINT('',(-4.876288529768,-3.345,3.473211775558));
#438 = B_SPLINE_CURVE_WITH_KNOTS('',3,(#439,#440,#441,#442),
  .UNSPECIFIED.,.F.,.F.,(4,4),(7.,8.),.PIECEWISE_BEZIER_KNOTS.);
#439 = CARTESIAN_POINT('',(-4.876288529768,-3.345,3.473211775558));
#440 = CARTESIAN_POINT('',(-4.862425090884,-3.345,3.460561387577));
#441 = CARTESIAN_POINT('',(-4.843796094883,-3.345,3.454149547093));
#442 = CARTESIAN_POINT('',(-4.820314895273,-3.345,3.454149547093));
#443 = ORIENTED_EDGE('',*,*,#444,.F.);
#444 = EDGE_CURVE('',#445,#436,#447,.T.);
#445 = VERTEX_POINT('',#446);
#446 = CARTESIAN_POINT('',(-4.897083688095,-3.345,3.524679792417));
#447 = B_SPLINE_CURVE_WITH_KNOTS('',3,(#448,#449,#450,#451),
  .UNSPECIFIED.,.F.,.F.,(4,4),(8.,9.),.PIECEWISE_BEZIER_KNOTS.);
#448 = CARTESIAN_POINT('',(-4.897083688095,-3.345,3.524679792417));
#449 = CARTESIAN_POINT('',(-4.897083688095,-3.345,3.50301816916));
#450 = CARTESIAN_POINT('',(-4.890151968652,-3.345,3.485862163539));
#451 = CARTESIAN_POINT('',(-4.876288529768,-3.345,3.473211775558));
#452 = ORIENTED_EDGE('',*,*,#453,.F.);
#453 = EDGE_CURVE('',#454,#445,#456,.T.);
#454 = VERTEX_POINT('',#455);
#455 = CARTESIAN_POINT('',(-4.816762389059,-3.345,3.603701394057));
#456 = B_SPLINE_CURVE_WITH_KNOTS('',3,(#457,#458,#459,#460),
  .UNSPECIFIED.,.F.,.F.,(4,4),(9.,10.),.PIECEWISE_BEZIER_KNOTS.);
#457 = CARTESIAN_POINT('',(-4.816762389059,-3.345,3.603701394057));
#458 = CARTESIAN_POINT('',(-4.870309921749,-3.345,3.596249795656));
#459 = CARTESIAN_POINT('',(-4.897083688095,-3.345,3.569909261776));
#460 = CARTESIAN_POINT('',(-4.897083688095,-3.345,3.524679792417));
#461 = ORIENTED_EDGE('',*,*,#462,.F.);
#462 = EDGE_CURVE('',#463,#454,#465,.T.);
#463 = VERTEX_POINT('',#464);
#464 = CARTESIAN_POINT('',(-4.745019092833,-3.345,3.613752387248));
#465 = B_SPLINE_CURVE_WITH_KNOTS('',1,(#466,#467),.UNSPECIFIED.,.F.,.F.,
  (2,2),(-7.24439301634E-02,-0.),.PIECEWISE_BEZIER_KNOTS.);
#466 = CARTESIAN_POINT('',(-4.745019092833,-3.345,3.613752387248));
#467 = CARTESIAN_POINT('',(-4.816762389059,-3.345,3.603701394057));
#468 = ORIENTED_EDGE('',*,*,#469,.F.);
#469 = EDGE_CURVE('',#470,#463,#472,.T.);
#470 = VERTEX_POINT('',#471);
#471 = CARTESIAN_POINT('',(-4.794061007886,-3.345,3.673018588478));
#472 = B_SPLINE_CURVE_WITH_KNOTS('',3,(#473,#474,#475,#476),
  .UNSPECIFIED.,.F.,.F.,(4,4),(11.,12.),.PIECEWISE_BEZIER_KNOTS.);
#473 = CARTESIAN_POINT('',(-4.794061007886,-3.345,3.673018588478));
#474 = CARTESIAN_POINT('',(-4.761395280015,-3.345,3.673018588478));
#475 = CARTESIAN_POINT('',(-4.745019092833,-3.345,3.653263188067));
#476 = CARTESIAN_POINT('',(-4.745019092833,-3.345,3.613752387248));
#477 = ORIENTED_EDGE('',*,*,#478,.F.);
#478 = EDGE_CURVE('',#479,#470,#481,.T.);
#479 = VERTEX_POINT('',#480);
#480 = CARTESIAN_POINT('',(-4.873429195499,-3.345,3.643732073834));
#481 = B_SPLINE_CURVE_WITH_KNOTS('',3,(#482,#483,#484,#485),
  .UNSPECIFIED.,.F.,.F.,(4,4),(12.,13.),.PIECEWISE_BEZIER_KNOTS.);
#482 = CARTESIAN_POINT('',(-4.873429195499,-3.345,3.643732073834));
#483 = CARTESIAN_POINT('',(-4.849514763423,-3.345,3.663140888273));
#484 = CARTESIAN_POINT('',(-4.82308758305,-3.345,3.673018588478));
#485 = CARTESIAN_POINT('',(-4.794061007886,-3.345,3.673018588478));
#486 = ORIENTED_EDGE('',*,*,#487,.F.);
#487 = EDGE_CURVE('',#381,#479,#488,.T.);
#488 = B_SPLINE_CURVE_WITH_KNOTS('',1,(#489,#490),.UNSPECIFIED.,.F.,.F.,
  (2,2),(-4.12437306821E-02,-0.),.PIECEWISE_BEZIER_KNOTS.);
#489 = CARTESIAN_POINT('',(-4.873429195499,-3.345,3.684975804516));
#490 = CARTESIAN_POINT('',(-4.873429195499,-3.345,3.643732073834));
#491 = FACE_BOUND('',#492,.T.);
#492 = EDGE_LOOP('',(#493,#502,#509,#516,#523,#530,#537,#544,#551,#558,
    #565,#572));
#493 = ORIENTED_EDGE('',*,*,#494,.F.);
#494 = EDGE_CURVE('',#495,#497,#499,.T.);
#495 = VERTEX_POINT('',#496);
#496 = CARTESIAN_POINT('',(-4.937720893324,-3.345,3.459868215633));
#497 = VERTEX_POINT('',#498);
#498 = CARTESIAN_POINT('',(-4.937720893324,-3.345,3.498512551523));
#499 = B_SPLINE_CURVE_WITH_KNOTS('',1,(#500,#501),.UNSPECIFIED.,.F.,.F.,
  (2,2),(-3.864433588965E-02,-2.22044604925E-16),
  .PIECEWISE_BEZIER_KNOTS.);
#500 = CARTESIAN_POINT('',(-4.937720893324,-3.345,3.459868215633));
#501 = CARTESIAN_POINT('',(-4.937720893324,-3.345,3.498512551523));
#502 = ORIENTED_EDGE('',*,*,#503,.F.);
#503 = EDGE_CURVE('',#504,#495,#506,.T.);
#504 = VERTEX_POINT('',#505);
#505 = CARTESIAN_POINT('',(-5.120025114652,-3.345,3.459868215633));
#506 = B_SPLINE_CURVE_WITH_KNOTS('',1,(#507,#508),.UNSPECIFIED.,.F.,.F.,
  (2,2),(-0.182304221328,0.),.PIECEWISE_BEZIER_KNOTS.);
#507 = CARTESIAN_POINT('',(-5.120025114652,-3.345,3.459868215633));
#508 = CARTESIAN_POINT('',(-4.937720893324,-3.345,3.459868215633));
#509 = ORIENTED_EDGE('',*,*,#510,.F.);
#510 = EDGE_CURVE('',#511,#504,#513,.T.);
#511 = VERTEX_POINT('',#512);
#512 = CARTESIAN_POINT('',(-5.120025114652,-3.345,3.798829296352));
#513 = B_SPLINE_CURVE_WITH_KNOTS('',1,(#514,#515),.UNSPECIFIED.,.F.,.F.,
  (2,2),(-0.338961080719,-1.110223024625E-16),.PIECEWISE_BEZIER_KNOTS.);
#514 = CARTESIAN_POINT('',(-5.120025114652,-3.345,3.798829296352));
#515 = CARTESIAN_POINT('',(-5.120025114652,-3.345,3.459868215633));
#516 = ORIENTED_EDGE('',*,*,#517,.F.);
#517 = EDGE_CURVE('',#518,#511,#520,.T.);
#518 = VERTEX_POINT('',#519);
#519 = CARTESIAN_POINT('',(-4.945432431204,-3.345,3.798829296352));
#520 = B_SPLINE_CURVE_WITH_KNOTS('',1,(#521,#522),.UNSPECIFIED.,.F.,.F.,
  (2,2),(-0.174592683448,-0.),.PIECEWISE_BEZIER_KNOTS.);
#521 = CARTESIAN_POINT('',(-4.945432431204,-3.345,3.798829296352));
#522 = CARTESIAN_POINT('',(-5.120025114652,-3.345,3.798829296352));
#523 = ORIENTED_EDGE('',*,*,#524,.F.);
#524 = EDGE_CURVE('',#525,#518,#527,.T.);
#525 = VERTEX_POINT('',#526);
#526 = CARTESIAN_POINT('',(-4.945432431204,-3.345,3.759838374491));
#527 = B_SPLINE_CURVE_WITH_KNOTS('',1,(#528,#529),.UNSPECIFIED.,.F.,.F.,
  (2,2),(-3.899092186135E-02,0.),.PIECEWISE_BEZIER_KNOTS.);
#528 = CARTESIAN_POINT('',(-4.945432431204,-3.345,3.759838374491));
#529 = CARTESIAN_POINT('',(-4.945432431204,-3.345,3.798829296352));
#530 = ORIENTED_EDGE('',*,*,#531,.F.);
#531 = EDGE_CURVE('',#532,#525,#534,.T.);
#532 = VERTEX_POINT('',#533);
#533 = CARTESIAN_POINT('',(-5.076268635674,-3.345,3.759838374491));
#534 = B_SPLINE_CURVE_WITH_KNOTS('',1,(#535,#536),.UNSPECIFIED.,.F.,.F.,
  (2,2),(-0.13083620447,0.),.PIECEWISE_BEZIER_KNOTS.);
#535 = CARTESIAN_POINT('',(-5.076268635674,-3.345,3.759838374491));
#536 = CARTESIAN_POINT('',(-4.945432431204,-3.345,3.759838374491));
#537 = ORIENTED_EDGE('',*,*,#538,.F.);
#538 = EDGE_CURVE('',#539,#532,#541,.T.);
#539 = VERTEX_POINT('',#540);
#540 = CARTESIAN_POINT('',(-5.076268635674,-3.345,3.651356965221));
#541 = B_SPLINE_CURVE_WITH_KNOTS('',1,(#542,#543),.UNSPECIFIED.,.F.,.F.,
  (2,2),(-0.10848140927,2.22044604925E-16),.PIECEWISE_BEZIER_KNOTS.);
#542 = CARTESIAN_POINT('',(-5.076268635674,-3.345,3.651356965221));
#543 = CARTESIAN_POINT('',(-5.076268635674,-3.345,3.759838374491));
#544 = ORIENTED_EDGE('',*,*,#545,.F.);
#545 = EDGE_CURVE('',#546,#539,#548,.T.);
#546 = VERTEX_POINT('',#547);
#547 = CARTESIAN_POINT('',(-4.955050191929,-3.345,3.651356965221));
#548 = B_SPLINE_CURVE_WITH_KNOTS('',1,(#549,#550),.UNSPECIFIED.,.F.,.F.,
  (2,2),(-0.121218443744,0.),.PIECEWISE_BEZIER_KNOTS.);
#549 = CARTESIAN_POINT('',(-4.955050191929,-3.345,3.651356965221));
#550 = CARTESIAN_POINT('',(-5.076268635674,-3.345,3.651356965221));
#551 = ORIENTED_EDGE('',*,*,#552,.F.);
#552 = EDGE_CURVE('',#553,#546,#555,.T.);
#553 = VERTEX_POINT('',#554);
#554 = CARTESIAN_POINT('',(-4.955050191929,-3.345,3.612539336345));
#555 = B_SPLINE_CURVE_WITH_KNOTS('',1,(#556,#557),.UNSPECIFIED.,.F.,.F.,
  (2,2),(-3.88176288755E-02,-1.110223024625E-16),
  .PIECEWISE_BEZIER_KNOTS.);
#556 = CARTESIAN_POINT('',(-4.955050191929,-3.345,3.612539336345));
#557 = CARTESIAN_POINT('',(-4.955050191929,-3.345,3.651356965221));
#558 = ORIENTED_EDGE('',*,*,#559,.F.);
#559 = EDGE_CURVE('',#560,#553,#562,.T.);
#560 = VERTEX_POINT('',#561);
#561 = CARTESIAN_POINT('',(-5.076268635674,-3.345,3.612539336345));
#562 = B_SPLINE_CURVE_WITH_KNOTS('',1,(#563,#564),.UNSPECIFIED.,.F.,.F.,
  (2,2),(-0.121218443744,0.),.PIECEWISE_BEZIER_KNOTS.);
#563 = CARTESIAN_POINT('',(-5.076268635674,-3.345,3.612539336345));
#564 = CARTESIAN_POINT('',(-4.955050191929,-3.345,3.612539336345));
#565 = ORIENTED_EDGE('',*,*,#566,.F.);
#566 = EDGE_CURVE('',#567,#560,#569,.T.);
#567 = VERTEX_POINT('',#568);
#568 = CARTESIAN_POINT('',(-5.076268635674,-3.345,3.498512551523));
#569 = B_SPLINE_CURVE_WITH_KNOTS('',1,(#570,#571),.UNSPECIFIED.,.F.,.F.,
  (2,2),(-0.114026784822,-2.22044604925E-16),.PIECEWISE_BEZIER_KNOTS.);
#570 = CARTESIAN_POINT('',(-5.076268635674,-3.345,3.498512551523));
#571 = CARTESIAN_POINT('',(-5.076268635674,-3.345,3.612539336345));
#572 = ORIENTED_EDGE('',*,*,#573,.F.);
#573 = EDGE_CURVE('',#497,#567,#574,.T.);
#574 = B_SPLINE_CURVE_WITH_KNOTS('',1,(#575,#576),.UNSPECIFIED.,.F.,.F.,
  (2,2),(-0.13854774235,0.),.PIECEWISE_BEZIER_KNOTS.);
#575 = CARTESIAN_POINT('',(-4.937720893324,-3.345,3.498512551523));
#576 = CARTESIAN_POINT('',(-5.076268635674,-3.345,3.498512551523));
#577 = FACE_BOUND('',#578,.T.);
#578 = EDGE_LOOP('',(#579,#590,#599,#608,#617,#626,#635,#642,#651,#660,
    #669,#678,#687,#696));
#579 = ORIENTED_EDGE('',*,*,#580,.F.);
#580 = EDGE_CURVE('',#581,#583,#585,.T.);
#581 = VERTEX_POINT('',#582);
#582 = CARTESIAN_POINT('',(-4.767460534527,-3.345,3.991877682814));
#583 = VERTEX_POINT('',#584);
#584 = CARTESIAN_POINT('',(-4.673622382579,-3.345,4.011633083225));
#585 = B_SPLINE_CURVE_WITH_KNOTS('',3,(#586,#587,#588,#589),
  .UNSPECIFIED.,.F.,.F.,(4,4),(0.,1.),.PIECEWISE_BEZIER_KNOTS.);
#586 = CARTESIAN_POINT('',(-4.767460534527,-3.345,3.991877682814));
#587 = CARTESIAN_POINT('',(-4.729855956554,-3.345,3.991877682814));
#588 = CARTESIAN_POINT('',(-4.698576572571,-3.345,3.998462816284));
#589 = CARTESIAN_POINT('',(-4.673622382579,-3.345,4.011633083225));
#590 = ORIENTED_EDGE('',*,*,#591,.F.);
#591 = EDGE_CURVE('',#592,#581,#594,.T.);
#592 = VERTEX_POINT('',#593);
#593 = CARTESIAN_POINT('',(-4.883913421155,-3.345,4.038146910091));
#594 = B_SPLINE_CURVE_WITH_KNOTS('',3,(#595,#596,#597,#598),
  .UNSPECIFIED.,.F.,.F.,(4,4),(1.,2.),.PIECEWISE_BEZIER_KNOTS.);
#595 = CARTESIAN_POINT('',(-4.883913421155,-3.345,4.038146910091));
#596 = CARTESIAN_POINT('',(-4.85488684599,-3.345,4.007300758574));
#597 = CARTESIAN_POINT('',(-4.816069217115,-3.345,3.991877682814));
#598 = CARTESIAN_POINT('',(-4.767460534527,-3.345,3.991877682814));
#599 = ORIENTED_EDGE('',*,*,#600,.F.);
#600 = EDGE_CURVE('',#601,#592,#603,.T.);
#601 = VERTEX_POINT('',#602);
#602 = CARTESIAN_POINT('',(-4.927409960654,-3.345,4.160665051229));
#603 = B_SPLINE_CURVE_WITH_KNOTS('',3,(#604,#605,#606,#607),
  .UNSPECIFIED.,.F.,.F.,(4,4),(2.,3.),.PIECEWISE_BEZIER_KNOTS.);
#604 = CARTESIAN_POINT('',(-4.927409960654,-3.345,4.160665051229));
#605 = CARTESIAN_POINT('',(-4.927409960654,-3.345,4.109890206316));
#606 = CARTESIAN_POINT('',(-4.912939996319,-3.345,4.068993061608));
#607 = CARTESIAN_POINT('',(-4.883913421155,-3.345,4.038146910091));
#608 = ORIENTED_EDGE('',*,*,#609,.F.);
#609 = EDGE_CURVE('',#610,#601,#612,.T.);
#610 = VERTEX_POINT('',#611);
#611 = CARTESIAN_POINT('',(-4.878454692094,-3.345,4.29236772063));
#612 = B_SPLINE_CURVE_WITH_KNOTS('',3,(#613,#614,#615,#616),
  .UNSPECIFIED.,.F.,.F.,(4,4),(3.,4.),.PIECEWISE_BEZIER_KNOTS.);
#613 = CARTESIAN_POINT('',(-4.878454692094,-3.345,4.29236772063));
#614 = CARTESIAN_POINT('',(-4.911120419965,-3.345,4.259095467308));
#615 = CARTESIAN_POINT('',(-4.927409960654,-3.345,4.215252341836));
#616 = CARTESIAN_POINT('',(-4.927409960654,-3.345,4.160665051229));
#617 = ORIENTED_EDGE('',*,*,#618,.F.);
#618 = EDGE_CURVE('',#619,#610,#621,.T.);
#619 = VERTEX_POINT('',#620);
#620 = CARTESIAN_POINT('',(-4.753943681615,-3.345,4.342276100614));
#621 = B_SPLINE_CURVE_WITH_KNOTS('',3,(#622,#623,#624,#625),
  .UNSPECIFIED.,.F.,.F.,(4,4),(4.,5.),.PIECEWISE_BEZIER_KNOTS.);
#622 = CARTESIAN_POINT('',(-4.753943681615,-3.345,4.342276100614));
#623 = CARTESIAN_POINT('',(-4.804285294063,-3.345,4.342276100614));
#624 = CARTESIAN_POINT('',(-4.845788964223,-3.345,4.325639973953));
#625 = CARTESIAN_POINT('',(-4.878454692094,-3.345,4.29236772063));
#626 = ORIENTED_EDGE('',*,*,#627,.F.);
#627 = EDGE_CURVE('',#628,#619,#630,.T.);
#628 = VERTEX_POINT('',#629);
#629 = CARTESIAN_POINT('',(-4.673622382579,-3.345,4.328412661729));
#630 = B_SPLINE_CURVE_WITH_KNOTS('',3,(#631,#632,#633,#634),
  .UNSPECIFIED.,.F.,.F.,(4,4),(5.,6.),.PIECEWISE_BEZIER_KNOTS.);
#631 = CARTESIAN_POINT('',(-4.673622382579,-3.345,4.328412661729));
#632 = CARTESIAN_POINT('',(-4.694764126878,-3.345,4.337597189991));
#633 = CARTESIAN_POINT('',(-4.721537893223,-3.345,4.342276100614));
#634 = CARTESIAN_POINT('',(-4.753943681615,-3.345,4.342276100614));
#635 = ORIENTED_EDGE('',*,*,#636,.F.);
#636 = EDGE_CURVE('',#637,#628,#639,.T.);
#637 = VERTEX_POINT('',#638);
#638 = CARTESIAN_POINT('',(-4.673622382579,-3.345,4.282663313412));
#639 = B_SPLINE_CURVE_WITH_KNOTS('',1,(#640,#641),.UNSPECIFIED.,.F.,.F.,
  (2,2),(-4.574934831664E-02,0.),.PIECEWISE_BEZIER_KNOTS.);
#640 = CARTESIAN_POINT('',(-4.673622382579,-3.345,4.282663313412));
#641 = CARTESIAN_POINT('',(-4.673622382579,-3.345,4.328412661729));
#642 = ORIENTED_EDGE('',*,*,#643,.F.);
#643 = EDGE_CURVE('',#644,#637,#646,.T.);
#644 = VERTEX_POINT('',#645);
#645 = CARTESIAN_POINT('',(-4.75351044915,-3.345,4.302765299792));
#646 = B_SPLINE_CURVE_WITH_KNOTS('',3,(#647,#648,#649,#650),
  .UNSPECIFIED.,.F.,.F.,(4,4),(7.,8.),.PIECEWISE_BEZIER_KNOTS.);
#647 = CARTESIAN_POINT('',(-4.75351044915,-3.345,4.302765299792));
#648 = CARTESIAN_POINT('',(-4.724483873986,-3.345,4.302765299792));
#649 = CARTESIAN_POINT('',(-4.697883400626,-3.345,4.296180166323));
#650 = CARTESIAN_POINT('',(-4.673622382579,-3.345,4.282663313412));
#651 = ORIENTED_EDGE('',*,*,#652,.F.);
#652 = EDGE_CURVE('',#653,#644,#655,.T.);
#653 = VERTEX_POINT('',#654);
#654 = CARTESIAN_POINT('',(-4.845875610716,-3.345,4.26516072182));
#655 = B_SPLINE_CURVE_WITH_KNOTS('',3,(#656,#657,#658,#659),
  .UNSPECIFIED.,.F.,.F.,(4,4),(8.,9.),.PIECEWISE_BEZIER_KNOTS.);
#656 = CARTESIAN_POINT('',(-4.845875610716,-3.345,4.26516072182));
#657 = CARTESIAN_POINT('',(-4.822047825134,-3.345,4.290288204797));
#658 = CARTESIAN_POINT('',(-4.791288320109,-3.345,4.302765299792));
#659 = CARTESIAN_POINT('',(-4.75351044915,-3.345,4.302765299792));
#660 = ORIENTED_EDGE('',*,*,#661,.F.);
#661 = EDGE_CURVE('',#662,#653,#664,.T.);
#662 = VERTEX_POINT('',#663);
#663 = CARTESIAN_POINT('',(-4.881487319349,-3.345,4.163264446022));
#664 = B_SPLINE_CURVE_WITH_KNOTS('',3,(#665,#666,#667,#668),
  .UNSPECIFIED.,.F.,.F.,(4,4),(9.,10.),.PIECEWISE_BEZIER_KNOTS.);
#665 = CARTESIAN_POINT('',(-4.881487319349,-3.345,4.163264446022));
#666 = CARTESIAN_POINT('',(-4.881487319349,-3.345,4.205894520591));
#667 = CARTESIAN_POINT('',(-4.869616749805,-3.345,4.239859945855));
#668 = CARTESIAN_POINT('',(-4.845875610716,-3.345,4.26516072182));
#669 = ORIENTED_EDGE('',*,*,#670,.F.);
#670 = EDGE_CURVE('',#671,#662,#673,.T.);
#671 = VERTEX_POINT('',#672);
#672 = CARTESIAN_POINT('',(-4.848215066028,-3.345,4.066566959804));
#673 = B_SPLINE_CURVE_WITH_KNOTS('',3,(#674,#675,#676,#677),
  .UNSPECIFIED.,.F.,.F.,(4,4),(10.,11.),.PIECEWISE_BEZIER_KNOTS.);
#674 = CARTESIAN_POINT('',(-4.848215066028,-3.345,4.066566959804));
#675 = CARTESIAN_POINT('',(-4.870396568243,-3.345,4.090481391879));
#676 = CARTESIAN_POINT('',(-4.881487319349,-3.345,4.122713887285));
#677 = CARTESIAN_POINT('',(-4.881487319349,-3.345,4.163264446022));
#678 = ORIENTED_EDGE('',*,*,#679,.F.);
#679 = EDGE_CURVE('',#680,#671,#682,.T.);
#680 = VERTEX_POINT('',#681);
#681 = CARTESIAN_POINT('',(-4.761135340536,-3.345,4.030868604676));
#682 = B_SPLINE_CURVE_WITH_KNOTS('',3,(#683,#684,#685,#686),
  .UNSPECIFIED.,.F.,.F.,(4,4),(11.,12.),.PIECEWISE_BEZIER_KNOTS.);
#683 = CARTESIAN_POINT('',(-4.761135340536,-3.345,4.030868604676));
#684 = CARTESIAN_POINT('',(-4.797006988649,-3.345,4.030868604676));
#685 = CARTESIAN_POINT('',(-4.826033563813,-3.345,4.042825820714));
#686 = CARTESIAN_POINT('',(-4.848215066028,-3.345,4.066566959804));
#687 = ORIENTED_EDGE('',*,*,#688,.F.);
#688 = EDGE_CURVE('',#689,#680,#691,.T.);
#689 = VERTEX_POINT('',#690);
#690 = CARTESIAN_POINT('',(-4.673622382579,-3.345,4.053569985851));
#691 = B_SPLINE_CURVE_WITH_KNOTS('',3,(#692,#693,#694,#695),
  .UNSPECIFIED.,.F.,.F.,(4,4),(12.,13.),.PIECEWISE_BEZIER_KNOTS.);
#692 = CARTESIAN_POINT('',(-4.673622382579,-3.345,4.053569985851));
#693 = CARTESIAN_POINT('',(-4.698403279585,-3.345,4.038493496063));
#694 = CARTESIAN_POINT('',(-4.727603147735,-3.345,4.030868604676));
#695 = CARTESIAN_POINT('',(-4.761135340536,-3.345,4.030868604676));
#696 = ORIENTED_EDGE('',*,*,#697,.F.);
#697 = EDGE_CURVE('',#583,#689,#698,.T.);
#698 = B_SPLINE_CURVE_WITH_KNOTS('',1,(#699,#700),.UNSPECIFIED.,.F.,.F.,
  (2,2),(-4.193690262551E-02,0.),.PIECEWISE_BEZIER_KNOTS.);
#699 = CARTESIAN_POINT('',(-4.673622382579,-3.345,4.011633083225));
#700 = CARTESIAN_POINT('',(-4.673622382579,-3.345,4.053569985851));
#701 = FACE_BOUND('',#702,.T.);
#702 = EDGE_LOOP('',(#703,#712,#719,#726));
#703 = ORIENTED_EDGE('',*,*,#704,.F.);
#704 = EDGE_CURVE('',#705,#707,#709,.T.);
#705 = VERTEX_POINT('',#706);
#706 = CARTESIAN_POINT('',(7.5,-3.345,9.7000001));
#707 = VERTEX_POINT('',#708);
#708 = CARTESIAN_POINT('',(7.5,-3.345,2.8500001));
#709 = B_SPLINE_CURVE_WITH_KNOTS('',1,(#710,#711),.UNSPECIFIED.,.F.,.F.,
  (2,2),(0.5,7.35),.PIECEWISE_BEZIER_KNOTS.);
#710 = CARTESIAN_POINT('',(7.5,-3.345,9.7000001));
#711 = CARTESIAN_POINT('',(7.5,-3.345,2.8500001));
#712 = ORIENTED_EDGE('',*,*,#713,.T.);
#713 = EDGE_CURVE('',#705,#714,#716,.T.);
#714 = VERTEX_POINT('',#715);
#715 = CARTESIAN_POINT('',(-7.5,-3.345,9.7000001));
#716 = B_SPLINE_CURVE_WITH_KNOTS('',1,(#717,#718),.UNSPECIFIED.,.F.,.F.,
  (2,2),(-15.,0.),.PIECEWISE_BEZIER_KNOTS.);
#717 = CARTESIAN_POINT('',(7.5,-3.345,9.7000001));
#718 = CARTESIAN_POINT('',(-7.5,-3.345,9.7000001));
#719 = ORIENTED_EDGE('',*,*,#720,.T.);
#720 = EDGE_CURVE('',#714,#721,#723,.T.);
#721 = VERTEX_POINT('',#722);
#722 = CARTESIAN_POINT('',(-7.5,-3.345,2.8500001));
#723 = B_SPLINE_CURVE_WITH_KNOTS('',1,(#724,#725),.UNSPECIFIED.,.F.,.F.,
  (2,2),(0.5,7.35),.PIECEWISE_BEZIER_KNOTS.);
#724 = CARTESIAN_POINT('',(-7.5,-3.345,9.7000001));
#725 = CARTESIAN_POINT('',(-7.5,-3.345,2.8500001));
#726 = ORIENTED_EDGE('',*,*,#727,.T.);
#727 = EDGE_CURVE('',#721,#707,#728,.T.);
#728 = B_SPLINE_CURVE_WITH_KNOTS('',1,(#729,#730),.UNSPECIFIED.,.F.,.F.,
  (2,2),(0.,15.),.PIECEWISE_BEZIER_KNOTS.);
#729 = CARTESIAN_POINT('',(-7.5,-3.345,2.8500001));
#730 = CARTESIAN_POINT('',(7.5,-3.345,2.8500001));
#731 = FACE_BOUND('',#732,.T.);
#732 = EDGE_LOOP('',(#733,#742,#749,#756,#763,#770));
#733 = ORIENTED_EDGE('',*,*,#734,.F.);
#734 = EDGE_CURVE('',#735,#737,#739,.T.);
#735 = VERTEX_POINT('',#736);
#736 = CARTESIAN_POINT('',(-4.941273399537,-3.345,3.997596351355));
#737 = VERTEX_POINT('',#738);
#738 = CARTESIAN_POINT('',(-4.941273399537,-3.345,4.036240687244));
#739 = B_SPLINE_CURVE_WITH_KNOTS('',1,(#740,#741),.UNSPECIFIED.,.F.,.F.,
  (2,2),(-3.864433588964E-02,-2.22044604925E-16),
  .PIECEWISE_BEZIER_KNOTS.);
#740 = CARTESIAN_POINT('',(-4.941273399537,-3.345,3.997596351355));
#741 = CARTESIAN_POINT('',(-4.941273399537,-3.345,4.036240687244));
#742 = ORIENTED_EDGE('',*,*,#743,.F.);
#743 = EDGE_CURVE('',#744,#735,#746,.T.);
#744 = VERTEX_POINT('',#745);
#745 = CARTESIAN_POINT('',(-5.120025114652,-3.345,3.997596351355));
#746 = B_SPLINE_CURVE_WITH_KNOTS('',1,(#747,#748),.UNSPECIFIED.,.F.,.F.,
  (2,2),(-0.178751715114,0.),.PIECEWISE_BEZIER_KNOTS.);
#747 = CARTESIAN_POINT('',(-5.120025114652,-3.345,3.997596351355));
#748 = CARTESIAN_POINT('',(-4.941273399537,-3.345,3.997596351355));
#749 = ORIENTED_EDGE('',*,*,#750,.F.);
#750 = EDGE_CURVE('',#751,#744,#753,.T.);
#751 = VERTEX_POINT('',#752);
#752 = CARTESIAN_POINT('',(-5.120025114652,-3.345,4.336557432074));
#753 = B_SPLINE_CURVE_WITH_KNOTS('',1,(#754,#755),.UNSPECIFIED.,.F.,.F.,
  (2,2),(-0.338961080719,-2.22044604925E-16),.PIECEWISE_BEZIER_KNOTS.);
#754 = CARTESIAN_POINT('',(-5.120025114652,-3.345,4.336557432074));
#755 = CARTESIAN_POINT('',(-5.120025114652,-3.345,3.997596351355));
#756 = ORIENTED_EDGE('',*,*,#757,.F.);
#757 = EDGE_CURVE('',#758,#751,#760,.T.);
#758 = VERTEX_POINT('',#759);
#759 = CARTESIAN_POINT('',(-5.076268635674,-3.345,4.336557432074));
#760 = B_SPLINE_CURVE_WITH_KNOTS('',1,(#761,#762),.UNSPECIFIED.,.F.,.F.,
  (2,2),(-4.375647897816E-02,-0.),.PIECEWISE_BEZIER_KNOTS.);
#761 = CARTESIAN_POINT('',(-5.076268635674,-3.345,4.336557432074));
#762 = CARTESIAN_POINT('',(-5.120025114652,-3.345,4.336557432074));
#763 = ORIENTED_EDGE('',*,*,#764,.F.);
#764 = EDGE_CURVE('',#765,#758,#767,.T.);
#765 = VERTEX_POINT('',#766);
#766 = CARTESIAN_POINT('',(-5.076268635674,-3.345,4.036240687244));
#767 = B_SPLINE_CURVE_WITH_KNOTS('',1,(#768,#769),.UNSPECIFIED.,.F.,.F.,
  (2,2),(-0.300316744829,4.440892098501E-16),.PIECEWISE_BEZIER_KNOTS.);
#768 = CARTESIAN_POINT('',(-5.076268635674,-3.345,4.036240687244));
#769 = CARTESIAN_POINT('',(-5.076268635674,-3.345,4.336557432074));
#770 = ORIENTED_EDGE('',*,*,#771,.F.);
#771 = EDGE_CURVE('',#737,#765,#772,.T.);
#772 = B_SPLINE_CURVE_WITH_KNOTS('',1,(#773,#774),.UNSPECIFIED.,.F.,.F.,
  (2,2),(-0.134995236136,0.),.PIECEWISE_BEZIER_KNOTS.);
#773 = CARTESIAN_POINT('',(-4.941273399537,-3.345,4.036240687244));
#774 = CARTESIAN_POINT('',(-5.076268635674,-3.345,4.036240687244));
#775 = FACE_BOUND('',#776,.T.);
#776 = EDGE_LOOP('',(#777,#786,#793,#800,#807,#814,#821,#828,#835,#842,
    #849,#856));
#777 = ORIENTED_EDGE('',*,*,#778,.F.);
#778 = EDGE_CURVE('',#779,#781,#783,.T.);
#779 = VERTEX_POINT('',#780);
#780 = CARTESIAN_POINT('',(-4.423473957213,-3.345,3.997596351355));
#781 = VERTEX_POINT('',#782);
#782 = CARTESIAN_POINT('',(-4.423473957213,-3.345,4.036240687244));
#783 = B_SPLINE_CURVE_WITH_KNOTS('',1,(#784,#785),.UNSPECIFIED.,.F.,.F.,
  (2,2),(-3.864433588964E-02,-2.22044604925E-16),
  .PIECEWISE_BEZIER_KNOTS.);
#784 = CARTESIAN_POINT('',(-4.423473957213,-3.345,3.997596351355));
#785 = CARTESIAN_POINT('',(-4.423473957213,-3.345,4.036240687244));
#786 = ORIENTED_EDGE('',*,*,#787,.F.);
#787 = EDGE_CURVE('',#788,#779,#790,.T.);
#788 = VERTEX_POINT('',#789);
#789 = CARTESIAN_POINT('',(-4.605778178539,-3.345,3.997596351355));
#790 = B_SPLINE_CURVE_WITH_KNOTS('',1,(#791,#792),.UNSPECIFIED.,.F.,.F.,
  (2,2),(-0.182304221327,0.),.PIECEWISE_BEZIER_KNOTS.);
#791 = CARTESIAN_POINT('',(-4.605778178539,-3.345,3.997596351355));
#792 = CARTESIAN_POINT('',(-4.423473957213,-3.345,3.997596351355));
#793 = ORIENTED_EDGE('',*,*,#794,.F.);
#794 = EDGE_CURVE('',#795,#788,#797,.T.);
#795 = VERTEX_POINT('',#796);
#796 = CARTESIAN_POINT('',(-4.605778178539,-3.345,4.336557432074));
#797 = B_SPLINE_CURVE_WITH_KNOTS('',1,(#798,#799),.UNSPECIFIED.,.F.,.F.,
  (2,2),(-0.338961080719,-2.22044604925E-16),.PIECEWISE_BEZIER_KNOTS.);
#798 = CARTESIAN_POINT('',(-4.605778178539,-3.345,4.336557432074));
#799 = CARTESIAN_POINT('',(-4.605778178539,-3.345,3.997596351355));
#800 = ORIENTED_EDGE('',*,*,#801,.F.);
#801 = EDGE_CURVE('',#802,#795,#804,.T.);
#802 = VERTEX_POINT('',#803);
#803 = CARTESIAN_POINT('',(-4.431185495091,-3.345,4.336557432074));
#804 = B_SPLINE_CURVE_WITH_KNOTS('',1,(#805,#806),.UNSPECIFIED.,.F.,.F.,
  (2,2),(-0.174592683448,-0.),.PIECEWISE_BEZIER_KNOTS.);
#805 = CARTESIAN_POINT('',(-4.431185495091,-3.345,4.336557432074));
#806 = CARTESIAN_POINT('',(-4.605778178539,-3.345,4.336557432074));
#807 = ORIENTED_EDGE('',*,*,#808,.F.);
#808 = EDGE_CURVE('',#809,#802,#811,.T.);
#809 = VERTEX_POINT('',#810);
#810 = CARTESIAN_POINT('',(-4.431185495091,-3.345,4.297566510212));
#811 = B_SPLINE_CURVE_WITH_KNOTS('',1,(#812,#813),.UNSPECIFIED.,.F.,.F.,
  (2,2),(-3.899092186135E-02,4.440892098501E-16),
  .PIECEWISE_BEZIER_KNOTS.);
#812 = CARTESIAN_POINT('',(-4.431185495091,-3.345,4.297566510212));
#813 = CARTESIAN_POINT('',(-4.431185495091,-3.345,4.336557432074));
#814 = ORIENTED_EDGE('',*,*,#815,.F.);
#815 = EDGE_CURVE('',#816,#809,#818,.T.);
#816 = VERTEX_POINT('',#817);
#817 = CARTESIAN_POINT('',(-4.562021699561,-3.345,4.297566510212));
#818 = B_SPLINE_CURVE_WITH_KNOTS('',1,(#819,#820),.UNSPECIFIED.,.F.,.F.,
  (2,2),(-0.13083620447,0.),.PIECEWISE_BEZIER_KNOTS.);
#819 = CARTESIAN_POINT('',(-4.562021699561,-3.345,4.297566510212));
#820 = CARTESIAN_POINT('',(-4.431185495091,-3.345,4.297566510212));
#821 = ORIENTED_EDGE('',*,*,#822,.F.);
#822 = EDGE_CURVE('',#823,#816,#825,.T.);
#823 = VERTEX_POINT('',#824);
#824 = CARTESIAN_POINT('',(-4.562021699561,-3.345,4.189085100942));
#825 = B_SPLINE_CURVE_WITH_KNOTS('',1,(#826,#827),.UNSPECIFIED.,.F.,.F.,
  (2,2),(-0.10848140927,4.440892098501E-16),.PIECEWISE_BEZIER_KNOTS.);
#826 = CARTESIAN_POINT('',(-4.562021699561,-3.345,4.189085100942));
#827 = CARTESIAN_POINT('',(-4.562021699561,-3.345,4.297566510212));
#828 = ORIENTED_EDGE('',*,*,#829,.F.);
#829 = EDGE_CURVE('',#830,#823,#832,.T.);
#830 = VERTEX_POINT('',#831);
#831 = CARTESIAN_POINT('',(-4.440803255818,-3.345,4.189085100942));
#832 = B_SPLINE_CURVE_WITH_KNOTS('',1,(#833,#834),.UNSPECIFIED.,.F.,.F.,
  (2,2),(-0.121218443743,-0.),.PIECEWISE_BEZIER_KNOTS.);
#833 = CARTESIAN_POINT('',(-4.440803255818,-3.345,4.189085100942));
#834 = CARTESIAN_POINT('',(-4.562021699561,-3.345,4.189085100942));
#835 = ORIENTED_EDGE('',*,*,#836,.F.);
#836 = EDGE_CURVE('',#837,#830,#839,.T.);
#837 = VERTEX_POINT('',#838);
#838 = CARTESIAN_POINT('',(-4.440803255818,-3.345,4.150267472066));
#839 = B_SPLINE_CURVE_WITH_KNOTS('',1,(#840,#841),.UNSPECIFIED.,.F.,.F.,
  (2,2),(-3.88176288755E-02,0.),.PIECEWISE_BEZIER_KNOTS.);
#840 = CARTESIAN_POINT('',(-4.440803255818,-3.345,4.150267472066));
#841 = CARTESIAN_POINT('',(-4.440803255818,-3.345,4.189085100942));
#842 = ORIENTED_EDGE('',*,*,#843,.F.);
#843 = EDGE_CURVE('',#844,#837,#846,.T.);
#844 = VERTEX_POINT('',#845);
#845 = CARTESIAN_POINT('',(-4.562021699561,-3.345,4.150267472066));
#846 = B_SPLINE_CURVE_WITH_KNOTS('',1,(#847,#848),.UNSPECIFIED.,.F.,.F.,
  (2,2),(-0.121218443743,0.),.PIECEWISE_BEZIER_KNOTS.);
#847 = CARTESIAN_POINT('',(-4.562021699561,-3.345,4.150267472066));
#848 = CARTESIAN_POINT('',(-4.440803255818,-3.345,4.150267472066));
#849 = ORIENTED_EDGE('',*,*,#850,.F.);
#850 = EDGE_CURVE('',#851,#844,#853,.T.);
#851 = VERTEX_POINT('',#852);
#852 = CARTESIAN_POINT('',(-4.562021699561,-3.345,4.036240687244));
#853 = B_SPLINE_CURVE_WITH_KNOTS('',1,(#854,#855),.UNSPECIFIED.,.F.,.F.,
  (2,2),(-0.114026784822,4.440892098501E-16),.PIECEWISE_BEZIER_KNOTS.);
#854 = CARTESIAN_POINT('',(-4.562021699561,-3.345,4.036240687244));
#855 = CARTESIAN_POINT('',(-4.562021699561,-3.345,4.150267472066));
#856 = ORIENTED_EDGE('',*,*,#857,.F.);
#857 = EDGE_CURVE('',#781,#851,#858,.T.);
#858 = B_SPLINE_CURVE_WITH_KNOTS('',1,(#859,#860),.UNSPECIFIED.,.F.,.F.,
  (2,2),(-0.138547742348,0.),.PIECEWISE_BEZIER_KNOTS.);
#859 = CARTESIAN_POINT('',(-4.423473957213,-3.345,4.036240687244));
#860 = CARTESIAN_POINT('',(-4.562021699561,-3.345,4.036240687244));
#861 = FACE_BOUND('',#862,.T.);
#862 = EDGE_LOOP('',(#863,#872,#879,#886,#895,#904,#913));
#863 = ORIENTED_EDGE('',*,*,#864,.F.);
#864 = EDGE_CURVE('',#865,#867,#869,.T.);
#865 = VERTEX_POINT('',#866);
#866 = CARTESIAN_POINT('',(-4.359442198865,-3.345,3.997596351355));
#867 = VERTEX_POINT('',#868);
#868 = CARTESIAN_POINT('',(-4.266210572369,-3.345,3.997596351355));
#869 = B_SPLINE_CURVE_WITH_KNOTS('',1,(#870,#871),.UNSPECIFIED.,.F.,.F.,
  (2,2),(-9.323162649646E-02,8.881784197001E-16),
  .PIECEWISE_BEZIER_KNOTS.);
#870 = CARTESIAN_POINT('',(-4.359442198865,-3.345,3.997596351355));
#871 = CARTESIAN_POINT('',(-4.266210572369,-3.345,3.997596351355));
#872 = ORIENTED_EDGE('',*,*,#873,.F.);
#873 = EDGE_CURVE('',#874,#865,#876,.T.);
#874 = VERTEX_POINT('',#875);
#875 = CARTESIAN_POINT('',(-4.359442198865,-3.345,4.336557432074));
#876 = B_SPLINE_CURVE_WITH_KNOTS('',1,(#877,#878),.UNSPECIFIED.,.F.,.F.,
  (2,2),(-0.338961080719,-0.),.PIECEWISE_BEZIER_KNOTS.);
#877 = CARTESIAN_POINT('',(-4.359442198865,-3.345,4.336557432074));
#878 = CARTESIAN_POINT('',(-4.359442198865,-3.345,3.997596351355));
#879 = ORIENTED_EDGE('',*,*,#880,.F.);
#880 = EDGE_CURVE('',#881,#874,#883,.T.);
#881 = VERTEX_POINT('',#882);
#882 = CARTESIAN_POINT('',(-4.262744712647,-3.345,4.336557432074));
#883 = B_SPLINE_CURVE_WITH_KNOTS('',1,(#884,#885),.UNSPECIFIED.,.F.,.F.,
  (2,2),(-9.669748621818E-02,-0.),.PIECEWISE_BEZIER_KNOTS.);
#884 = CARTESIAN_POINT('',(-4.262744712647,-3.345,4.336557432074));
#885 = CARTESIAN_POINT('',(-4.359442198865,-3.345,4.336557432074));
#886 = ORIENTED_EDGE('',*,*,#887,.F.);
#887 = EDGE_CURVE('',#888,#881,#890,.T.);
#888 = VERTEX_POINT('',#889);
#889 = CARTESIAN_POINT('',(-4.134594549461,-3.345,4.291674548686));
#890 = B_SPLINE_CURVE_WITH_KNOTS('',3,(#891,#892,#893,#894),
  .UNSPECIFIED.,.F.,.F.,(4,4),(2.,3.),.PIECEWISE_BEZIER_KNOTS.);
#891 = CARTESIAN_POINT('',(-4.134594549461,-3.345,4.291674548686));
#892 = CARTESIAN_POINT('',(-4.168646621221,-3.345,4.321654235274));
#893 = CARTESIAN_POINT('',(-4.211363342283,-3.345,4.336557432074));
#894 = CARTESIAN_POINT('',(-4.262744712647,-3.345,4.336557432074));
#895 = ORIENTED_EDGE('',*,*,#896,.F.);
#896 = EDGE_CURVE('',#897,#888,#899,.T.);
#897 = VERTEX_POINT('',#898);
#898 = CARTESIAN_POINT('',(-4.083473118576,-3.345,4.171409216366));
#899 = B_SPLINE_CURVE_WITH_KNOTS('',3,(#900,#901,#902,#903),
  .UNSPECIFIED.,.F.,.F.,(4,4),(3.,4.),.PIECEWISE_BEZIER_KNOTS.);
#900 = CARTESIAN_POINT('',(-4.083473118576,-3.345,4.171409216366));
#901 = CARTESIAN_POINT('',(-4.083473118576,-3.345,4.22166418232));
#902 = CARTESIAN_POINT('',(-4.100542477701,-3.345,4.261694862099));
#903 = CARTESIAN_POINT('',(-4.134594549461,-3.345,4.291674548686));
#904 = ORIENTED_EDGE('',*,*,#905,.F.);
#905 = EDGE_CURVE('',#906,#897,#908,.T.);
#906 = VERTEX_POINT('',#907);
#907 = CARTESIAN_POINT('',(-4.134594549461,-3.345,4.045078629532));
#908 = B_SPLINE_CURVE_WITH_KNOTS('',3,(#909,#910,#911,#912),
  .UNSPECIFIED.,.F.,.F.,(4,4),(4.,5.),.PIECEWISE_BEZIER_KNOTS.);
#909 = CARTESIAN_POINT('',(-4.134594549461,-3.345,4.045078629532));
#910 = CARTESIAN_POINT('',(-4.100542477701,-3.345,4.076791245981));
#911 = CARTESIAN_POINT('',(-4.083473118576,-3.345,4.118901441592));
#912 = CARTESIAN_POINT('',(-4.083473118576,-3.345,4.171409216366));
#913 = ORIENTED_EDGE('',*,*,#914,.F.);
#914 = EDGE_CURVE('',#867,#906,#915,.T.);
#915 = B_SPLINE_CURVE_WITH_KNOTS('',3,(#916,#917,#918,#919),
  .UNSPECIFIED.,.F.,.F.,(4,4),(5.,6.),.PIECEWISE_BEZIER_KNOTS.);
#916 = CARTESIAN_POINT('',(-4.266210572369,-3.345,3.997596351355));
#917 = CARTESIAN_POINT('',(-4.212576393186,-3.345,3.997596351355));
#918 = CARTESIAN_POINT('',(-4.168646621221,-3.345,4.013366013086));
#919 = CARTESIAN_POINT('',(-4.134594549461,-3.345,4.045078629532));
#920 = FACE_BOUND('',#921,.T.);
#921 = EDGE_LOOP('',(#922,#931,#938,#945,#952,#959,#966,#973));
#922 = ORIENTED_EDGE('',*,*,#923,.F.);
#923 = EDGE_CURVE('',#924,#926,#928,.T.);
#924 = VERTEX_POINT('',#925);
#925 = CARTESIAN_POINT('',(-3.759675174136,-3.345,3.997596351355));
#926 = VERTEX_POINT('',#927);
#927 = CARTESIAN_POINT('',(-3.888778448746,-3.345,4.336557432074));
#928 = B_SPLINE_CURVE_WITH_KNOTS('',1,(#929,#930),.UNSPECIFIED.,.F.,.F.,
  (2,2),(-0.362715135826,4.150060023375E-16),.PIECEWISE_BEZIER_KNOTS.);
#929 = CARTESIAN_POINT('',(-3.759675174136,-3.345,3.997596351355));
#930 = CARTESIAN_POINT('',(-3.888778448746,-3.345,4.336557432074));
#931 = ORIENTED_EDGE('',*,*,#932,.F.);
#932 = EDGE_CURVE('',#933,#924,#935,.T.);
#933 = VERTEX_POINT('',#934);
#934 = CARTESIAN_POINT('',(-3.808023917245,-3.345,3.997596351355));
#935 = B_SPLINE_CURVE_WITH_KNOTS('',1,(#936,#937),.UNSPECIFIED.,.F.,.F.,
  (2,2),(-4.834874310909E-02,0.),.PIECEWISE_BEZIER_KNOTS.);
#936 = CARTESIAN_POINT('',(-3.808023917245,-3.345,3.997596351355));
#937 = CARTESIAN_POINT('',(-3.759675174136,-3.345,3.997596351355));
#938 = ORIENTED_EDGE('',*,*,#939,.F.);
#939 = EDGE_CURVE('',#940,#933,#942,.T.);
#940 = VERTEX_POINT('',#941);
#941 = CARTESIAN_POINT('',(-3.842595867962,-3.345,4.090308098894));
#942 = B_SPLINE_CURVE_WITH_KNOTS('',1,(#943,#944),.UNSPECIFIED.,.F.,.F.,
  (2,2),(-9.894790502139E-02,-2.08050320517E-16),
  .PIECEWISE_BEZIER_KNOTS.);
#943 = CARTESIAN_POINT('',(-3.842595867962,-3.345,4.090308098894));
#944 = CARTESIAN_POINT('',(-3.808023917245,-3.345,3.997596351355));
#945 = ORIENTED_EDGE('',*,*,#946,.F.);
#946 = EDGE_CURVE('',#947,#940,#949,.T.);
#947 = VERTEX_POINT('',#948);
#948 = CARTESIAN_POINT('',(-3.983743005103,-3.345,4.090308098894));
#949 = B_SPLINE_CURVE_WITH_KNOTS('',1,(#950,#951),.UNSPECIFIED.,.F.,.F.,
  (2,2),(-0.141147137141,4.440892098501E-16),.PIECEWISE_BEZIER_KNOTS.);
#950 = CARTESIAN_POINT('',(-3.983743005103,-3.345,4.090308098894));
#951 = CARTESIAN_POINT('',(-3.842595867962,-3.345,4.090308098894));
#952 = ORIENTED_EDGE('',*,*,#953,.F.);
#953 = EDGE_CURVE('',#954,#947,#956,.T.);
#954 = VERTEX_POINT('',#955);
#955 = CARTESIAN_POINT('',(-4.016322086481,-3.345,3.997596351355));
#956 = B_SPLINE_CURVE_WITH_KNOTS('',1,(#957,#958),.UNSPECIFIED.,.F.,.F.,
  (2,2),(-9.826934758679E-02,4.189738480964E-16),
  .PIECEWISE_BEZIER_KNOTS.);
#957 = CARTESIAN_POINT('',(-4.016322086481,-3.345,3.997596351355));
#958 = CARTESIAN_POINT('',(-3.983743005103,-3.345,4.090308098894));
#959 = ORIENTED_EDGE('',*,*,#960,.F.);
#960 = EDGE_CURVE('',#961,#954,#963,.T.);
#961 = VERTEX_POINT('',#962);
#962 = CARTESIAN_POINT('',(-4.064670829588,-3.345,3.997596351355));
#963 = B_SPLINE_CURVE_WITH_KNOTS('',1,(#964,#965),.UNSPECIFIED.,.F.,.F.,
  (2,2),(-4.834874310678E-02,8.881784197001E-16),
  .PIECEWISE_BEZIER_KNOTS.);
#964 = CARTESIAN_POINT('',(-4.064670829588,-3.345,3.997596351355));
#965 = CARTESIAN_POINT('',(-4.016322086481,-3.345,3.997596351355));
#966 = ORIENTED_EDGE('',*,*,#967,.F.);
#967 = EDGE_CURVE('',#968,#961,#970,.T.);
#968 = VERTEX_POINT('',#969);
#969 = CARTESIAN_POINT('',(-3.93556755498,-3.345,4.336557432074));
#970 = B_SPLINE_CURVE_WITH_KNOTS('',1,(#971,#972),.UNSPECIFIED.,.F.,.F.,
  (2,2),(-0.362715135825,-2.075030011692E-16),.PIECEWISE_BEZIER_KNOTS.);
#971 = CARTESIAN_POINT('',(-3.93556755498,-3.345,4.336557432074));
#972 = CARTESIAN_POINT('',(-4.064670829588,-3.345,3.997596351355));
#973 = ORIENTED_EDGE('',*,*,#974,.F.);
#974 = EDGE_CURVE('',#926,#968,#975,.T.);
#975 = B_SPLINE_CURVE_WITH_KNOTS('',1,(#976,#977),.UNSPECIFIED.,.F.,.F.,
  (2,2),(-4.678910623408E-02,-8.881784197001E-16),
  .PIECEWISE_BEZIER_KNOTS.);
#976 = CARTESIAN_POINT('',(-3.888778448746,-3.345,4.336557432074));
#977 = CARTESIAN_POINT('',(-3.93556755498,-3.345,4.336557432074));
#978 = FACE_BOUND('',#979,.T.);
#979 = EDGE_LOOP('',(#980,#991,#1000,#1009,#1018,#1027,#1036,#1045,#1054
    ,#1063,#1070,#1079,#1088,#1097,#1106,#1115,#1124,#1133,#1142,#1151,
    #1160));
#980 = ORIENTED_EDGE('',*,*,#981,.F.);
#981 = EDGE_CURVE('',#982,#984,#986,.T.);
#982 = VERTEX_POINT('',#983);
#983 = CARTESIAN_POINT('',(-4.575191966501,-3.345,3.488808144303));
#984 = VERTEX_POINT('',#985);
#985 = CARTESIAN_POINT('',(-4.64502903988,-3.345,3.512202697419));
#986 = B_SPLINE_CURVE_WITH_KNOTS('',3,(#987,#988,#989,#990),
  .UNSPECIFIED.,.F.,.F.,(4,4),(0.,1.),.PIECEWISE_BEZIER_KNOTS.);
#987 = CARTESIAN_POINT('',(-4.575191966501,-3.345,3.488808144303));
#988 = CARTESIAN_POINT('',(-4.600146156493,-3.345,3.488808144303));
#989 = CARTESIAN_POINT('',(-4.623367416624,-3.345,3.496606328676));
#990 = CARTESIAN_POINT('',(-4.64502903988,-3.345,3.512202697419));
#991 = ORIENTED_EDGE('',*,*,#992,.F.);
#992 = EDGE_CURVE('',#993,#982,#995,.T.);
#993 = VERTEX_POINT('',#994);
#994 = CARTESIAN_POINT('',(-4.525110293532,-3.345,3.521560518667));
#995 = B_SPLINE_CURVE_WITH_KNOTS('',3,(#996,#997,#998,#999),
  .UNSPECIFIED.,.F.,.F.,(4,4),(1.,2.),.PIECEWISE_BEZIER_KNOTS.);
#996 = CARTESIAN_POINT('',(-4.525110293532,-3.345,3.521560518667));
#997 = CARTESIAN_POINT('',(-4.525110293532,-3.345,3.499725602424));
#998 = CARTESIAN_POINT('',(-4.541833066686,-3.345,3.488808144303));
#999 = CARTESIAN_POINT('',(-4.575191966501,-3.345,3.488808144303));
#1000 = ORIENTED_EDGE('',*,*,#1001,.F.);
#1001 = EDGE_CURVE('',#1002,#993,#1004,.T.);
#1002 = VERTEX_POINT('',#1003);
#1003 = CARTESIAN_POINT('',(-4.536027751654,-3.345,3.544608485811));
#1004 = B_SPLINE_CURVE_WITH_KNOTS('',3,(#1005,#1006,#1007,#1008),
  .UNSPECIFIED.,.F.,.F.,(4,4),(2.,3.),.PIECEWISE_BEZIER_KNOTS.);
#1005 = CARTESIAN_POINT('',(-4.536027751654,-3.345,3.544608485811));
#1006 = CARTESIAN_POINT('',(-4.528749446239,-3.345,3.538543231299));
#1007 = CARTESIAN_POINT('',(-4.525110293532,-3.345,3.530918339915));
#1008 = CARTESIAN_POINT('',(-4.525110293532,-3.345,3.521560518667));
#1009 = ORIENTED_EDGE('',*,*,#1010,.F.);
#1010 = EDGE_CURVE('',#1011,#1002,#1013,.T.);
#1011 = VERTEX_POINT('',#1012);
#1012 = CARTESIAN_POINT('',(-4.580477402575,-3.345,3.566270109069));
#1013 = B_SPLINE_CURVE_WITH_KNOTS('',3,(#1014,#1015,#1016,#1017),
  .UNSPECIFIED.,.F.,.F.,(4,4),(3.,4.),.PIECEWISE_BEZIER_KNOTS.);
#1014 = CARTESIAN_POINT('',(-4.580477402575,-3.345,3.566270109069));
#1015 = CARTESIAN_POINT('',(-4.558122607375,-3.345,3.557952045738));
#1016 = CARTESIAN_POINT('',(-4.543306057068,-3.345,3.550673740323));
#1017 = CARTESIAN_POINT('',(-4.536027751654,-3.345,3.544608485811));
#1018 = ORIENTED_EDGE('',*,*,#1019,.F.);
#1019 = EDGE_CURVE('',#1020,#1011,#1022,.T.);
#1020 = VERTEX_POINT('',#1021);
#1021 = CARTESIAN_POINT('',(-4.632725237871,-3.345,3.598329311489));
#1022 = B_SPLINE_CURVE_WITH_KNOTS('',3,(#1023,#1024,#1025,#1026),
  .UNSPECIFIED.,.F.,.F.,(4,4),(4.,5.),.PIECEWISE_BEZIER_KNOTS.);
#1023 = CARTESIAN_POINT('',(-4.632725237871,-3.345,3.598329311489));
#1024 = CARTESIAN_POINT('',(-4.624753760512,-3.345,3.58775843934));
#1025 = CARTESIAN_POINT('',(-4.607251168921,-3.345,3.577014274203));
#1026 = CARTESIAN_POINT('',(-4.580477402575,-3.345,3.566270109069));
#1027 = ORIENTED_EDGE('',*,*,#1028,.F.);
#1028 = EDGE_CURVE('',#1029,#1020,#1031,.T.);
#1029 = VERTEX_POINT('',#1030);
#1030 = CARTESIAN_POINT('',(-4.644769100402,-3.345,3.636627061407));
#1031 = B_SPLINE_CURVE_WITH_KNOTS('',3,(#1032,#1033,#1034,#1035),
  .UNSPECIFIED.,.F.,.F.,(4,4),(5.,6.),.PIECEWISE_BEZIER_KNOTS.);
#1032 = CARTESIAN_POINT('',(-4.644769100402,-3.345,3.636627061407));
#1033 = CARTESIAN_POINT('',(-4.644769100402,-3.345,3.621723864605));
#1034 = CARTESIAN_POINT('',(-4.640783361722,-3.345,3.608900183637));
#1035 = CARTESIAN_POINT('',(-4.632725237871,-3.345,3.598329311489));
#1036 = ORIENTED_EDGE('',*,*,#1037,.F.);
#1037 = EDGE_CURVE('',#1038,#1029,#1040,.T.);
#1038 = VERTEX_POINT('',#1039);
#1039 = CARTESIAN_POINT('',(-4.617562101591,-3.345,3.688268371249));
#1040 = B_SPLINE_CURVE_WITH_KNOTS('',3,(#1041,#1042,#1043,#1044),
  .UNSPECIFIED.,.F.,.F.,(4,4),(6.,7.),.PIECEWISE_BEZIER_KNOTS.);
#1041 = CARTESIAN_POINT('',(-4.617562101591,-3.345,3.688268371249));
#1042 = CARTESIAN_POINT('',(-4.635671218634,-3.345,3.675271397296));
#1043 = CARTESIAN_POINT('',(-4.644769100402,-3.345,3.658115391676));
#1044 = CARTESIAN_POINT('',(-4.644769100402,-3.345,3.636627061407));
#1045 = ORIENTED_EDGE('',*,*,#1046,.F.);
#1046 = EDGE_CURVE('',#1047,#1038,#1049,.T.);
#1047 = VERTEX_POINT('',#1048);
#1048 = CARTESIAN_POINT('',(-4.550497715989,-3.345,3.707503892702));
#1049 = B_SPLINE_CURVE_WITH_KNOTS('',3,(#1050,#1051,#1052,#1053),
  .UNSPECIFIED.,.F.,.F.,(4,4),(7.,8.),.PIECEWISE_BEZIER_KNOTS.);
#1050 = CARTESIAN_POINT('',(-4.550497715989,-3.345,3.707503892702));
#1051 = CARTESIAN_POINT('',(-4.577011542855,-3.345,3.707503892702));
#1052 = CARTESIAN_POINT('',(-4.599366338056,-3.345,3.701092052219));
#1053 = CARTESIAN_POINT('',(-4.617562101591,-3.345,3.688268371249));
#1054 = ORIENTED_EDGE('',*,*,#1055,.F.);
#1055 = EDGE_CURVE('',#1056,#1047,#1058,.T.);
#1056 = VERTEX_POINT('',#1057);
#1057 = CARTESIAN_POINT('',(-4.493137737605,-3.345,3.696759727565));
#1058 = B_SPLINE_CURVE_WITH_KNOTS('',3,(#1059,#1060,#1061,#1062),
  .UNSPECIFIED.,.F.,.F.,(4,4),(8.,9.),.PIECEWISE_BEZIER_KNOTS.);
#1059 = CARTESIAN_POINT('',(-4.493137737605,-3.345,3.696759727565));
#1060 = CARTESIAN_POINT('',(-4.510813622183,-3.345,3.704038032981));
#1061 = CARTESIAN_POINT('',(-4.529875850649,-3.345,3.707503892702));
#1062 = CARTESIAN_POINT('',(-4.550497715989,-3.345,3.707503892702));
#1063 = ORIENTED_EDGE('',*,*,#1064,.F.);
#1064 = EDGE_CURVE('',#1065,#1056,#1067,.T.);
#1065 = VERTEX_POINT('',#1066);
#1066 = CARTESIAN_POINT('',(-4.493137737605,-3.345,3.655515996886));
#1067 = B_SPLINE_CURVE_WITH_KNOTS('',1,(#1068,#1069),.UNSPECIFIED.,.F.,
  .F.,(2,2),(-4.124373067977E-02,0.),.PIECEWISE_BEZIER_KNOTS.);
#1068 = CARTESIAN_POINT('',(-4.493137737605,-3.345,3.655515996886));
#1069 = CARTESIAN_POINT('',(-4.493137737605,-3.345,3.696759727565));
#1070 = ORIENTED_EDGE('',*,*,#1071,.F.);
#1071 = EDGE_CURVE('',#1072,#1065,#1074,.T.);
#1072 = VERTEX_POINT('',#1073);
#1073 = CARTESIAN_POINT('',(-4.554656747654,-3.345,3.673018588478));
#1074 = B_SPLINE_CURVE_WITH_KNOTS('',3,(#1075,#1076,#1077,#1078),
  .UNSPECIFIED.,.F.,.F.,(4,4),(10.,11.),.PIECEWISE_BEZIER_KNOTS.);
#1075 = CARTESIAN_POINT('',(-4.554656747654,-3.345,3.673018588478));
#1076 = CARTESIAN_POINT('',(-4.531695427002,-3.345,3.673018588478));
#1077 = CARTESIAN_POINT('',(-4.511246854648,-3.345,3.667126626952));
#1078 = CARTESIAN_POINT('',(-4.493137737605,-3.345,3.655515996886));
#1079 = ORIENTED_EDGE('',*,*,#1080,.F.);
#1080 = EDGE_CURVE('',#1081,#1072,#1083,.T.);
#1081 = VERTEX_POINT('',#1082);
#1082 = CARTESIAN_POINT('',(-4.588102293962,-3.345,3.664007353202));
#1083 = B_SPLINE_CURVE_WITH_KNOTS('',3,(#1084,#1085,#1086,#1087),
  .UNSPECIFIED.,.F.,.F.,(4,4),(11.,12.),.PIECEWISE_BEZIER_KNOTS.);
#1084 = CARTESIAN_POINT('',(-4.588102293962,-3.345,3.664007353202));
#1085 = CARTESIAN_POINT('',(-4.579524291153,-3.345,3.670072607714));
#1086 = CARTESIAN_POINT('',(-4.568346893552,-3.345,3.673018588478));
#1087 = CARTESIAN_POINT('',(-4.554656747654,-3.345,3.673018588478));
#1088 = ORIENTED_EDGE('',*,*,#1089,.F.);
#1089 = EDGE_CURVE('',#1090,#1081,#1092,.T.);
#1090 = VERTEX_POINT('',#1091);
#1091 = CARTESIAN_POINT('',(-4.601012621424,-3.345,3.6404395071));
#1092 = B_SPLINE_CURVE_WITH_KNOTS('',3,(#1093,#1094,#1095,#1096),
  .UNSPECIFIED.,.F.,.F.,(4,4),(12.,13.),.PIECEWISE_BEZIER_KNOTS.);
#1093 = CARTESIAN_POINT('',(-4.601012621424,-3.345,3.6404395071));
#1094 = CARTESIAN_POINT('',(-4.601012621424,-3.345,3.650143914317));
#1095 = CARTESIAN_POINT('',(-4.596680296771,-3.345,3.658115391676));
#1096 = CARTESIAN_POINT('',(-4.588102293962,-3.345,3.664007353202));
#1097 = ORIENTED_EDGE('',*,*,#1098,.F.);
#1098 = EDGE_CURVE('',#1099,#1090,#1101,.T.);
#1099 = VERTEX_POINT('',#1100);
#1100 = CARTESIAN_POINT('',(-4.59174144667,-3.345,3.617911418914));
#1101 = B_SPLINE_CURVE_WITH_KNOTS('',3,(#1102,#1103,#1104,#1105),
  .UNSPECIFIED.,.F.,.F.,(4,4),(13.,14.),.PIECEWISE_BEZIER_KNOTS.);
#1102 = CARTESIAN_POINT('',(-4.59174144667,-3.345,3.617911418914));
#1103 = CARTESIAN_POINT('',(-4.597893347675,-3.345,3.62328350148));
#1104 = CARTESIAN_POINT('',(-4.601012621424,-3.345,3.630735099881));
#1105 = CARTESIAN_POINT('',(-4.601012621424,-3.345,3.6404395071));
#1106 = ORIENTED_EDGE('',*,*,#1107,.F.);
#1107 = EDGE_CURVE('',#1108,#1099,#1110,.T.);
#1108 = VERTEX_POINT('',#1109);
#1109 = CARTESIAN_POINT('',(-4.550497715989,-3.345,3.597116260585));
#1110 = B_SPLINE_CURVE_WITH_KNOTS('',3,(#1111,#1112,#1113,#1114),
  .UNSPECIFIED.,.F.,.F.,(4,4),(14.,15.),.PIECEWISE_BEZIER_KNOTS.);
#1111 = CARTESIAN_POINT('',(-4.550497715989,-3.345,3.597116260585));
#1112 = CARTESIAN_POINT('',(-4.571812753273,-3.345,3.605434323916));
#1113 = CARTESIAN_POINT('',(-4.585502899171,-3.345,3.612366043359));
#1114 = CARTESIAN_POINT('',(-4.59174144667,-3.345,3.617911418914));
#1115 = ORIENTED_EDGE('',*,*,#1116,.F.);
#1116 = EDGE_CURVE('',#1117,#1108,#1119,.T.);
#1117 = VERTEX_POINT('',#1118);
#1118 = CARTESIAN_POINT('',(-4.495737132396,-3.345,3.565750230111));
#1119 = B_SPLINE_CURVE_WITH_KNOTS('',3,(#1120,#1121,#1122,#1123),
  .UNSPECIFIED.,.F.,.F.,(4,4),(15.,16.),.PIECEWISE_BEZIER_KNOTS.);
#1120 = CARTESIAN_POINT('',(-4.495737132396,-3.345,3.565750230111));
#1121 = CARTESIAN_POINT('',(-4.505268246629,-3.345,3.576494395246));
#1122 = CARTESIAN_POINT('',(-4.523464010164,-3.345,3.587065267394));
#1123 = CARTESIAN_POINT('',(-4.550497715989,-3.345,3.597116260585));
#1124 = ORIENTED_EDGE('',*,*,#1125,.F.);
#1125 = EDGE_CURVE('',#1126,#1117,#1128,.T.);
#1126 = VERTEX_POINT('',#1127);
#1127 = CARTESIAN_POINT('',(-4.48152710754,-3.345,3.525719550332));
#1128 = B_SPLINE_CURVE_WITH_KNOTS('',3,(#1129,#1130,#1131,#1132),
  .UNSPECIFIED.,.F.,.F.,(4,4),(16.,17.),.PIECEWISE_BEZIER_KNOTS.);
#1129 = CARTESIAN_POINT('',(-4.48152710754,-3.345,3.525719550332));
#1130 = CARTESIAN_POINT('',(-4.48152710754,-3.345,3.541662505049));
#1131 = CARTESIAN_POINT('',(-4.486292664657,-3.345,3.555006064976));
#1132 = CARTESIAN_POINT('',(-4.495737132396,-3.345,3.565750230111));
#1133 = ORIENTED_EDGE('',*,*,#1134,.F.);
#1134 = EDGE_CURVE('',#1135,#1126,#1137,.T.);
#1135 = VERTEX_POINT('',#1136);
#1136 = CARTESIAN_POINT('',(-4.508820752843,-3.345,3.473385068544));
#1137 = B_SPLINE_CURVE_WITH_KNOTS('',3,(#1138,#1139,#1140,#1141),
  .UNSPECIFIED.,.F.,.F.,(4,4),(17.,18.),.PIECEWISE_BEZIER_KNOTS.);
#1138 = CARTESIAN_POINT('',(-4.508820752843,-3.345,3.473385068544));
#1139 = CARTESIAN_POINT('',(-4.490624989308,-3.345,3.486035456527));
#1140 = CARTESIAN_POINT('',(-4.48152710754,-3.345,3.503538048117));
#1141 = CARTESIAN_POINT('',(-4.48152710754,-3.345,3.525719550332));
#1142 = ORIENTED_EDGE('',*,*,#1143,.F.);
#1143 = EDGE_CURVE('',#1144,#1135,#1146,.T.);
#1144 = VERTEX_POINT('',#1145);
#1145 = CARTESIAN_POINT('',(-4.579350998166,-3.345,3.454149547093));
#1146 = B_SPLINE_CURVE_WITH_KNOTS('',3,(#1147,#1148,#1149,#1150),
  .UNSPECIFIED.,.F.,.F.,(4,4),(18.,19.),.PIECEWISE_BEZIER_KNOTS.);
#1147 = CARTESIAN_POINT('',(-4.579350998166,-3.345,3.454149547093));
#1148 = CARTESIAN_POINT('',(-4.550497715989,-3.345,3.454149547093));
#1149 = CARTESIAN_POINT('',(-4.526929869886,-3.345,3.460561387577));
#1150 = CARTESIAN_POINT('',(-4.508820752843,-3.345,3.473385068544));
#1151 = ORIENTED_EDGE('',*,*,#1152,.F.);
#1152 = EDGE_CURVE('',#1153,#1144,#1155,.T.);
#1153 = VERTEX_POINT('',#1154);
#1154 = CARTESIAN_POINT('',(-4.64502903988,-3.345,3.468359571949));
#1155 = B_SPLINE_CURVE_WITH_KNOTS('',3,(#1156,#1157,#1158,#1159),
  .UNSPECIFIED.,.F.,.F.,(4,4),(19.,20.),.PIECEWISE_BEZIER_KNOTS.);
#1156 = CARTESIAN_POINT('',(-4.64502903988,-3.345,3.468359571949));
#1157 = CARTESIAN_POINT('',(-4.626313397387,-3.345,3.459001750702));
#1158 = CARTESIAN_POINT('',(-4.604478481144,-3.345,3.454149547093));
#1159 = CARTESIAN_POINT('',(-4.579350998166,-3.345,3.454149547093));
#1160 = ORIENTED_EDGE('',*,*,#1161,.F.);
#1161 = EDGE_CURVE('',#984,#1153,#1162,.T.);
#1162 = B_SPLINE_CURVE_WITH_KNOTS('',1,(#1163,#1164),.UNSPECIFIED.,.F.,
  .F.,(2,2),(-4.384312546991E-02,-1.110223024625E-16),
  .PIECEWISE_BEZIER_KNOTS.);
#1163 = CARTESIAN_POINT('',(-4.64502903988,-3.345,3.512202697419));
#1164 = CARTESIAN_POINT('',(-4.64502903988,-3.345,3.468359571949));
#1165 = FACE_BOUND('',#1166,.T.);
#1166 = EDGE_LOOP('',(#1167,#1176,#1183,#1190,#1197,#1204,#1211,#1218,
    #1225,#1232,#1239,#1246));
#1167 = ORIENTED_EDGE('',*,*,#1168,.F.);
#1168 = EDGE_CURVE('',#1169,#1171,#1173,.T.);
#1169 = VERTEX_POINT('',#1170);
#1170 = CARTESIAN_POINT('',(-3.998992787875,-3.345,3.459868215633));
#1171 = VERTEX_POINT('',#1172);
#1172 = CARTESIAN_POINT('',(-3.998992787875,-3.345,3.498512551523));
#1173 = B_SPLINE_CURVE_WITH_KNOTS('',1,(#1174,#1175),.UNSPECIFIED.,.F.,
  .F.,(2,2),(-3.864433588965E-02,-2.22044604925E-16),
  .PIECEWISE_BEZIER_KNOTS.);
#1174 = CARTESIAN_POINT('',(-3.998992787875,-3.345,3.459868215633));
#1175 = CARTESIAN_POINT('',(-3.998992787875,-3.345,3.498512551523));
#1176 = ORIENTED_EDGE('',*,*,#1177,.F.);
#1177 = EDGE_CURVE('',#1178,#1169,#1180,.T.);
#1178 = VERTEX_POINT('',#1179);
#1179 = CARTESIAN_POINT('',(-4.181297009202,-3.345,3.459868215633));
#1180 = B_SPLINE_CURVE_WITH_KNOTS('',1,(#1181,#1182),.UNSPECIFIED.,.F.,
  .F.,(2,2),(-0.182304221328,0.),.PIECEWISE_BEZIER_KNOTS.);
#1181 = CARTESIAN_POINT('',(-4.181297009202,-3.345,3.459868215633));
#1182 = CARTESIAN_POINT('',(-3.998992787875,-3.345,3.459868215633));
#1183 = ORIENTED_EDGE('',*,*,#1184,.F.);
#1184 = EDGE_CURVE('',#1185,#1178,#1187,.T.);
#1185 = VERTEX_POINT('',#1186);
#1186 = CARTESIAN_POINT('',(-4.181297009202,-3.345,3.798829296352));
#1187 = B_SPLINE_CURVE_WITH_KNOTS('',1,(#1188,#1189),.UNSPECIFIED.,.F.,
  .F.,(2,2),(-0.338961080719,-1.110223024625E-16),
  .PIECEWISE_BEZIER_KNOTS.);
#1188 = CARTESIAN_POINT('',(-4.181297009202,-3.345,3.798829296352));
#1189 = CARTESIAN_POINT('',(-4.181297009202,-3.345,3.459868215633));
#1190 = ORIENTED_EDGE('',*,*,#1191,.F.);
#1191 = EDGE_CURVE('',#1192,#1185,#1194,.T.);
#1192 = VERTEX_POINT('',#1193);
#1193 = CARTESIAN_POINT('',(-4.006704325755,-3.345,3.798829296352));
#1194 = B_SPLINE_CURVE_WITH_KNOTS('',1,(#1195,#1196),.UNSPECIFIED.,.F.,
  .F.,(2,2),(-0.174592683448,-0.),.PIECEWISE_BEZIER_KNOTS.);
#1195 = CARTESIAN_POINT('',(-4.006704325755,-3.345,3.798829296352));
#1196 = CARTESIAN_POINT('',(-4.181297009202,-3.345,3.798829296352));
#1197 = ORIENTED_EDGE('',*,*,#1198,.F.);
#1198 = EDGE_CURVE('',#1199,#1192,#1201,.T.);
#1199 = VERTEX_POINT('',#1200);
#1200 = CARTESIAN_POINT('',(-4.006704325755,-3.345,3.759838374491));
#1201 = B_SPLINE_CURVE_WITH_KNOTS('',1,(#1202,#1203),.UNSPECIFIED.,.F.,
  .F.,(2,2),(-3.899092186135E-02,0.),.PIECEWISE_BEZIER_KNOTS.);
#1202 = CARTESIAN_POINT('',(-4.006704325755,-3.345,3.759838374491));
#1203 = CARTESIAN_POINT('',(-4.006704325755,-3.345,3.798829296352));
#1204 = ORIENTED_EDGE('',*,*,#1205,.F.);
#1205 = EDGE_CURVE('',#1206,#1199,#1208,.T.);
#1206 = VERTEX_POINT('',#1207);
#1207 = CARTESIAN_POINT('',(-4.137540530223,-3.345,3.759838374491));
#1208 = B_SPLINE_CURVE_WITH_KNOTS('',1,(#1209,#1210),.UNSPECIFIED.,.F.,
  .F.,(2,2),(-0.130836204469,0.),.PIECEWISE_BEZIER_KNOTS.);
#1209 = CARTESIAN_POINT('',(-4.137540530223,-3.345,3.759838374491));
#1210 = CARTESIAN_POINT('',(-4.006704325755,-3.345,3.759838374491));
#1211 = ORIENTED_EDGE('',*,*,#1212,.F.);
#1212 = EDGE_CURVE('',#1213,#1206,#1215,.T.);
#1213 = VERTEX_POINT('',#1214);
#1214 = CARTESIAN_POINT('',(-4.137540530223,-3.345,3.651356965221));
#1215 = B_SPLINE_CURVE_WITH_KNOTS('',1,(#1216,#1217),.UNSPECIFIED.,.F.,
  .F.,(2,2),(-0.10848140927,2.22044604925E-16),
  .PIECEWISE_BEZIER_KNOTS.);
#1216 = CARTESIAN_POINT('',(-4.137540530223,-3.345,3.651356965221));
#1217 = CARTESIAN_POINT('',(-4.137540530223,-3.345,3.759838374491));
#1218 = ORIENTED_EDGE('',*,*,#1219,.F.);
#1219 = EDGE_CURVE('',#1220,#1213,#1222,.T.);
#1220 = VERTEX_POINT('',#1221);
#1221 = CARTESIAN_POINT('',(-4.016322086481,-3.345,3.651356965221));
#1222 = B_SPLINE_CURVE_WITH_KNOTS('',1,(#1223,#1224),.UNSPECIFIED.,.F.,
  .F.,(2,2),(-0.121218443742,0.),.PIECEWISE_BEZIER_KNOTS.);
#1223 = CARTESIAN_POINT('',(-4.016322086481,-3.345,3.651356965221));
#1224 = CARTESIAN_POINT('',(-4.137540530223,-3.345,3.651356965221));
#1225 = ORIENTED_EDGE('',*,*,#1226,.F.);
#1226 = EDGE_CURVE('',#1227,#1220,#1229,.T.);
#1227 = VERTEX_POINT('',#1228);
#1228 = CARTESIAN_POINT('',(-4.016322086481,-3.345,3.612539336345));
#1229 = B_SPLINE_CURVE_WITH_KNOTS('',1,(#1230,#1231),.UNSPECIFIED.,.F.,
  .F.,(2,2),(-3.88176288755E-02,-1.110223024625E-16),
  .PIECEWISE_BEZIER_KNOTS.);
#1230 = CARTESIAN_POINT('',(-4.016322086481,-3.345,3.612539336345));
#1231 = CARTESIAN_POINT('',(-4.016322086481,-3.345,3.651356965221));
#1232 = ORIENTED_EDGE('',*,*,#1233,.F.);
#1233 = EDGE_CURVE('',#1234,#1227,#1236,.T.);
#1234 = VERTEX_POINT('',#1235);
#1235 = CARTESIAN_POINT('',(-4.137540530223,-3.345,3.612539336345));
#1236 = B_SPLINE_CURVE_WITH_KNOTS('',1,(#1237,#1238),.UNSPECIFIED.,.F.,
  .F.,(2,2),(-0.121218443742,0.),.PIECEWISE_BEZIER_KNOTS.);
#1237 = CARTESIAN_POINT('',(-4.137540530223,-3.345,3.612539336345));
#1238 = CARTESIAN_POINT('',(-4.016322086481,-3.345,3.612539336345));
#1239 = ORIENTED_EDGE('',*,*,#1240,.F.);
#1240 = EDGE_CURVE('',#1241,#1234,#1243,.T.);
#1241 = VERTEX_POINT('',#1242);
#1242 = CARTESIAN_POINT('',(-4.137540530223,-3.345,3.498512551523));
#1243 = B_SPLINE_CURVE_WITH_KNOTS('',1,(#1244,#1245),.UNSPECIFIED.,.F.,
  .F.,(2,2),(-0.114026784822,-2.22044604925E-16),
  .PIECEWISE_BEZIER_KNOTS.);
#1244 = CARTESIAN_POINT('',(-4.137540530223,-3.345,3.498512551523));
#1245 = CARTESIAN_POINT('',(-4.137540530223,-3.345,3.612539336345));
#1246 = ORIENTED_EDGE('',*,*,#1247,.F.);
#1247 = EDGE_CURVE('',#1171,#1241,#1248,.T.);
#1248 = B_SPLINE_CURVE_WITH_KNOTS('',1,(#1249,#1250),.UNSPECIFIED.,.F.,
  .F.,(2,2),(-0.138547742348,0.),.PIECEWISE_BEZIER_KNOTS.);
#1249 = CARTESIAN_POINT('',(-3.998992787875,-3.345,3.498512551523));
#1250 = CARTESIAN_POINT('',(-4.137540530223,-3.345,3.498512551523));
#1251 = FACE_BOUND('',#1252,.T.);
#1252 = EDGE_LOOP('',(#1253,#1262,#1269,#1276,#1285,#1294,#1303));
#1253 = ORIENTED_EDGE('',*,*,#1254,.F.);
#1254 = EDGE_CURVE('',#1255,#1257,#1259,.T.);
#1255 = VERTEX_POINT('',#1256);
#1256 = CARTESIAN_POINT('',(-3.934961029527,-3.345,3.459868215633));
#1257 = VERTEX_POINT('',#1258);
#1258 = CARTESIAN_POINT('',(-3.841729403031,-3.345,3.459868215633));
#1259 = B_SPLINE_CURVE_WITH_KNOTS('',1,(#1260,#1261),.UNSPECIFIED.,.F.,
  .F.,(2,2),(-9.323162649646E-02,0.),.PIECEWISE_BEZIER_KNOTS.);
#1260 = CARTESIAN_POINT('',(-3.934961029527,-3.345,3.459868215633));
#1261 = CARTESIAN_POINT('',(-3.841729403031,-3.345,3.459868215633));
#1262 = ORIENTED_EDGE('',*,*,#1263,.F.);
#1263 = EDGE_CURVE('',#1264,#1255,#1266,.T.);
#1264 = VERTEX_POINT('',#1265);
#1265 = CARTESIAN_POINT('',(-3.934961029527,-3.345,3.798829296352));
#1266 = B_SPLINE_CURVE_WITH_KNOTS('',1,(#1267,#1268),.UNSPECIFIED.,.F.,
  .F.,(2,2),(-0.338961080719,-0.),.PIECEWISE_BEZIER_KNOTS.);
#1267 = CARTESIAN_POINT('',(-3.934961029527,-3.345,3.798829296352));
#1268 = CARTESIAN_POINT('',(-3.934961029527,-3.345,3.459868215633));
#1269 = ORIENTED_EDGE('',*,*,#1270,.F.);
#1270 = EDGE_CURVE('',#1271,#1264,#1273,.T.);
#1271 = VERTEX_POINT('',#1272);
#1272 = CARTESIAN_POINT('',(-3.838263543311,-3.345,3.798829296352));
#1273 = B_SPLINE_CURVE_WITH_KNOTS('',1,(#1274,#1275),.UNSPECIFIED.,.F.,
  .F.,(2,2),(-9.669748621587E-02,-0.),.PIECEWISE_BEZIER_KNOTS.);
#1274 = CARTESIAN_POINT('',(-3.838263543311,-3.345,3.798829296352));
#1275 = CARTESIAN_POINT('',(-3.934961029527,-3.345,3.798829296352));
#1276 = ORIENTED_EDGE('',*,*,#1277,.F.);
#1277 = EDGE_CURVE('',#1278,#1271,#1280,.T.);
#1278 = VERTEX_POINT('',#1279);
#1279 = CARTESIAN_POINT('',(-3.710113380126,-3.345,3.753946412965));
#1280 = B_SPLINE_CURVE_WITH_KNOTS('',3,(#1281,#1282,#1283,#1284),
  .UNSPECIFIED.,.F.,.F.,(4,4),(2.,3.),.PIECEWISE_BEZIER_KNOTS.);
#1281 = CARTESIAN_POINT('',(-3.710113380126,-3.345,3.753946412965));
#1282 = CARTESIAN_POINT('',(-3.744165451883,-3.345,3.78392609955));
#1283 = CARTESIAN_POINT('',(-3.786882172947,-3.345,3.798829296352));
#1284 = CARTESIAN_POINT('',(-3.838263543311,-3.345,3.798829296352));
#1285 = ORIENTED_EDGE('',*,*,#1286,.F.);
#1286 = EDGE_CURVE('',#1287,#1278,#1289,.T.);
#1287 = VERTEX_POINT('',#1288);
#1288 = CARTESIAN_POINT('',(-3.658991949238,-3.345,3.633681080643));
#1289 = B_SPLINE_CURVE_WITH_KNOTS('',3,(#1290,#1291,#1292,#1293),
  .UNSPECIFIED.,.F.,.F.,(4,4),(3.,4.),.PIECEWISE_BEZIER_KNOTS.);
#1290 = CARTESIAN_POINT('',(-3.658991949238,-3.345,3.633681080643));
#1291 = CARTESIAN_POINT('',(-3.658991949238,-3.345,3.683936046598));
#1292 = CARTESIAN_POINT('',(-3.676061308366,-3.345,3.723966726377));
#1293 = CARTESIAN_POINT('',(-3.710113380126,-3.345,3.753946412965));
#1294 = ORIENTED_EDGE('',*,*,#1295,.F.);
#1295 = EDGE_CURVE('',#1296,#1287,#1298,.T.);
#1296 = VERTEX_POINT('',#1297);
#1297 = CARTESIAN_POINT('',(-3.710113380126,-3.345,3.507350493811));
#1298 = B_SPLINE_CURVE_WITH_KNOTS('',3,(#1299,#1300,#1301,#1302),
  .UNSPECIFIED.,.F.,.F.,(4,4),(4.,5.),.PIECEWISE_BEZIER_KNOTS.);
#1299 = CARTESIAN_POINT('',(-3.710113380126,-3.345,3.507350493811));
#1300 = CARTESIAN_POINT('',(-3.676061308366,-3.345,3.539063110259));
#1301 = CARTESIAN_POINT('',(-3.658991949238,-3.345,3.581173305868));
#1302 = CARTESIAN_POINT('',(-3.658991949238,-3.345,3.633681080643));
#1303 = ORIENTED_EDGE('',*,*,#1304,.F.);
#1304 = EDGE_CURVE('',#1257,#1296,#1305,.T.);
#1305 = B_SPLINE_CURVE_WITH_KNOTS('',3,(#1306,#1307,#1308,#1309),
  .UNSPECIFIED.,.F.,.F.,(4,4),(5.,6.),.PIECEWISE_BEZIER_KNOTS.);
#1306 = CARTESIAN_POINT('',(-3.841729403031,-3.345,3.459868215633));
#1307 = CARTESIAN_POINT('',(-3.788095223848,-3.345,3.459868215633));
#1308 = CARTESIAN_POINT('',(-3.744165451883,-3.345,3.475637877362));
#1309 = CARTESIAN_POINT('',(-3.710113380126,-3.345,3.507350493811));
#1310 = FACE_BOUND('',#1311,.T.);
#1311 = EDGE_LOOP('',(#1312,#1321,#1328,#1335,#1342,#1349,#1356,#1363));
#1312 = ORIENTED_EDGE('',*,*,#1313,.F.);
#1313 = EDGE_CURVE('',#1314,#1316,#1318,.T.);
#1314 = VERTEX_POINT('',#1315);
#1315 = CARTESIAN_POINT('',(-3.3351940048,-3.345,3.459868215633));
#1316 = VERTEX_POINT('',#1317);
#1317 = CARTESIAN_POINT('',(-3.464297279408,-3.345,3.798829296352));
#1318 = B_SPLINE_CURVE_WITH_KNOTS('',1,(#1319,#1320),.UNSPECIFIED.,.F.,
  .F.,(2,2),(-0.362715135825,-1.580672145904E-16),
  .PIECEWISE_BEZIER_KNOTS.);
#1319 = CARTESIAN_POINT('',(-3.3351940048,-3.345,3.459868215633));
#1320 = CARTESIAN_POINT('',(-3.464297279408,-3.345,3.798829296352));
#1321 = ORIENTED_EDGE('',*,*,#1322,.F.);
#1322 = EDGE_CURVE('',#1323,#1314,#1325,.T.);
#1323 = VERTEX_POINT('',#1324);
#1324 = CARTESIAN_POINT('',(-3.383542747907,-3.345,3.459868215633));
#1325 = B_SPLINE_CURVE_WITH_KNOTS('',1,(#1326,#1327),.UNSPECIFIED.,.F.,
  .F.,(2,2),(-4.834874310678E-02,0.),.PIECEWISE_BEZIER_KNOTS.);
#1326 = CARTESIAN_POINT('',(-3.383542747907,-3.345,3.459868215633));
#1327 = CARTESIAN_POINT('',(-3.3351940048,-3.345,3.459868215633));
#1328 = ORIENTED_EDGE('',*,*,#1329,.F.);
#1329 = EDGE_CURVE('',#1330,#1323,#1332,.T.);
#1330 = VERTEX_POINT('',#1331);
#1331 = CARTESIAN_POINT('',(-3.418114698627,-3.345,3.55257996317));
#1332 = B_SPLINE_CURVE_WITH_KNOTS('',1,(#1333,#1334),.UNSPECIFIED.,.F.,
  .F.,(2,2),(-9.894790502003E-02,-2.591879226725E-16),
  .PIECEWISE_BEZIER_KNOTS.);
#1333 = CARTESIAN_POINT('',(-3.418114698627,-3.345,3.55257996317));
#1334 = CARTESIAN_POINT('',(-3.383542747907,-3.345,3.459868215633));
#1335 = ORIENTED_EDGE('',*,*,#1336,.F.);
#1336 = EDGE_CURVE('',#1337,#1330,#1339,.T.);
#1337 = VERTEX_POINT('',#1338);
#1338 = CARTESIAN_POINT('',(-3.559261835768,-3.345,3.55257996317));
#1339 = B_SPLINE_CURVE_WITH_KNOTS('',1,(#1340,#1341),.UNSPECIFIED.,.F.,
  .F.,(2,2),(-0.141147137141,8.881784197001E-16),
  .PIECEWISE_BEZIER_KNOTS.);
#1340 = CARTESIAN_POINT('',(-3.559261835768,-3.345,3.55257996317));
#1341 = CARTESIAN_POINT('',(-3.418114698627,-3.345,3.55257996317));
#1342 = ORIENTED_EDGE('',*,*,#1343,.F.);
#1343 = EDGE_CURVE('',#1344,#1337,#1346,.T.);
#1344 = VERTEX_POINT('',#1345);
#1345 = CARTESIAN_POINT('',(-3.591840917145,-3.345,3.459868215633));
#1346 = B_SPLINE_CURVE_WITH_KNOTS('',1,(#1347,#1348),.UNSPECIFIED.,.F.,
  .F.,(2,2),(-9.82693475846E-02,-1.897129246788E-16),
  .PIECEWISE_BEZIER_KNOTS.);
#1347 = CARTESIAN_POINT('',(-3.591840917145,-3.345,3.459868215633));
#1348 = CARTESIAN_POINT('',(-3.559261835768,-3.345,3.55257996317));
#1349 = ORIENTED_EDGE('',*,*,#1350,.F.);
#1350 = EDGE_CURVE('',#1351,#1344,#1353,.T.);
#1351 = VERTEX_POINT('',#1352);
#1352 = CARTESIAN_POINT('',(-3.640189660255,-3.345,3.459868215633));
#1353 = B_SPLINE_CURVE_WITH_KNOTS('',1,(#1354,#1355),.UNSPECIFIED.,.F.,
  .F.,(2,2),(-4.834874310909E-02,0.),.PIECEWISE_BEZIER_KNOTS.);
#1354 = CARTESIAN_POINT('',(-3.640189660255,-3.345,3.459868215633));
#1355 = CARTESIAN_POINT('',(-3.591840917145,-3.345,3.459868215633));
#1356 = ORIENTED_EDGE('',*,*,#1357,.F.);
#1357 = EDGE_CURVE('',#1358,#1351,#1360,.T.);
#1358 = VERTEX_POINT('',#1359);
#1359 = CARTESIAN_POINT('',(-3.511086385644,-3.345,3.798829296352));
#1360 = B_SPLINE_CURVE_WITH_KNOTS('',1,(#1361,#1362),.UNSPECIFIED.,.F.,
  .F.,(2,2),(-0.362715135826,-1.037515005844E-16),
  .PIECEWISE_BEZIER_KNOTS.);
#1361 = CARTESIAN_POINT('',(-3.511086385644,-3.345,3.798829296352));
#1362 = CARTESIAN_POINT('',(-3.640189660255,-3.345,3.459868215633));
#1363 = ORIENTED_EDGE('',*,*,#1364,.F.);
#1364 = EDGE_CURVE('',#1316,#1358,#1365,.T.);
#1365 = B_SPLINE_CURVE_WITH_KNOTS('',1,(#1366,#1367),.UNSPECIFIED.,.F.,
  .F.,(2,2),(-4.67891062364E-02,4.440892098501E-16),
  .PIECEWISE_BEZIER_KNOTS.);
#1366 = CARTESIAN_POINT('',(-3.464297279408,-3.345,3.798829296352));
#1367 = CARTESIAN_POINT('',(-3.511086385644,-3.345,3.798829296352));
#1368 = FACE_BOUND('',#1369,.T.);
#1369 = EDGE_LOOP('',(#1370,#1381,#1390,#1399,#1406,#1415,#1424,#1433,
    #1440,#1449,#1458,#1467,#1476,#1485,#1494,#1503,#1512,#1521,#1530,
    #1537,#1544,#1551,#1560,#1569,#1578,#1587,#1596,#1605,#1614,#1623,
    #1632,#1641,#1650));
#1370 = ORIENTED_EDGE('',*,*,#1371,.F.);
#1371 = EDGE_CURVE('',#1372,#1374,#1376,.T.);
#1372 = VERTEX_POINT('',#1373);
#1373 = CARTESIAN_POINT('',(-5.397627665143,-3.345,3.796089649697));
#1374 = VERTEX_POINT('',#1375);
#1375 = CARTESIAN_POINT('',(-5.636215493128,-3.345,4.111796765867));
#1376 = B_SPLINE_CURVE_WITH_KNOTS('',3,(#1377,#1378,#1379,#1380),
  .UNSPECIFIED.,.F.,.F.,(4,4),(35.,36.),.PIECEWISE_BEZIER_KNOTS.);
#1377 = CARTESIAN_POINT('',(-5.397627665143,-3.345,3.796089649697));
#1378 = CARTESIAN_POINT('',(-5.400037606988,-3.345,3.940688274821));
#1379 = CARTESIAN_POINT('',(-5.498846785471,-3.345,4.068417169134));
#1380 = CARTESIAN_POINT('',(-5.636215493128,-3.345,4.111796765867));
#1381 = ORIENTED_EDGE('',*,*,#1382,.F.);
#1382 = EDGE_CURVE('',#1383,#1372,#1385,.T.);
#1383 = VERTEX_POINT('',#1384);
#1384 = CARTESIAN_POINT('',(-5.486796892383,-3.345,3.567141681023));
#1385 = B_SPLINE_CURVE_WITH_KNOTS('',3,(#1386,#1387,#1388,#1389),
  .UNSPECIFIED.,.F.,.F.,(4,4),(34.,35.),.PIECEWISE_BEZIER_KNOTS.);
#1386 = CARTESIAN_POINT('',(-5.486796892383,-3.345,3.567141681023));
#1387 = CARTESIAN_POINT('',(-5.428957368786,-3.345,3.629801088308));
#1388 = CARTESIAN_POINT('',(-5.397627665143,-3.345,3.711740398081));
#1389 = CARTESIAN_POINT('',(-5.397627665143,-3.345,3.796089649697));
#1390 = ORIENTED_EDGE('',*,*,#1391,.F.);
#1391 = EDGE_CURVE('',#1392,#1383,#1394,.T.);
#1392 = VERTEX_POINT('',#1393);
#1393 = CARTESIAN_POINT('',(-5.706104909811,-3.345,3.458692643229));
#1394 = B_SPLINE_CURVE_WITH_KNOTS('',3,(#1395,#1396,#1397,#1398),
  .UNSPECIFIED.,.F.,.F.,(4,4),(33.,34.),.PIECEWISE_BEZIER_KNOTS.);
#1395 = CARTESIAN_POINT('',(-5.706104909811,-3.345,3.458692643229));
#1396 = CARTESIAN_POINT('',(-5.621755658196,-3.345,3.465922560696));
#1397 = CARTESIAN_POINT('',(-5.544636324044,-3.345,3.504482273739));
#1398 = CARTESIAN_POINT('',(-5.486796892383,-3.345,3.567141681023));
#1399 = ORIENTED_EDGE('',*,*,#1400,.F.);
#1400 = EDGE_CURVE('',#1401,#1392,#1403,.T.);
#1401 = VERTEX_POINT('',#1402);
#1402 = CARTESIAN_POINT('',(-5.848293593092,-3.345,3.458692643229));
#1403 = B_SPLINE_CURVE_WITH_KNOTS('',1,(#1404,#1405),.UNSPECIFIED.,.F.,
  .F.,(2,2),(-0.134958765813,7.229917466882E-03),
  .PIECEWISE_BEZIER_KNOTS.);
#1404 = CARTESIAN_POINT('',(-5.848293593092,-3.345,3.458692643229));
#1405 = CARTESIAN_POINT('',(-5.706104909811,-3.345,3.458692643229));
#1406 = ORIENTED_EDGE('',*,*,#1407,.F.);
#1407 = EDGE_CURVE('',#1408,#1401,#1410,.T.);
#1408 = VERTEX_POINT('',#1409);
#1409 = CARTESIAN_POINT('',(-5.918183009776,-3.345,3.533401943604));
#1410 = B_SPLINE_CURVE_WITH_KNOTS('',3,(#1411,#1412,#1413,#1414),
  .UNSPECIFIED.,.F.,.F.,(4,4),(28.,29.),.PIECEWISE_BEZIER_KNOTS.);
#1411 = CARTESIAN_POINT('',(-5.918183009776,-3.345,3.533401943604));
#1412 = CARTESIAN_POINT('',(-5.918183009776,-3.345,3.494842322495));
#1413 = CARTESIAN_POINT('',(-5.886853306134,-3.345,3.461102585073));
#1414 = CARTESIAN_POINT('',(-5.848293593092,-3.345,3.458692643229));
#1415 = ORIENTED_EDGE('',*,*,#1416,.F.);
#1416 = EDGE_CURVE('',#1417,#1408,#1419,.T.);
#1417 = VERTEX_POINT('',#1418);
#1418 = CARTESIAN_POINT('',(-5.843473709403,-3.345,3.608111243976));
#1419 = B_SPLINE_CURVE_WITH_KNOTS('',3,(#1420,#1421,#1422,#1423),
  .UNSPECIFIED.,.F.,.F.,(4,4),(27.,28.),.PIECEWISE_BEZIER_KNOTS.);
#1420 = CARTESIAN_POINT('',(-5.843473709403,-3.345,3.608111243976));
#1421 = CARTESIAN_POINT('',(-5.88444336429,-3.345,3.608111243976));
#1422 = CARTESIAN_POINT('',(-5.918183009776,-3.345,3.574371506557));
#1423 = CARTESIAN_POINT('',(-5.918183009776,-3.345,3.533401943604));
#1424 = ORIENTED_EDGE('',*,*,#1425,.F.);
#1425 = EDGE_CURVE('',#1426,#1417,#1428,.T.);
#1426 = VERTEX_POINT('',#1427);
#1427 = CARTESIAN_POINT('',(-5.829013874471,-3.345,3.605701302133));
#1428 = B_SPLINE_CURVE_WITH_KNOTS('',3,(#1429,#1430,#1431,#1432),
  .UNSPECIFIED.,.F.,.F.,(4,4),(26.,27.),.PIECEWISE_BEZIER_KNOTS.);
#1429 = CARTESIAN_POINT('',(-5.829013874471,-3.345,3.605701302133));
#1430 = CARTESIAN_POINT('',(-5.833833850093,-3.345,3.605701302133));
#1431 = CARTESIAN_POINT('',(-5.838653825715,-3.345,3.608111243976));
#1432 = CARTESIAN_POINT('',(-5.843473709403,-3.345,3.608111243976));
#1433 = ORIENTED_EDGE('',*,*,#1434,.F.);
#1434 = EDGE_CURVE('',#1435,#1426,#1437,.T.);
#1435 = VERTEX_POINT('',#1436);
#1436 = CARTESIAN_POINT('',(-5.720564836677,-3.345,3.605701302133));
#1437 = B_SPLINE_CURVE_WITH_KNOTS('',1,(#1438,#1439),.UNSPECIFIED.,.F.,
  .F.,(2,2),(-8.881784197001E-16,0.108449037793),
  .PIECEWISE_BEZIER_KNOTS.);
#1438 = CARTESIAN_POINT('',(-5.720564836677,-3.345,3.605701302133));
#1439 = CARTESIAN_POINT('',(-5.829013874471,-3.345,3.605701302133));
#1440 = ORIENTED_EDGE('',*,*,#1441,.F.);
#1441 = EDGE_CURVE('',#1442,#1435,#1444,.T.);
#1442 = VERTEX_POINT('',#1443);
#1443 = CARTESIAN_POINT('',(-5.547046357823,-3.345,3.79367961592));
#1444 = B_SPLINE_CURVE_WITH_KNOTS('',3,(#1445,#1446,#1447,#1448),
  .UNSPECIFIED.,.F.,.F.,(4,4),(24.,25.),.PIECEWISE_BEZIER_KNOTS.);
#1445 = CARTESIAN_POINT('',(-5.547046357823,-3.345,3.79367961592));
#1446 = CARTESIAN_POINT('',(-5.547046357823,-3.345,3.694870483403));
#1447 = CARTESIAN_POINT('',(-5.621755658196,-3.345,3.612931219599));
#1448 = CARTESIAN_POINT('',(-5.720564836677,-3.345,3.605701302133));
#1449 = ORIENTED_EDGE('',*,*,#1450,.F.);
#1450 = EDGE_CURVE('',#1451,#1442,#1453,.T.);
#1451 = VERTEX_POINT('',#1452);
#1452 = CARTESIAN_POINT('',(-5.73502467161,-3.345,3.981657929708));
#1453 = B_SPLINE_CURVE_WITH_KNOTS('',3,(#1454,#1455,#1456,#1457),
  .UNSPECIFIED.,.F.,.F.,(4,4),(23.,24.),.PIECEWISE_BEZIER_KNOTS.);
#1454 = CARTESIAN_POINT('',(-5.73502467161,-3.345,3.981657929708));
#1455 = CARTESIAN_POINT('',(-5.631395609439,-3.345,3.981657929708));
#1456 = CARTESIAN_POINT('',(-5.547046357823,-3.345,3.897308678091));
#1457 = CARTESIAN_POINT('',(-5.547046357823,-3.345,3.79367961592));
#1458 = ORIENTED_EDGE('',*,*,#1459,.F.);
#1459 = EDGE_CURVE('',#1460,#1451,#1462,.T.);
#1460 = VERTEX_POINT('',#1461);
#1461 = CARTESIAN_POINT('',(-5.754304482165,-3.345,3.981657929708));
#1462 = B_SPLINE_CURVE_WITH_KNOTS('',3,(#1463,#1464,#1465,#1466),
  .UNSPECIFIED.,.F.,.F.,(4,4),(22.,23.),.PIECEWISE_BEZIER_KNOTS.);
#1463 = CARTESIAN_POINT('',(-5.754304482165,-3.345,3.981657929708));
#1464 = CARTESIAN_POINT('',(-5.747074564699,-3.345,3.981657929708));
#1465 = CARTESIAN_POINT('',(-5.742254589077,-3.345,3.981657929708));
#1466 = CARTESIAN_POINT('',(-5.73502467161,-3.345,3.981657929708));
#1467 = ORIENTED_EDGE('',*,*,#1468,.F.);
#1468 = EDGE_CURVE('',#1469,#1460,#1471,.T.);
#1469 = VERTEX_POINT('',#1470);
#1470 = CARTESIAN_POINT('',(-6.091701488632,-3.345,4.28290525691));
#1471 = B_SPLINE_CURVE_WITH_KNOTS('',3,(#1472,#1473,#1474,#1475),
  .UNSPECIFIED.,.F.,.F.,(4,4),(21.,22.),.PIECEWISE_BEZIER_KNOTS.);
#1472 = CARTESIAN_POINT('',(-6.091701488632,-3.345,4.28290525691));
#1473 = CARTESIAN_POINT('',(-5.918183009776,-3.345,4.28290525691));
#1474 = CARTESIAN_POINT('',(-5.773584292719,-3.345,4.15035643294));
#1475 = CARTESIAN_POINT('',(-5.754304482165,-3.345,3.981657929708));
#1476 = ORIENTED_EDGE('',*,*,#1477,.F.);
#1477 = EDGE_CURVE('',#1478,#1469,#1480,.T.);
#1478 = VERTEX_POINT('',#1479);
#1479 = CARTESIAN_POINT('',(-6.414638568234,-3.345,4.051547438324));
#1480 = B_SPLINE_CURVE_WITH_KNOTS('',3,(#1481,#1482,#1483,#1484),
  .UNSPECIFIED.,.F.,.F.,(4,4),(20.,21.),.PIECEWISE_BEZIER_KNOTS.);
#1481 = CARTESIAN_POINT('',(-6.414638568234,-3.345,4.051547438324));
#1482 = CARTESIAN_POINT('',(-6.368849029659,-3.345,4.186506112206));
#1483 = CARTESIAN_POINT('',(-6.243530123156,-3.345,4.28290525691));
#1484 = CARTESIAN_POINT('',(-6.091701488632,-3.345,4.28290525691));
#1485 = ORIENTED_EDGE('',*,*,#1486,.F.);
#1486 = EDGE_CURVE('',#1487,#1478,#1489,.T.);
#1487 = VERTEX_POINT('',#1488);
#1488 = CARTESIAN_POINT('',(-6.542367416581,-3.345,4.087697117589));
#1489 = B_SPLINE_CURVE_WITH_KNOTS('',3,(#1490,#1491,#1492,#1493),
  .UNSPECIFIED.,.F.,.F.,(4,4),(19.,20.),.PIECEWISE_BEZIER_KNOTS.);
#1490 = CARTESIAN_POINT('',(-6.542367416581,-3.345,4.087697117589));
#1491 = CARTESIAN_POINT('',(-6.496577832039,-3.345,4.087697117589));
#1492 = CARTESIAN_POINT('',(-6.450788247497,-3.345,4.073237236691));
#1493 = CARTESIAN_POINT('',(-6.414638568234,-3.345,4.051547438324));
#1494 = ORIENTED_EDGE('',*,*,#1495,.F.);
#1495 = EDGE_CURVE('',#1496,#1487,#1498,.T.);
#1496 = VERTEX_POINT('',#1497);
#1497 = CARTESIAN_POINT('',(-6.783365278343,-3.345,3.846699255828));
#1498 = B_SPLINE_CURVE_WITH_KNOTS('',3,(#1499,#1500,#1501,#1502),
  .UNSPECIFIED.,.F.,.F.,(4,4),(18.,19.),.PIECEWISE_BEZIER_KNOTS.);
#1499 = CARTESIAN_POINT('',(-6.783365278343,-3.345,3.846699255828));
#1500 = CARTESIAN_POINT('',(-6.783365278343,-3.345,3.979248079797));
#1501 = CARTESIAN_POINT('',(-6.67491624055,-3.345,4.087697117589));
#1502 = CARTESIAN_POINT('',(-6.542367416581,-3.345,4.087697117589));
#1503 = ORIENTED_EDGE('',*,*,#1504,.F.);
#1504 = EDGE_CURVE('',#1505,#1496,#1507,.T.);
#1505 = VERTEX_POINT('',#1506);
#1506 = CARTESIAN_POINT('',(-6.638766561286,-3.345,3.624981204621));
#1507 = B_SPLINE_CURVE_WITH_KNOTS('',3,(#1508,#1509,#1510,#1511),
  .UNSPECIFIED.,.F.,.F.,(4,4),(17.,18.),.PIECEWISE_BEZIER_KNOTS.);
#1508 = CARTESIAN_POINT('',(-6.638766561286,-3.345,3.624981204621));
#1509 = CARTESIAN_POINT('',(-6.723115812902,-3.345,3.663540871694));
#1510 = CARTESIAN_POINT('',(-6.783365278343,-3.345,3.747890123311));
#1511 = CARTESIAN_POINT('',(-6.783365278343,-3.345,3.846699255828));
#1512 = ORIENTED_EDGE('',*,*,#1513,.F.);
#1513 = EDGE_CURVE('',#1514,#1505,#1516,.T.);
#1514 = VERTEX_POINT('',#1515);
#1515 = CARTESIAN_POINT('',(-6.412228580422,-3.345,3.784039802576));
#1516 = B_SPLINE_CURVE_WITH_KNOTS('',3,(#1517,#1518,#1519,#1520),
  .UNSPECIFIED.,.F.,.F.,(4,4),(16.,17.),.PIECEWISE_BEZIER_KNOTS.);
#1517 = CARTESIAN_POINT('',(-6.412228580422,-3.345,3.784039802576));
#1518 = CARTESIAN_POINT('',(-6.51585768856,-3.345,3.784039802576));
#1519 = CARTESIAN_POINT('',(-6.605026869832,-3.345,3.716560419671));
#1520 = CARTESIAN_POINT('',(-6.638766561286,-3.345,3.624981204621));
#1521 = ORIENTED_EDGE('',*,*,#1522,.F.);
#1522 = EDGE_CURVE('',#1523,#1514,#1525,.T.);
#1523 = VERTEX_POINT('',#1524);
#1524 = CARTESIAN_POINT('',(-6.2314801841,-3.345,3.70210053877));
#1525 = B_SPLINE_CURVE_WITH_KNOTS('',3,(#1526,#1527,#1528,#1529),
  .UNSPECIFIED.,.F.,.F.,(4,4),(15.,16.),.PIECEWISE_BEZIER_KNOTS.);
#1526 = CARTESIAN_POINT('',(-6.2314801841,-3.345,3.70210053877));
#1527 = CARTESIAN_POINT('',(-6.274859780832,-3.345,3.752710098934));
#1528 = CARTESIAN_POINT('',(-6.339929221893,-3.345,3.784039802576));
#1529 = CARTESIAN_POINT('',(-6.412228580422,-3.345,3.784039802576));
#1530 = ORIENTED_EDGE('',*,*,#1531,.F.);
#1531 = EDGE_CURVE('',#1532,#1523,#1534,.T.);
#1532 = VERTEX_POINT('',#1533);
#1533 = CARTESIAN_POINT('',(-5.908543058533,-3.345,3.870799042003));
#1534 = B_SPLINE_CURVE_WITH_KNOTS('',1,(#1535,#1536),.UNSPECIFIED.,.F.,
  .F.,(2,2),(6.168639804116E-16,0.364345402143),
  .PIECEWISE_BEZIER_KNOTS.);
#1535 = CARTESIAN_POINT('',(-5.908543058533,-3.345,3.870799042003));
#1536 = CARTESIAN_POINT('',(-6.2314801841,-3.345,3.70210053877));
#1537 = ORIENTED_EDGE('',*,*,#1538,.F.);
#1538 = EDGE_CURVE('',#1539,#1532,#1541,.T.);
#1539 = VERTEX_POINT('',#1540);
#1540 = CARTESIAN_POINT('',(-5.833833758159,-3.345,3.74307014769));
#1541 = B_SPLINE_CURVE_WITH_KNOTS('',1,(#1542,#1543),.UNSPECIFIED.,.F.,
  .F.,(2,2),(4.791654622756E-16,0.147973477369),
  .PIECEWISE_BEZIER_KNOTS.);
#1542 = CARTESIAN_POINT('',(-5.833833758159,-3.345,3.74307014769));
#1543 = CARTESIAN_POINT('',(-5.908543058533,-3.345,3.870799042003));
#1544 = ORIENTED_EDGE('',*,*,#1545,.F.);
#1545 = EDGE_CURVE('',#1546,#1539,#1548,.T.);
#1546 = VERTEX_POINT('',#1547);
#1547 = CARTESIAN_POINT('',(-6.171230764626,-3.345,3.56473173918));
#1548 = B_SPLINE_CURVE_WITH_KNOTS('',1,(#1549,#1550),.UNSPECIFIED.,.F.,
  .F.,(2,2),(1.252167854157E-15,0.381629831018),
  .PIECEWISE_BEZIER_KNOTS.);
#1549 = CARTESIAN_POINT('',(-6.171230764626,-3.345,3.56473173918));
#1550 = CARTESIAN_POINT('',(-5.833833758159,-3.345,3.74307014769));
#1551 = ORIENTED_EDGE('',*,*,#1552,.F.);
#1552 = EDGE_CURVE('',#1553,#1546,#1555,.T.);
#1553 = VERTEX_POINT('',#1554);
#1554 = CARTESIAN_POINT('',(-6.171230764626,-3.345,3.540631953002));
#1555 = B_SPLINE_CURVE_WITH_KNOTS('',3,(#1556,#1557,#1558,#1559),
  .UNSPECIFIED.,.F.,.F.,(4,4),(11.,12.),.PIECEWISE_BEZIER_KNOTS.);
#1556 = CARTESIAN_POINT('',(-6.171230764626,-3.345,3.540631953002));
#1557 = CARTESIAN_POINT('',(-6.171230764626,-3.345,3.547861870469));
#1558 = CARTESIAN_POINT('',(-6.171230764626,-3.345,3.555091787936));
#1559 = CARTESIAN_POINT('',(-6.171230764626,-3.345,3.56473173918));
#1560 = ORIENTED_EDGE('',*,*,#1561,.F.);
#1561 = EDGE_CURVE('',#1562,#1553,#1564,.T.);
#1562 = VERTEX_POINT('',#1563);
#1563 = CARTESIAN_POINT('',(-6.412228626389,-3.345,3.29963409124));
#1564 = B_SPLINE_CURVE_WITH_KNOTS('',3,(#1565,#1566,#1567,#1568),
  .UNSPECIFIED.,.F.,.F.,(4,4),(10.,11.),.PIECEWISE_BEZIER_KNOTS.);
#1565 = CARTESIAN_POINT('',(-6.412228626389,-3.345,3.29963409124));
#1566 = CARTESIAN_POINT('',(-6.27967980242,-3.345,3.29963409124));
#1567 = CARTESIAN_POINT('',(-6.171230764626,-3.345,3.408083129032));
#1568 = CARTESIAN_POINT('',(-6.171230764626,-3.345,3.540631953002));
#1569 = ORIENTED_EDGE('',*,*,#1570,.F.);
#1570 = EDGE_CURVE('',#1571,#1562,#1573,.T.);
#1571 = VERTEX_POINT('',#1572);
#1572 = CARTESIAN_POINT('',(-6.641176618047,-3.345,3.463512618852));
#1573 = B_SPLINE_CURVE_WITH_KNOTS('',3,(#1574,#1575,#1576,#1577),
  .UNSPECIFIED.,.F.,.F.,(4,4),(9.,10.),.PIECEWISE_BEZIER_KNOTS.);
#1574 = CARTESIAN_POINT('',(-6.641176618047,-3.345,3.463512618852));
#1575 = CARTESIAN_POINT('',(-6.609846891421,-3.345,3.367113474146));
#1576 = CARTESIAN_POINT('',(-6.518267722338,-3.345,3.29963409124));
#1577 = CARTESIAN_POINT('',(-6.412228626389,-3.345,3.29963409124));
#1578 = ORIENTED_EDGE('',*,*,#1579,.F.);
#1579 = EDGE_CURVE('',#1580,#1571,#1582,.T.);
#1580 = VERTEX_POINT('',#1581);
#1581 = CARTESIAN_POINT('',(-6.833974907456,-3.345,3.579191574111));
#1582 = B_SPLINE_CURVE_WITH_KNOTS('',3,(#1583,#1584,#1585,#1586),
  .UNSPECIFIED.,.F.,.F.,(4,4),(8.,9.),.PIECEWISE_BEZIER_KNOTS.);
#1583 = CARTESIAN_POINT('',(-6.833974907456,-3.345,3.579191574111));
#1584 = CARTESIAN_POINT('',(-6.780955382466,-3.345,3.521352050514));
#1585 = CARTESIAN_POINT('',(-6.715885941403,-3.345,3.482792429407));
#1586 = CARTESIAN_POINT('',(-6.641176618047,-3.345,3.463512618852));
#1587 = ORIENTED_EDGE('',*,*,#1588,.F.);
#1588 = EDGE_CURVE('',#1589,#1580,#1591,.T.);
#1589 = VERTEX_POINT('',#1590);
#1590 = CARTESIAN_POINT('',(-6.935194004799,-3.345,3.841879188273));
#1591 = B_SPLINE_CURVE_WITH_KNOTS('',3,(#1592,#1593,#1594,#1595),
  .UNSPECIFIED.,.F.,.F.,(4,4),(7.,8.),.PIECEWISE_BEZIER_KNOTS.);
#1592 = CARTESIAN_POINT('',(-6.935194004799,-3.345,3.841879188273));
#1593 = CARTESIAN_POINT('',(-6.935194004799,-3.345,3.745480043567));
#1594 = CARTESIAN_POINT('',(-6.899044325536,-3.345,3.651490840706));
#1595 = CARTESIAN_POINT('',(-6.833974907456,-3.345,3.579191574111));
#1596 = ORIENTED_EDGE('',*,*,#1597,.F.);
#1597 = EDGE_CURVE('',#1598,#1589,#1600,.T.);
#1598 = VERTEX_POINT('',#1599);
#1599 = CARTESIAN_POINT('',(-6.821924945418,-3.345,4.116616718504));
#1600 = B_SPLINE_CURVE_WITH_KNOTS('',3,(#1601,#1602,#1603,#1604),
  .UNSPECIFIED.,.F.,.F.,(4,4),(6.,7.),.PIECEWISE_BEZIER_KNOTS.);
#1601 = CARTESIAN_POINT('',(-6.821924945418,-3.345,4.116616718504));
#1602 = CARTESIAN_POINT('',(-6.894224367151,-3.345,4.044317382959));
#1603 = CARTESIAN_POINT('',(-6.935194004799,-3.345,3.945508250442));
#1604 = CARTESIAN_POINT('',(-6.935194004799,-3.345,3.841879188273));
#1605 = ORIENTED_EDGE('',*,*,#1606,.F.);
#1606 = EDGE_CURVE('',#1607,#1598,#1609,.T.);
#1607 = VERTEX_POINT('',#1608);
#1608 = CARTESIAN_POINT('',(-6.544777404392,-3.345,4.232295696746));
#1609 = B_SPLINE_CURVE_WITH_KNOTS('',3,(#1610,#1611,#1612,#1613),
  .UNSPECIFIED.,.F.,.F.,(4,4),(5.,6.),.PIECEWISE_BEZIER_KNOTS.);
#1610 = CARTESIAN_POINT('',(-6.544777404392,-3.345,4.232295696746));
#1611 = CARTESIAN_POINT('',(-6.648406489546,-3.345,4.232295696746));
#1612 = CARTESIAN_POINT('',(-6.747215599079,-3.345,4.191326064846));
#1613 = CARTESIAN_POINT('',(-6.821924945418,-3.345,4.116616718504));
#1614 = ORIENTED_EDGE('',*,*,#1615,.F.);
#1615 = EDGE_CURVE('',#1616,#1607,#1618,.T.);
#1616 = VERTEX_POINT('',#1617);
#1617 = CARTESIAN_POINT('',(-6.489347914573,-3.345,4.227475744109));
#1618 = B_SPLINE_CURVE_WITH_KNOTS('',3,(#1619,#1620,#1621,#1622),
  .UNSPECIFIED.,.F.,.F.,(4,4),(4.,5.),.PIECEWISE_BEZIER_KNOTS.);
#1619 = CARTESIAN_POINT('',(-6.489347914573,-3.345,4.227475744109));
#1620 = CARTESIAN_POINT('',(-6.508627725127,-3.345,4.229885731919));
#1621 = CARTESIAN_POINT('',(-6.525497593837,-3.345,4.232295696746));
#1622 = CARTESIAN_POINT('',(-6.544777404392,-3.345,4.232295696746));
#1623 = ORIENTED_EDGE('',*,*,#1624,.F.);
#1624 = EDGE_CURVE('',#1625,#1616,#1627,.T.);
#1625 = VERTEX_POINT('',#1626);
#1626 = CARTESIAN_POINT('',(-6.383308864591,-3.345,4.333514805581));
#1627 = B_SPLINE_CURVE_WITH_KNOTS('',3,(#1628,#1629,#1630,#1631),
  .UNSPECIFIED.,.F.,.F.,(4,4),(3.,4.),.PIECEWISE_BEZIER_KNOTS.);
#1628 = CARTESIAN_POINT('',(-6.383308864591,-3.345,4.333514805581));
#1629 = CARTESIAN_POINT('',(-6.424278519478,-3.345,4.304595055275));
#1630 = CARTESIAN_POINT('',(-6.45801821093,-3.345,4.268445376012));
#1631 = CARTESIAN_POINT('',(-6.489347914573,-3.345,4.227475744109));
#1632 = ORIENTED_EDGE('',*,*,#1633,.F.);
#1633 = EDGE_CURVE('',#1634,#1625,#1636,.T.);
#1634 = VERTEX_POINT('',#1635);
#1635 = CARTESIAN_POINT('',(-6.094111430477,-3.345,4.427503973967));
#1636 = B_SPLINE_CURVE_WITH_KNOTS('',3,(#1637,#1638,#1639,#1640),
  .UNSPECIFIED.,.F.,.F.,(4,4),(2.,3.),.PIECEWISE_BEZIER_KNOTS.);
#1637 = CARTESIAN_POINT('',(-6.094111430477,-3.345,4.427503973967));
#1638 = CARTESIAN_POINT('',(-6.200150480458,-3.345,4.427503973967));
#1639 = CARTESIAN_POINT('',(-6.298959612974,-3.345,4.393764273896));
#1640 = CARTESIAN_POINT('',(-6.383308864591,-3.345,4.333514805581));
#1641 = ORIENTED_EDGE('',*,*,#1642,.F.);
#1642 = EDGE_CURVE('',#1643,#1634,#1645,.T.);
#1643 = VERTEX_POINT('',#1644);
#1644 = CARTESIAN_POINT('',(-5.766354375252,-3.345,4.302185078955));
#1645 = B_SPLINE_CURVE_WITH_KNOTS('',3,(#1646,#1647,#1648,#1649),
  .UNSPECIFIED.,.F.,.F.,(4,4),(1.,2.),.PIECEWISE_BEZIER_KNOTS.);
#1646 = CARTESIAN_POINT('',(-5.766354375252,-3.345,4.302185078955));
#1647 = CARTESIAN_POINT('',(-5.857933544336,-3.345,4.381714380808));
#1648 = CARTESIAN_POINT('',(-5.973612499596,-3.345,4.427503973967));
#1649 = CARTESIAN_POINT('',(-6.094111430477,-3.345,4.427503973967));
#1650 = ORIENTED_EDGE('',*,*,#1651,.F.);
#1651 = EDGE_CURVE('',#1374,#1643,#1652,.T.);
#1652 = B_SPLINE_CURVE_WITH_KNOTS('',3,(#1653,#1654,#1655,#1656),
  .UNSPECIFIED.,.F.,.F.,(4,4),(0.,1.),.PIECEWISE_BEZIER_KNOTS.);
#1653 = CARTESIAN_POINT('',(-5.636215493128,-3.345,4.111796765867));
#1654 = CARTESIAN_POINT('',(-5.662725221148,-3.345,4.184096124393));
#1655 = CARTESIAN_POINT('',(-5.708514851656,-3.345,4.249165542474));
#1656 = CARTESIAN_POINT('',(-5.766354375252,-3.345,4.302185078955));
#1657 = B_SPLINE_SURFACE_WITH_KNOTS('',1,1,(
    (#1658,#1659)
    ,(#1660,#1661
    )),.UNSPECIFIED.,.F.,.F.,.F.,(2,2),(2,2),(-7.35,-0.5),(0.,15.),
  .PIECEWISE_BEZIER_KNOTS.);
#1658 = CARTESIAN_POINT('',(-7.5,-3.345,2.8500001));
#1659 = CARTESIAN_POINT('',(7.5,-3.345,2.8500001));
#1660 = CARTESIAN_POINT('',(-7.5,-3.345,9.7000001));
#1661 = CARTESIAN_POINT('',(7.5,-3.345,9.7000001));
#1662 = ADVANCED_FACE('',(#1663,#1693,#1723,#1777,#1807),#1837,.T.);
#1663 = FACE_BOUND('',#1664,.T.);
#1664 = EDGE_LOOP('',(#1665,#1674,#1681,#1688));
#1665 = ORIENTED_EDGE('',*,*,#1666,.T.);
#1666 = EDGE_CURVE('',#1667,#1669,#1671,.T.);
#1667 = VERTEX_POINT('',#1668);
#1668 = CARTESIAN_POINT('',(4.1,1.905,2.8500001));
#1669 = VERTEX_POINT('',#1670);
#1670 = CARTESIAN_POINT('',(4.1,1.505,2.8500001));
#1671 = B_SPLINE_CURVE_WITH_KNOTS('',1,(#1672,#1673),.UNSPECIFIED.,.F.,
  .F.,(2,2),(-0.4,0.),.PIECEWISE_BEZIER_KNOTS.);
#1672 = CARTESIAN_POINT('',(4.1,1.905,2.8500001));
#1673 = CARTESIAN_POINT('',(4.1,1.505,2.8500001));
#1674 = ORIENTED_EDGE('',*,*,#1675,.T.);
#1675 = EDGE_CURVE('',#1669,#1676,#1678,.T.);
#1676 = VERTEX_POINT('',#1677);
#1677 = CARTESIAN_POINT('',(5.7,1.505,2.8500001));
#1678 = B_SPLINE_CURVE_WITH_KNOTS('',1,(#1679,#1680),.UNSPECIFIED.,.F.,
  .F.,(2,2),(-1.6,0.),.PIECEWISE_BEZIER_KNOTS.);
#1679 = CARTESIAN_POINT('',(4.1,1.505,2.8500001));
#1680 = CARTESIAN_POINT('',(5.7,1.505,2.8500001));
#1681 = ORIENTED_EDGE('',*,*,#1682,.T.);
#1682 = EDGE_CURVE('',#1676,#1683,#1685,.T.);
#1683 = VERTEX_POINT('',#1684);
#1684 = CARTESIAN_POINT('',(5.7,1.905,2.8500001));
#1685 = B_SPLINE_CURVE_WITH_KNOTS('',1,(#1686,#1687),.UNSPECIFIED.,.F.,
  .F.,(2,2),(0.,0.4),.PIECEWISE_BEZIER_KNOTS.);
#1686 = CARTESIAN_POINT('',(5.7,1.505,2.8500001));
#1687 = CARTESIAN_POINT('',(5.7,1.905,2.8500001));
#1688 = ORIENTED_EDGE('',*,*,#1689,.T.);
#1689 = EDGE_CURVE('',#1683,#1667,#1690,.T.);
#1690 = B_SPLINE_CURVE_WITH_KNOTS('',1,(#1691,#1692),.UNSPECIFIED.,.F.,
  .F.,(2,2),(0.,1.6),.PIECEWISE_BEZIER_KNOTS.);
#1691 = CARTESIAN_POINT('',(5.7,1.905,2.8500001));
#1692 = CARTESIAN_POINT('',(4.1,1.905,2.8500001));
#1693 = FACE_BOUND('',#1694,.T.);
#1694 = EDGE_LOOP('',(#1695,#1704,#1711,#1718));
#1695 = ORIENTED_EDGE('',*,*,#1696,.T.);
#1696 = EDGE_CURVE('',#1697,#1699,#1701,.T.);
#1697 = VERTEX_POINT('',#1698);
#1698 = CARTESIAN_POINT('',(-4.1,-1.895,2.8500001));
#1699 = VERTEX_POINT('',#1700);
#1700 = CARTESIAN_POINT('',(-4.1,-1.495,2.8500001));
#1701 = B_SPLINE_CURVE_WITH_KNOTS('',1,(#1702,#1703),.UNSPECIFIED.,.F.,
  .F.,(2,2),(-0.4,0.),.PIECEWISE_BEZIER_KNOTS.);
#1702 = CARTESIAN_POINT('',(-4.1,-1.895,2.8500001));
#1703 = CARTESIAN_POINT('',(-4.1,-1.495,2.8500001));
#1704 = ORIENTED_EDGE('',*,*,#1705,.T.);
#1705 = EDGE_CURVE('',#1699,#1706,#1708,.T.);
#1706 = VERTEX_POINT('',#1707);
#1707 = CARTESIAN_POINT('',(-5.7,-1.495,2.8500001));
#1708 = B_SPLINE_CURVE_WITH_KNOTS('',1,(#1709,#1710),.UNSPECIFIED.,.F.,
  .F.,(2,2),(-1.6,0.),.PIECEWISE_BEZIER_KNOTS.);
#1709 = CARTESIAN_POINT('',(-4.1,-1.495,2.8500001));
#1710 = CARTESIAN_POINT('',(-5.7,-1.495,2.8500001));
#1711 = ORIENTED_EDGE('',*,*,#1712,.T.);
#1712 = EDGE_CURVE('',#1706,#1713,#1715,.T.);
#1713 = VERTEX_POINT('',#1714);
#1714 = CARTESIAN_POINT('',(-5.7,-1.895,2.8500001));
#1715 = B_SPLINE_CURVE_WITH_KNOTS('',1,(#1716,#1717),.UNSPECIFIED.,.F.,
  .F.,(2,2),(-2.22044604925E-16,0.4),.PIECEWISE_BEZIER_KNOTS.);
#1716 = CARTESIAN_POINT('',(-5.7,-1.495,2.8500001));
#1717 = CARTESIAN_POINT('',(-5.7,-1.895,2.8500001));
#1718 = ORIENTED_EDGE('',*,*,#1719,.T.);
#1719 = EDGE_CURVE('',#1713,#1697,#1720,.T.);
#1720 = B_SPLINE_CURVE_WITH_KNOTS('',1,(#1721,#1722),.UNSPECIFIED.,.F.,
  .F.,(2,2),(0.,1.6),.PIECEWISE_BEZIER_KNOTS.);
#1721 = CARTESIAN_POINT('',(-5.7,-1.895,2.8500001));
#1722 = CARTESIAN_POINT('',(-4.1,-1.895,2.8500001));
#1723 = FACE_BOUND('',#1724,.T.);
#1724 = EDGE_LOOP('',(#1725,#1735,#1742,#1748,#1749,#1757,#1764,#1772));
#1725 = ORIENTED_EDGE('',*,*,#1726,.F.);
#1726 = EDGE_CURVE('',#1727,#1729,#1731,.T.);
#1727 = VERTEX_POINT('',#1728);
#1728 = CARTESIAN_POINT('',(8.,2.855,2.8500001));
#1729 = VERTEX_POINT('',#1730);
#1730 = CARTESIAN_POINT('',(7.5,3.355,2.8500001));
#1731 = ( BOUNDED_CURVE() B_SPLINE_CURVE(2,(#1732,#1733,#1734),
.UNSPECIFIED.,.F.,.F.) B_SPLINE_CURVE_WITH_KNOTS((3,3),(3.14159265359,
4.712388980385),.PIECEWISE_BEZIER_KNOTS.) CURVE() 
GEOMETRIC_REPRESENTATION_ITEM() RATIONAL_B_SPLINE_CURVE((1.,
0.707106781187,1.)) REPRESENTATION_ITEM('') );
#1732 = CARTESIAN_POINT('',(8.,2.855,2.8500001));
#1733 = CARTESIAN_POINT('',(8.,3.355,2.8500001));
#1734 = CARTESIAN_POINT('',(7.5,3.355,2.8500001));
#1735 = ORIENTED_EDGE('',*,*,#1736,.F.);
#1736 = EDGE_CURVE('',#1737,#1727,#1739,.T.);
#1737 = VERTEX_POINT('',#1738);
#1738 = CARTESIAN_POINT('',(8.,-2.845,2.8500001));
#1739 = B_SPLINE_CURVE_WITH_KNOTS('',1,(#1740,#1741),.UNSPECIFIED.,.F.,
  .F.,(2,2),(-5.7,0.),.PIECEWISE_BEZIER_KNOTS.);
#1740 = CARTESIAN_POINT('',(8.,-2.845,2.8500001));
#1741 = CARTESIAN_POINT('',(8.,2.855,2.8500001));
#1742 = ORIENTED_EDGE('',*,*,#1743,.F.);
#1743 = EDGE_CURVE('',#707,#1737,#1744,.T.);
#1744 = ( BOUNDED_CURVE() B_SPLINE_CURVE(2,(#1745,#1746,#1747),
.UNSPECIFIED.,.F.,.F.) B_SPLINE_CURVE_WITH_KNOTS((3,3),(4.712388980385,
6.28318530718),.PIECEWISE_BEZIER_KNOTS.) CURVE() 
GEOMETRIC_REPRESENTATION_ITEM() RATIONAL_B_SPLINE_CURVE((1.,
0.707106781187,1.)) REPRESENTATION_ITEM('') );
#1745 = CARTESIAN_POINT('',(7.5,-3.345,2.8500001));
#1746 = CARTESIAN_POINT('',(8.,-3.345,2.8500001));
#1747 = CARTESIAN_POINT('',(8.,-2.845,2.8500001));
#1748 = ORIENTED_EDGE('',*,*,#727,.F.);
#1749 = ORIENTED_EDGE('',*,*,#1750,.F.);
#1750 = EDGE_CURVE('',#1751,#721,#1753,.T.);
#1751 = VERTEX_POINT('',#1752);
#1752 = CARTESIAN_POINT('',(-8.,-2.845,2.8500001));
#1753 = ( BOUNDED_CURVE() B_SPLINE_CURVE(2,(#1754,#1755,#1756),
.UNSPECIFIED.,.F.,.F.) B_SPLINE_CURVE_WITH_KNOTS((3,3),(3.14159265359,
4.712388980385),.PIECEWISE_BEZIER_KNOTS.) CURVE() 
GEOMETRIC_REPRESENTATION_ITEM() RATIONAL_B_SPLINE_CURVE((1.,
0.707106781187,1.)) REPRESENTATION_ITEM('') );
#1754 = CARTESIAN_POINT('',(-8.,-2.845,2.8500001));
#1755 = CARTESIAN_POINT('',(-8.,-3.345,2.8500001));
#1756 = CARTESIAN_POINT('',(-7.5,-3.345,2.8500001));
#1757 = ORIENTED_EDGE('',*,*,#1758,.F.);
#1758 = EDGE_CURVE('',#1759,#1751,#1761,.T.);
#1759 = VERTEX_POINT('',#1760);
#1760 = CARTESIAN_POINT('',(-8.,2.855,2.8500001));
#1761 = B_SPLINE_CURVE_WITH_KNOTS('',1,(#1762,#1763),.UNSPECIFIED.,.F.,
  .F.,(2,2),(0.,5.7),.PIECEWISE_BEZIER_KNOTS.);
#1762 = CARTESIAN_POINT('',(-8.,2.855,2.8500001));
#1763 = CARTESIAN_POINT('',(-8.,-2.845,2.8500001));
#1764 = ORIENTED_EDGE('',*,*,#1765,.F.);
#1765 = EDGE_CURVE('',#1766,#1759,#1768,.T.);
#1766 = VERTEX_POINT('',#1767);
#1767 = CARTESIAN_POINT('',(-7.5,3.355,2.8500001));
#1768 = ( BOUNDED_CURVE() B_SPLINE_CURVE(2,(#1769,#1770,#1771),
.UNSPECIFIED.,.F.,.F.) B_SPLINE_CURVE_WITH_KNOTS((3,3),(1.570796326795,
3.14159265359),.PIECEWISE_BEZIER_KNOTS.) CURVE() 
GEOMETRIC_REPRESENTATION_ITEM() RATIONAL_B_SPLINE_CURVE((1.,
0.707106781187,1.)) REPRESENTATION_ITEM('') );
#1769 = CARTESIAN_POINT('',(-7.5,3.355,2.8500001));
#1770 = CARTESIAN_POINT('',(-8.,3.355,2.8500001));
#1771 = CARTESIAN_POINT('',(-8.,2.855,2.8500001));
#1772 = ORIENTED_EDGE('',*,*,#1773,.F.);
#1773 = EDGE_CURVE('',#1729,#1766,#1774,.T.);
#1774 = B_SPLINE_CURVE_WITH_KNOTS('',1,(#1775,#1776),.UNSPECIFIED.,.F.,
  .F.,(2,2),(-15.,-0.),.PIECEWISE_BEZIER_KNOTS.);
#1775 = CARTESIAN_POINT('',(7.5,3.355,2.8500001));
#1776 = CARTESIAN_POINT('',(-7.5,3.355,2.8500001));
#1777 = FACE_BOUND('',#1778,.T.);
#1778 = EDGE_LOOP('',(#1779,#1788,#1795,#1802));
#1779 = ORIENTED_EDGE('',*,*,#1780,.F.);
#1780 = EDGE_CURVE('',#1781,#1783,#1785,.T.);
#1781 = VERTEX_POINT('',#1782);
#1782 = CARTESIAN_POINT('',(4.1,-1.495,2.8500001));
#1783 = VERTEX_POINT('',#1784);
#1784 = CARTESIAN_POINT('',(5.7,-1.495,2.8500001));
#1785 = B_SPLINE_CURVE_WITH_KNOTS('',1,(#1786,#1787),.UNSPECIFIED.,.F.,
  .F.,(2,2),(-1.6,0.),.PIECEWISE_BEZIER_KNOTS.);
#1786 = CARTESIAN_POINT('',(4.1,-1.495,2.8500001));
#1787 = CARTESIAN_POINT('',(5.7,-1.495,2.8500001));
#1788 = ORIENTED_EDGE('',*,*,#1789,.F.);
#1789 = EDGE_CURVE('',#1790,#1781,#1792,.T.);
#1790 = VERTEX_POINT('',#1791);
#1791 = CARTESIAN_POINT('',(4.1,-1.895,2.8500001));
#1792 = B_SPLINE_CURVE_WITH_KNOTS('',1,(#1793,#1794),.UNSPECIFIED.,.F.,
  .F.,(2,2),(-0.4,0.),.PIECEWISE_BEZIER_KNOTS.);
#1793 = CARTESIAN_POINT('',(4.1,-1.895,2.8500001));
#1794 = CARTESIAN_POINT('',(4.1,-1.495,2.8500001));
#1795 = ORIENTED_EDGE('',*,*,#1796,.F.);
#1796 = EDGE_CURVE('',#1797,#1790,#1799,.T.);
#1797 = VERTEX_POINT('',#1798);
#1798 = CARTESIAN_POINT('',(5.7,-1.895,2.8500001));
#1799 = B_SPLINE_CURVE_WITH_KNOTS('',1,(#1800,#1801),.UNSPECIFIED.,.F.,
  .F.,(2,2),(0.,1.6),.PIECEWISE_BEZIER_KNOTS.);
#1800 = CARTESIAN_POINT('',(5.7,-1.895,2.8500001));
#1801 = CARTESIAN_POINT('',(4.1,-1.895,2.8500001));
#1802 = ORIENTED_EDGE('',*,*,#1803,.F.);
#1803 = EDGE_CURVE('',#1783,#1797,#1804,.T.);
#1804 = B_SPLINE_CURVE_WITH_KNOTS('',1,(#1805,#1806),.UNSPECIFIED.,.F.,
  .F.,(2,2),(0.,0.4),.PIECEWISE_BEZIER_KNOTS.);
#1805 = CARTESIAN_POINT('',(5.7,-1.495,2.8500001));
#1806 = CARTESIAN_POINT('',(5.7,-1.895,2.8500001));
#1807 = FACE_BOUND('',#1808,.T.);
#1808 = EDGE_LOOP('',(#1809,#1818,#1825,#1832));
#1809 = ORIENTED_EDGE('',*,*,#1810,.F.);
#1810 = EDGE_CURVE('',#1811,#1813,#1815,.T.);
#1811 = VERTEX_POINT('',#1812);
#1812 = CARTESIAN_POINT('',(-4.1,1.505,2.8500001));
#1813 = VERTEX_POINT('',#1814);
#1814 = CARTESIAN_POINT('',(-5.7,1.505,2.8500001));
#1815 = B_SPLINE_CURVE_WITH_KNOTS('',1,(#1816,#1817),.UNSPECIFIED.,.F.,
  .F.,(2,2),(-1.6,0.),.PIECEWISE_BEZIER_KNOTS.);
#1816 = CARTESIAN_POINT('',(-4.1,1.505,2.8500001));
#1817 = CARTESIAN_POINT('',(-5.7,1.505,2.8500001));
#1818 = ORIENTED_EDGE('',*,*,#1819,.F.);
#1819 = EDGE_CURVE('',#1820,#1811,#1822,.T.);
#1820 = VERTEX_POINT('',#1821);
#1821 = CARTESIAN_POINT('',(-4.1,1.905,2.8500001));
#1822 = B_SPLINE_CURVE_WITH_KNOTS('',1,(#1823,#1824),.UNSPECIFIED.,.F.,
  .F.,(2,2),(-0.4,0.),.PIECEWISE_BEZIER_KNOTS.);
#1823 = CARTESIAN_POINT('',(-4.1,1.905,2.8500001));
#1824 = CARTESIAN_POINT('',(-4.1,1.505,2.8500001));
#1825 = ORIENTED_EDGE('',*,*,#1826,.F.);
#1826 = EDGE_CURVE('',#1827,#1820,#1829,.T.);
#1827 = VERTEX_POINT('',#1828);
#1828 = CARTESIAN_POINT('',(-5.7,1.905,2.8500001));
#1829 = B_SPLINE_CURVE_WITH_KNOTS('',1,(#1830,#1831),.UNSPECIFIED.,.F.,
  .F.,(2,2),(0.,1.6),.PIECEWISE_BEZIER_KNOTS.);
#1830 = CARTESIAN_POINT('',(-5.7,1.905,2.8500001));
#1831 = CARTESIAN_POINT('',(-4.1,1.905,2.8500001));
#1832 = ORIENTED_EDGE('',*,*,#1833,.F.);
#1833 = EDGE_CURVE('',#1813,#1827,#1834,.T.);
#1834 = B_SPLINE_CURVE_WITH_KNOTS('',1,(#1835,#1836),.UNSPECIFIED.,.F.,
  .F.,(2,2),(0.,0.4),.PIECEWISE_BEZIER_KNOTS.);
#1835 = CARTESIAN_POINT('',(-5.7,1.505,2.8500001));
#1836 = CARTESIAN_POINT('',(-5.7,1.905,2.8500001));
#1837 = B_SPLINE_SURFACE_WITH_KNOTS('',1,1,(
    (#1838,#1839)
    ,(#1840,#1841
    )),.UNSPECIFIED.,.F.,.F.,.F.,(2,2),(2,2),(-0.5,15.5),(-6.2,0.5),
  .PIECEWISE_BEZIER_KNOTS.);
#1838 = CARTESIAN_POINT('',(8.,-3.345,2.8500001));
#1839 = CARTESIAN_POINT('',(8.,3.355,2.8500001));
#1840 = CARTESIAN_POINT('',(-8.,-3.345,2.8500001));
#1841 = CARTESIAN_POINT('',(-8.,3.355,2.8500001));
#1842 = ADVANCED_FACE('',(#1843),#1889,.T.);
#1843 = FACE_BOUND('',#1844,.T.);
#1844 = EDGE_LOOP('',(#1845,#1854,#1861,#1868,#1876,#1883));
#1845 = ORIENTED_EDGE('',*,*,#1846,.F.);
#1846 = EDGE_CURVE('',#1847,#1849,#1851,.T.);
#1847 = VERTEX_POINT('',#1848);
#1848 = CARTESIAN_POINT('',(1.641141838348,0.714859019721,8.1000001));
#1849 = VERTEX_POINT('',#1850);
#1850 = CARTESIAN_POINT('',(1.513507181821,0.730917923611,8.1000001));
#1851 = B_SPLINE_CURVE_WITH_KNOTS('',1,(#1852,#1853),.UNSPECIFIED.,.F.,
  .F.,(2,2),(1.6,1.728640949704),.PIECEWISE_BEZIER_KNOTS.);
#1852 = CARTESIAN_POINT('',(1.641141838348,0.714859019721,8.1000001));
#1853 = CARTESIAN_POINT('',(1.513507181821,0.730917923611,8.1000001));
#1854 = ORIENTED_EDGE('',*,*,#1855,.T.);
#1855 = EDGE_CURVE('',#1847,#1856,#1858,.T.);
#1856 = VERTEX_POINT('',#1857);
#1857 = CARTESIAN_POINT('',(1.666108855346,0.913294520734,8.1000001));
#1858 = B_SPLINE_CURVE_WITH_KNOTS('',1,(#1859,#1860),.UNSPECIFIED.,.F.,
  .F.,(2,2),(0.,0.2),.PIECEWISE_BEZIER_KNOTS.);
#1859 = CARTESIAN_POINT('',(1.641141838348,0.714859019721,8.1000001));
#1860 = CARTESIAN_POINT('',(1.666108855346,0.913294520734,8.1000001));
#1861 = ORIENTED_EDGE('',*,*,#1862,.F.);
#1862 = EDGE_CURVE('',#1863,#1856,#1865,.T.);
#1863 = VERTEX_POINT('',#1864);
#1864 = CARTESIAN_POINT('',(1.538474198819,0.929353424624,8.1000001));
#1865 = B_SPLINE_CURVE_WITH_KNOTS('',1,(#1866,#1867),.UNSPECIFIED.,.F.,
  .F.,(2,2),(0.,0.128640949704),.PIECEWISE_BEZIER_KNOTS.);
#1866 = CARTESIAN_POINT('',(1.538474198819,0.929353424624,8.1000001));
#1867 = CARTESIAN_POINT('',(1.666108855346,0.913294520734,8.1000001));
#1868 = ORIENTED_EDGE('',*,*,#1869,.F.);
#1869 = EDGE_CURVE('',#1870,#1863,#1872,.T.);
#1870 = VERTEX_POINT('',#1871);
#1871 = CARTESIAN_POINT('',(1.454813619185,1.056072344505,8.1000001));
#1872 = ( BOUNDED_CURVE() B_SPLINE_CURVE(2,(#1873,#1874,#1875),
.UNSPECIFIED.,.F.,.F.) B_SPLINE_CURVE_WITH_KNOTS((3,3),(6.004583442079,
7.728820019774),.PIECEWISE_BEZIER_KNOTS.) CURVE() 
GEOMETRIC_REPRESENTATION_ITEM() RATIONAL_B_SPLINE_CURVE((1.,
0.650830676124,1.)) REPRESENTATION_ITEM('') );
#1873 = CARTESIAN_POINT('',(1.454813619185,1.056072344505,8.1000001));
#1874 = CARTESIAN_POINT('',(1.422732282704,0.94391599217,8.1000001));
#1875 = CARTESIAN_POINT('',(1.538474198819,0.929353424624,8.1000001));
#1876 = ORIENTED_EDGE('',*,*,#1877,.F.);
#1877 = EDGE_CURVE('',#1878,#1870,#1880,.T.);
#1878 = VERTEX_POINT('',#1879);
#1879 = CARTESIAN_POINT('',(1.262525442917,1.111074683254,8.1000001));
#1880 = B_SPLINE_CURVE_WITH_KNOTS('',1,(#1881,#1882),.UNSPECIFIED.,.F.,
  .F.,(2,2),(-0.2,0.),.PIECEWISE_BEZIER_KNOTS.);
#1881 = CARTESIAN_POINT('',(1.262525442917,1.111074683254,8.1000001));
#1882 = CARTESIAN_POINT('',(1.454813619185,1.056072344505,8.1000001));
#1883 = ORIENTED_EDGE('',*,*,#1884,.F.);
#1884 = EDGE_CURVE('',#1849,#1878,#1885,.T.);
#1885 = ( BOUNDED_CURVE() B_SPLINE_CURVE(2,(#1886,#1887,#1888),
.UNSPECIFIED.,.F.,.F.) B_SPLINE_CURVE_WITH_KNOTS((3,3),(4.837550594585,
6.56178717228),.PIECEWISE_BEZIER_KNOTS.) CURVE() 
GEOMETRIC_REPRESENTATION_ITEM() RATIONAL_B_SPLINE_CURVE((1.,
0.650830676124,1.)) REPRESENTATION_ITEM('') );
#1886 = CARTESIAN_POINT('',(1.513507181821,0.730917923611,8.1000001));
#1887 = CARTESIAN_POINT('',(1.166281433476,0.774605626248,8.1000001));
#1888 = CARTESIAN_POINT('',(1.262525442917,1.111074683254,8.1000001));
#1889 = B_SPLINE_SURFACE_WITH_KNOTS('',1,1,(
    (#1890,#1891)
    ,(#1892,#1893
    )),.UNSPECIFIED.,.F.,.F.,.F.,(2,2),(2,2),(-0.115151148027,0.3),(
    -8.250350812375E-02,0.313712155409),.PIECEWISE_BEZIER_KNOTS.);
#1890 = CARTESIAN_POINT('',(1.666108855346,1.111074683254,8.1000001));
#1891 = CARTESIAN_POINT('',(1.666108855346,0.714859019721,8.1000001));
#1892 = CARTESIAN_POINT('',(1.250957707318,1.111074683254,8.1000001));
#1893 = CARTESIAN_POINT('',(1.250957707318,0.714859019721,8.1000001));
#1894 = ADVANCED_FACE('',(#1895),#2045,.T.);
#1895 = FACE_BOUND('',#1896,.T.);
#1896 = EDGE_LOOP('',(#1897,#1906,#1913,#1920,#1928,#1935,#1943,#1950,
    #1958,#1965,#1973,#1980,#1987,#1994,#2002,#2009,#2017,#2024,#2032,
    #2039));
#1897 = ORIENTED_EDGE('',*,*,#1898,.F.);
#1898 = EDGE_CURVE('',#1899,#1901,#1903,.T.);
#1899 = VERTEX_POINT('',#1900);
#1900 = CARTESIAN_POINT('',(1.317527781667,1.303362859521,10.1000001));
#1901 = VERTEX_POINT('',#1902);
#1902 = CARTESIAN_POINT('',(1.45524119249,1.784808943759,10.1000001));
#1903 = B_SPLINE_CURVE_WITH_KNOTS('',1,(#1904,#1905),.UNSPECIFIED.,.F.,
  .F.,(2,2),(0.2,0.700754745907),.PIECEWISE_BEZIER_KNOTS.);
#1904 = CARTESIAN_POINT('',(1.317527781667,1.303362859521,10.1000001));
#1905 = CARTESIAN_POINT('',(1.45524119249,1.784808943759,10.1000001));
#1906 = ORIENTED_EDGE('',*,*,#1907,.T.);
#1907 = EDGE_CURVE('',#1899,#1908,#1910,.T.);
#1908 = VERTEX_POINT('',#1909);
#1909 = CARTESIAN_POINT('',(1.509815957934,1.248360520772,10.1000001));
#1910 = B_SPLINE_CURVE_WITH_KNOTS('',1,(#1911,#1912),.UNSPECIFIED.,.F.,
  .F.,(2,2),(-5.806484468842,-5.606484468842),.PIECEWISE_BEZIER_KNOTS.);
#1911 = CARTESIAN_POINT('',(1.317527781667,1.303362859521,10.1000001));
#1912 = CARTESIAN_POINT('',(1.509815957934,1.248360520772,10.1000001));
#1913 = ORIENTED_EDGE('',*,*,#1914,.T.);
#1914 = EDGE_CURVE('',#1908,#1915,#1917,.T.);
#1915 = VERTEX_POINT('',#1916);
#1916 = CARTESIAN_POINT('',(1.647529368757,1.729806605009,10.1000001));
#1917 = B_SPLINE_CURVE_WITH_KNOTS('',1,(#1918,#1919),.UNSPECIFIED.,.F.,
  .F.,(2,2),(0.2,0.700754745907),.PIECEWISE_BEZIER_KNOTS.);
#1918 = CARTESIAN_POINT('',(1.509815957934,1.248360520772,10.1000001));
#1919 = CARTESIAN_POINT('',(1.647529368757,1.729806605009,10.1000001));
#1920 = ORIENTED_EDGE('',*,*,#1921,.T.);
#1921 = EDGE_CURVE('',#1915,#1922,#1924,.T.);
#1922 = VERTEX_POINT('',#1923);
#1923 = CARTESIAN_POINT('',(1.74367345689,1.802305435635,10.1000001));
#1924 = ( BOUNDED_CURVE() B_SPLINE_CURVE(2,(#1925,#1926,#1927),
.UNSPECIFIED.,.F.,.F.) B_SPLINE_CURVE_WITH_KNOTS((3,3),(0.2786018651,
1.570796326795),.PIECEWISE_BEZIER_KNOTS.) CURVE() 
GEOMETRIC_REPRESENTATION_ITEM() RATIONAL_B_SPLINE_CURVE((1.,
0.798439632579,1.)) REPRESENTATION_ITEM('') );
#1925 = CARTESIAN_POINT('',(1.647529368757,1.729806605009,10.1000001));
#1926 = CARTESIAN_POINT('',(1.668267020538,1.802305435635,10.1000001));
#1927 = CARTESIAN_POINT('',(1.74367345689,1.802305435635,10.1000001));
#1928 = ORIENTED_EDGE('',*,*,#1929,.T.);
#1929 = EDGE_CURVE('',#1922,#1930,#1932,.T.);
#1930 = VERTEX_POINT('',#1931);
#1931 = CARTESIAN_POINT('',(6.5,1.802305435635,10.1000001));
#1932 = B_SPLINE_CURVE_WITH_KNOTS('',1,(#1933,#1934),.UNSPECIFIED.,.F.,
  .F.,(2,2),(0.,4.75632654311),.PIECEWISE_BEZIER_KNOTS.);
#1933 = CARTESIAN_POINT('',(1.74367345689,1.802305435635,10.1000001));
#1934 = CARTESIAN_POINT('',(6.5,1.802305435635,10.1000001));
#1935 = ORIENTED_EDGE('',*,*,#1936,.T.);
#1936 = EDGE_CURVE('',#1930,#1937,#1939,.T.);
#1937 = VERTEX_POINT('',#1938);
#1938 = CARTESIAN_POINT('',(6.6,1.702305435635,10.1000001));
#1939 = ( BOUNDED_CURVE() B_SPLINE_CURVE(2,(#1940,#1941,#1942),
.UNSPECIFIED.,.F.,.F.) B_SPLINE_CURVE_WITH_KNOTS((3,3),(1.570796326795,
3.14159265359),.PIECEWISE_BEZIER_KNOTS.) CURVE() 
GEOMETRIC_REPRESENTATION_ITEM() RATIONAL_B_SPLINE_CURVE((1.,
0.707106781187,1.)) REPRESENTATION_ITEM('') );
#1940 = CARTESIAN_POINT('',(6.5,1.802305435635,10.1000001));
#1941 = CARTESIAN_POINT('',(6.6,1.802305435635,10.1000001));
#1942 = CARTESIAN_POINT('',(6.6,1.702305435635,10.1000001));
#1943 = ORIENTED_EDGE('',*,*,#1944,.F.);
#1944 = EDGE_CURVE('',#1945,#1937,#1947,.T.);
#1945 = VERTEX_POINT('',#1946);
#1946 = CARTESIAN_POINT('',(6.6,-1.692305435635,10.1000001));
#1947 = B_SPLINE_CURVE_WITH_KNOTS('',1,(#1948,#1949),.UNSPECIFIED.,.F.,
  .F.,(2,2),(0.,3.394610871269),.PIECEWISE_BEZIER_KNOTS.);
#1948 = CARTESIAN_POINT('',(6.6,-1.692305435635,10.1000001));
#1949 = CARTESIAN_POINT('',(6.6,1.702305435635,10.1000001));
#1950 = ORIENTED_EDGE('',*,*,#1951,.F.);
#1951 = EDGE_CURVE('',#1952,#1945,#1954,.T.);
#1952 = VERTEX_POINT('',#1953);
#1953 = CARTESIAN_POINT('',(6.5,-1.792305435635,10.1000001));
#1954 = ( BOUNDED_CURVE() B_SPLINE_CURVE(2,(#1955,#1956,#1957),
.UNSPECIFIED.,.F.,.F.) B_SPLINE_CURVE_WITH_KNOTS((3,3),(1.570796326795,
3.14159265359),.PIECEWISE_BEZIER_KNOTS.) CURVE() 
GEOMETRIC_REPRESENTATION_ITEM() RATIONAL_B_SPLINE_CURVE((1.,
0.707106781187,1.)) REPRESENTATION_ITEM('') );
#1955 = CARTESIAN_POINT('',(6.5,-1.792305435635,10.1000001));
#1956 = CARTESIAN_POINT('',(6.6,-1.792305435635,10.1000001));
#1957 = CARTESIAN_POINT('',(6.6,-1.692305435635,10.1000001));
#1958 = ORIENTED_EDGE('',*,*,#1959,.F.);
#1959 = EDGE_CURVE('',#1960,#1952,#1962,.T.);
#1960 = VERTEX_POINT('',#1961);
#1961 = CARTESIAN_POINT('',(1.74367345689,-1.792305435635,10.1000001));
#1962 = B_SPLINE_CURVE_WITH_KNOTS('',1,(#1963,#1964),.UNSPECIFIED.,.F.,
  .F.,(2,2),(0.,4.75632654311),.PIECEWISE_BEZIER_KNOTS.);
#1963 = CARTESIAN_POINT('',(1.74367345689,-1.792305435635,10.1000001));
#1964 = CARTESIAN_POINT('',(6.5,-1.792305435635,10.1000001));
#1965 = ORIENTED_EDGE('',*,*,#1966,.F.);
#1966 = EDGE_CURVE('',#1967,#1960,#1969,.T.);
#1967 = VERTEX_POINT('',#1968);
#1968 = CARTESIAN_POINT('',(1.647529368757,-1.719806605009,10.1000001));
#1969 = ( BOUNDED_CURVE() B_SPLINE_CURVE(2,(#1970,#1971,#1972),
.UNSPECIFIED.,.F.,.F.) B_SPLINE_CURVE_WITH_KNOTS((3,3),(0.2786018651,
1.570796326795),.PIECEWISE_BEZIER_KNOTS.) CURVE() 
GEOMETRIC_REPRESENTATION_ITEM() RATIONAL_B_SPLINE_CURVE((1.,
0.798439632579,1.)) REPRESENTATION_ITEM('') );
#1970 = CARTESIAN_POINT('',(1.647529368757,-1.719806605009,10.1000001));
#1971 = CARTESIAN_POINT('',(1.668267020538,-1.792305435635,10.1000001));
#1972 = CARTESIAN_POINT('',(1.74367345689,-1.792305435635,10.1000001));
#1973 = ORIENTED_EDGE('',*,*,#1974,.F.);
#1974 = EDGE_CURVE('',#1975,#1967,#1977,.T.);
#1975 = VERTEX_POINT('',#1976);
#1976 = CARTESIAN_POINT('',(1.509815957934,-1.238360520772,10.1000001));
#1977 = B_SPLINE_CURVE_WITH_KNOTS('',1,(#1978,#1979),.UNSPECIFIED.,.F.,
  .F.,(2,2),(0.2,0.700754745907),.PIECEWISE_BEZIER_KNOTS.);
#1978 = CARTESIAN_POINT('',(1.509815957934,-1.238360520772,10.1000001));
#1979 = CARTESIAN_POINT('',(1.647529368757,-1.719806605009,10.1000001));
#1980 = ORIENTED_EDGE('',*,*,#1981,.T.);
#1981 = EDGE_CURVE('',#1975,#1982,#1984,.T.);
#1982 = VERTEX_POINT('',#1983);
#1983 = CARTESIAN_POINT('',(1.317527781667,-1.293362859521,10.1000001));
#1984 = B_SPLINE_CURVE_WITH_KNOTS('',1,(#1985,#1986),.UNSPECIFIED.,.F.,
  .F.,(2,2),(-0.2,2.134827606549E-16),.PIECEWISE_BEZIER_KNOTS.);
#1985 = CARTESIAN_POINT('',(1.509815957934,-1.238360520772,10.1000001));
#1986 = CARTESIAN_POINT('',(1.317527781667,-1.293362859521,10.1000001));
#1987 = ORIENTED_EDGE('',*,*,#1988,.T.);
#1988 = EDGE_CURVE('',#1982,#1989,#1991,.T.);
#1989 = VERTEX_POINT('',#1990);
#1990 = CARTESIAN_POINT('',(1.45524119249,-1.774808943759,10.1000001));
#1991 = B_SPLINE_CURVE_WITH_KNOTS('',1,(#1992,#1993),.UNSPECIFIED.,.F.,
  .F.,(2,2),(0.2,0.700754745907),.PIECEWISE_BEZIER_KNOTS.);
#1992 = CARTESIAN_POINT('',(1.317527781667,-1.293362859521,10.1000001));
#1993 = CARTESIAN_POINT('',(1.45524119249,-1.774808943759,10.1000001));
#1994 = ORIENTED_EDGE('',*,*,#1995,.T.);
#1995 = EDGE_CURVE('',#1989,#1996,#1998,.T.);
#1996 = VERTEX_POINT('',#1997);
#1997 = CARTESIAN_POINT('',(1.74367345689,-1.992305435635,10.1000001));
#1998 = ( BOUNDED_CURVE() B_SPLINE_CURVE(2,(#1999,#2000,#2001),
.UNSPECIFIED.,.F.,.F.) B_SPLINE_CURVE_WITH_KNOTS((3,3),(0.2786018651,
1.570796326795),.PIECEWISE_BEZIER_KNOTS.) CURVE() 
GEOMETRIC_REPRESENTATION_ITEM() RATIONAL_B_SPLINE_CURVE((1.,
0.798439632579,1.)) REPRESENTATION_ITEM('') );
#1999 = CARTESIAN_POINT('',(1.45524119249,-1.774808943759,10.1000001));
#2000 = CARTESIAN_POINT('',(1.517454147832,-1.992305435635,10.1000001));
#2001 = CARTESIAN_POINT('',(1.74367345689,-1.992305435635,10.1000001));
#2002 = ORIENTED_EDGE('',*,*,#2003,.T.);
#2003 = EDGE_CURVE('',#1996,#2004,#2006,.T.);
#2004 = VERTEX_POINT('',#2005);
#2005 = CARTESIAN_POINT('',(6.5,-1.992305435635,10.1000001));
#2006 = B_SPLINE_CURVE_WITH_KNOTS('',1,(#2007,#2008),.UNSPECIFIED.,.F.,
  .F.,(2,2),(0.,4.75632654311),.PIECEWISE_BEZIER_KNOTS.);
#2007 = CARTESIAN_POINT('',(1.74367345689,-1.992305435635,10.1000001));
#2008 = CARTESIAN_POINT('',(6.5,-1.992305435635,10.1000001));
#2009 = ORIENTED_EDGE('',*,*,#2010,.T.);
#2010 = EDGE_CURVE('',#2004,#2011,#2013,.T.);
#2011 = VERTEX_POINT('',#2012);
#2012 = CARTESIAN_POINT('',(6.8,-1.692305435635,10.1000001));
#2013 = ( BOUNDED_CURVE() B_SPLINE_CURVE(2,(#2014,#2015,#2016),
.UNSPECIFIED.,.F.,.F.) B_SPLINE_CURVE_WITH_KNOTS((3,3),(1.570796326795,
3.14159265359),.PIECEWISE_BEZIER_KNOTS.) CURVE() 
GEOMETRIC_REPRESENTATION_ITEM() RATIONAL_B_SPLINE_CURVE((1.,
0.707106781187,1.)) REPRESENTATION_ITEM('') );
#2014 = CARTESIAN_POINT('',(6.5,-1.992305435635,10.1000001));
#2015 = CARTESIAN_POINT('',(6.8,-1.992305435635,10.1000001));
#2016 = CARTESIAN_POINT('',(6.8,-1.692305435635,10.1000001));
#2017 = ORIENTED_EDGE('',*,*,#2018,.T.);
#2018 = EDGE_CURVE('',#2011,#2019,#2021,.T.);
#2019 = VERTEX_POINT('',#2020);
#2020 = CARTESIAN_POINT('',(6.8,1.702305435635,10.1000001));
#2021 = B_SPLINE_CURVE_WITH_KNOTS('',1,(#2022,#2023),.UNSPECIFIED.,.F.,
  .F.,(2,2),(0.,3.394610871269),.PIECEWISE_BEZIER_KNOTS.);
#2022 = CARTESIAN_POINT('',(6.8,-1.692305435635,10.1000001));
#2023 = CARTESIAN_POINT('',(6.8,1.702305435635,10.1000001));
#2024 = ORIENTED_EDGE('',*,*,#2025,.F.);
#2025 = EDGE_CURVE('',#2026,#2019,#2028,.T.);
#2026 = VERTEX_POINT('',#2027);
#2027 = CARTESIAN_POINT('',(6.5,2.002305435635,10.1000001));
#2028 = ( BOUNDED_CURVE() B_SPLINE_CURVE(2,(#2029,#2030,#2031),
.UNSPECIFIED.,.F.,.F.) B_SPLINE_CURVE_WITH_KNOTS((3,3),(1.570796326795,
3.14159265359),.PIECEWISE_BEZIER_KNOTS.) CURVE() 
GEOMETRIC_REPRESENTATION_ITEM() RATIONAL_B_SPLINE_CURVE((1.,
0.707106781187,1.)) REPRESENTATION_ITEM('') );
#2029 = CARTESIAN_POINT('',(6.5,2.002305435635,10.1000001));
#2030 = CARTESIAN_POINT('',(6.8,2.002305435635,10.1000001));
#2031 = CARTESIAN_POINT('',(6.8,1.702305435635,10.1000001));
#2032 = ORIENTED_EDGE('',*,*,#2033,.F.);
#2033 = EDGE_CURVE('',#2034,#2026,#2036,.T.);
#2034 = VERTEX_POINT('',#2035);
#2035 = CARTESIAN_POINT('',(1.74367345689,2.002305435635,10.1000001));
#2036 = B_SPLINE_CURVE_WITH_KNOTS('',1,(#2037,#2038),.UNSPECIFIED.,.F.,
  .F.,(2,2),(0.,4.75632654311),.PIECEWISE_BEZIER_KNOTS.);
#2037 = CARTESIAN_POINT('',(1.74367345689,2.002305435635,10.1000001));
#2038 = CARTESIAN_POINT('',(6.5,2.002305435635,10.1000001));
#2039 = ORIENTED_EDGE('',*,*,#2040,.F.);
#2040 = EDGE_CURVE('',#1901,#2034,#2041,.T.);
#2041 = ( BOUNDED_CURVE() B_SPLINE_CURVE(2,(#2042,#2043,#2044),
.UNSPECIFIED.,.F.,.F.) B_SPLINE_CURVE_WITH_KNOTS((3,3),(0.2786018651,
1.570796326795),.PIECEWISE_BEZIER_KNOTS.) CURVE() 
GEOMETRIC_REPRESENTATION_ITEM() RATIONAL_B_SPLINE_CURVE((1.,
0.798439632579,1.)) REPRESENTATION_ITEM('') );
#2042 = CARTESIAN_POINT('',(1.45524119249,1.784808943759,10.1000001));
#2043 = CARTESIAN_POINT('',(1.517454147832,2.002305435635,10.1000001));
#2044 = CARTESIAN_POINT('',(1.74367345689,2.002305435635,10.1000001));
#2045 = B_SPLINE_SURFACE_WITH_KNOTS('',1,1,(
    (#2046,#2047)
    ,(#2048,#2049
    )),.UNSPECIFIED.,.F.,.F.,.F.,(2,2),(2,2),(-0.3,5.182472218333),(
    -3.694610871269,0.3),.PIECEWISE_BEZIER_KNOTS.);
#2046 = CARTESIAN_POINT('',(6.8,2.002305435635,10.1000001));
#2047 = CARTESIAN_POINT('',(6.8,-1.992305435635,10.1000001));
#2048 = CARTESIAN_POINT('',(1.317527781667,2.002305435635,10.1000001));
#2049 = CARTESIAN_POINT('',(1.317527781667,-1.992305435635,10.1000001));
#2050 = ADVANCED_FACE('',(#2051),#2074,.F.);
#2051 = FACE_BOUND('',#2052,.F.);
#2052 = EDGE_LOOP('',(#2053,#2063,#2068,#2069));
#2053 = ORIENTED_EDGE('',*,*,#2054,.F.);
#2054 = EDGE_CURVE('',#2055,#2057,#2059,.T.);
#2055 = VERTEX_POINT('',#2056);
#2056 = CARTESIAN_POINT('',(1.538474198819,0.929353424624,5.2000001));
#2057 = VERTEX_POINT('',#2058);
#2058 = CARTESIAN_POINT('',(1.454813619185,1.056072344505,5.2000001));
#2059 = ( BOUNDED_CURVE() B_SPLINE_CURVE(2,(#2060,#2061,#2062),
.UNSPECIFIED.,.F.,.F.) B_SPLINE_CURVE_WITH_KNOTS((3,3),(1.695957940995,
3.42019451869),.PIECEWISE_BEZIER_KNOTS.) CURVE() 
GEOMETRIC_REPRESENTATION_ITEM() RATIONAL_B_SPLINE_CURVE((1.,
0.650830676124,1.)) REPRESENTATION_ITEM('') );
#2060 = CARTESIAN_POINT('',(1.538474198819,0.929353424624,5.2000001));
#2061 = CARTESIAN_POINT('',(1.422732282704,0.94391599217,5.2000001));
#2062 = CARTESIAN_POINT('',(1.454813619185,1.056072344505,5.2000001));
#2063 = ORIENTED_EDGE('',*,*,#2064,.T.);
#2064 = EDGE_CURVE('',#2055,#1863,#2065,.T.);
#2065 = B_SPLINE_CURVE_WITH_KNOTS('',1,(#2066,#2067),.UNSPECIFIED.,.F.,
  .F.,(2,2),(0.1,3.),.PIECEWISE_BEZIER_KNOTS.);
#2066 = CARTESIAN_POINT('',(1.538474198819,0.929353424624,5.2000001));
#2067 = CARTESIAN_POINT('',(1.538474198819,0.929353424624,8.1000001));
#2068 = ORIENTED_EDGE('',*,*,#1869,.F.);
#2069 = ORIENTED_EDGE('',*,*,#2070,.F.);
#2070 = EDGE_CURVE('',#2057,#1870,#2071,.T.);
#2071 = B_SPLINE_CURVE_WITH_KNOTS('',1,(#2072,#2073),.UNSPECIFIED.,.F.,
  .F.,(2,2),(0.1,3.),.PIECEWISE_BEZIER_KNOTS.);
#2072 = CARTESIAN_POINT('',(1.454813619185,1.056072344505,5.2000001));
#2073 = CARTESIAN_POINT('',(1.454813619185,1.056072344505,8.1000001));
#2074 = ( BOUNDED_SURFACE() B_SPLINE_SURFACE(2,1,(
    (#2075,#2076)
    ,(#2077,#2078)
    ,(#2079,#2080
)),.UNSPECIFIED.,.F.,.F.,.F.) B_SPLINE_SURFACE_WITH_KNOTS((3,3),(2,2),(
    2.862990788489,4.587227366184),(0.1,3.),.PIECEWISE_BEZIER_KNOTS.) 
GEOMETRIC_REPRESENTATION_ITEM() RATIONAL_B_SPLINE_SURFACE((
    (1.,1.)
    ,(0.650830676124,0.650830676124)
,(1.,1.))) REPRESENTATION_ITEM('') SURFACE() );
#2075 = CARTESIAN_POINT('',(1.454813619185,1.056072344505,5.2000001));
#2076 = CARTESIAN_POINT('',(1.454813619185,1.056072344505,8.1000001));
#2077 = CARTESIAN_POINT('',(1.422732282704,0.94391599217,5.2000001));
#2078 = CARTESIAN_POINT('',(1.422732282704,0.94391599217,8.1000001));
#2079 = CARTESIAN_POINT('',(1.538474198819,0.929353424624,5.2000001));
#2080 = CARTESIAN_POINT('',(1.538474198819,0.929353424624,8.1000001));
#2081 = ADVANCED_FACE('',(#2082),#2112,.T.);
#2082 = FACE_BOUND('',#2083,.T.);
#2083 = EDGE_LOOP('',(#2084,#2085,#2086,#2093,#2100,#2107));
#2084 = ORIENTED_EDGE('',*,*,#2064,.T.);
#2085 = ORIENTED_EDGE('',*,*,#1862,.T.);
#2086 = ORIENTED_EDGE('',*,*,#2087,.T.);
#2087 = EDGE_CURVE('',#1856,#2088,#2090,.T.);
#2088 = VERTEX_POINT('',#2089);
#2089 = CARTESIAN_POINT('',(1.666108855346,0.913294520734,8.726286234756
    ));
#2090 = B_SPLINE_CURVE_WITH_KNOTS('',1,(#2091,#2092),.UNSPECIFIED.,.F.,
  .F.,(2,2),(0.,0.626286134756),.PIECEWISE_BEZIER_KNOTS.);
#2091 = CARTESIAN_POINT('',(1.666108855346,0.913294520734,8.1000001));
#2092 = CARTESIAN_POINT('',(1.666108855346,0.913294520734,8.726286234756
    ));
#2093 = ORIENTED_EDGE('',*,*,#2094,.T.);
#2094 = EDGE_CURVE('',#2088,#2095,#2097,.T.);
#2095 = VERTEX_POINT('',#2096);
#2096 = CARTESIAN_POINT('',(3.253592863449,0.713558384752,8.726286234756
    ));
#2097 = B_SPLINE_CURVE_WITH_KNOTS('',1,(#2098,#2099),.UNSPECIFIED.,.F.,
  .F.,(2,2),(0.,1.6),.PIECEWISE_BEZIER_KNOTS.);
#2098 = CARTESIAN_POINT('',(1.666108855346,0.913294520734,8.726286234756
    ));
#2099 = CARTESIAN_POINT('',(3.253592863449,0.713558384752,8.726286234756
    ));
#2100 = ORIENTED_EDGE('',*,*,#2101,.F.);
#2101 = EDGE_CURVE('',#2102,#2095,#2104,.T.);
#2102 = VERTEX_POINT('',#2103);
#2103 = CARTESIAN_POINT('',(3.253592863449,0.713558384752,5.2000001));
#2104 = B_SPLINE_CURVE_WITH_KNOTS('',1,(#2105,#2106),.UNSPECIFIED.,.F.,
  .F.,(2,2),(0.1,3.626286134756),.PIECEWISE_BEZIER_KNOTS.);
#2105 = CARTESIAN_POINT('',(3.253592863449,0.713558384752,5.2000001));
#2106 = CARTESIAN_POINT('',(3.253592863449,0.713558384752,8.726286234756
    ));
#2107 = ORIENTED_EDGE('',*,*,#2108,.T.);
#2108 = EDGE_CURVE('',#2102,#2055,#2109,.T.);
#2109 = B_SPLINE_CURVE_WITH_KNOTS('',1,(#2110,#2111),.UNSPECIFIED.,.F.,
  .F.,(2,2),(-3.139688703572,-1.411047753868),.PIECEWISE_BEZIER_KNOTS.);
#2110 = CARTESIAN_POINT('',(3.253592863449,0.713558384752,5.2000001));
#2111 = CARTESIAN_POINT('',(1.538474198819,0.929353424624,5.2000001));
#2112 = B_SPLINE_SURFACE_WITH_KNOTS('',1,1,(
    (#2113,#2114)
    ,(#2115,#2116
    )),.UNSPECIFIED.,.F.,.F.,.F.,(2,2),(2,2),(0.,1.728640949704),(0.1,
    3.626286134756),.PIECEWISE_BEZIER_KNOTS.);
#2113 = CARTESIAN_POINT('',(3.253592863449,0.713558384752,5.2000001));
#2114 = CARTESIAN_POINT('',(3.253592863449,0.713558384752,8.726286234756
    ));
#2115 = CARTESIAN_POINT('',(1.538474198819,0.929353424624,5.2000001));
#2116 = CARTESIAN_POINT('',(1.538474198819,0.929353424624,8.726286234756
    ));
#2117 = ADVANCED_FACE('',(#2118),#2170,.T.);
#2118 = FACE_BOUND('',#2119,.T.);
#2119 = EDGE_LOOP('',(#2120,#2129,#2136,#2143,#2151,#2158,#2163,#2164));
#2120 = ORIENTED_EDGE('',*,*,#2121,.T.);
#2121 = EDGE_CURVE('',#2122,#2124,#2126,.T.);
#2122 = VERTEX_POINT('',#2123);
#2123 = CARTESIAN_POINT('',(3.272006523554,0.859908422037,9.18915643341)
  );
#2124 = VERTEX_POINT('',#2125);
#2125 = CARTESIAN_POINT('',(3.327974095345,1.304733414538,9.821158521757
    ));
#2126 = B_SPLINE_CURVE_WITH_KNOTS('',1,(#2127,#2128),.UNSPECIFIED.,.F.,
  .F.,(2,2),(1.106818152095E-15,0.774873075233),
  .PIECEWISE_BEZIER_KNOTS.);
#2127 = CARTESIAN_POINT('',(3.272006523554,0.859908422037,9.18915643341)
  );
#2128 = CARTESIAN_POINT('',(3.327974095345,1.304733414538,9.821158521757
    ));
#2129 = ORIENTED_EDGE('',*,*,#2130,.T.);
#2130 = EDGE_CURVE('',#2124,#2131,#2133,.T.);
#2131 = VERTEX_POINT('',#2132);
#2132 = CARTESIAN_POINT('',(3.307610493374,1.142885422846,9.936876071421
    ));
#2133 = B_SPLINE_CURVE_WITH_KNOTS('',1,(#2134,#2135),.UNSPECIFIED.,.F.,
  .F.,(2,2),(2.082504586568,2.282504586568),.PIECEWISE_BEZIER_KNOTS.);
#2134 = CARTESIAN_POINT('',(3.327974095345,1.304733414538,9.821158521757
    ));
#2135 = CARTESIAN_POINT('',(3.307610493374,1.142885422846,9.936876071421
    ));
#2136 = ORIENTED_EDGE('',*,*,#2137,.F.);
#2137 = EDGE_CURVE('',#2138,#2131,#2140,.T.);
#2138 = VERTEX_POINT('',#2139);
#2139 = CARTESIAN_POINT('',(3.251642921583,0.698060430345,9.304873983074
    ));
#2140 = B_SPLINE_CURVE_WITH_KNOTS('',1,(#2141,#2142),.UNSPECIFIED.,.F.,
  .F.,(2,2),(9.793508379274E-16,0.774873075233),
  .PIECEWISE_BEZIER_KNOTS.);
#2141 = CARTESIAN_POINT('',(3.251642921583,0.698060430345,9.304873983074
    ));
#2142 = CARTESIAN_POINT('',(3.307610493374,1.142885422846,9.936876071421
    ));
#2143 = ORIENTED_EDGE('',*,*,#2144,.F.);
#2144 = EDGE_CURVE('',#2145,#2138,#2147,.T.);
#2145 = VERTEX_POINT('',#2146);
#2146 = CARTESIAN_POINT('',(3.228625846451,0.515122883739,8.726286234756
    ));
#2147 = ( BOUNDED_CURVE() B_SPLINE_CURVE(2,(#2148,#2149,#2150),
.UNSPECIFIED.,.F.,.F.) B_SPLINE_CURVE_WITH_KNOTS((3,3),(0.,
0.616996118462),.PIECEWISE_BEZIER_KNOTS.) CURVE() 
GEOMETRIC_REPRESENTATION_ITEM() RATIONAL_B_SPLINE_CURVE((1.,
0.952790675567,1.)) REPRESENTATION_ITEM('') );
#2148 = CARTESIAN_POINT('',(3.228625846451,0.515122883739,8.726286234756
    ));
#2149 = CARTESIAN_POINT('',(3.228625846451,0.515122883739,9.04495848048)
  );
#2150 = CARTESIAN_POINT('',(3.251642921583,0.698060430345,9.304873983074
    ));
#2151 = ORIENTED_EDGE('',*,*,#2152,.F.);
#2152 = EDGE_CURVE('',#2153,#2145,#2155,.T.);
#2153 = VERTEX_POINT('',#2154);
#2154 = CARTESIAN_POINT('',(3.228625846451,0.515122883739,5.2000001));
#2155 = B_SPLINE_CURVE_WITH_KNOTS('',1,(#2156,#2157),.UNSPECIFIED.,.F.,
  .F.,(2,2),(0.1,3.626286134756),.PIECEWISE_BEZIER_KNOTS.);
#2156 = CARTESIAN_POINT('',(3.228625846451,0.515122883739,5.2000001));
#2157 = CARTESIAN_POINT('',(3.228625846451,0.515122883739,8.726286234756
    ));
#2158 = ORIENTED_EDGE('',*,*,#2159,.T.);
#2159 = EDGE_CURVE('',#2153,#2102,#2160,.T.);
#2160 = B_SPLINE_CURVE_WITH_KNOTS('',1,(#2161,#2162),.UNSPECIFIED.,.F.,
  .F.,(2,2),(0.909178232004,1.109178232004),.PIECEWISE_BEZIER_KNOTS.);
#2161 = CARTESIAN_POINT('',(3.228625846451,0.515122883739,5.2000001));
#2162 = CARTESIAN_POINT('',(3.253592863449,0.713558384752,5.2000001));
#2163 = ORIENTED_EDGE('',*,*,#2101,.T.);
#2164 = ORIENTED_EDGE('',*,*,#2165,.T.);
#2165 = EDGE_CURVE('',#2095,#2122,#2166,.T.);
#2166 = ( BOUNDED_CURVE() B_SPLINE_CURVE(2,(#2167,#2168,#2169),
.UNSPECIFIED.,.F.,.F.) B_SPLINE_CURVE_WITH_KNOTS((3,3),(4.712388980385,
5.329385098847),.PIECEWISE_BEZIER_KNOTS.) CURVE() 
GEOMETRIC_REPRESENTATION_ITEM() RATIONAL_B_SPLINE_CURVE((1.,
0.952790675567,1.)) REPRESENTATION_ITEM('') );
#2167 = CARTESIAN_POINT('',(3.253592863449,0.713558384752,8.726286234756
    ));
#2168 = CARTESIAN_POINT('',(3.253592863449,0.713558384752,8.981224031335
    ));
#2169 = CARTESIAN_POINT('',(3.272006523554,0.859908422037,9.18915643341)
  );
#2170 = B_SPLINE_SURFACE_WITH_KNOTS('',1,1,(
    (#2171,#2172)
    ,(#2173,#2174
    )),.UNSPECIFIED.,.F.,.F.,.F.,(2,2),(2,2),(-3.330669073875E-16,
    0.795835953514),(0.1,4.836875971421),.PIECEWISE_BEZIER_KNOTS.);
#2171 = CARTESIAN_POINT('',(3.228625846451,0.515122883739,5.2000001));
#2172 = CARTESIAN_POINT('',(3.228625846451,0.515122883739,9.936876071421
    ));
#2173 = CARTESIAN_POINT('',(3.327974095345,1.304733414538,5.2000001));
#2174 = CARTESIAN_POINT('',(3.327974095345,1.304733414538,9.936876071421
    ));
#2175 = ADVANCED_FACE('',(#2176),#2204,.F.);
#2176 = FACE_BOUND('',#2177,.T.);
#2177 = EDGE_LOOP('',(#2178,#2179,#2186,#2191,#2192,#2199));
#2178 = ORIENTED_EDGE('',*,*,#2152,.T.);
#2179 = ORIENTED_EDGE('',*,*,#2180,.F.);
#2180 = EDGE_CURVE('',#2181,#2145,#2183,.T.);
#2181 = VERTEX_POINT('',#2182);
#2182 = CARTESIAN_POINT('',(1.641141838348,0.714859019721,8.726286234756
    ));
#2183 = B_SPLINE_CURVE_WITH_KNOTS('',1,(#2184,#2185),.UNSPECIFIED.,.F.,
  .F.,(2,2),(0.,1.6),.PIECEWISE_BEZIER_KNOTS.);
#2184 = CARTESIAN_POINT('',(1.641141838348,0.714859019721,8.726286234756
    ));
#2185 = CARTESIAN_POINT('',(3.228625846451,0.515122883739,8.726286234756
    ));
#2186 = ORIENTED_EDGE('',*,*,#2187,.F.);
#2187 = EDGE_CURVE('',#1847,#2181,#2188,.T.);
#2188 = B_SPLINE_CURVE_WITH_KNOTS('',1,(#2189,#2190),.UNSPECIFIED.,.F.,
  .F.,(2,2),(0.,0.626286134756),.PIECEWISE_BEZIER_KNOTS.);
#2189 = CARTESIAN_POINT('',(1.641141838348,0.714859019721,8.1000001));
#2190 = CARTESIAN_POINT('',(1.641141838348,0.714859019721,8.726286234756
    ));
#2191 = ORIENTED_EDGE('',*,*,#1846,.T.);
#2192 = ORIENTED_EDGE('',*,*,#2193,.F.);
#2193 = EDGE_CURVE('',#2194,#1849,#2196,.T.);
#2194 = VERTEX_POINT('',#2195);
#2195 = CARTESIAN_POINT('',(1.513507181821,0.730917923611,5.2000001));
#2196 = B_SPLINE_CURVE_WITH_KNOTS('',1,(#2197,#2198),.UNSPECIFIED.,.F.,
  .F.,(2,2),(0.1,3.),.PIECEWISE_BEZIER_KNOTS.);
#2197 = CARTESIAN_POINT('',(1.513507181821,0.730917923611,5.2000001));
#2198 = CARTESIAN_POINT('',(1.513507181821,0.730917923611,8.1000001));
#2199 = ORIENTED_EDGE('',*,*,#2200,.F.);
#2200 = EDGE_CURVE('',#2153,#2194,#2201,.T.);
#2201 = B_SPLINE_CURVE_WITH_KNOTS('',1,(#2202,#2203),.UNSPECIFIED.,.F.,
  .F.,(2,2),(-3.139688703572,-1.411047753868),.PIECEWISE_BEZIER_KNOTS.);
#2202 = CARTESIAN_POINT('',(3.228625846451,0.515122883739,5.2000001));
#2203 = CARTESIAN_POINT('',(1.513507181821,0.730917923611,5.2000001));
#2204 = B_SPLINE_SURFACE_WITH_KNOTS('',1,1,(
    (#2205,#2206)
    ,(#2207,#2208
    )),.UNSPECIFIED.,.F.,.F.,.F.,(2,2),(2,2),(0.,1.728640949704),(0.1,
    3.626286134756),.PIECEWISE_BEZIER_KNOTS.);
#2205 = CARTESIAN_POINT('',(3.228625846451,0.515122883739,5.2000001));
#2206 = CARTESIAN_POINT('',(3.228625846451,0.515122883739,8.726286234756
    ));
#2207 = CARTESIAN_POINT('',(1.513507181821,0.730917923611,5.2000001));
#2208 = CARTESIAN_POINT('',(1.513507181821,0.730917923611,8.726286234756
    ));
#2209 = ADVANCED_FACE('',(#2210),#2227,.T.);
#2210 = FACE_BOUND('',#2211,.T.);
#2211 = EDGE_LOOP('',(#2212,#2213,#2220,#2226));
#2212 = ORIENTED_EDGE('',*,*,#1884,.T.);
#2213 = ORIENTED_EDGE('',*,*,#2214,.F.);
#2214 = EDGE_CURVE('',#2215,#1878,#2217,.T.);
#2215 = VERTEX_POINT('',#2216);
#2216 = CARTESIAN_POINT('',(1.262525442917,1.111074683254,5.2000001));
#2217 = B_SPLINE_CURVE_WITH_KNOTS('',1,(#2218,#2219),.UNSPECIFIED.,.F.,
  .F.,(2,2),(0.1,3.),.PIECEWISE_BEZIER_KNOTS.);
#2218 = CARTESIAN_POINT('',(1.262525442917,1.111074683254,5.2000001));
#2219 = CARTESIAN_POINT('',(1.262525442917,1.111074683254,8.1000001));
#2220 = ORIENTED_EDGE('',*,*,#2221,.F.);
#2221 = EDGE_CURVE('',#2194,#2215,#2222,.T.);
#2222 = ( BOUNDED_CURVE() B_SPLINE_CURVE(2,(#2223,#2224,#2225),
.UNSPECIFIED.,.F.,.F.) B_SPLINE_CURVE_WITH_KNOTS((3,3),(1.695957940995,
3.42019451869),.PIECEWISE_BEZIER_KNOTS.) CURVE() 
GEOMETRIC_REPRESENTATION_ITEM() RATIONAL_B_SPLINE_CURVE((1.,
0.650830676124,1.)) REPRESENTATION_ITEM('') );
#2223 = CARTESIAN_POINT('',(1.513507181821,0.730917923611,5.2000001));
#2224 = CARTESIAN_POINT('',(1.166281433476,0.774605626248,5.2000001));
#2225 = CARTESIAN_POINT('',(1.262525442917,1.111074683254,5.2000001));
#2226 = ORIENTED_EDGE('',*,*,#2193,.T.);
#2227 = ( BOUNDED_SURFACE() B_SPLINE_SURFACE(2,1,(
    (#2228,#2229)
    ,(#2230,#2231)
    ,(#2232,#2233
)),.UNSPECIFIED.,.F.,.F.,.F.) B_SPLINE_SURFACE_WITH_KNOTS((3,3),(2,2),(
    2.862990788489,4.587227366184),(0.1,3.),.PIECEWISE_BEZIER_KNOTS.) 
GEOMETRIC_REPRESENTATION_ITEM() RATIONAL_B_SPLINE_SURFACE((
    (1.,1.)
    ,(0.650830676124,0.650830676124)
,(1.,1.))) REPRESENTATION_ITEM('') SURFACE() );
#2228 = CARTESIAN_POINT('',(1.262525442917,1.111074683254,5.2000001));
#2229 = CARTESIAN_POINT('',(1.262525442917,1.111074683254,8.1000001));
#2230 = CARTESIAN_POINT('',(1.166281433476,0.774605626248,5.2000001));
#2231 = CARTESIAN_POINT('',(1.166281433476,0.774605626248,8.1000001));
#2232 = CARTESIAN_POINT('',(1.513507181821,0.730917923611,5.2000001));
#2233 = CARTESIAN_POINT('',(1.513507181821,0.730917923611,8.1000001));
#2234 = ADVANCED_FACE('',(#2235),#2285,.F.);
#2235 = FACE_BOUND('',#2236,.T.);
#2236 = EDGE_LOOP('',(#2237,#2244,#2245,#2252,#2259,#2266,#2273,#2280));
#2237 = ORIENTED_EDGE('',*,*,#2238,.T.);
#2238 = EDGE_CURVE('',#2239,#2019,#2241,.T.);
#2239 = VERTEX_POINT('',#2240);
#2240 = CARTESIAN_POINT('',(6.8,1.702305435635,5.2000001));
#2241 = B_SPLINE_CURVE_WITH_KNOTS('',1,(#2242,#2243),.UNSPECIFIED.,.F.,
  .F.,(2,2),(0.1,5.),.PIECEWISE_BEZIER_KNOTS.);
#2242 = CARTESIAN_POINT('',(6.8,1.702305435635,5.2000001));
#2243 = CARTESIAN_POINT('',(6.8,1.702305435635,10.1000001));
#2244 = ORIENTED_EDGE('',*,*,#2018,.F.);
#2245 = ORIENTED_EDGE('',*,*,#2246,.F.);
#2246 = EDGE_CURVE('',#2247,#2011,#2249,.T.);
#2247 = VERTEX_POINT('',#2248);
#2248 = CARTESIAN_POINT('',(6.8,-1.692305435635,5.2000001));
#2249 = B_SPLINE_CURVE_WITH_KNOTS('',1,(#2250,#2251),.UNSPECIFIED.,.F.,
  .F.,(2,2),(0.1,5.),.PIECEWISE_BEZIER_KNOTS.);
#2250 = CARTESIAN_POINT('',(6.8,-1.692305435635,5.2000001));
#2251 = CARTESIAN_POINT('',(6.8,-1.692305435635,10.1000001));
#2252 = ORIENTED_EDGE('',*,*,#2253,.F.);
#2253 = EDGE_CURVE('',#2254,#2247,#2256,.T.);
#2254 = VERTEX_POINT('',#2255);
#2255 = CARTESIAN_POINT('',(6.8,-1.992305435635,5.2000001));
#2256 = B_SPLINE_CURVE_WITH_KNOTS('',1,(#2257,#2258),.UNSPECIFIED.,.F.,
  .F.,(2,2),(-3.99461087127,-3.694610871269),.PIECEWISE_BEZIER_KNOTS.);
#2257 = CARTESIAN_POINT('',(6.8,-1.992305435635,5.2000001));
#2258 = CARTESIAN_POINT('',(6.8,-1.692305435635,5.2000001));
#2259 = ORIENTED_EDGE('',*,*,#2260,.T.);
#2260 = EDGE_CURVE('',#2254,#2261,#2263,.T.);
#2261 = VERTEX_POINT('',#2262);
#2262 = CARTESIAN_POINT('',(6.8,-1.992305435635,10.2000001));
#2263 = B_SPLINE_CURVE_WITH_KNOTS('',1,(#2264,#2265),.UNSPECIFIED.,.F.,
  .F.,(2,2),(0.,5.),.PIECEWISE_BEZIER_KNOTS.);
#2264 = CARTESIAN_POINT('',(6.8,-1.992305435635,5.2000001));
#2265 = CARTESIAN_POINT('',(6.8,-1.992305435635,10.2000001));
#2266 = ORIENTED_EDGE('',*,*,#2267,.T.);
#2267 = EDGE_CURVE('',#2261,#2268,#2270,.T.);
#2268 = VERTEX_POINT('',#2269);
#2269 = CARTESIAN_POINT('',(6.8,2.002305435635,10.2000001));
#2270 = B_SPLINE_CURVE_WITH_KNOTS('',1,(#2271,#2272),.UNSPECIFIED.,.F.,
  .F.,(2,2),(-3.99461087127,0.),.PIECEWISE_BEZIER_KNOTS.);
#2271 = CARTESIAN_POINT('',(6.8,-1.992305435635,10.2000001));
#2272 = CARTESIAN_POINT('',(6.8,2.002305435635,10.2000001));
#2273 = ORIENTED_EDGE('',*,*,#2274,.F.);
#2274 = EDGE_CURVE('',#2275,#2268,#2277,.T.);
#2275 = VERTEX_POINT('',#2276);
#2276 = CARTESIAN_POINT('',(6.8,2.002305435635,5.2000001));
#2277 = B_SPLINE_CURVE_WITH_KNOTS('',1,(#2278,#2279),.UNSPECIFIED.,.F.,
  .F.,(2,2),(0.,5.),.PIECEWISE_BEZIER_KNOTS.);
#2278 = CARTESIAN_POINT('',(6.8,2.002305435635,5.2000001));
#2279 = CARTESIAN_POINT('',(6.8,2.002305435635,10.2000001));
#2280 = ORIENTED_EDGE('',*,*,#2281,.F.);
#2281 = EDGE_CURVE('',#2239,#2275,#2282,.T.);
#2282 = B_SPLINE_CURVE_WITH_KNOTS('',1,(#2283,#2284),.UNSPECIFIED.,.F.,
  .F.,(2,2),(-0.3,0.),.PIECEWISE_BEZIER_KNOTS.);
#2283 = CARTESIAN_POINT('',(6.8,1.702305435635,5.2000001));
#2284 = CARTESIAN_POINT('',(6.8,2.002305435635,5.2000001));
#2285 = B_SPLINE_SURFACE_WITH_KNOTS('',1,1,(
    (#2286,#2287)
    ,(#2288,#2289
    )),.UNSPECIFIED.,.F.,.F.,.F.,(2,2),(2,2),(-3.99461087127,0.),(0.,5.)
  ,.PIECEWISE_BEZIER_KNOTS.);
#2286 = CARTESIAN_POINT('',(6.8,-1.992305435635,5.2000001));
#2287 = CARTESIAN_POINT('',(6.8,-1.992305435635,10.2000001));
#2288 = CARTESIAN_POINT('',(6.8,2.002305435635,5.2000001));
#2289 = CARTESIAN_POINT('',(6.8,2.002305435635,10.2000001));
#2290 = ADVANCED_FACE('',(#2291),#2333,.F.);
#2291 = FACE_BOUND('',#2292,.T.);
#2292 = EDGE_LOOP('',(#2293,#2300,#2301,#2308,#2313,#2314,#2321,#2328));
#2293 = ORIENTED_EDGE('',*,*,#2294,.T.);
#2294 = EDGE_CURVE('',#2295,#2034,#2297,.T.);
#2295 = VERTEX_POINT('',#2296);
#2296 = CARTESIAN_POINT('',(1.74367345689,2.002305435635,5.2000001));
#2297 = B_SPLINE_CURVE_WITH_KNOTS('',1,(#2298,#2299),.UNSPECIFIED.,.F.,
  .F.,(2,2),(0.1,5.),.PIECEWISE_BEZIER_KNOTS.);
#2298 = CARTESIAN_POINT('',(1.74367345689,2.002305435635,5.2000001));
#2299 = CARTESIAN_POINT('',(1.74367345689,2.002305435635,10.1000001));
#2300 = ORIENTED_EDGE('',*,*,#2033,.T.);
#2301 = ORIENTED_EDGE('',*,*,#2302,.F.);
#2302 = EDGE_CURVE('',#2303,#2026,#2305,.T.);
#2303 = VERTEX_POINT('',#2304);
#2304 = CARTESIAN_POINT('',(6.5,2.002305435635,5.2000001));
#2305 = B_SPLINE_CURVE_WITH_KNOTS('',1,(#2306,#2307),.UNSPECIFIED.,.F.,
  .F.,(2,2),(0.1,5.),.PIECEWISE_BEZIER_KNOTS.);
#2306 = CARTESIAN_POINT('',(6.5,2.002305435635,5.2000001));
#2307 = CARTESIAN_POINT('',(6.5,2.002305435635,10.1000001));
#2308 = ORIENTED_EDGE('',*,*,#2309,.F.);
#2309 = EDGE_CURVE('',#2275,#2303,#2310,.T.);
#2310 = B_SPLINE_CURVE_WITH_KNOTS('',1,(#2311,#2312),.UNSPECIFIED.,.F.,
  .F.,(2,2),(-6.,-5.7),.PIECEWISE_BEZIER_KNOTS.);
#2311 = CARTESIAN_POINT('',(6.8,2.002305435635,5.2000001));
#2312 = CARTESIAN_POINT('',(6.5,2.002305435635,5.2000001));
#2313 = ORIENTED_EDGE('',*,*,#2274,.T.);
#2314 = ORIENTED_EDGE('',*,*,#2315,.T.);
#2315 = EDGE_CURVE('',#2268,#2316,#2318,.T.);
#2316 = VERTEX_POINT('',#2317);
#2317 = CARTESIAN_POINT('',(0.8,2.002305435635,10.2000001));
#2318 = B_SPLINE_CURVE_WITH_KNOTS('',1,(#2319,#2320),.UNSPECIFIED.,.F.,
  .F.,(2,2),(-6.,0.),.PIECEWISE_BEZIER_KNOTS.);
#2319 = CARTESIAN_POINT('',(6.8,2.002305435635,10.2000001));
#2320 = CARTESIAN_POINT('',(0.8,2.002305435635,10.2000001));
#2321 = ORIENTED_EDGE('',*,*,#2322,.F.);
#2322 = EDGE_CURVE('',#2323,#2316,#2325,.T.);
#2323 = VERTEX_POINT('',#2324);
#2324 = CARTESIAN_POINT('',(0.8,2.002305435635,5.2000001));
#2325 = B_SPLINE_CURVE_WITH_KNOTS('',1,(#2326,#2327),.UNSPECIFIED.,.F.,
  .F.,(2,2),(0.,5.),.PIECEWISE_BEZIER_KNOTS.);
#2326 = CARTESIAN_POINT('',(0.8,2.002305435635,5.2000001));
#2327 = CARTESIAN_POINT('',(0.8,2.002305435635,10.2000001));
#2328 = ORIENTED_EDGE('',*,*,#2329,.F.);
#2329 = EDGE_CURVE('',#2295,#2323,#2330,.T.);
#2330 = B_SPLINE_CURVE_WITH_KNOTS('',1,(#2331,#2332),.UNSPECIFIED.,.F.,
  .F.,(2,2),(-0.94367345689,0.),.PIECEWISE_BEZIER_KNOTS.);
#2331 = CARTESIAN_POINT('',(1.74367345689,2.002305435635,5.2000001));
#2332 = CARTESIAN_POINT('',(0.8,2.002305435635,5.2000001));
#2333 = B_SPLINE_SURFACE_WITH_KNOTS('',1,1,(
    (#2334,#2335)
    ,(#2336,#2337
    )),.UNSPECIFIED.,.F.,.F.,.F.,(2,2),(2,2),(-6.,0.),(0.,5.),
  .PIECEWISE_BEZIER_KNOTS.);
#2334 = CARTESIAN_POINT('',(6.8,2.002305435635,5.2000001));
#2335 = CARTESIAN_POINT('',(6.8,2.002305435635,10.2000001));
#2336 = CARTESIAN_POINT('',(0.8,2.002305435635,5.2000001));
#2337 = CARTESIAN_POINT('',(0.8,2.002305435635,10.2000001));
#2338 = ADVANCED_FACE('',(#2339),#2491,.T.);
#2339 = FACE_BOUND('',#2340,.T.);
#2340 = EDGE_LOOP('',(#2341,#2350,#2358,#2365,#2373,#2378,#2379,#2380,
    #2381,#2382,#2383,#2390,#2396,#2397,#2404,#2411,#2419,#2426,#2434,
    #2441,#2448,#2455,#2463,#2470,#2478,#2485));
#2341 = ORIENTED_EDGE('',*,*,#2342,.T.);
#2342 = EDGE_CURVE('',#2343,#2345,#2347,.T.);
#2343 = VERTEX_POINT('',#2344);
#2344 = CARTESIAN_POINT('',(6.6,-1.692305435635,5.2000001));
#2345 = VERTEX_POINT('',#2346);
#2346 = CARTESIAN_POINT('',(6.6,1.702305435635,5.2000001));
#2347 = B_SPLINE_CURVE_WITH_KNOTS('',1,(#2348,#2349),.UNSPECIFIED.,.F.,
  .F.,(2,2),(-1.697305435635,1.697305435635),.PIECEWISE_BEZIER_KNOTS.);
#2348 = CARTESIAN_POINT('',(6.6,-1.692305435635,5.2000001));
#2349 = CARTESIAN_POINT('',(6.6,1.702305435635,5.2000001));
#2350 = ORIENTED_EDGE('',*,*,#2351,.F.);
#2351 = EDGE_CURVE('',#2352,#2345,#2354,.T.);
#2352 = VERTEX_POINT('',#2353);
#2353 = CARTESIAN_POINT('',(6.5,1.802305435635,5.2000001));
#2354 = ( BOUNDED_CURVE() B_SPLINE_CURVE(2,(#2355,#2356,#2357),
.UNSPECIFIED.,.F.,.F.) B_SPLINE_CURVE_WITH_KNOTS((3,3),(4.712388980385,
6.28318530718),.PIECEWISE_BEZIER_KNOTS.) CURVE() 
GEOMETRIC_REPRESENTATION_ITEM() RATIONAL_B_SPLINE_CURVE((1.,
0.707106781187,1.)) REPRESENTATION_ITEM('') );
#2355 = CARTESIAN_POINT('',(6.5,1.802305435635,5.2000001));
#2356 = CARTESIAN_POINT('',(6.6,1.802305435635,5.2000001));
#2357 = CARTESIAN_POINT('',(6.6,1.702305435635,5.2000001));
#2358 = ORIENTED_EDGE('',*,*,#2359,.F.);
#2359 = EDGE_CURVE('',#2360,#2352,#2362,.T.);
#2360 = VERTEX_POINT('',#2361);
#2361 = CARTESIAN_POINT('',(1.74367345689,1.802305435635,5.2000001));
#2362 = B_SPLINE_CURVE_WITH_KNOTS('',1,(#2363,#2364),.UNSPECIFIED.,.F.,
  .F.,(2,2),(1.74367345689,6.5),.PIECEWISE_BEZIER_KNOTS.);
#2363 = CARTESIAN_POINT('',(1.74367345689,1.802305435635,5.2000001));
#2364 = CARTESIAN_POINT('',(6.5,1.802305435635,5.2000001));
#2365 = ORIENTED_EDGE('',*,*,#2366,.F.);
#2366 = EDGE_CURVE('',#2367,#2360,#2369,.T.);
#2367 = VERTEX_POINT('',#2368);
#2368 = CARTESIAN_POINT('',(1.647529368757,1.729806605009,5.2000001));
#2369 = ( BOUNDED_CURVE() B_SPLINE_CURVE(2,(#2370,#2371,#2372),
.UNSPECIFIED.,.F.,.F.) B_SPLINE_CURVE_WITH_KNOTS((3,3),(3.42019451869,
4.712388980385),.PIECEWISE_BEZIER_KNOTS.) CURVE() 
GEOMETRIC_REPRESENTATION_ITEM() RATIONAL_B_SPLINE_CURVE((1.,
0.798439632579,1.)) REPRESENTATION_ITEM('') );
#2370 = CARTESIAN_POINT('',(1.647529368757,1.729806605009,5.2000001));
#2371 = CARTESIAN_POINT('',(1.668267020538,1.802305435635,5.2000001));
#2372 = CARTESIAN_POINT('',(1.74367345689,1.802305435635,5.2000001));
#2373 = ORIENTED_EDGE('',*,*,#2374,.F.);
#2374 = EDGE_CURVE('',#2057,#2367,#2375,.T.);
#2375 = B_SPLINE_CURVE_WITH_KNOTS('',1,(#2376,#2377),.UNSPECIFIED.,.F.,
  .F.,(2,2),(1.410634678744,2.111389424651),.PIECEWISE_BEZIER_KNOTS.);
#2376 = CARTESIAN_POINT('',(1.454813619185,1.056072344505,5.2000001));
#2377 = CARTESIAN_POINT('',(1.647529368757,1.729806605009,5.2000001));
#2378 = ORIENTED_EDGE('',*,*,#2054,.F.);
#2379 = ORIENTED_EDGE('',*,*,#2108,.F.);
#2380 = ORIENTED_EDGE('',*,*,#2159,.F.);
#2381 = ORIENTED_EDGE('',*,*,#2200,.T.);
#2382 = ORIENTED_EDGE('',*,*,#2221,.T.);
#2383 = ORIENTED_EDGE('',*,*,#2384,.T.);
#2384 = EDGE_CURVE('',#2215,#2385,#2387,.T.);
#2385 = VERTEX_POINT('',#2386);
#2386 = CARTESIAN_POINT('',(1.45524119249,1.784808943759,5.2000001));
#2387 = B_SPLINE_CURVE_WITH_KNOTS('',1,(#2388,#2389),.UNSPECIFIED.,.F.,
  .F.,(2,2),(1.410634678744,2.111389424651),.PIECEWISE_BEZIER_KNOTS.);
#2388 = CARTESIAN_POINT('',(1.262525442917,1.111074683254,5.2000001));
#2389 = CARTESIAN_POINT('',(1.45524119249,1.784808943759,5.2000001));
#2390 = ORIENTED_EDGE('',*,*,#2391,.T.);
#2391 = EDGE_CURVE('',#2385,#2295,#2392,.T.);
#2392 = ( BOUNDED_CURVE() B_SPLINE_CURVE(2,(#2393,#2394,#2395),
.UNSPECIFIED.,.F.,.F.) B_SPLINE_CURVE_WITH_KNOTS((3,3),(3.42019451869,
4.712388980385),.PIECEWISE_BEZIER_KNOTS.) CURVE() 
GEOMETRIC_REPRESENTATION_ITEM() RATIONAL_B_SPLINE_CURVE((1.,
0.798439632579,1.)) REPRESENTATION_ITEM('') );
#2393 = CARTESIAN_POINT('',(1.45524119249,1.784808943759,5.2000001));
#2394 = CARTESIAN_POINT('',(1.517454147832,2.002305435635,5.2000001));
#2395 = CARTESIAN_POINT('',(1.74367345689,2.002305435635,5.2000001));
#2396 = ORIENTED_EDGE('',*,*,#2329,.T.);
#2397 = ORIENTED_EDGE('',*,*,#2398,.T.);
#2398 = EDGE_CURVE('',#2323,#2399,#2401,.T.);
#2399 = VERTEX_POINT('',#2400);
#2400 = CARTESIAN_POINT('',(0.8,-1.992305435635,5.2000001));
#2401 = B_SPLINE_CURVE_WITH_KNOTS('',1,(#2402,#2403),.UNSPECIFIED.,.F.,
  .F.,(2,2),(0.,3.99461087127),.PIECEWISE_BEZIER_KNOTS.);
#2402 = CARTESIAN_POINT('',(0.8,2.002305435635,5.2000001));
#2403 = CARTESIAN_POINT('',(0.8,-1.992305435635,5.2000001));
#2404 = ORIENTED_EDGE('',*,*,#2405,.T.);
#2405 = EDGE_CURVE('',#2399,#2406,#2408,.T.);
#2406 = VERTEX_POINT('',#2407);
#2407 = CARTESIAN_POINT('',(1.74367345689,-1.992305435635,5.2000001));
#2408 = B_SPLINE_CURVE_WITH_KNOTS('',1,(#2409,#2410),.UNSPECIFIED.,.F.,
  .F.,(2,2),(0.,0.94367345689),.PIECEWISE_BEZIER_KNOTS.);
#2409 = CARTESIAN_POINT('',(0.8,-1.992305435635,5.2000001));
#2410 = CARTESIAN_POINT('',(1.74367345689,-1.992305435635,5.2000001));
#2411 = ORIENTED_EDGE('',*,*,#2412,.F.);
#2412 = EDGE_CURVE('',#2413,#2406,#2415,.T.);
#2413 = VERTEX_POINT('',#2414);
#2414 = CARTESIAN_POINT('',(1.45524119249,-1.774808943759,5.2000001));
#2415 = ( BOUNDED_CURVE() B_SPLINE_CURVE(2,(#2416,#2417,#2418),
.UNSPECIFIED.,.F.,.F.) B_SPLINE_CURVE_WITH_KNOTS((3,3),(3.42019451869,
4.712388980385),.PIECEWISE_BEZIER_KNOTS.) CURVE() 
GEOMETRIC_REPRESENTATION_ITEM() RATIONAL_B_SPLINE_CURVE((1.,
0.798439632579,1.)) REPRESENTATION_ITEM('') );
#2416 = CARTESIAN_POINT('',(1.45524119249,-1.774808943759,5.2000001));
#2417 = CARTESIAN_POINT('',(1.517454147832,-1.992305435635,5.2000001));
#2418 = CARTESIAN_POINT('',(1.74367345689,-1.992305435635,5.2000001));
#2419 = ORIENTED_EDGE('',*,*,#2420,.F.);
#2420 = EDGE_CURVE('',#2421,#2413,#2423,.T.);
#2421 = VERTEX_POINT('',#2422);
#2422 = CARTESIAN_POINT('',(1.262525442917,-1.101074683254,5.2000001));
#2423 = B_SPLINE_CURVE_WITH_KNOTS('',1,(#2424,#2425),.UNSPECIFIED.,.F.,
  .F.,(2,2),(1.410634678744,2.111389424651),.PIECEWISE_BEZIER_KNOTS.);
#2424 = CARTESIAN_POINT('',(1.262525442917,-1.101074683254,5.2000001));
#2425 = CARTESIAN_POINT('',(1.45524119249,-1.774808943759,5.2000001));
#2426 = ORIENTED_EDGE('',*,*,#2427,.F.);
#2427 = EDGE_CURVE('',#2428,#2421,#2430,.T.);
#2428 = VERTEX_POINT('',#2429);
#2429 = CARTESIAN_POINT('',(1.513507181821,-0.720917923611,5.2000001));
#2430 = ( BOUNDED_CURVE() B_SPLINE_CURVE(2,(#2431,#2432,#2433),
.UNSPECIFIED.,.F.,.F.) B_SPLINE_CURVE_WITH_KNOTS((3,3),(1.695957940995,
3.42019451869),.PIECEWISE_BEZIER_KNOTS.) CURVE() 
GEOMETRIC_REPRESENTATION_ITEM() RATIONAL_B_SPLINE_CURVE((1.,
0.650830676124,1.)) REPRESENTATION_ITEM('') );
#2431 = CARTESIAN_POINT('',(1.513507181821,-0.720917923611,5.2000001));
#2432 = CARTESIAN_POINT('',(1.166281433476,-0.764605626248,5.2000001));
#2433 = CARTESIAN_POINT('',(1.262525442917,-1.101074683254,5.2000001));
#2434 = ORIENTED_EDGE('',*,*,#2435,.F.);
#2435 = EDGE_CURVE('',#2436,#2428,#2438,.T.);
#2436 = VERTEX_POINT('',#2437);
#2437 = CARTESIAN_POINT('',(3.228625846451,-0.505122883739,5.2000001));
#2438 = B_SPLINE_CURVE_WITH_KNOTS('',1,(#2439,#2440),.UNSPECIFIED.,.F.,
  .F.,(2,2),(-3.139688703572,-1.411047753868),.PIECEWISE_BEZIER_KNOTS.);
#2439 = CARTESIAN_POINT('',(3.228625846451,-0.505122883739,5.2000001));
#2440 = CARTESIAN_POINT('',(1.513507181821,-0.720917923611,5.2000001));
#2441 = ORIENTED_EDGE('',*,*,#2442,.T.);
#2442 = EDGE_CURVE('',#2436,#2443,#2445,.T.);
#2443 = VERTEX_POINT('',#2444);
#2444 = CARTESIAN_POINT('',(3.253592863449,-0.703558384752,5.2000001));
#2445 = B_SPLINE_CURVE_WITH_KNOTS('',1,(#2446,#2447),.UNSPECIFIED.,.F.,
  .F.,(2,2),(0.909178232004,1.109178232004),.PIECEWISE_BEZIER_KNOTS.);
#2446 = CARTESIAN_POINT('',(3.228625846451,-0.505122883739,5.2000001));
#2447 = CARTESIAN_POINT('',(3.253592863449,-0.703558384752,5.2000001));
#2448 = ORIENTED_EDGE('',*,*,#2449,.T.);
#2449 = EDGE_CURVE('',#2443,#2450,#2452,.T.);
#2450 = VERTEX_POINT('',#2451);
#2451 = CARTESIAN_POINT('',(1.538474198819,-0.919353424624,5.2000001));
#2452 = B_SPLINE_CURVE_WITH_KNOTS('',1,(#2453,#2454),.UNSPECIFIED.,.F.,
  .F.,(2,2),(-3.139688703572,-1.411047753868),.PIECEWISE_BEZIER_KNOTS.);
#2453 = CARTESIAN_POINT('',(3.253592863449,-0.703558384752,5.2000001));
#2454 = CARTESIAN_POINT('',(1.538474198819,-0.919353424624,5.2000001));
#2455 = ORIENTED_EDGE('',*,*,#2456,.T.);
#2456 = EDGE_CURVE('',#2450,#2457,#2459,.T.);
#2457 = VERTEX_POINT('',#2458);
#2458 = CARTESIAN_POINT('',(1.454813619185,-1.046072344505,5.2000001));
#2459 = ( BOUNDED_CURVE() B_SPLINE_CURVE(2,(#2460,#2461,#2462),
.UNSPECIFIED.,.F.,.F.) B_SPLINE_CURVE_WITH_KNOTS((3,3),(1.695957940995,
3.42019451869),.PIECEWISE_BEZIER_KNOTS.) CURVE() 
GEOMETRIC_REPRESENTATION_ITEM() RATIONAL_B_SPLINE_CURVE((1.,
0.650830676124,1.)) REPRESENTATION_ITEM('') );
#2460 = CARTESIAN_POINT('',(1.538474198819,-0.919353424624,5.2000001));
#2461 = CARTESIAN_POINT('',(1.422732282704,-0.93391599217,5.2000001));
#2462 = CARTESIAN_POINT('',(1.454813619185,-1.046072344505,5.2000001));
#2463 = ORIENTED_EDGE('',*,*,#2464,.T.);
#2464 = EDGE_CURVE('',#2457,#2465,#2467,.T.);
#2465 = VERTEX_POINT('',#2466);
#2466 = CARTESIAN_POINT('',(1.647529368757,-1.719806605009,5.2000001));
#2467 = B_SPLINE_CURVE_WITH_KNOTS('',1,(#2468,#2469),.UNSPECIFIED.,.F.,
  .F.,(2,2),(1.410634678744,2.111389424651),.PIECEWISE_BEZIER_KNOTS.);
#2468 = CARTESIAN_POINT('',(1.454813619185,-1.046072344505,5.2000001));
#2469 = CARTESIAN_POINT('',(1.647529368757,-1.719806605009,5.2000001));
#2470 = ORIENTED_EDGE('',*,*,#2471,.T.);
#2471 = EDGE_CURVE('',#2465,#2472,#2474,.T.);
#2472 = VERTEX_POINT('',#2473);
#2473 = CARTESIAN_POINT('',(1.74367345689,-1.792305435635,5.2000001));
#2474 = ( BOUNDED_CURVE() B_SPLINE_CURVE(2,(#2475,#2476,#2477),
.UNSPECIFIED.,.F.,.F.) B_SPLINE_CURVE_WITH_KNOTS((3,3),(3.42019451869,
4.712388980385),.PIECEWISE_BEZIER_KNOTS.) CURVE() 
GEOMETRIC_REPRESENTATION_ITEM() RATIONAL_B_SPLINE_CURVE((1.,
0.798439632579,1.)) REPRESENTATION_ITEM('') );
#2475 = CARTESIAN_POINT('',(1.647529368757,-1.719806605009,5.2000001));
#2476 = CARTESIAN_POINT('',(1.668267020538,-1.792305435635,5.2000001));
#2477 = CARTESIAN_POINT('',(1.74367345689,-1.792305435635,5.2000001));
#2478 = ORIENTED_EDGE('',*,*,#2479,.T.);
#2479 = EDGE_CURVE('',#2472,#2480,#2482,.T.);
#2480 = VERTEX_POINT('',#2481);
#2481 = CARTESIAN_POINT('',(6.5,-1.792305435635,5.2000001));
#2482 = B_SPLINE_CURVE_WITH_KNOTS('',1,(#2483,#2484),.UNSPECIFIED.,.F.,
  .F.,(2,2),(1.74367345689,6.5),.PIECEWISE_BEZIER_KNOTS.);
#2483 = CARTESIAN_POINT('',(1.74367345689,-1.792305435635,5.2000001));
#2484 = CARTESIAN_POINT('',(6.5,-1.792305435635,5.2000001));
#2485 = ORIENTED_EDGE('',*,*,#2486,.T.);
#2486 = EDGE_CURVE('',#2480,#2343,#2487,.T.);
#2487 = ( BOUNDED_CURVE() B_SPLINE_CURVE(2,(#2488,#2489,#2490),
.UNSPECIFIED.,.F.,.F.) B_SPLINE_CURVE_WITH_KNOTS((3,3),(4.712388980385,
6.28318530718),.PIECEWISE_BEZIER_KNOTS.) CURVE() 
GEOMETRIC_REPRESENTATION_ITEM() RATIONAL_B_SPLINE_CURVE((1.,
0.707106781187,1.)) REPRESENTATION_ITEM('') );
#2488 = CARTESIAN_POINT('',(6.5,-1.792305435635,5.2000001));
#2489 = CARTESIAN_POINT('',(6.6,-1.792305435635,5.2000001));
#2490 = CARTESIAN_POINT('',(6.6,-1.692305435635,5.2000001));
#2491 = B_SPLINE_SURFACE_WITH_KNOTS('',1,1,(
    (#2492,#2493)
    ,(#2494,#2495
    )),.UNSPECIFIED.,.F.,.F.,.F.,(2,2),(2,2),(0.8,6.6),(-1.997305435635,
    1.997305435635),.PIECEWISE_BEZIER_KNOTS.);
#2492 = CARTESIAN_POINT('',(0.8,-1.992305435635,5.2000001));
#2493 = CARTESIAN_POINT('',(0.8,2.002305435635,5.2000001));
#2494 = CARTESIAN_POINT('',(6.6,-1.992305435635,5.2000001));
#2495 = CARTESIAN_POINT('',(6.6,2.002305435635,5.2000001));
#2496 = ADVANCED_FACE('',(#2497),#2543,.T.);
#2497 = FACE_BOUND('',#2498,.T.);
#2498 = EDGE_LOOP('',(#2499,#2508,#2515,#2522,#2530,#2537));
#2499 = ORIENTED_EDGE('',*,*,#2500,.T.);
#2500 = EDGE_CURVE('',#2501,#2503,#2505,.T.);
#2501 = VERTEX_POINT('',#2502);
#2502 = CARTESIAN_POINT('',(1.538474198819,-0.919353424624,8.1000001));
#2503 = VERTEX_POINT('',#2504);
#2504 = CARTESIAN_POINT('',(1.666108855346,-0.903294520734,8.1000001));
#2505 = B_SPLINE_CURVE_WITH_KNOTS('',1,(#2506,#2507),.UNSPECIFIED.,.F.,
  .F.,(2,2),(0.,0.128640949704),.PIECEWISE_BEZIER_KNOTS.);
#2506 = CARTESIAN_POINT('',(1.538474198819,-0.919353424624,8.1000001));
#2507 = CARTESIAN_POINT('',(1.666108855346,-0.903294520734,8.1000001));
#2508 = ORIENTED_EDGE('',*,*,#2509,.F.);
#2509 = EDGE_CURVE('',#2510,#2503,#2512,.T.);
#2510 = VERTEX_POINT('',#2511);
#2511 = CARTESIAN_POINT('',(1.641141838348,-0.704859019721,8.1000001));
#2512 = B_SPLINE_CURVE_WITH_KNOTS('',1,(#2513,#2514),.UNSPECIFIED.,.F.,
  .F.,(2,2),(2.771895712714E-17,0.2),.PIECEWISE_BEZIER_KNOTS.);
#2513 = CARTESIAN_POINT('',(1.641141838348,-0.704859019721,8.1000001));
#2514 = CARTESIAN_POINT('',(1.666108855346,-0.903294520734,8.1000001));
#2515 = ORIENTED_EDGE('',*,*,#2516,.T.);
#2516 = EDGE_CURVE('',#2510,#2517,#2519,.T.);
#2517 = VERTEX_POINT('',#2518);
#2518 = CARTESIAN_POINT('',(1.513507181821,-0.720917923611,8.1000001));
#2519 = B_SPLINE_CURVE_WITH_KNOTS('',1,(#2520,#2521),.UNSPECIFIED.,.F.,
  .F.,(2,2),(1.6,1.728640949704),.PIECEWISE_BEZIER_KNOTS.);
#2520 = CARTESIAN_POINT('',(1.641141838348,-0.704859019721,8.1000001));
#2521 = CARTESIAN_POINT('',(1.513507181821,-0.720917923611,8.1000001));
#2522 = ORIENTED_EDGE('',*,*,#2523,.T.);
#2523 = EDGE_CURVE('',#2517,#2524,#2526,.T.);
#2524 = VERTEX_POINT('',#2525);
#2525 = CARTESIAN_POINT('',(1.262525442917,-1.101074683254,8.1000001));
#2526 = ( BOUNDED_CURVE() B_SPLINE_CURVE(2,(#2527,#2528,#2529),
.UNSPECIFIED.,.F.,.F.) B_SPLINE_CURVE_WITH_KNOTS((3,3),(4.837550594585,
6.56178717228),.PIECEWISE_BEZIER_KNOTS.) CURVE() 
GEOMETRIC_REPRESENTATION_ITEM() RATIONAL_B_SPLINE_CURVE((1.,
0.650830676124,1.)) REPRESENTATION_ITEM('') );
#2527 = CARTESIAN_POINT('',(1.513507181821,-0.720917923611,8.1000001));
#2528 = CARTESIAN_POINT('',(1.166281433476,-0.764605626248,8.1000001));
#2529 = CARTESIAN_POINT('',(1.262525442917,-1.101074683254,8.1000001));
#2530 = ORIENTED_EDGE('',*,*,#2531,.T.);
#2531 = EDGE_CURVE('',#2524,#2532,#2534,.T.);
#2532 = VERTEX_POINT('',#2533);
#2533 = CARTESIAN_POINT('',(1.454813619185,-1.046072344505,8.1000001));
#2534 = B_SPLINE_CURVE_WITH_KNOTS('',1,(#2535,#2536),.UNSPECIFIED.,.F.,
  .F.,(2,2),(-0.2,0.),.PIECEWISE_BEZIER_KNOTS.);
#2535 = CARTESIAN_POINT('',(1.262525442917,-1.101074683254,8.1000001));
#2536 = CARTESIAN_POINT('',(1.454813619185,-1.046072344505,8.1000001));
#2537 = ORIENTED_EDGE('',*,*,#2538,.T.);
#2538 = EDGE_CURVE('',#2532,#2501,#2539,.T.);
#2539 = ( BOUNDED_CURVE() B_SPLINE_CURVE(2,(#2540,#2541,#2542),
.UNSPECIFIED.,.F.,.F.) B_SPLINE_CURVE_WITH_KNOTS((3,3),(6.004583442079,
7.728820019774),.PIECEWISE_BEZIER_KNOTS.) CURVE() 
GEOMETRIC_REPRESENTATION_ITEM() RATIONAL_B_SPLINE_CURVE((1.,
0.650830676124,1.)) REPRESENTATION_ITEM('') );
#2540 = CARTESIAN_POINT('',(1.454813619185,-1.046072344505,8.1000001));
#2541 = CARTESIAN_POINT('',(1.422732282704,-0.93391599217,8.1000001));
#2542 = CARTESIAN_POINT('',(1.538474198819,-0.919353424624,8.1000001));
#2543 = B_SPLINE_SURFACE_WITH_KNOTS('',1,1,(
    (#2544,#2545)
    ,(#2546,#2547
    )),.UNSPECIFIED.,.F.,.F.,.F.,(2,2),(2,2),(-0.115151148027,0.3),(
    -0.313712155409,8.250350812375E-02),.PIECEWISE_BEZIER_KNOTS.);
#2544 = CARTESIAN_POINT('',(1.666108855346,-0.704859019721,8.1000001));
#2545 = CARTESIAN_POINT('',(1.666108855346,-1.101074683254,8.1000001));
#2546 = CARTESIAN_POINT('',(1.250957707318,-0.704859019721,8.1000001));
#2547 = CARTESIAN_POINT('',(1.250957707318,-1.101074683254,8.1000001));
#2548 = ADVANCED_FACE('',(#2549),#2563,.T.);
#2549 = FACE_BOUND('',#2550,.T.);
#2550 = EDGE_LOOP('',(#2551,#2556,#2557,#2562));
#2551 = ORIENTED_EDGE('',*,*,#2552,.T.);
#2552 = EDGE_CURVE('',#2421,#2524,#2553,.T.);
#2553 = B_SPLINE_CURVE_WITH_KNOTS('',1,(#2554,#2555),.UNSPECIFIED.,.F.,
  .F.,(2,2),(0.1,3.),.PIECEWISE_BEZIER_KNOTS.);
#2554 = CARTESIAN_POINT('',(1.262525442917,-1.101074683254,5.2000001));
#2555 = CARTESIAN_POINT('',(1.262525442917,-1.101074683254,8.1000001));
#2556 = ORIENTED_EDGE('',*,*,#2523,.F.);
#2557 = ORIENTED_EDGE('',*,*,#2558,.F.);
#2558 = EDGE_CURVE('',#2428,#2517,#2559,.T.);
#2559 = B_SPLINE_CURVE_WITH_KNOTS('',1,(#2560,#2561),.UNSPECIFIED.,.F.,
  .F.,(2,2),(0.1,3.),.PIECEWISE_BEZIER_KNOTS.);
#2560 = CARTESIAN_POINT('',(1.513507181821,-0.720917923611,5.2000001));
#2561 = CARTESIAN_POINT('',(1.513507181821,-0.720917923611,8.1000001));
#2562 = ORIENTED_EDGE('',*,*,#2427,.T.);
#2563 = ( BOUNDED_SURFACE() B_SPLINE_SURFACE(2,1,(
    (#2564,#2565)
    ,(#2566,#2567)
    ,(#2568,#2569
)),.UNSPECIFIED.,.F.,.F.,.F.) B_SPLINE_SURFACE_WITH_KNOTS((3,3),(2,2),(
    1.695957940995,3.42019451869),(0.1,3.),.PIECEWISE_BEZIER_KNOTS.) 
GEOMETRIC_REPRESENTATION_ITEM() RATIONAL_B_SPLINE_SURFACE((
    (1.,1.)
    ,(0.650830676124,0.650830676124)
,(1.,1.))) REPRESENTATION_ITEM('') SURFACE() );
#2564 = CARTESIAN_POINT('',(1.513507181821,-0.720917923611,5.2000001));
#2565 = CARTESIAN_POINT('',(1.513507181821,-0.720917923611,8.1000001));
#2566 = CARTESIAN_POINT('',(1.166281433476,-0.764605626248,5.2000001));
#2567 = CARTESIAN_POINT('',(1.166281433476,-0.764605626248,8.1000001));
#2568 = CARTESIAN_POINT('',(1.262525442917,-1.101074683254,5.2000001));
#2569 = CARTESIAN_POINT('',(1.262525442917,-1.101074683254,8.1000001));
#2570 = ADVANCED_FACE('',(#2571),#2595,.T.);
#2571 = FACE_BOUND('',#2572,.T.);
#2572 = EDGE_LOOP('',(#2573,#2574,#2575,#2582,#2589,#2594));
#2573 = ORIENTED_EDGE('',*,*,#2558,.T.);
#2574 = ORIENTED_EDGE('',*,*,#2516,.F.);
#2575 = ORIENTED_EDGE('',*,*,#2576,.T.);
#2576 = EDGE_CURVE('',#2510,#2577,#2579,.T.);
#2577 = VERTEX_POINT('',#2578);
#2578 = CARTESIAN_POINT('',(1.641141838348,-0.704859019721,
    8.726286234756));
#2579 = B_SPLINE_CURVE_WITH_KNOTS('',1,(#2580,#2581),.UNSPECIFIED.,.F.,
  .F.,(2,2),(0.,0.626286134756),.PIECEWISE_BEZIER_KNOTS.);
#2580 = CARTESIAN_POINT('',(1.641141838348,-0.704859019721,8.1000001));
#2581 = CARTESIAN_POINT('',(1.641141838348,-0.704859019721,
    8.726286234756));
#2582 = ORIENTED_EDGE('',*,*,#2583,.T.);
#2583 = EDGE_CURVE('',#2577,#2584,#2586,.T.);
#2584 = VERTEX_POINT('',#2585);
#2585 = CARTESIAN_POINT('',(3.228625846451,-0.505122883739,
    8.726286234756));
#2586 = B_SPLINE_CURVE_WITH_KNOTS('',1,(#2587,#2588),.UNSPECIFIED.,.F.,
  .F.,(2,2),(0.,1.6),.PIECEWISE_BEZIER_KNOTS.);
#2587 = CARTESIAN_POINT('',(1.641141838348,-0.704859019721,
    8.726286234756));
#2588 = CARTESIAN_POINT('',(3.228625846451,-0.505122883739,
    8.726286234756));
#2589 = ORIENTED_EDGE('',*,*,#2590,.F.);
#2590 = EDGE_CURVE('',#2436,#2584,#2591,.T.);
#2591 = B_SPLINE_CURVE_WITH_KNOTS('',1,(#2592,#2593),.UNSPECIFIED.,.F.,
  .F.,(2,2),(0.1,3.626286134756),.PIECEWISE_BEZIER_KNOTS.);
#2592 = CARTESIAN_POINT('',(3.228625846451,-0.505122883739,5.2000001));
#2593 = CARTESIAN_POINT('',(3.228625846451,-0.505122883739,
    8.726286234756));
#2594 = ORIENTED_EDGE('',*,*,#2435,.T.);
#2595 = B_SPLINE_SURFACE_WITH_KNOTS('',1,1,(
    (#2596,#2597)
    ,(#2598,#2599
    )),.UNSPECIFIED.,.F.,.F.,.F.,(2,2),(2,2),(0.,1.728640949704),(0.1,
    3.626286134756),.PIECEWISE_BEZIER_KNOTS.);
#2596 = CARTESIAN_POINT('',(3.228625846451,-0.505122883739,5.2000001));
#2597 = CARTESIAN_POINT('',(3.228625846451,-0.505122883739,
    8.726286234756));
#2598 = CARTESIAN_POINT('',(1.513507181821,-0.720917923611,5.2000001));
#2599 = CARTESIAN_POINT('',(1.513507181821,-0.720917923611,
    8.726286234756));
#2600 = ADVANCED_FACE('',(#2601),#2647,.F.);
#2601 = FACE_BOUND('',#2602,.T.);
#2602 = EDGE_LOOP('',(#2603,#2612,#2619,#2626,#2634,#2639,#2640,#2641));
#2603 = ORIENTED_EDGE('',*,*,#2604,.T.);
#2604 = EDGE_CURVE('',#2605,#2607,#2609,.T.);
#2605 = VERTEX_POINT('',#2606);
#2606 = CARTESIAN_POINT('',(3.251642921583,-0.688060430345,
    9.304873983074));
#2607 = VERTEX_POINT('',#2608);
#2608 = CARTESIAN_POINT('',(3.307610493374,-1.132885422846,
    9.936876071421));
#2609 = B_SPLINE_CURVE_WITH_KNOTS('',1,(#2610,#2611),.UNSPECIFIED.,.F.,
  .F.,(2,2),(9.793508379274E-16,0.774873075233),
  .PIECEWISE_BEZIER_KNOTS.);
#2610 = CARTESIAN_POINT('',(3.251642921583,-0.688060430345,
    9.304873983074));
#2611 = CARTESIAN_POINT('',(3.307610493374,-1.132885422846,
    9.936876071421));
#2612 = ORIENTED_EDGE('',*,*,#2613,.T.);
#2613 = EDGE_CURVE('',#2607,#2614,#2616,.T.);
#2614 = VERTEX_POINT('',#2615);
#2615 = CARTESIAN_POINT('',(3.327974095345,-1.294733414538,
    9.821158521757));
#2616 = B_SPLINE_CURVE_WITH_KNOTS('',1,(#2617,#2618),.UNSPECIFIED.,.F.,
  .F.,(2,2),(-2.282504586568,-2.082504586568),.PIECEWISE_BEZIER_KNOTS.);
#2617 = CARTESIAN_POINT('',(3.307610493374,-1.132885422846,
    9.936876071421));
#2618 = CARTESIAN_POINT('',(3.327974095345,-1.294733414538,
    9.821158521757));
#2619 = ORIENTED_EDGE('',*,*,#2620,.F.);
#2620 = EDGE_CURVE('',#2621,#2614,#2623,.T.);
#2621 = VERTEX_POINT('',#2622);
#2622 = CARTESIAN_POINT('',(3.272006523554,-0.849908422037,9.18915643341
    ));
#2623 = B_SPLINE_CURVE_WITH_KNOTS('',1,(#2624,#2625),.UNSPECIFIED.,.F.,
  .F.,(2,2),(1.106818152095E-15,0.774873075233),
  .PIECEWISE_BEZIER_KNOTS.);
#2624 = CARTESIAN_POINT('',(3.272006523554,-0.849908422037,9.18915643341
    ));
#2625 = CARTESIAN_POINT('',(3.327974095345,-1.294733414538,
    9.821158521757));
#2626 = ORIENTED_EDGE('',*,*,#2627,.F.);
#2627 = EDGE_CURVE('',#2628,#2621,#2630,.T.);
#2628 = VERTEX_POINT('',#2629);
#2629 = CARTESIAN_POINT('',(3.253592863449,-0.703558384752,
    8.726286234756));
#2630 = ( BOUNDED_CURVE() B_SPLINE_CURVE(2,(#2631,#2632,#2633),
.UNSPECIFIED.,.F.,.F.) B_SPLINE_CURVE_WITH_KNOTS((3,3),(4.712388980385,
5.329385098847),.PIECEWISE_BEZIER_KNOTS.) CURVE() 
GEOMETRIC_REPRESENTATION_ITEM() RATIONAL_B_SPLINE_CURVE((1.,
0.952790675567,1.)) REPRESENTATION_ITEM('') );
#2631 = CARTESIAN_POINT('',(3.253592863449,-0.703558384752,
    8.726286234756));
#2632 = CARTESIAN_POINT('',(3.253592863449,-0.703558384752,
    8.981224031335));
#2633 = CARTESIAN_POINT('',(3.272006523554,-0.849908422037,9.18915643341
    ));
#2634 = ORIENTED_EDGE('',*,*,#2635,.F.);
#2635 = EDGE_CURVE('',#2443,#2628,#2636,.T.);
#2636 = B_SPLINE_CURVE_WITH_KNOTS('',1,(#2637,#2638),.UNSPECIFIED.,.F.,
  .F.,(2,2),(0.1,3.626286134756),.PIECEWISE_BEZIER_KNOTS.);
#2637 = CARTESIAN_POINT('',(3.253592863449,-0.703558384752,5.2000001));
#2638 = CARTESIAN_POINT('',(3.253592863449,-0.703558384752,
    8.726286234756));
#2639 = ORIENTED_EDGE('',*,*,#2442,.F.);
#2640 = ORIENTED_EDGE('',*,*,#2590,.T.);
#2641 = ORIENTED_EDGE('',*,*,#2642,.T.);
#2642 = EDGE_CURVE('',#2584,#2605,#2643,.T.);
#2643 = ( BOUNDED_CURVE() B_SPLINE_CURVE(2,(#2644,#2645,#2646),
.UNSPECIFIED.,.F.,.F.) B_SPLINE_CURVE_WITH_KNOTS((3,3),(0.,
0.616996118462),.PIECEWISE_BEZIER_KNOTS.) CURVE() 
GEOMETRIC_REPRESENTATION_ITEM() RATIONAL_B_SPLINE_CURVE((1.,
0.952790675567,1.)) REPRESENTATION_ITEM('') );
#2644 = CARTESIAN_POINT('',(3.228625846451,-0.505122883739,
    8.726286234756));
#2645 = CARTESIAN_POINT('',(3.228625846451,-0.505122883739,9.04495848048
    ));
#2646 = CARTESIAN_POINT('',(3.251642921583,-0.688060430345,
    9.304873983074));
#2647 = B_SPLINE_SURFACE_WITH_KNOTS('',1,1,(
    (#2648,#2649)
    ,(#2650,#2651
    )),.UNSPECIFIED.,.F.,.F.,.F.,(2,2),(2,2),(-1.110223024625E-16,
    0.795835953514),(0.1,4.836875971421),.PIECEWISE_BEZIER_KNOTS.);
#2648 = CARTESIAN_POINT('',(3.228625846451,-0.505122883739,5.2000001));
#2649 = CARTESIAN_POINT('',(3.228625846451,-0.505122883739,
    9.936876071421));
#2650 = CARTESIAN_POINT('',(3.327974095345,-1.294733414538,5.2000001));
#2651 = CARTESIAN_POINT('',(3.327974095345,-1.294733414538,
    9.936876071421));
#2652 = ADVANCED_FACE('',(#2653),#2675,.F.);
#2653 = FACE_BOUND('',#2654,.T.);
#2654 = EDGE_LOOP('',(#2655,#2656,#2661,#2662,#2663,#2670));
#2655 = ORIENTED_EDGE('',*,*,#2500,.F.);
#2656 = ORIENTED_EDGE('',*,*,#2657,.F.);
#2657 = EDGE_CURVE('',#2450,#2501,#2658,.T.);
#2658 = B_SPLINE_CURVE_WITH_KNOTS('',1,(#2659,#2660),.UNSPECIFIED.,.F.,
  .F.,(2,2),(0.1,3.),.PIECEWISE_BEZIER_KNOTS.);
#2659 = CARTESIAN_POINT('',(1.538474198819,-0.919353424624,5.2000001));
#2660 = CARTESIAN_POINT('',(1.538474198819,-0.919353424624,8.1000001));
#2661 = ORIENTED_EDGE('',*,*,#2449,.F.);
#2662 = ORIENTED_EDGE('',*,*,#2635,.T.);
#2663 = ORIENTED_EDGE('',*,*,#2664,.F.);
#2664 = EDGE_CURVE('',#2665,#2628,#2667,.T.);
#2665 = VERTEX_POINT('',#2666);
#2666 = CARTESIAN_POINT('',(1.666108855346,-0.903294520734,
    8.726286234756));
#2667 = B_SPLINE_CURVE_WITH_KNOTS('',1,(#2668,#2669),.UNSPECIFIED.,.F.,
  .F.,(2,2),(0.,1.6),.PIECEWISE_BEZIER_KNOTS.);
#2668 = CARTESIAN_POINT('',(1.666108855346,-0.903294520734,
    8.726286234756));
#2669 = CARTESIAN_POINT('',(3.253592863449,-0.703558384752,
    8.726286234756));
#2670 = ORIENTED_EDGE('',*,*,#2671,.F.);
#2671 = EDGE_CURVE('',#2503,#2665,#2672,.T.);
#2672 = B_SPLINE_CURVE_WITH_KNOTS('',1,(#2673,#2674),.UNSPECIFIED.,.F.,
  .F.,(2,2),(-3.78404641086E-32,0.626286134756),
  .PIECEWISE_BEZIER_KNOTS.);
#2673 = CARTESIAN_POINT('',(1.666108855346,-0.903294520734,8.1000001));
#2674 = CARTESIAN_POINT('',(1.666108855346,-0.903294520734,
    8.726286234756));
#2675 = B_SPLINE_SURFACE_WITH_KNOTS('',1,1,(
    (#2676,#2677)
    ,(#2678,#2679
    )),.UNSPECIFIED.,.F.,.F.,.F.,(2,2),(2,2),(0.,1.728640949704),(0.1,
    3.626286134756),.PIECEWISE_BEZIER_KNOTS.);
#2676 = CARTESIAN_POINT('',(3.253592863449,-0.703558384752,5.2000001));
#2677 = CARTESIAN_POINT('',(3.253592863449,-0.703558384752,
    8.726286234756));
#2678 = CARTESIAN_POINT('',(1.538474198819,-0.919353424624,5.2000001));
#2679 = CARTESIAN_POINT('',(1.538474198819,-0.919353424624,
    8.726286234756));
#2680 = ADVANCED_FACE('',(#2681),#2691,.F.);
#2681 = FACE_BOUND('',#2682,.F.);
#2682 = EDGE_LOOP('',(#2683,#2684,#2685,#2690));
#2683 = ORIENTED_EDGE('',*,*,#2657,.F.);
#2684 = ORIENTED_EDGE('',*,*,#2456,.T.);
#2685 = ORIENTED_EDGE('',*,*,#2686,.T.);
#2686 = EDGE_CURVE('',#2457,#2532,#2687,.T.);
#2687 = B_SPLINE_CURVE_WITH_KNOTS('',1,(#2688,#2689),.UNSPECIFIED.,.F.,
  .F.,(2,2),(0.1,3.),.PIECEWISE_BEZIER_KNOTS.);
#2688 = CARTESIAN_POINT('',(1.454813619185,-1.046072344505,5.2000001));
#2689 = CARTESIAN_POINT('',(1.454813619185,-1.046072344505,8.1000001));
#2690 = ORIENTED_EDGE('',*,*,#2538,.T.);
#2691 = ( BOUNDED_SURFACE() B_SPLINE_SURFACE(2,1,(
    (#2692,#2693)
    ,(#2694,#2695)
    ,(#2696,#2697
)),.UNSPECIFIED.,.F.,.F.,.F.) B_SPLINE_SURFACE_WITH_KNOTS((3,3),(2,2),(
    1.695957940995,3.42019451869),(0.1,3.),.PIECEWISE_BEZIER_KNOTS.) 
GEOMETRIC_REPRESENTATION_ITEM() RATIONAL_B_SPLINE_SURFACE((
    (1.,1.)
    ,(0.650830676124,0.650830676124)
,(1.,1.))) REPRESENTATION_ITEM('') SURFACE() );
#2692 = CARTESIAN_POINT('',(1.538474198819,-0.919353424624,5.2000001));
#2693 = CARTESIAN_POINT('',(1.538474198819,-0.919353424624,8.1000001));
#2694 = CARTESIAN_POINT('',(1.422732282704,-0.93391599217,5.2000001));
#2695 = CARTESIAN_POINT('',(1.422732282704,-0.93391599217,8.1000001));
#2696 = CARTESIAN_POINT('',(1.454813619185,-1.046072344505,5.2000001));
#2697 = CARTESIAN_POINT('',(1.454813619185,-1.046072344505,8.1000001));
#2698 = ADVANCED_FACE('',(#2699),#2715,.T.);
#2699 = FACE_BOUND('',#2700,.T.);
#2700 = EDGE_LOOP('',(#2701,#2709,#2714));
#2701 = ORIENTED_EDGE('',*,*,#2702,.F.);
#2702 = EDGE_CURVE('',#2703,#2247,#2705,.T.);
#2703 = VERTEX_POINT('',#2704);
#2704 = CARTESIAN_POINT('',(6.5,-1.992305435635,5.2000001));
#2705 = ( BOUNDED_CURVE() B_SPLINE_CURVE(2,(#2706,#2707,#2708),
.UNSPECIFIED.,.F.,.F.) B_SPLINE_CURVE_WITH_KNOTS((3,3),(4.712388980385,
6.28318530718),.PIECEWISE_BEZIER_KNOTS.) CURVE() 
GEOMETRIC_REPRESENTATION_ITEM() RATIONAL_B_SPLINE_CURVE((1.,
0.707106781187,1.)) REPRESENTATION_ITEM('') );
#2706 = CARTESIAN_POINT('',(6.5,-1.992305435635,5.2000001));
#2707 = CARTESIAN_POINT('',(6.8,-1.992305435635,5.2000001));
#2708 = CARTESIAN_POINT('',(6.8,-1.692305435635,5.2000001));
#2709 = ORIENTED_EDGE('',*,*,#2710,.T.);
#2710 = EDGE_CURVE('',#2703,#2254,#2711,.T.);
#2711 = B_SPLINE_CURVE_WITH_KNOTS('',1,(#2712,#2713),.UNSPECIFIED.,.F.,
  .F.,(2,2),(5.7,6.),.PIECEWISE_BEZIER_KNOTS.);
#2712 = CARTESIAN_POINT('',(6.5,-1.992305435635,5.2000001));
#2713 = CARTESIAN_POINT('',(6.8,-1.992305435635,5.2000001));
#2714 = ORIENTED_EDGE('',*,*,#2253,.T.);
#2715 = B_SPLINE_SURFACE_WITH_KNOTS('',1,1,(
    (#2716,#2717)
    ,(#2718,#2719
    )),.UNSPECIFIED.,.F.,.F.,.F.,(2,2),(2,2),(6.5,6.8),(-1.997305435635,
    -1.697305435635),.PIECEWISE_BEZIER_KNOTS.);
#2716 = CARTESIAN_POINT('',(6.5,-1.992305435635,5.2000001));
#2717 = CARTESIAN_POINT('',(6.5,-1.692305435635,5.2000001));
#2718 = CARTESIAN_POINT('',(6.8,-1.992305435635,5.2000001));
#2719 = CARTESIAN_POINT('',(6.8,-1.692305435635,5.2000001));
#2720 = ADVANCED_FACE('',(#2721),#2765,.T.);
#2721 = FACE_BOUND('',#2722,.T.);
#2722 = EDGE_LOOP('',(#2723,#2732,#2739,#2744,#2745,#2753,#2758,#2759));
#2723 = ORIENTED_EDGE('',*,*,#2724,.F.);
#2724 = EDGE_CURVE('',#2725,#2727,#2729,.T.);
#2725 = VERTEX_POINT('',#2726);
#2726 = CARTESIAN_POINT('',(-1.641141838348,-0.704859019721,8.1000001));
#2727 = VERTEX_POINT('',#2728);
#2728 = CARTESIAN_POINT('',(-1.513507181821,-0.720917923611,8.1000001));
#2729 = B_SPLINE_CURVE_WITH_KNOTS('',1,(#2730,#2731),.UNSPECIFIED.,.F.,
  .F.,(2,2),(1.6,1.728640949704),.PIECEWISE_BEZIER_KNOTS.);
#2730 = CARTESIAN_POINT('',(-1.641141838348,-0.704859019721,8.1000001));
#2731 = CARTESIAN_POINT('',(-1.513507181821,-0.720917923611,8.1000001));
#2732 = ORIENTED_EDGE('',*,*,#2733,.T.);
#2733 = EDGE_CURVE('',#2725,#2734,#2736,.T.);
#2734 = VERTEX_POINT('',#2735);
#2735 = CARTESIAN_POINT('',(-1.666108855346,-0.903294520734,8.1000001));
#2736 = B_SPLINE_CURVE_WITH_KNOTS('',1,(#2737,#2738),.UNSPECIFIED.,.F.,
  .F.,(2,2),(0.,0.2),.PIECEWISE_BEZIER_KNOTS.);
#2737 = CARTESIAN_POINT('',(-1.641141838348,-0.704859019721,8.1000001));
#2738 = CARTESIAN_POINT('',(-1.666108855346,-0.903294520734,8.1000001));
#2739 = ORIENTED_EDGE('',*,*,#2740,.F.);
#2740 = EDGE_CURVE('',#224,#2734,#2741,.T.);
#2741 = B_SPLINE_CURVE_WITH_KNOTS('',1,(#2742,#2743),.UNSPECIFIED.,.F.,
  .F.,(2,2),(0.,0.128640949704),.PIECEWISE_BEZIER_KNOTS.);
#2742 = CARTESIAN_POINT('',(-1.538474198819,-0.919353424624,8.1000001));
#2743 = CARTESIAN_POINT('',(-1.666108855346,-0.903294520734,8.1000001));
#2744 = ORIENTED_EDGE('',*,*,#230,.F.);
#2745 = ORIENTED_EDGE('',*,*,#2746,.F.);
#2746 = EDGE_CURVE('',#2747,#231,#2749,.T.);
#2747 = VERTEX_POINT('',#2748);
#2748 = CARTESIAN_POINT('',(-1.454813619185,-1.046072344505,8.1000001));
#2749 = ( BOUNDED_CURVE() B_SPLINE_CURVE(2,(#2750,#2751,#2752),
.UNSPECIFIED.,.F.,.F.) B_SPLINE_CURVE_WITH_KNOTS((3,3),(6.004583442079,
6.28318530718),.PIECEWISE_BEZIER_KNOTS.) CURVE() 
GEOMETRIC_REPRESENTATION_ITEM() RATIONAL_B_SPLINE_CURVE((1.,
0.990313304297,1.)) REPRESENTATION_ITEM('') );
#2750 = CARTESIAN_POINT('',(-1.454813619185,-1.046072344505,8.1000001));
#2751 = CARTESIAN_POINT('',(-1.450957707318,-1.03259207662,8.1000001));
#2752 = CARTESIAN_POINT('',(-1.450957707318,-1.01857117513,8.1000001));
#2753 = ORIENTED_EDGE('',*,*,#2754,.F.);
#2754 = EDGE_CURVE('',#199,#2747,#2755,.T.);
#2755 = B_SPLINE_CURVE_WITH_KNOTS('',1,(#2756,#2757),.UNSPECIFIED.,.F.,
  .F.,(2,2),(-0.2,0.),.PIECEWISE_BEZIER_KNOTS.);
#2756 = CARTESIAN_POINT('',(-1.262525442917,-1.101074683254,8.1000001));
#2757 = CARTESIAN_POINT('',(-1.454813619185,-1.046072344505,8.1000001));
#2758 = ORIENTED_EDGE('',*,*,#198,.F.);
#2759 = ORIENTED_EDGE('',*,*,#2760,.F.);
#2760 = EDGE_CURVE('',#2727,#192,#2761,.T.);
#2761 = ( BOUNDED_CURVE() B_SPLINE_CURVE(2,(#2762,#2763,#2764),
.UNSPECIFIED.,.F.,.F.) B_SPLINE_CURVE_WITH_KNOTS((3,3),(4.837550594585,
6.28318530718),.PIECEWISE_BEZIER_KNOTS.) CURVE() 
GEOMETRIC_REPRESENTATION_ITEM() RATIONAL_B_SPLINE_CURVE((1.,
0.749945026315,1.)) REPRESENTATION_ITEM('') );
#2762 = CARTESIAN_POINT('',(-1.513507181821,-0.720917923611,8.1000001));
#2763 = CARTESIAN_POINT('',(-1.250957707318,-0.75395171625,8.1000001));
#2764 = CARTESIAN_POINT('',(-1.250957707318,-1.01857117513,8.1000001));
#2765 = B_SPLINE_SURFACE_WITH_KNOTS('',1,1,(
    (#2766,#2767)
    ,(#2768,#2769
    )),.UNSPECIFIED.,.F.,.F.,.F.,(2,2),(2,2),(-0.115151148027,0.3),(
    -8.250350812375E-02,0.313712155409),.PIECEWISE_BEZIER_KNOTS.);
#2766 = CARTESIAN_POINT('',(-1.666108855346,-1.101074683254,8.1000001));
#2767 = CARTESIAN_POINT('',(-1.666108855346,-0.704859019721,8.1000001));
#2768 = CARTESIAN_POINT('',(-1.250957707318,-1.101074683254,8.1000001));
#2769 = CARTESIAN_POINT('',(-1.250957707318,-0.704859019721,8.1000001));
#2770 = ADVANCED_FACE('',(#2771),#2921,.T.);
#2771 = FACE_BOUND('',#2772,.T.);
#2772 = EDGE_LOOP('',(#2773,#2782,#2789,#2796,#2804,#2811,#2819,#2826,
    #2834,#2841,#2849,#2856,#2863,#2870,#2878,#2885,#2893,#2900,#2908,
    #2915));
#2773 = ORIENTED_EDGE('',*,*,#2774,.F.);
#2774 = EDGE_CURVE('',#2775,#2777,#2779,.T.);
#2775 = VERTEX_POINT('',#2776);
#2776 = CARTESIAN_POINT('',(-1.317527781667,-1.293362859521,10.1000001)
  );
#2777 = VERTEX_POINT('',#2778);
#2778 = CARTESIAN_POINT('',(-1.45524119249,-1.774808943759,10.1000001));
#2779 = B_SPLINE_CURVE_WITH_KNOTS('',1,(#2780,#2781),.UNSPECIFIED.,.F.,
  .F.,(2,2),(0.2,0.700754745907),.PIECEWISE_BEZIER_KNOTS.);
#2780 = CARTESIAN_POINT('',(-1.317527781667,-1.293362859521,10.1000001)
  );
#2781 = CARTESIAN_POINT('',(-1.45524119249,-1.774808943759,10.1000001));
#2782 = ORIENTED_EDGE('',*,*,#2783,.T.);
#2783 = EDGE_CURVE('',#2775,#2784,#2786,.T.);
#2784 = VERTEX_POINT('',#2785);
#2785 = CARTESIAN_POINT('',(-1.509815957934,-1.238360520772,10.1000001)
  );
#2786 = B_SPLINE_CURVE_WITH_KNOTS('',1,(#2787,#2788),.UNSPECIFIED.,.F.,
  .F.,(2,2),(-5.806484468842,-5.606484468842),.PIECEWISE_BEZIER_KNOTS.);
#2787 = CARTESIAN_POINT('',(-1.317527781667,-1.293362859521,10.1000001)
  );
#2788 = CARTESIAN_POINT('',(-1.509815957934,-1.238360520772,10.1000001)
  );
#2789 = ORIENTED_EDGE('',*,*,#2790,.T.);
#2790 = EDGE_CURVE('',#2784,#2791,#2793,.T.);
#2791 = VERTEX_POINT('',#2792);
#2792 = CARTESIAN_POINT('',(-1.647529368757,-1.719806605009,10.1000001)
  );
#2793 = B_SPLINE_CURVE_WITH_KNOTS('',1,(#2794,#2795),.UNSPECIFIED.,.F.,
  .F.,(2,2),(0.2,0.700754745907),.PIECEWISE_BEZIER_KNOTS.);
#2794 = CARTESIAN_POINT('',(-1.509815957934,-1.238360520772,10.1000001)
  );
#2795 = CARTESIAN_POINT('',(-1.647529368757,-1.719806605009,10.1000001)
  );
#2796 = ORIENTED_EDGE('',*,*,#2797,.T.);
#2797 = EDGE_CURVE('',#2791,#2798,#2800,.T.);
#2798 = VERTEX_POINT('',#2799);
#2799 = CARTESIAN_POINT('',(-1.74367345689,-1.792305435635,10.1000001));
#2800 = ( BOUNDED_CURVE() B_SPLINE_CURVE(2,(#2801,#2802,#2803),
.UNSPECIFIED.,.F.,.F.) B_SPLINE_CURVE_WITH_KNOTS((3,3),(0.2786018651,
1.570796326795),.PIECEWISE_BEZIER_KNOTS.) CURVE() 
GEOMETRIC_REPRESENTATION_ITEM() RATIONAL_B_SPLINE_CURVE((1.,
0.798439632579,1.)) REPRESENTATION_ITEM('') );
#2801 = CARTESIAN_POINT('',(-1.647529368757,-1.719806605009,10.1000001)
  );
#2802 = CARTESIAN_POINT('',(-1.668267020538,-1.792305435635,10.1000001)
  );
#2803 = CARTESIAN_POINT('',(-1.74367345689,-1.792305435635,10.1000001));
#2804 = ORIENTED_EDGE('',*,*,#2805,.T.);
#2805 = EDGE_CURVE('',#2798,#2806,#2808,.T.);
#2806 = VERTEX_POINT('',#2807);
#2807 = CARTESIAN_POINT('',(-6.5,-1.792305435635,10.1000001));
#2808 = B_SPLINE_CURVE_WITH_KNOTS('',1,(#2809,#2810),.UNSPECIFIED.,.F.,
  .F.,(2,2),(0.,4.75632654311),.PIECEWISE_BEZIER_KNOTS.);
#2809 = CARTESIAN_POINT('',(-1.74367345689,-1.792305435635,10.1000001));
#2810 = CARTESIAN_POINT('',(-6.5,-1.792305435635,10.1000001));
#2811 = ORIENTED_EDGE('',*,*,#2812,.T.);
#2812 = EDGE_CURVE('',#2806,#2813,#2815,.T.);
#2813 = VERTEX_POINT('',#2814);
#2814 = CARTESIAN_POINT('',(-6.6,-1.692305435635,10.1000001));
#2815 = ( BOUNDED_CURVE() B_SPLINE_CURVE(2,(#2816,#2817,#2818),
.UNSPECIFIED.,.F.,.F.) B_SPLINE_CURVE_WITH_KNOTS((3,3),(1.570796326795,
3.14159265359),.PIECEWISE_BEZIER_KNOTS.) CURVE() 
GEOMETRIC_REPRESENTATION_ITEM() RATIONAL_B_SPLINE_CURVE((1.,
0.707106781187,1.)) REPRESENTATION_ITEM('') );
#2816 = CARTESIAN_POINT('',(-6.5,-1.792305435635,10.1000001));
#2817 = CARTESIAN_POINT('',(-6.6,-1.792305435635,10.1000001));
#2818 = CARTESIAN_POINT('',(-6.6,-1.692305435635,10.1000001));
#2819 = ORIENTED_EDGE('',*,*,#2820,.F.);
#2820 = EDGE_CURVE('',#2821,#2813,#2823,.T.);
#2821 = VERTEX_POINT('',#2822);
#2822 = CARTESIAN_POINT('',(-6.6,1.702305435635,10.1000001));
#2823 = B_SPLINE_CURVE_WITH_KNOTS('',1,(#2824,#2825),.UNSPECIFIED.,.F.,
  .F.,(2,2),(0.,3.394610871269),.PIECEWISE_BEZIER_KNOTS.);
#2824 = CARTESIAN_POINT('',(-6.6,1.702305435635,10.1000001));
#2825 = CARTESIAN_POINT('',(-6.6,-1.692305435635,10.1000001));
#2826 = ORIENTED_EDGE('',*,*,#2827,.F.);
#2827 = EDGE_CURVE('',#2828,#2821,#2830,.T.);
#2828 = VERTEX_POINT('',#2829);
#2829 = CARTESIAN_POINT('',(-6.5,1.802305435635,10.1000001));
#2830 = ( BOUNDED_CURVE() B_SPLINE_CURVE(2,(#2831,#2832,#2833),
.UNSPECIFIED.,.F.,.F.) B_SPLINE_CURVE_WITH_KNOTS((3,3),(1.570796326795,
3.14159265359),.PIECEWISE_BEZIER_KNOTS.) CURVE() 
GEOMETRIC_REPRESENTATION_ITEM() RATIONAL_B_SPLINE_CURVE((1.,
0.707106781187,1.)) REPRESENTATION_ITEM('') );
#2831 = CARTESIAN_POINT('',(-6.5,1.802305435635,10.1000001));
#2832 = CARTESIAN_POINT('',(-6.6,1.802305435635,10.1000001));
#2833 = CARTESIAN_POINT('',(-6.6,1.702305435635,10.1000001));
#2834 = ORIENTED_EDGE('',*,*,#2835,.F.);
#2835 = EDGE_CURVE('',#2836,#2828,#2838,.T.);
#2836 = VERTEX_POINT('',#2837);
#2837 = CARTESIAN_POINT('',(-1.74367345689,1.802305435635,10.1000001));
#2838 = B_SPLINE_CURVE_WITH_KNOTS('',1,(#2839,#2840),.UNSPECIFIED.,.F.,
  .F.,(2,2),(0.,4.75632654311),.PIECEWISE_BEZIER_KNOTS.);
#2839 = CARTESIAN_POINT('',(-1.74367345689,1.802305435635,10.1000001));
#2840 = CARTESIAN_POINT('',(-6.5,1.802305435635,10.1000001));
#2841 = ORIENTED_EDGE('',*,*,#2842,.F.);
#2842 = EDGE_CURVE('',#2843,#2836,#2845,.T.);
#2843 = VERTEX_POINT('',#2844);
#2844 = CARTESIAN_POINT('',(-1.647529368757,1.729806605009,10.1000001));
#2845 = ( BOUNDED_CURVE() B_SPLINE_CURVE(2,(#2846,#2847,#2848),
.UNSPECIFIED.,.F.,.F.) B_SPLINE_CURVE_WITH_KNOTS((3,3),(0.2786018651,
1.570796326795),.PIECEWISE_BEZIER_KNOTS.) CURVE() 
GEOMETRIC_REPRESENTATION_ITEM() RATIONAL_B_SPLINE_CURVE((1.,
0.798439632579,1.)) REPRESENTATION_ITEM('') );
#2846 = CARTESIAN_POINT('',(-1.647529368757,1.729806605009,10.1000001));
#2847 = CARTESIAN_POINT('',(-1.668267020538,1.802305435635,10.1000001));
#2848 = CARTESIAN_POINT('',(-1.74367345689,1.802305435635,10.1000001));
#2849 = ORIENTED_EDGE('',*,*,#2850,.F.);
#2850 = EDGE_CURVE('',#2851,#2843,#2853,.T.);
#2851 = VERTEX_POINT('',#2852);
#2852 = CARTESIAN_POINT('',(-1.509815957934,1.248360520772,10.1000001));
#2853 = B_SPLINE_CURVE_WITH_KNOTS('',1,(#2854,#2855),.UNSPECIFIED.,.F.,
  .F.,(2,2),(0.2,0.700754745907),.PIECEWISE_BEZIER_KNOTS.);
#2854 = CARTESIAN_POINT('',(-1.509815957934,1.248360520772,10.1000001));
#2855 = CARTESIAN_POINT('',(-1.647529368757,1.729806605009,10.1000001));
#2856 = ORIENTED_EDGE('',*,*,#2857,.T.);
#2857 = EDGE_CURVE('',#2851,#2858,#2860,.T.);
#2858 = VERTEX_POINT('',#2859);
#2859 = CARTESIAN_POINT('',(-1.317527781667,1.303362859521,10.1000001));
#2860 = B_SPLINE_CURVE_WITH_KNOTS('',1,(#2861,#2862),.UNSPECIFIED.,.F.,
  .F.,(2,2),(-0.2,2.134827606549E-16),.PIECEWISE_BEZIER_KNOTS.);
#2861 = CARTESIAN_POINT('',(-1.509815957934,1.248360520772,10.1000001));
#2862 = CARTESIAN_POINT('',(-1.317527781667,1.303362859521,10.1000001));
#2863 = ORIENTED_EDGE('',*,*,#2864,.T.);
#2864 = EDGE_CURVE('',#2858,#2865,#2867,.T.);
#2865 = VERTEX_POINT('',#2866);
#2866 = CARTESIAN_POINT('',(-1.45524119249,1.784808943759,10.1000001));
#2867 = B_SPLINE_CURVE_WITH_KNOTS('',1,(#2868,#2869),.UNSPECIFIED.,.F.,
  .F.,(2,2),(0.2,0.700754745907),.PIECEWISE_BEZIER_KNOTS.);
#2868 = CARTESIAN_POINT('',(-1.317527781667,1.303362859521,10.1000001));
#2869 = CARTESIAN_POINT('',(-1.45524119249,1.784808943759,10.1000001));
#2870 = ORIENTED_EDGE('',*,*,#2871,.T.);
#2871 = EDGE_CURVE('',#2865,#2872,#2874,.T.);
#2872 = VERTEX_POINT('',#2873);
#2873 = CARTESIAN_POINT('',(-1.74367345689,2.002305435635,10.1000001));
#2874 = ( BOUNDED_CURVE() B_SPLINE_CURVE(2,(#2875,#2876,#2877),
.UNSPECIFIED.,.F.,.F.) B_SPLINE_CURVE_WITH_KNOTS((3,3),(0.2786018651,
1.570796326795),.PIECEWISE_BEZIER_KNOTS.) CURVE() 
GEOMETRIC_REPRESENTATION_ITEM() RATIONAL_B_SPLINE_CURVE((1.,
0.798439632579,1.)) REPRESENTATION_ITEM('') );
#2875 = CARTESIAN_POINT('',(-1.45524119249,1.784808943759,10.1000001));
#2876 = CARTESIAN_POINT('',(-1.517454147832,2.002305435635,10.1000001));
#2877 = CARTESIAN_POINT('',(-1.74367345689,2.002305435635,10.1000001));
#2878 = ORIENTED_EDGE('',*,*,#2879,.T.);
#2879 = EDGE_CURVE('',#2872,#2880,#2882,.T.);
#2880 = VERTEX_POINT('',#2881);
#2881 = CARTESIAN_POINT('',(-6.5,2.002305435635,10.1000001));
#2882 = B_SPLINE_CURVE_WITH_KNOTS('',1,(#2883,#2884),.UNSPECIFIED.,.F.,
  .F.,(2,2),(-1.7763568394E-15,4.75632654311),.PIECEWISE_BEZIER_KNOTS.);
#2883 = CARTESIAN_POINT('',(-1.74367345689,2.002305435635,10.1000001));
#2884 = CARTESIAN_POINT('',(-6.5,2.002305435635,10.1000001));
#2885 = ORIENTED_EDGE('',*,*,#2886,.T.);
#2886 = EDGE_CURVE('',#2880,#2887,#2889,.T.);
#2887 = VERTEX_POINT('',#2888);
#2888 = CARTESIAN_POINT('',(-6.8,1.702305435635,10.1000001));
#2889 = ( BOUNDED_CURVE() B_SPLINE_CURVE(2,(#2890,#2891,#2892),
.UNSPECIFIED.,.F.,.F.) B_SPLINE_CURVE_WITH_KNOTS((3,3),(1.570796326795,
3.14159265359),.PIECEWISE_BEZIER_KNOTS.) CURVE() 
GEOMETRIC_REPRESENTATION_ITEM() RATIONAL_B_SPLINE_CURVE((1.,
0.707106781187,1.)) REPRESENTATION_ITEM('') );
#2890 = CARTESIAN_POINT('',(-6.5,2.002305435635,10.1000001));
#2891 = CARTESIAN_POINT('',(-6.8,2.002305435635,10.1000001));
#2892 = CARTESIAN_POINT('',(-6.8,1.702305435635,10.1000001));
#2893 = ORIENTED_EDGE('',*,*,#2894,.T.);
#2894 = EDGE_CURVE('',#2887,#2895,#2897,.T.);
#2895 = VERTEX_POINT('',#2896);
#2896 = CARTESIAN_POINT('',(-6.8,-1.692305435635,10.1000001));
#2897 = B_SPLINE_CURVE_WITH_KNOTS('',1,(#2898,#2899),.UNSPECIFIED.,.F.,
  .F.,(2,2),(0.,3.394610871269),.PIECEWISE_BEZIER_KNOTS.);
#2898 = CARTESIAN_POINT('',(-6.8,1.702305435635,10.1000001));
#2899 = CARTESIAN_POINT('',(-6.8,-1.692305435635,10.1000001));
#2900 = ORIENTED_EDGE('',*,*,#2901,.F.);
#2901 = EDGE_CURVE('',#2902,#2895,#2904,.T.);
#2902 = VERTEX_POINT('',#2903);
#2903 = CARTESIAN_POINT('',(-6.5,-1.992305435635,10.1000001));
#2904 = ( BOUNDED_CURVE() B_SPLINE_CURVE(2,(#2905,#2906,#2907),
.UNSPECIFIED.,.F.,.F.) B_SPLINE_CURVE_WITH_KNOTS((3,3),(1.570796326795,
3.14159265359),.PIECEWISE_BEZIER_KNOTS.) CURVE() 
GEOMETRIC_REPRESENTATION_ITEM() RATIONAL_B_SPLINE_CURVE((1.,
0.707106781187,1.)) REPRESENTATION_ITEM('') );
#2905 = CARTESIAN_POINT('',(-6.5,-1.992305435635,10.1000001));
#2906 = CARTESIAN_POINT('',(-6.8,-1.992305435635,10.1000001));
#2907 = CARTESIAN_POINT('',(-6.8,-1.692305435635,10.1000001));
#2908 = ORIENTED_EDGE('',*,*,#2909,.F.);
#2909 = EDGE_CURVE('',#2910,#2902,#2912,.T.);
#2910 = VERTEX_POINT('',#2911);
#2911 = CARTESIAN_POINT('',(-1.74367345689,-1.992305435635,10.1000001));
#2912 = B_SPLINE_CURVE_WITH_KNOTS('',1,(#2913,#2914),.UNSPECIFIED.,.F.,
  .F.,(2,2),(-4.251656027562E-31,4.75632654311),
  .PIECEWISE_BEZIER_KNOTS.);
#2913 = CARTESIAN_POINT('',(-1.74367345689,-1.992305435635,10.1000001));
#2914 = CARTESIAN_POINT('',(-6.5,-1.992305435635,10.1000001));
#2915 = ORIENTED_EDGE('',*,*,#2916,.F.);
#2916 = EDGE_CURVE('',#2777,#2910,#2917,.T.);
#2917 = ( BOUNDED_CURVE() B_SPLINE_CURVE(2,(#2918,#2919,#2920),
.UNSPECIFIED.,.F.,.F.) B_SPLINE_CURVE_WITH_KNOTS((3,3),(0.2786018651,
1.570796326795),.PIECEWISE_BEZIER_KNOTS.) CURVE() 
GEOMETRIC_REPRESENTATION_ITEM() RATIONAL_B_SPLINE_CURVE((1.,
0.798439632579,1.)) REPRESENTATION_ITEM('') );
#2918 = CARTESIAN_POINT('',(-1.45524119249,-1.774808943759,10.1000001));
#2919 = CARTESIAN_POINT('',(-1.517454147832,-1.992305435635,10.1000001)
  );
#2920 = CARTESIAN_POINT('',(-1.74367345689,-1.992305435635,10.1000001));
#2921 = B_SPLINE_SURFACE_WITH_KNOTS('',1,1,(
    (#2922,#2923)
    ,(#2924,#2925
    )),.UNSPECIFIED.,.F.,.F.,.F.,(2,2),(2,2),(-0.3,5.182472218333),(
    -3.694610871269,0.3),.PIECEWISE_BEZIER_KNOTS.);
#2922 = CARTESIAN_POINT('',(-6.8,-1.992305435635,10.1000001));
#2923 = CARTESIAN_POINT('',(-6.8,2.002305435635,10.1000001));
#2924 = CARTESIAN_POINT('',(-1.317527781667,-1.992305435635,10.1000001)
  );
#2925 = CARTESIAN_POINT('',(-1.317527781667,2.002305435635,10.1000001));
#2926 = ADVANCED_FACE('',(#2927),#2944,.F.);
#2927 = FACE_BOUND('',#2928,.F.);
#2928 = EDGE_LOOP('',(#2929,#2930,#2937,#2943));
#2929 = ORIENTED_EDGE('',*,*,#2746,.F.);
#2930 = ORIENTED_EDGE('',*,*,#2931,.F.);
#2931 = EDGE_CURVE('',#2932,#2747,#2934,.T.);
#2932 = VERTEX_POINT('',#2933);
#2933 = CARTESIAN_POINT('',(-1.454813619185,-1.046072344505,5.2000001));
#2934 = B_SPLINE_CURVE_WITH_KNOTS('',1,(#2935,#2936),.UNSPECIFIED.,.F.,
  .F.,(2,2),(0.1,3.),.PIECEWISE_BEZIER_KNOTS.);
#2935 = CARTESIAN_POINT('',(-1.454813619185,-1.046072344505,5.2000001));
#2936 = CARTESIAN_POINT('',(-1.454813619185,-1.046072344505,8.1000001));
#2937 = ORIENTED_EDGE('',*,*,#2938,.T.);
#2938 = EDGE_CURVE('',#2932,#239,#2939,.T.);
#2939 = ( BOUNDED_CURVE() B_SPLINE_CURVE(2,(#2940,#2941,#2942),
.UNSPECIFIED.,.F.,.F.) B_SPLINE_CURVE_WITH_KNOTS((3,3),(2.862990788489,
3.14159265359),.PIECEWISE_BEZIER_KNOTS.) CURVE() 
GEOMETRIC_REPRESENTATION_ITEM() RATIONAL_B_SPLINE_CURVE((1.,
0.990313304297,1.)) REPRESENTATION_ITEM('') );
#2940 = CARTESIAN_POINT('',(-1.454813619185,-1.046072344505,5.2000001));
#2941 = CARTESIAN_POINT('',(-1.450957707318,-1.03259207662,5.2000001));
#2942 = CARTESIAN_POINT('',(-1.450957707318,-1.01857117513,5.2000001));
#2943 = ORIENTED_EDGE('',*,*,#238,.T.);
#2944 = ( BOUNDED_SURFACE() B_SPLINE_SURFACE(2,1,(
    (#2945,#2946)
    ,(#2947,#2948)
    ,(#2949,#2950
)),.UNSPECIFIED.,.F.,.F.,.F.) B_SPLINE_SURFACE_WITH_KNOTS((3,3),(2,2),(
    6.004583442079,6.28318530718),(0.1,3.),.PIECEWISE_BEZIER_KNOTS.) 
GEOMETRIC_REPRESENTATION_ITEM() RATIONAL_B_SPLINE_SURFACE((
    (1.,1.)
    ,(0.990313304297,0.990313304297)
,(1.,1.))) REPRESENTATION_ITEM('') SURFACE() );
#2945 = CARTESIAN_POINT('',(-1.454813619185,-1.046072344505,5.2000001));
#2946 = CARTESIAN_POINT('',(-1.454813619185,-1.046072344505,8.1000001));
#2947 = CARTESIAN_POINT('',(-1.450957707318,-1.03259207662,5.2000001));
#2948 = CARTESIAN_POINT('',(-1.450957707318,-1.03259207662,8.1000001));
#2949 = CARTESIAN_POINT('',(-1.450957707318,-1.01857117513,5.2000001));
#2950 = CARTESIAN_POINT('',(-1.450957707318,-1.01857117513,8.1000001));
#2951 = ADVANCED_FACE('',(#2952),#2982,.T.);
#2952 = FACE_BOUND('',#2953,.T.);
#2953 = EDGE_LOOP('',(#2954,#2955,#2956,#2963,#2970,#2977));
#2954 = ORIENTED_EDGE('',*,*,#221,.T.);
#2955 = ORIENTED_EDGE('',*,*,#2740,.T.);
#2956 = ORIENTED_EDGE('',*,*,#2957,.T.);
#2957 = EDGE_CURVE('',#2734,#2958,#2960,.T.);
#2958 = VERTEX_POINT('',#2959);
#2959 = CARTESIAN_POINT('',(-1.666108855346,-0.903294520734,
    8.726286234756));
#2960 = B_SPLINE_CURVE_WITH_KNOTS('',1,(#2961,#2962),.UNSPECIFIED.,.F.,
  .F.,(2,2),(0.,0.626286134756),.PIECEWISE_BEZIER_KNOTS.);
#2961 = CARTESIAN_POINT('',(-1.666108855346,-0.903294520734,8.1000001));
#2962 = CARTESIAN_POINT('',(-1.666108855346,-0.903294520734,
    8.726286234756));
#2963 = ORIENTED_EDGE('',*,*,#2964,.T.);
#2964 = EDGE_CURVE('',#2958,#2965,#2967,.T.);
#2965 = VERTEX_POINT('',#2966);
#2966 = CARTESIAN_POINT('',(-3.253592863449,-0.703558384752,
    8.726286234756));
#2967 = B_SPLINE_CURVE_WITH_KNOTS('',1,(#2968,#2969),.UNSPECIFIED.,.F.,
  .F.,(2,2),(0.,1.6),.PIECEWISE_BEZIER_KNOTS.);
#2968 = CARTESIAN_POINT('',(-1.666108855346,-0.903294520734,
    8.726286234756));
#2969 = CARTESIAN_POINT('',(-3.253592863449,-0.703558384752,
    8.726286234756));
#2970 = ORIENTED_EDGE('',*,*,#2971,.F.);
#2971 = EDGE_CURVE('',#2972,#2965,#2974,.T.);
#2972 = VERTEX_POINT('',#2973);
#2973 = CARTESIAN_POINT('',(-3.253592863449,-0.703558384752,5.2000001));
#2974 = B_SPLINE_CURVE_WITH_KNOTS('',1,(#2975,#2976),.UNSPECIFIED.,.F.,
  .F.,(2,2),(0.1,3.626286134756),.PIECEWISE_BEZIER_KNOTS.);
#2975 = CARTESIAN_POINT('',(-3.253592863449,-0.703558384752,5.2000001));
#2976 = CARTESIAN_POINT('',(-3.253592863449,-0.703558384752,
    8.726286234756));
#2977 = ORIENTED_EDGE('',*,*,#2978,.F.);
#2978 = EDGE_CURVE('',#222,#2972,#2979,.T.);
#2979 = B_SPLINE_CURVE_WITH_KNOTS('',1,(#2980,#2981),.UNSPECIFIED.,.F.,
  .F.,(2,2),(1.411047753868,3.139688703572),.PIECEWISE_BEZIER_KNOTS.);
#2980 = CARTESIAN_POINT('',(-1.538474198819,-0.919353424624,5.2000001));
#2981 = CARTESIAN_POINT('',(-3.253592863449,-0.703558384752,5.2000001));
#2982 = B_SPLINE_SURFACE_WITH_KNOTS('',1,1,(
    (#2983,#2984)
    ,(#2985,#2986
    )),.UNSPECIFIED.,.F.,.F.,.F.,(2,2),(2,2),(0.,1.728640949704),(0.1,
    3.626286134756),.PIECEWISE_BEZIER_KNOTS.);
#2983 = CARTESIAN_POINT('',(-3.253592863449,-0.703558384752,5.2000001));
#2984 = CARTESIAN_POINT('',(-3.253592863449,-0.703558384752,
    8.726286234756));
#2985 = CARTESIAN_POINT('',(-1.538474198819,-0.919353424624,5.2000001));
#2986 = CARTESIAN_POINT('',(-1.538474198819,-0.919353424624,
    8.726286234756));
#2987 = ADVANCED_FACE('',(#2988),#3040,.T.);
#2988 = FACE_BOUND('',#2989,.T.);
#2989 = EDGE_LOOP('',(#2990,#2999,#3006,#3013,#3021,#3028,#3033,#3034));
#2990 = ORIENTED_EDGE('',*,*,#2991,.T.);
#2991 = EDGE_CURVE('',#2992,#2994,#2996,.T.);
#2992 = VERTEX_POINT('',#2993);
#2993 = CARTESIAN_POINT('',(-3.272006523554,-0.849908422037,
    9.18915643341));
#2994 = VERTEX_POINT('',#2995);
#2995 = CARTESIAN_POINT('',(-3.327974095345,-1.294733414538,
    9.821158521757));
#2996 = B_SPLINE_CURVE_WITH_KNOTS('',1,(#2997,#2998),.UNSPECIFIED.,.F.,
  .F.,(2,2),(1.106818152095E-15,0.774873075233),
  .PIECEWISE_BEZIER_KNOTS.);
#2997 = CARTESIAN_POINT('',(-3.272006523554,-0.849908422037,
    9.18915643341));
#2998 = CARTESIAN_POINT('',(-3.327974095345,-1.294733414538,
    9.821158521757));
#2999 = ORIENTED_EDGE('',*,*,#3000,.T.);
#3000 = EDGE_CURVE('',#2994,#3001,#3003,.T.);
#3001 = VERTEX_POINT('',#3002);
#3002 = CARTESIAN_POINT('',(-3.307610493374,-1.132885422846,
    9.936876071421));
#3003 = B_SPLINE_CURVE_WITH_KNOTS('',1,(#3004,#3005),.UNSPECIFIED.,.F.,
  .F.,(2,2),(2.082504586568,2.282504586568),.PIECEWISE_BEZIER_KNOTS.);
#3004 = CARTESIAN_POINT('',(-3.327974095345,-1.294733414538,
    9.821158521757));
#3005 = CARTESIAN_POINT('',(-3.307610493374,-1.132885422846,
    9.936876071421));
#3006 = ORIENTED_EDGE('',*,*,#3007,.F.);
#3007 = EDGE_CURVE('',#3008,#3001,#3010,.T.);
#3008 = VERTEX_POINT('',#3009);
#3009 = CARTESIAN_POINT('',(-3.251642921583,-0.688060430345,
    9.304873983074));
#3010 = B_SPLINE_CURVE_WITH_KNOTS('',1,(#3011,#3012),.UNSPECIFIED.,.F.,
  .F.,(2,2),(9.793508379274E-16,0.774873075233),
  .PIECEWISE_BEZIER_KNOTS.);
#3011 = CARTESIAN_POINT('',(-3.251642921583,-0.688060430345,
    9.304873983074));
#3012 = CARTESIAN_POINT('',(-3.307610493374,-1.132885422846,
    9.936876071421));
#3013 = ORIENTED_EDGE('',*,*,#3014,.F.);
#3014 = EDGE_CURVE('',#3015,#3008,#3017,.T.);
#3015 = VERTEX_POINT('',#3016);
#3016 = CARTESIAN_POINT('',(-3.228625846451,-0.505122883739,
    8.726286234756));
#3017 = ( BOUNDED_CURVE() B_SPLINE_CURVE(2,(#3018,#3019,#3020),
.UNSPECIFIED.,.F.,.F.) B_SPLINE_CURVE_WITH_KNOTS((3,3),(0.,
0.616996118462),.PIECEWISE_BEZIER_KNOTS.) CURVE() 
GEOMETRIC_REPRESENTATION_ITEM() RATIONAL_B_SPLINE_CURVE((1.,
0.952790675567,1.)) REPRESENTATION_ITEM('') );
#3018 = CARTESIAN_POINT('',(-3.228625846451,-0.505122883739,
    8.726286234756));
#3019 = CARTESIAN_POINT('',(-3.228625846451,-0.505122883739,
    9.04495848048));
#3020 = CARTESIAN_POINT('',(-3.251642921583,-0.688060430345,
    9.304873983074));
#3021 = ORIENTED_EDGE('',*,*,#3022,.F.);
#3022 = EDGE_CURVE('',#3023,#3015,#3025,.T.);
#3023 = VERTEX_POINT('',#3024);
#3024 = CARTESIAN_POINT('',(-3.228625846451,-0.505122883739,5.2000001));
#3025 = B_SPLINE_CURVE_WITH_KNOTS('',1,(#3026,#3027),.UNSPECIFIED.,.F.,
  .F.,(2,2),(0.1,3.626286134756),.PIECEWISE_BEZIER_KNOTS.);
#3026 = CARTESIAN_POINT('',(-3.228625846451,-0.505122883739,5.2000001));
#3027 = CARTESIAN_POINT('',(-3.228625846451,-0.505122883739,
    8.726286234756));
#3028 = ORIENTED_EDGE('',*,*,#3029,.F.);
#3029 = EDGE_CURVE('',#2972,#3023,#3030,.T.);
#3030 = B_SPLINE_CURVE_WITH_KNOTS('',1,(#3031,#3032),.UNSPECIFIED.,.F.,
  .F.,(2,2),(-1.109178232004,-0.909178232004),.PIECEWISE_BEZIER_KNOTS.);
#3031 = CARTESIAN_POINT('',(-3.253592863449,-0.703558384752,5.2000001));
#3032 = CARTESIAN_POINT('',(-3.228625846451,-0.505122883739,5.2000001));
#3033 = ORIENTED_EDGE('',*,*,#2971,.T.);
#3034 = ORIENTED_EDGE('',*,*,#3035,.T.);
#3035 = EDGE_CURVE('',#2965,#2992,#3036,.T.);
#3036 = ( BOUNDED_CURVE() B_SPLINE_CURVE(2,(#3037,#3038,#3039),
.UNSPECIFIED.,.F.,.F.) B_SPLINE_CURVE_WITH_KNOTS((3,3),(4.712388980385,
5.329385098847),.PIECEWISE_BEZIER_KNOTS.) CURVE() 
GEOMETRIC_REPRESENTATION_ITEM() RATIONAL_B_SPLINE_CURVE((1.,
0.952790675567,1.)) REPRESENTATION_ITEM('') );
#3037 = CARTESIAN_POINT('',(-3.253592863449,-0.703558384752,
    8.726286234756));
#3038 = CARTESIAN_POINT('',(-3.253592863449,-0.703558384752,
    8.981224031335));
#3039 = CARTESIAN_POINT('',(-3.272006523554,-0.849908422037,
    9.18915643341));
#3040 = B_SPLINE_SURFACE_WITH_KNOTS('',1,1,(
    (#3041,#3042)
    ,(#3043,#3044
    )),.UNSPECIFIED.,.F.,.F.,.F.,(2,2),(2,2),(-3.330669073875E-16,
    0.795835953514),(0.1,4.836875971421),.PIECEWISE_BEZIER_KNOTS.);
#3041 = CARTESIAN_POINT('',(-3.228625846451,-0.505122883739,5.2000001));
#3042 = CARTESIAN_POINT('',(-3.228625846451,-0.505122883739,
    9.936876071421));
#3043 = CARTESIAN_POINT('',(-3.327974095345,-1.294733414538,5.2000001));
#3044 = CARTESIAN_POINT('',(-3.327974095345,-1.294733414538,
    9.936876071421));
#3045 = ADVANCED_FACE('',(#3046),#3074,.F.);
#3046 = FACE_BOUND('',#3047,.T.);
#3047 = EDGE_LOOP('',(#3048,#3049,#3056,#3061,#3062,#3069));
#3048 = ORIENTED_EDGE('',*,*,#3022,.T.);
#3049 = ORIENTED_EDGE('',*,*,#3050,.F.);
#3050 = EDGE_CURVE('',#3051,#3015,#3053,.T.);
#3051 = VERTEX_POINT('',#3052);
#3052 = CARTESIAN_POINT('',(-1.641141838348,-0.704859019721,
    8.726286234756));
#3053 = B_SPLINE_CURVE_WITH_KNOTS('',1,(#3054,#3055),.UNSPECIFIED.,.F.,
  .F.,(2,2),(0.,1.6),.PIECEWISE_BEZIER_KNOTS.);
#3054 = CARTESIAN_POINT('',(-1.641141838348,-0.704859019721,
    8.726286234756));
#3055 = CARTESIAN_POINT('',(-3.228625846451,-0.505122883739,
    8.726286234756));
#3056 = ORIENTED_EDGE('',*,*,#3057,.F.);
#3057 = EDGE_CURVE('',#2725,#3051,#3058,.T.);
#3058 = B_SPLINE_CURVE_WITH_KNOTS('',1,(#3059,#3060),.UNSPECIFIED.,.F.,
  .F.,(2,2),(0.,0.626286134756),.PIECEWISE_BEZIER_KNOTS.);
#3059 = CARTESIAN_POINT('',(-1.641141838348,-0.704859019721,8.1000001));
#3060 = CARTESIAN_POINT('',(-1.641141838348,-0.704859019721,
    8.726286234756));
#3061 = ORIENTED_EDGE('',*,*,#2724,.T.);
#3062 = ORIENTED_EDGE('',*,*,#3063,.F.);
#3063 = EDGE_CURVE('',#3064,#2727,#3066,.T.);
#3064 = VERTEX_POINT('',#3065);
#3065 = CARTESIAN_POINT('',(-1.513507181821,-0.720917923611,5.2000001));
#3066 = B_SPLINE_CURVE_WITH_KNOTS('',1,(#3067,#3068),.UNSPECIFIED.,.F.,
  .F.,(2,2),(0.1,3.),.PIECEWISE_BEZIER_KNOTS.);
#3067 = CARTESIAN_POINT('',(-1.513507181821,-0.720917923611,5.2000001));
#3068 = CARTESIAN_POINT('',(-1.513507181821,-0.720917923611,8.1000001));
#3069 = ORIENTED_EDGE('',*,*,#3070,.T.);
#3070 = EDGE_CURVE('',#3064,#3023,#3071,.T.);
#3071 = B_SPLINE_CURVE_WITH_KNOTS('',1,(#3072,#3073),.UNSPECIFIED.,.F.,
  .F.,(2,2),(1.411047753868,3.139688703572),.PIECEWISE_BEZIER_KNOTS.);
#3072 = CARTESIAN_POINT('',(-1.513507181821,-0.720917923611,5.2000001));
#3073 = CARTESIAN_POINT('',(-3.228625846451,-0.505122883739,5.2000001));
#3074 = B_SPLINE_SURFACE_WITH_KNOTS('',1,1,(
    (#3075,#3076)
    ,(#3077,#3078
    )),.UNSPECIFIED.,.F.,.F.,.F.,(2,2),(2,2),(0.,1.728640949704),(0.1,
    3.626286134756),.PIECEWISE_BEZIER_KNOTS.);
#3075 = CARTESIAN_POINT('',(-3.228625846451,-0.505122883739,5.2000001));
#3076 = CARTESIAN_POINT('',(-3.228625846451,-0.505122883739,
    8.726286234756));
#3077 = CARTESIAN_POINT('',(-1.513507181821,-0.720917923611,5.2000001));
#3078 = CARTESIAN_POINT('',(-1.513507181821,-0.720917923611,
    8.726286234756));
#3079 = ADVANCED_FACE('',(#3080),#3091,.T.);
#3080 = FACE_BOUND('',#3081,.T.);
#3081 = EDGE_LOOP('',(#3082,#3083,#3089,#3090));
#3082 = ORIENTED_EDGE('',*,*,#191,.F.);
#3083 = ORIENTED_EDGE('',*,*,#3084,.T.);
#3084 = EDGE_CURVE('',#184,#3064,#3085,.T.);
#3085 = ( BOUNDED_CURVE() B_SPLINE_CURVE(2,(#3086,#3087,#3088),
.UNSPECIFIED.,.F.,.F.) B_SPLINE_CURVE_WITH_KNOTS((3,3),(3.14159265359,
4.587227366184),.PIECEWISE_BEZIER_KNOTS.) CURVE() 
GEOMETRIC_REPRESENTATION_ITEM() RATIONAL_B_SPLINE_CURVE((1.,
0.749945026315,1.)) REPRESENTATION_ITEM('') );
#3086 = CARTESIAN_POINT('',(-1.250957707318,-1.01857117513,5.2000001));
#3087 = CARTESIAN_POINT('',(-1.250957707318,-0.75395171625,5.2000001));
#3088 = CARTESIAN_POINT('',(-1.513507181821,-0.720917923611,5.2000001));
#3089 = ORIENTED_EDGE('',*,*,#3063,.T.);
#3090 = ORIENTED_EDGE('',*,*,#2760,.T.);
#3091 = ( BOUNDED_SURFACE() B_SPLINE_SURFACE(2,1,(
    (#3092,#3093)
    ,(#3094,#3095)
    ,(#3096,#3097
)),.UNSPECIFIED.,.F.,.F.,.F.) B_SPLINE_SURFACE_WITH_KNOTS((3,3),(2,2),(
    0.,1.445634712595),(0.1,3.),.PIECEWISE_BEZIER_KNOTS.) 
GEOMETRIC_REPRESENTATION_ITEM() RATIONAL_B_SPLINE_SURFACE((
    (1.,1.)
    ,(0.749945026315,0.749945026315)
,(1.,1.))) REPRESENTATION_ITEM('') SURFACE() );
#3092 = CARTESIAN_POINT('',(-1.250957707318,-1.01857117513,5.2000001));
#3093 = CARTESIAN_POINT('',(-1.250957707318,-1.01857117513,8.1000001));
#3094 = CARTESIAN_POINT('',(-1.250957707318,-0.75395171625,5.2000001));
#3095 = CARTESIAN_POINT('',(-1.250957707318,-0.75395171625,8.1000001));
#3096 = CARTESIAN_POINT('',(-1.513507181821,-0.720917923611,5.2000001));
#3097 = CARTESIAN_POINT('',(-1.513507181821,-0.720917923611,8.1000001));
#3098 = ADVANCED_FACE('',(#3099),#3149,.F.);
#3099 = FACE_BOUND('',#3100,.T.);
#3100 = EDGE_LOOP('',(#3101,#3108,#3109,#3116,#3123,#3130,#3137,#3144));
#3101 = ORIENTED_EDGE('',*,*,#3102,.T.);
#3102 = EDGE_CURVE('',#3103,#2895,#3105,.T.);
#3103 = VERTEX_POINT('',#3104);
#3104 = CARTESIAN_POINT('',(-6.8,-1.692305435635,5.2000001));
#3105 = B_SPLINE_CURVE_WITH_KNOTS('',1,(#3106,#3107),.UNSPECIFIED.,.F.,
  .F.,(2,2),(0.1,5.),.PIECEWISE_BEZIER_KNOTS.);
#3106 = CARTESIAN_POINT('',(-6.8,-1.692305435635,5.2000001));
#3107 = CARTESIAN_POINT('',(-6.8,-1.692305435635,10.1000001));
#3108 = ORIENTED_EDGE('',*,*,#2894,.F.);
#3109 = ORIENTED_EDGE('',*,*,#3110,.F.);
#3110 = EDGE_CURVE('',#3111,#2887,#3113,.T.);
#3111 = VERTEX_POINT('',#3112);
#3112 = CARTESIAN_POINT('',(-6.8,1.702305435635,5.2000001));
#3113 = B_SPLINE_CURVE_WITH_KNOTS('',1,(#3114,#3115),.UNSPECIFIED.,.F.,
  .F.,(2,2),(0.1,5.),.PIECEWISE_BEZIER_KNOTS.);
#3114 = CARTESIAN_POINT('',(-6.8,1.702305435635,5.2000001));
#3115 = CARTESIAN_POINT('',(-6.8,1.702305435635,10.1000001));
#3116 = ORIENTED_EDGE('',*,*,#3117,.F.);
#3117 = EDGE_CURVE('',#3118,#3111,#3120,.T.);
#3118 = VERTEX_POINT('',#3119);
#3119 = CARTESIAN_POINT('',(-6.8,2.002305435635,5.2000001));
#3120 = B_SPLINE_CURVE_WITH_KNOTS('',1,(#3121,#3122),.UNSPECIFIED.,.F.,
  .F.,(2,2),(0.,0.3),.PIECEWISE_BEZIER_KNOTS.);
#3121 = CARTESIAN_POINT('',(-6.8,2.002305435635,5.2000001));
#3122 = CARTESIAN_POINT('',(-6.8,1.702305435635,5.2000001));
#3123 = ORIENTED_EDGE('',*,*,#3124,.T.);
#3124 = EDGE_CURVE('',#3118,#3125,#3127,.T.);
#3125 = VERTEX_POINT('',#3126);
#3126 = CARTESIAN_POINT('',(-6.8,2.002305435635,10.2000001));
#3127 = B_SPLINE_CURVE_WITH_KNOTS('',1,(#3128,#3129),.UNSPECIFIED.,.F.,
  .F.,(2,2),(0.,5.),.PIECEWISE_BEZIER_KNOTS.);
#3128 = CARTESIAN_POINT('',(-6.8,2.002305435635,5.2000001));
#3129 = CARTESIAN_POINT('',(-6.8,2.002305435635,10.2000001));
#3130 = ORIENTED_EDGE('',*,*,#3131,.T.);
#3131 = EDGE_CURVE('',#3125,#3132,#3134,.T.);
#3132 = VERTEX_POINT('',#3133);
#3133 = CARTESIAN_POINT('',(-6.8,-1.992305435635,10.2000001));
#3134 = B_SPLINE_CURVE_WITH_KNOTS('',1,(#3135,#3136),.UNSPECIFIED.,.F.,
  .F.,(2,2),(0.,3.99461087127),.PIECEWISE_BEZIER_KNOTS.);
#3135 = CARTESIAN_POINT('',(-6.8,2.002305435635,10.2000001));
#3136 = CARTESIAN_POINT('',(-6.8,-1.992305435635,10.2000001));
#3137 = ORIENTED_EDGE('',*,*,#3138,.F.);
#3138 = EDGE_CURVE('',#3139,#3132,#3141,.T.);
#3139 = VERTEX_POINT('',#3140);
#3140 = CARTESIAN_POINT('',(-6.8,-1.992305435635,5.2000001));
#3141 = B_SPLINE_CURVE_WITH_KNOTS('',1,(#3142,#3143),.UNSPECIFIED.,.F.,
  .F.,(2,2),(0.,5.),.PIECEWISE_BEZIER_KNOTS.);
#3142 = CARTESIAN_POINT('',(-6.8,-1.992305435635,5.2000001));
#3143 = CARTESIAN_POINT('',(-6.8,-1.992305435635,10.2000001));
#3144 = ORIENTED_EDGE('',*,*,#3145,.F.);
#3145 = EDGE_CURVE('',#3103,#3139,#3146,.T.);
#3146 = B_SPLINE_CURVE_WITH_KNOTS('',1,(#3147,#3148),.UNSPECIFIED.,.F.,
  .F.,(2,2),(3.694610871269,3.99461087127),.PIECEWISE_BEZIER_KNOTS.);
#3147 = CARTESIAN_POINT('',(-6.8,-1.692305435635,5.2000001));
#3148 = CARTESIAN_POINT('',(-6.8,-1.992305435635,5.2000001));
#3149 = B_SPLINE_SURFACE_WITH_KNOTS('',1,1,(
    (#3150,#3151)
    ,(#3152,#3153
    )),.UNSPECIFIED.,.F.,.F.,.F.,(2,2),(2,2),(0.,3.99461087127),(0.,5.),
  .PIECEWISE_BEZIER_KNOTS.);
#3150 = CARTESIAN_POINT('',(-6.8,2.002305435635,5.2000001));
#3151 = CARTESIAN_POINT('',(-6.8,2.002305435635,10.2000001));
#3152 = CARTESIAN_POINT('',(-6.8,-1.992305435635,5.2000001));
#3153 = CARTESIAN_POINT('',(-6.8,-1.992305435635,10.2000001));
#3154 = ADVANCED_FACE('',(#3155),#3197,.F.);
#3155 = FACE_BOUND('',#3156,.T.);
#3156 = EDGE_LOOP('',(#3157,#3164,#3165,#3172,#3177,#3178,#3185,#3192));
#3157 = ORIENTED_EDGE('',*,*,#3158,.T.);
#3158 = EDGE_CURVE('',#3159,#2910,#3161,.T.);
#3159 = VERTEX_POINT('',#3160);
#3160 = CARTESIAN_POINT('',(-1.74367345689,-1.992305435635,5.2000001));
#3161 = B_SPLINE_CURVE_WITH_KNOTS('',1,(#3162,#3163),.UNSPECIFIED.,.F.,
  .F.,(2,2),(0.1,5.),.PIECEWISE_BEZIER_KNOTS.);
#3162 = CARTESIAN_POINT('',(-1.74367345689,-1.992305435635,5.2000001));
#3163 = CARTESIAN_POINT('',(-1.74367345689,-1.992305435635,10.1000001));
#3164 = ORIENTED_EDGE('',*,*,#2909,.T.);
#3165 = ORIENTED_EDGE('',*,*,#3166,.F.);
#3166 = EDGE_CURVE('',#3167,#2902,#3169,.T.);
#3167 = VERTEX_POINT('',#3168);
#3168 = CARTESIAN_POINT('',(-6.5,-1.992305435635,5.2000001));
#3169 = B_SPLINE_CURVE_WITH_KNOTS('',1,(#3170,#3171),.UNSPECIFIED.,.F.,
  .F.,(2,2),(0.1,5.),.PIECEWISE_BEZIER_KNOTS.);
#3170 = CARTESIAN_POINT('',(-6.5,-1.992305435635,5.2000001));
#3171 = CARTESIAN_POINT('',(-6.5,-1.992305435635,10.1000001));
#3172 = ORIENTED_EDGE('',*,*,#3173,.F.);
#3173 = EDGE_CURVE('',#3139,#3167,#3174,.T.);
#3174 = B_SPLINE_CURVE_WITH_KNOTS('',1,(#3175,#3176),.UNSPECIFIED.,.F.,
  .F.,(2,2),(-6.,-5.7),.PIECEWISE_BEZIER_KNOTS.);
#3175 = CARTESIAN_POINT('',(-6.8,-1.992305435635,5.2000001));
#3176 = CARTESIAN_POINT('',(-6.5,-1.992305435635,5.2000001));
#3177 = ORIENTED_EDGE('',*,*,#3138,.T.);
#3178 = ORIENTED_EDGE('',*,*,#3179,.T.);
#3179 = EDGE_CURVE('',#3132,#3180,#3182,.T.);
#3180 = VERTEX_POINT('',#3181);
#3181 = CARTESIAN_POINT('',(-0.8,-1.992305435635,10.2000001));
#3182 = B_SPLINE_CURVE_WITH_KNOTS('',1,(#3183,#3184),.UNSPECIFIED.,.F.,
  .F.,(2,2),(-6.,0.),.PIECEWISE_BEZIER_KNOTS.);
#3183 = CARTESIAN_POINT('',(-6.8,-1.992305435635,10.2000001));
#3184 = CARTESIAN_POINT('',(-0.8,-1.992305435635,10.2000001));
#3185 = ORIENTED_EDGE('',*,*,#3186,.F.);
#3186 = EDGE_CURVE('',#3187,#3180,#3189,.T.);
#3187 = VERTEX_POINT('',#3188);
#3188 = CARTESIAN_POINT('',(-0.8,-1.992305435635,5.2000001));
#3189 = B_SPLINE_CURVE_WITH_KNOTS('',1,(#3190,#3191),.UNSPECIFIED.,.F.,
  .F.,(2,2),(0.,5.),.PIECEWISE_BEZIER_KNOTS.);
#3190 = CARTESIAN_POINT('',(-0.8,-1.992305435635,5.2000001));
#3191 = CARTESIAN_POINT('',(-0.8,-1.992305435635,10.2000001));
#3192 = ORIENTED_EDGE('',*,*,#3193,.F.);
#3193 = EDGE_CURVE('',#3159,#3187,#3194,.T.);
#3194 = B_SPLINE_CURVE_WITH_KNOTS('',1,(#3195,#3196),.UNSPECIFIED.,.F.,
  .F.,(2,2),(-0.94367345689,0.),.PIECEWISE_BEZIER_KNOTS.);
#3195 = CARTESIAN_POINT('',(-1.74367345689,-1.992305435635,5.2000001));
#3196 = CARTESIAN_POINT('',(-0.8,-1.992305435635,5.2000001));
#3197 = B_SPLINE_SURFACE_WITH_KNOTS('',1,1,(
    (#3198,#3199)
    ,(#3200,#3201
    )),.UNSPECIFIED.,.F.,.F.,.F.,(2,2),(2,2),(-6.,0.),(0.,5.),
  .PIECEWISE_BEZIER_KNOTS.);
#3198 = CARTESIAN_POINT('',(-6.8,-1.992305435635,5.2000001));
#3199 = CARTESIAN_POINT('',(-6.8,-1.992305435635,10.2000001));
#3200 = CARTESIAN_POINT('',(-0.8,-1.992305435635,5.2000001));
#3201 = CARTESIAN_POINT('',(-0.8,-1.992305435635,10.2000001));
#3202 = ADVANCED_FACE('',(#3203),#3355,.F.);
#3203 = FACE_BOUND('',#3204,.T.);
#3204 = EDGE_LOOP('',(#3205,#3214,#3222,#3229,#3237,#3242,#3243,#3244,
    #3245,#3246,#3247,#3248,#3249,#3256,#3262,#3263,#3270,#3277,#3285,
    #3292,#3298,#3299,#3306,#3313,#3320,#3326,#3327,#3334,#3342,#3349));
#3205 = ORIENTED_EDGE('',*,*,#3206,.F.);
#3206 = EDGE_CURVE('',#3207,#3209,#3211,.T.);
#3207 = VERTEX_POINT('',#3208);
#3208 = CARTESIAN_POINT('',(-6.6,-1.692305435635,5.2000001));
#3209 = VERTEX_POINT('',#3210);
#3210 = CARTESIAN_POINT('',(-6.6,1.702305435635,5.2000001));
#3211 = B_SPLINE_CURVE_WITH_KNOTS('',1,(#3212,#3213),.UNSPECIFIED.,.F.,
  .F.,(2,2),(-1.697305435635,1.697305435635),.PIECEWISE_BEZIER_KNOTS.);
#3212 = CARTESIAN_POINT('',(-6.6,-1.692305435635,5.2000001));
#3213 = CARTESIAN_POINT('',(-6.6,1.702305435635,5.2000001));
#3214 = ORIENTED_EDGE('',*,*,#3215,.T.);
#3215 = EDGE_CURVE('',#3207,#3216,#3218,.T.);
#3216 = VERTEX_POINT('',#3217);
#3217 = CARTESIAN_POINT('',(-6.5,-1.792305435635,5.2000001));
#3218 = ( BOUNDED_CURVE() B_SPLINE_CURVE(2,(#3219,#3220,#3221),
.UNSPECIFIED.,.F.,.F.) B_SPLINE_CURVE_WITH_KNOTS((3,3),(0.,
1.570796326795),.PIECEWISE_BEZIER_KNOTS.) CURVE() 
GEOMETRIC_REPRESENTATION_ITEM() RATIONAL_B_SPLINE_CURVE((1.,
0.707106781187,1.)) REPRESENTATION_ITEM('') );
#3219 = CARTESIAN_POINT('',(-6.6,-1.692305435635,5.2000001));
#3220 = CARTESIAN_POINT('',(-6.6,-1.792305435635,5.2000001));
#3221 = CARTESIAN_POINT('',(-6.5,-1.792305435635,5.2000001));
#3222 = ORIENTED_EDGE('',*,*,#3223,.T.);
#3223 = EDGE_CURVE('',#3216,#3224,#3226,.T.);
#3224 = VERTEX_POINT('',#3225);
#3225 = CARTESIAN_POINT('',(-1.74367345689,-1.792305435635,5.2000001));
#3226 = B_SPLINE_CURVE_WITH_KNOTS('',1,(#3227,#3228),.UNSPECIFIED.,.F.,
  .F.,(2,2),(-6.5,-1.74367345689),.PIECEWISE_BEZIER_KNOTS.);
#3227 = CARTESIAN_POINT('',(-6.5,-1.792305435635,5.2000001));
#3228 = CARTESIAN_POINT('',(-1.74367345689,-1.792305435635,5.2000001));
#3229 = ORIENTED_EDGE('',*,*,#3230,.T.);
#3230 = EDGE_CURVE('',#3224,#3231,#3233,.T.);
#3231 = VERTEX_POINT('',#3232);
#3232 = CARTESIAN_POINT('',(-1.647529368757,-1.719806605009,5.2000001));
#3233 = ( BOUNDED_CURVE() B_SPLINE_CURVE(2,(#3234,#3235,#3236),
.UNSPECIFIED.,.F.,.F.) B_SPLINE_CURVE_WITH_KNOTS((3,3),(1.570796326795,
2.862990788489),.PIECEWISE_BEZIER_KNOTS.) CURVE() 
GEOMETRIC_REPRESENTATION_ITEM() RATIONAL_B_SPLINE_CURVE((1.,
0.798439632579,1.)) REPRESENTATION_ITEM('') );
#3234 = CARTESIAN_POINT('',(-1.74367345689,-1.792305435635,5.2000001));
#3235 = CARTESIAN_POINT('',(-1.668267020538,-1.792305435635,5.2000001));
#3236 = CARTESIAN_POINT('',(-1.647529368757,-1.719806605009,5.2000001));
#3237 = ORIENTED_EDGE('',*,*,#3238,.T.);
#3238 = EDGE_CURVE('',#3231,#2932,#3239,.T.);
#3239 = B_SPLINE_CURVE_WITH_KNOTS('',1,(#3240,#3241),.UNSPECIFIED.,.F.,
  .F.,(2,2),(-2.111389424651,-1.410634678744),.PIECEWISE_BEZIER_KNOTS.);
#3240 = CARTESIAN_POINT('',(-1.647529368757,-1.719806605009,5.2000001));
#3241 = CARTESIAN_POINT('',(-1.454813619185,-1.046072344505,5.2000001));
#3242 = ORIENTED_EDGE('',*,*,#2938,.T.);
#3243 = ORIENTED_EDGE('',*,*,#245,.T.);
#3244 = ORIENTED_EDGE('',*,*,#2978,.T.);
#3245 = ORIENTED_EDGE('',*,*,#3029,.T.);
#3246 = ORIENTED_EDGE('',*,*,#3070,.F.);
#3247 = ORIENTED_EDGE('',*,*,#3084,.F.);
#3248 = ORIENTED_EDGE('',*,*,#181,.F.);
#3249 = ORIENTED_EDGE('',*,*,#3250,.F.);
#3250 = EDGE_CURVE('',#3251,#182,#3253,.T.);
#3251 = VERTEX_POINT('',#3252);
#3252 = CARTESIAN_POINT('',(-1.45524119249,-1.774808943759,5.2000001));
#3253 = B_SPLINE_CURVE_WITH_KNOTS('',1,(#3254,#3255),.UNSPECIFIED.,.F.,
  .F.,(2,2),(-2.111389424651,-1.410634678744),.PIECEWISE_BEZIER_KNOTS.);
#3254 = CARTESIAN_POINT('',(-1.45524119249,-1.774808943759,5.2000001));
#3255 = CARTESIAN_POINT('',(-1.262525442917,-1.101074683254,5.2000001));
#3256 = ORIENTED_EDGE('',*,*,#3257,.F.);
#3257 = EDGE_CURVE('',#3159,#3251,#3258,.T.);
#3258 = ( BOUNDED_CURVE() B_SPLINE_CURVE(2,(#3259,#3260,#3261),
.UNSPECIFIED.,.F.,.F.) B_SPLINE_CURVE_WITH_KNOTS((3,3),(1.570796326795,
2.862990788489),.PIECEWISE_BEZIER_KNOTS.) CURVE() 
GEOMETRIC_REPRESENTATION_ITEM() RATIONAL_B_SPLINE_CURVE((1.,
0.798439632579,1.)) REPRESENTATION_ITEM('') );
#3259 = CARTESIAN_POINT('',(-1.74367345689,-1.992305435635,5.2000001));
#3260 = CARTESIAN_POINT('',(-1.517454147832,-1.992305435635,5.2000001));
#3261 = CARTESIAN_POINT('',(-1.45524119249,-1.774808943759,5.2000001));
#3262 = ORIENTED_EDGE('',*,*,#3193,.T.);
#3263 = ORIENTED_EDGE('',*,*,#3264,.T.);
#3264 = EDGE_CURVE('',#3187,#3265,#3267,.T.);
#3265 = VERTEX_POINT('',#3266);
#3266 = CARTESIAN_POINT('',(-0.8,2.002305435635,5.2000001));
#3267 = B_SPLINE_CURVE_WITH_KNOTS('',1,(#3268,#3269),.UNSPECIFIED.,.F.,
  .F.,(2,2),(-3.99461087127,0.),.PIECEWISE_BEZIER_KNOTS.);
#3268 = CARTESIAN_POINT('',(-0.8,-1.992305435635,5.2000001));
#3269 = CARTESIAN_POINT('',(-0.8,2.002305435635,5.2000001));
#3270 = ORIENTED_EDGE('',*,*,#3271,.T.);
#3271 = EDGE_CURVE('',#3265,#3272,#3274,.T.);
#3272 = VERTEX_POINT('',#3273);
#3273 = CARTESIAN_POINT('',(-1.74367345689,2.002305435635,5.2000001));
#3274 = B_SPLINE_CURVE_WITH_KNOTS('',1,(#3275,#3276),.UNSPECIFIED.,.F.,
  .F.,(2,2),(0.,0.94367345689),.PIECEWISE_BEZIER_KNOTS.);
#3275 = CARTESIAN_POINT('',(-0.8,2.002305435635,5.2000001));
#3276 = CARTESIAN_POINT('',(-1.74367345689,2.002305435635,5.2000001));
#3277 = ORIENTED_EDGE('',*,*,#3278,.T.);
#3278 = EDGE_CURVE('',#3272,#3279,#3281,.T.);
#3279 = VERTEX_POINT('',#3280);
#3280 = CARTESIAN_POINT('',(-1.45524119249,1.784808943759,5.2000001));
#3281 = ( BOUNDED_CURVE() B_SPLINE_CURVE(2,(#3282,#3283,#3284),
.UNSPECIFIED.,.F.,.F.) B_SPLINE_CURVE_WITH_KNOTS((3,3),(1.570796326795,
2.862990788489),.PIECEWISE_BEZIER_KNOTS.) CURVE() 
GEOMETRIC_REPRESENTATION_ITEM() RATIONAL_B_SPLINE_CURVE((1.,
0.798439632579,1.)) REPRESENTATION_ITEM('') );
#3282 = CARTESIAN_POINT('',(-1.74367345689,2.002305435635,5.2000001));
#3283 = CARTESIAN_POINT('',(-1.517454147832,2.002305435635,5.2000001));
#3284 = CARTESIAN_POINT('',(-1.45524119249,1.784808943759,5.2000001));
#3285 = ORIENTED_EDGE('',*,*,#3286,.T.);
#3286 = EDGE_CURVE('',#3279,#3287,#3289,.T.);
#3287 = VERTEX_POINT('',#3288);
#3288 = CARTESIAN_POINT('',(-1.262525442917,1.111074683254,5.2000001));
#3289 = B_SPLINE_CURVE_WITH_KNOTS('',1,(#3290,#3291),.UNSPECIFIED.,.F.,
  .F.,(2,2),(-2.111389424651,-1.410634678744),.PIECEWISE_BEZIER_KNOTS.);
#3290 = CARTESIAN_POINT('',(-1.45524119249,1.784808943759,5.2000001));
#3291 = CARTESIAN_POINT('',(-1.262525442917,1.111074683254,5.2000001));
#3292 = ORIENTED_EDGE('',*,*,#3293,.T.);
#3293 = EDGE_CURVE('',#3287,#142,#3294,.T.);
#3294 = ( BOUNDED_CURVE() B_SPLINE_CURVE(2,(#3295,#3296,#3297),
.UNSPECIFIED.,.F.,.F.) B_SPLINE_CURVE_WITH_KNOTS((3,3),(2.862990788489,
3.14159265359),.PIECEWISE_BEZIER_KNOTS.) CURVE() 
GEOMETRIC_REPRESENTATION_ITEM() RATIONAL_B_SPLINE_CURVE((1.,
0.990313304297,1.)) REPRESENTATION_ITEM('') );
#3295 = CARTESIAN_POINT('',(-1.262525442917,1.111074683254,5.2000001));
#3296 = CARTESIAN_POINT('',(-1.250957707318,1.070633879598,5.2000001));
#3297 = CARTESIAN_POINT('',(-1.250957707318,1.02857117513,5.2000001));
#3298 = ORIENTED_EDGE('',*,*,#141,.T.);
#3299 = ORIENTED_EDGE('',*,*,#3300,.T.);
#3300 = EDGE_CURVE('',#144,#3301,#3303,.T.);
#3301 = VERTEX_POINT('',#3302);
#3302 = CARTESIAN_POINT('',(-3.228625846451,0.515122883739,5.2000001));
#3303 = B_SPLINE_CURVE_WITH_KNOTS('',1,(#3304,#3305),.UNSPECIFIED.,.F.,
  .F.,(2,2),(1.411047753868,3.139688703572),.PIECEWISE_BEZIER_KNOTS.);
#3304 = CARTESIAN_POINT('',(-1.513507181821,0.730917923611,5.2000001));
#3305 = CARTESIAN_POINT('',(-3.228625846451,0.515122883739,5.2000001));
#3306 = ORIENTED_EDGE('',*,*,#3307,.F.);
#3307 = EDGE_CURVE('',#3308,#3301,#3310,.T.);
#3308 = VERTEX_POINT('',#3309);
#3309 = CARTESIAN_POINT('',(-3.253592863449,0.713558384752,5.2000001));
#3310 = B_SPLINE_CURVE_WITH_KNOTS('',1,(#3311,#3312),.UNSPECIFIED.,.F.,
  .F.,(2,2),(-1.109178232004,-0.909178232004),.PIECEWISE_BEZIER_KNOTS.);
#3311 = CARTESIAN_POINT('',(-3.253592863449,0.713558384752,5.2000001));
#3312 = CARTESIAN_POINT('',(-3.228625846451,0.515122883739,5.2000001));
#3313 = ORIENTED_EDGE('',*,*,#3314,.F.);
#3314 = EDGE_CURVE('',#3315,#3308,#3317,.T.);
#3315 = VERTEX_POINT('',#3316);
#3316 = CARTESIAN_POINT('',(-1.538474198819,0.929353424624,5.2000001));
#3317 = B_SPLINE_CURVE_WITH_KNOTS('',1,(#3318,#3319),.UNSPECIFIED.,.F.,
  .F.,(2,2),(1.411047753868,3.139688703572),.PIECEWISE_BEZIER_KNOTS.);
#3318 = CARTESIAN_POINT('',(-1.538474198819,0.929353424624,5.2000001));
#3319 = CARTESIAN_POINT('',(-3.253592863449,0.713558384752,5.2000001));
#3320 = ORIENTED_EDGE('',*,*,#3321,.F.);
#3321 = EDGE_CURVE('',#119,#3315,#3322,.T.);
#3322 = ( BOUNDED_CURVE() B_SPLINE_CURVE(2,(#3323,#3324,#3325),
.UNSPECIFIED.,.F.,.F.) B_SPLINE_CURVE_WITH_KNOTS((3,3),(3.14159265359,
4.587227366184),.PIECEWISE_BEZIER_KNOTS.) CURVE() 
GEOMETRIC_REPRESENTATION_ITEM() RATIONAL_B_SPLINE_CURVE((1.,
0.749945026315,1.)) REPRESENTATION_ITEM('') );
#3323 = CARTESIAN_POINT('',(-1.450957707318,1.02857117513,5.2000001));
#3324 = CARTESIAN_POINT('',(-1.450957707318,0.940364688837,5.2000001));
#3325 = CARTESIAN_POINT('',(-1.538474198819,0.929353424624,5.2000001));
#3326 = ORIENTED_EDGE('',*,*,#125,.F.);
#3327 = ORIENTED_EDGE('',*,*,#3328,.F.);
#3328 = EDGE_CURVE('',#3329,#102,#3331,.T.);
#3329 = VERTEX_POINT('',#3330);
#3330 = CARTESIAN_POINT('',(-1.647529368757,1.729806605009,5.2000001));
#3331 = B_SPLINE_CURVE_WITH_KNOTS('',1,(#3332,#3333),.UNSPECIFIED.,.F.,
  .F.,(2,2),(-2.111389424651,-1.410634678744),.PIECEWISE_BEZIER_KNOTS.);
#3332 = CARTESIAN_POINT('',(-1.647529368757,1.729806605009,5.2000001));
#3333 = CARTESIAN_POINT('',(-1.454813619185,1.056072344505,5.2000001));
#3334 = ORIENTED_EDGE('',*,*,#3335,.F.);
#3335 = EDGE_CURVE('',#3336,#3329,#3338,.T.);
#3336 = VERTEX_POINT('',#3337);
#3337 = CARTESIAN_POINT('',(-1.74367345689,1.802305435635,5.2000001));
#3338 = ( BOUNDED_CURVE() B_SPLINE_CURVE(2,(#3339,#3340,#3341),
.UNSPECIFIED.,.F.,.F.) B_SPLINE_CURVE_WITH_KNOTS((3,3),(1.570796326795,
2.862990788489),.PIECEWISE_BEZIER_KNOTS.) CURVE() 
GEOMETRIC_REPRESENTATION_ITEM() RATIONAL_B_SPLINE_CURVE((1.,
0.798439632579,1.)) REPRESENTATION_ITEM('') );
#3339 = CARTESIAN_POINT('',(-1.74367345689,1.802305435635,5.2000001));
#3340 = CARTESIAN_POINT('',(-1.668267020538,1.802305435635,5.2000001));
#3341 = CARTESIAN_POINT('',(-1.647529368757,1.729806605009,5.2000001));
#3342 = ORIENTED_EDGE('',*,*,#3343,.F.);
#3343 = EDGE_CURVE('',#3344,#3336,#3346,.T.);
#3344 = VERTEX_POINT('',#3345);
#3345 = CARTESIAN_POINT('',(-6.5,1.802305435635,5.2000001));
#3346 = B_SPLINE_CURVE_WITH_KNOTS('',1,(#3347,#3348),.UNSPECIFIED.,.F.,
  .F.,(2,2),(-6.5,-1.74367345689),.PIECEWISE_BEZIER_KNOTS.);
#3347 = CARTESIAN_POINT('',(-6.5,1.802305435635,5.2000001));
#3348 = CARTESIAN_POINT('',(-1.74367345689,1.802305435635,5.2000001));
#3349 = ORIENTED_EDGE('',*,*,#3350,.F.);
#3350 = EDGE_CURVE('',#3209,#3344,#3351,.T.);
#3351 = ( BOUNDED_CURVE() B_SPLINE_CURVE(2,(#3352,#3353,#3354),
.UNSPECIFIED.,.F.,.F.) B_SPLINE_CURVE_WITH_KNOTS((3,3),(0.,
1.570796326795),.PIECEWISE_BEZIER_KNOTS.) CURVE() 
GEOMETRIC_REPRESENTATION_ITEM() RATIONAL_B_SPLINE_CURVE((1.,
0.707106781187,1.)) REPRESENTATION_ITEM('') );
#3352 = CARTESIAN_POINT('',(-6.6,1.702305435635,5.2000001));
#3353 = CARTESIAN_POINT('',(-6.6,1.802305435635,5.2000001));
#3354 = CARTESIAN_POINT('',(-6.5,1.802305435635,5.2000001));
#3355 = B_SPLINE_SURFACE_WITH_KNOTS('',1,1,(
    (#3356,#3357)
    ,(#3358,#3359
    )),.UNSPECIFIED.,.F.,.F.,.F.,(2,2),(2,2),(0.8,6.6),(-1.997305435635,
    1.997305435635),.PIECEWISE_BEZIER_KNOTS.);
#3356 = CARTESIAN_POINT('',(-0.8,-1.992305435635,5.2000001));
#3357 = CARTESIAN_POINT('',(-0.8,2.002305435635,5.2000001));
#3358 = CARTESIAN_POINT('',(-6.6,-1.992305435635,5.2000001));
#3359 = CARTESIAN_POINT('',(-6.6,2.002305435635,5.2000001));
#3360 = ADVANCED_FACE('',(#3361),#3405,.T.);
#3361 = FACE_BOUND('',#3362,.T.);
#3362 = EDGE_LOOP('',(#3363,#3372,#3379,#3384,#3385,#3393,#3398,#3399));
#3363 = ORIENTED_EDGE('',*,*,#3364,.T.);
#3364 = EDGE_CURVE('',#3365,#3367,#3369,.T.);
#3365 = VERTEX_POINT('',#3366);
#3366 = CARTESIAN_POINT('',(-1.538474198819,0.929353424624,8.1000001));
#3367 = VERTEX_POINT('',#3368);
#3368 = CARTESIAN_POINT('',(-1.666108855346,0.913294520734,8.1000001));
#3369 = B_SPLINE_CURVE_WITH_KNOTS('',1,(#3370,#3371),.UNSPECIFIED.,.F.,
  .F.,(2,2),(0.,0.128640949704),.PIECEWISE_BEZIER_KNOTS.);
#3370 = CARTESIAN_POINT('',(-1.538474198819,0.929353424624,8.1000001));
#3371 = CARTESIAN_POINT('',(-1.666108855346,0.913294520734,8.1000001));
#3372 = ORIENTED_EDGE('',*,*,#3373,.F.);
#3373 = EDGE_CURVE('',#3374,#3367,#3376,.T.);
#3374 = VERTEX_POINT('',#3375);
#3375 = CARTESIAN_POINT('',(-1.641141838348,0.714859019721,8.1000001));
#3376 = B_SPLINE_CURVE_WITH_KNOTS('',1,(#3377,#3378),.UNSPECIFIED.,.F.,
  .F.,(2,2),(2.771895712714E-17,0.2),.PIECEWISE_BEZIER_KNOTS.);
#3377 = CARTESIAN_POINT('',(-1.641141838348,0.714859019721,8.1000001));
#3378 = CARTESIAN_POINT('',(-1.666108855346,0.913294520734,8.1000001));
#3379 = ORIENTED_EDGE('',*,*,#3380,.T.);
#3380 = EDGE_CURVE('',#3374,#159,#3381,.T.);
#3381 = B_SPLINE_CURVE_WITH_KNOTS('',1,(#3382,#3383),.UNSPECIFIED.,.F.,
  .F.,(2,2),(1.6,1.728640949704),.PIECEWISE_BEZIER_KNOTS.);
#3382 = CARTESIAN_POINT('',(-1.641141838348,0.714859019721,8.1000001));
#3383 = CARTESIAN_POINT('',(-1.513507181821,0.730917923611,8.1000001));
#3384 = ORIENTED_EDGE('',*,*,#158,.T.);
#3385 = ORIENTED_EDGE('',*,*,#3386,.T.);
#3386 = EDGE_CURVE('',#152,#3387,#3389,.T.);
#3387 = VERTEX_POINT('',#3388);
#3388 = CARTESIAN_POINT('',(-1.262525442917,1.111074683254,8.1000001));
#3389 = ( BOUNDED_CURVE() B_SPLINE_CURVE(2,(#3390,#3391,#3392),
.UNSPECIFIED.,.F.,.F.) B_SPLINE_CURVE_WITH_KNOTS((3,3),(0.,0.2786018651)
,.PIECEWISE_BEZIER_KNOTS.) CURVE() GEOMETRIC_REPRESENTATION_ITEM() 
RATIONAL_B_SPLINE_CURVE((1.,0.990313304297,1.)) REPRESENTATION_ITEM('') 
  );
#3390 = CARTESIAN_POINT('',(-1.250957707318,1.02857117513,8.1000001));
#3391 = CARTESIAN_POINT('',(-1.250957707318,1.070633879598,8.1000001));
#3392 = CARTESIAN_POINT('',(-1.262525442917,1.111074683254,8.1000001));
#3393 = ORIENTED_EDGE('',*,*,#3394,.T.);
#3394 = EDGE_CURVE('',#3387,#104,#3395,.T.);
#3395 = B_SPLINE_CURVE_WITH_KNOTS('',1,(#3396,#3397),.UNSPECIFIED.,.F.,
  .F.,(2,2),(-0.2,-0.),.PIECEWISE_BEZIER_KNOTS.);
#3396 = CARTESIAN_POINT('',(-1.262525442917,1.111074683254,8.1000001));
#3397 = CARTESIAN_POINT('',(-1.454813619185,1.056072344505,8.1000001));
#3398 = ORIENTED_EDGE('',*,*,#110,.T.);
#3399 = ORIENTED_EDGE('',*,*,#3400,.T.);
#3400 = EDGE_CURVE('',#111,#3365,#3401,.T.);
#3401 = ( BOUNDED_CURVE() B_SPLINE_CURVE(2,(#3402,#3403,#3404),
.UNSPECIFIED.,.F.,.F.) B_SPLINE_CURVE_WITH_KNOTS((3,3),(0.,
1.445634712595),.PIECEWISE_BEZIER_KNOTS.) CURVE() 
GEOMETRIC_REPRESENTATION_ITEM() RATIONAL_B_SPLINE_CURVE((1.,
0.749945026315,1.)) REPRESENTATION_ITEM('') );
#3402 = CARTESIAN_POINT('',(-1.450957707318,1.02857117513,8.1000001));
#3403 = CARTESIAN_POINT('',(-1.450957707318,0.940364688837,8.1000001));
#3404 = CARTESIAN_POINT('',(-1.538474198819,0.929353424624,8.1000001));
#3405 = B_SPLINE_SURFACE_WITH_KNOTS('',1,1,(
    (#3406,#3407)
    ,(#3408,#3409
    )),.UNSPECIFIED.,.F.,.F.,.F.,(2,2),(2,2),(-0.115151148027,0.3),(
    -0.313712155409,8.250350812375E-02),.PIECEWISE_BEZIER_KNOTS.);
#3406 = CARTESIAN_POINT('',(-1.666108855346,0.714859019721,8.1000001));
#3407 = CARTESIAN_POINT('',(-1.666108855346,1.111074683254,8.1000001));
#3408 = CARTESIAN_POINT('',(-1.250957707318,0.714859019721,8.1000001));
#3409 = CARTESIAN_POINT('',(-1.250957707318,1.111074683254,8.1000001));
#3410 = ADVANCED_FACE('',(#3411),#3421,.T.);
#3411 = FACE_BOUND('',#3412,.T.);
#3412 = EDGE_LOOP('',(#3413,#3414,#3415,#3420));
#3413 = ORIENTED_EDGE('',*,*,#151,.F.);
#3414 = ORIENTED_EDGE('',*,*,#3293,.F.);
#3415 = ORIENTED_EDGE('',*,*,#3416,.T.);
#3416 = EDGE_CURVE('',#3287,#3387,#3417,.T.);
#3417 = B_SPLINE_CURVE_WITH_KNOTS('',1,(#3418,#3419),.UNSPECIFIED.,.F.,
  .F.,(2,2),(0.1,3.),.PIECEWISE_BEZIER_KNOTS.);
#3418 = CARTESIAN_POINT('',(-1.262525442917,1.111074683254,5.2000001));
#3419 = CARTESIAN_POINT('',(-1.262525442917,1.111074683254,8.1000001));
#3420 = ORIENTED_EDGE('',*,*,#3386,.F.);
#3421 = ( BOUNDED_SURFACE() B_SPLINE_SURFACE(2,1,(
    (#3422,#3423)
    ,(#3424,#3425)
    ,(#3426,#3427
)),.UNSPECIFIED.,.F.,.F.,.F.) B_SPLINE_SURFACE_WITH_KNOTS((3,3),(2,2),(
    0.,0.2786018651),(0.1,3.),.PIECEWISE_BEZIER_KNOTS.) 
GEOMETRIC_REPRESENTATION_ITEM() RATIONAL_B_SPLINE_SURFACE((
    (1.,1.)
    ,(0.990313304297,0.990313304297)
,(1.,1.))) REPRESENTATION_ITEM('') SURFACE() );
#3422 = CARTESIAN_POINT('',(-1.250957707318,1.02857117513,5.2000001));
#3423 = CARTESIAN_POINT('',(-1.250957707318,1.02857117513,8.1000001));
#3424 = CARTESIAN_POINT('',(-1.250957707318,1.070633879598,5.2000001));
#3425 = CARTESIAN_POINT('',(-1.250957707318,1.070633879598,8.1000001));
#3426 = CARTESIAN_POINT('',(-1.262525442917,1.111074683254,5.2000001));
#3427 = CARTESIAN_POINT('',(-1.262525442917,1.111074683254,8.1000001));
#3428 = ADVANCED_FACE('',(#3429),#3453,.T.);
#3429 = FACE_BOUND('',#3430,.T.);
#3430 = EDGE_LOOP('',(#3431,#3432,#3433,#3440,#3447,#3452));
#3431 = ORIENTED_EDGE('',*,*,#166,.T.);
#3432 = ORIENTED_EDGE('',*,*,#3380,.F.);
#3433 = ORIENTED_EDGE('',*,*,#3434,.T.);
#3434 = EDGE_CURVE('',#3374,#3435,#3437,.T.);
#3435 = VERTEX_POINT('',#3436);
#3436 = CARTESIAN_POINT('',(-1.641141838348,0.714859019721,
    8.726286234756));
#3437 = B_SPLINE_CURVE_WITH_KNOTS('',1,(#3438,#3439),.UNSPECIFIED.,.F.,
  .F.,(2,2),(0.,0.626286134756),.PIECEWISE_BEZIER_KNOTS.);
#3438 = CARTESIAN_POINT('',(-1.641141838348,0.714859019721,8.1000001));
#3439 = CARTESIAN_POINT('',(-1.641141838348,0.714859019721,
    8.726286234756));
#3440 = ORIENTED_EDGE('',*,*,#3441,.T.);
#3441 = EDGE_CURVE('',#3435,#3442,#3444,.T.);
#3442 = VERTEX_POINT('',#3443);
#3443 = CARTESIAN_POINT('',(-3.228625846451,0.515122883739,
    8.726286234756));
#3444 = B_SPLINE_CURVE_WITH_KNOTS('',1,(#3445,#3446),.UNSPECIFIED.,.F.,
  .F.,(2,2),(0.,1.6),.PIECEWISE_BEZIER_KNOTS.);
#3445 = CARTESIAN_POINT('',(-1.641141838348,0.714859019721,
    8.726286234756));
#3446 = CARTESIAN_POINT('',(-3.228625846451,0.515122883739,
    8.726286234756));
#3447 = ORIENTED_EDGE('',*,*,#3448,.F.);
#3448 = EDGE_CURVE('',#3301,#3442,#3449,.T.);
#3449 = B_SPLINE_CURVE_WITH_KNOTS('',1,(#3450,#3451),.UNSPECIFIED.,.F.,
  .F.,(2,2),(0.1,3.626286134756),.PIECEWISE_BEZIER_KNOTS.);
#3450 = CARTESIAN_POINT('',(-3.228625846451,0.515122883739,5.2000001));
#3451 = CARTESIAN_POINT('',(-3.228625846451,0.515122883739,
    8.726286234756));
#3452 = ORIENTED_EDGE('',*,*,#3300,.F.);
#3453 = B_SPLINE_SURFACE_WITH_KNOTS('',1,1,(
    (#3454,#3455)
    ,(#3456,#3457
    )),.UNSPECIFIED.,.F.,.F.,.F.,(2,2),(2,2),(0.,1.728640949704),(0.1,
    3.626286134756),.PIECEWISE_BEZIER_KNOTS.);
#3454 = CARTESIAN_POINT('',(-3.228625846451,0.515122883739,5.2000001));
#3455 = CARTESIAN_POINT('',(-3.228625846451,0.515122883739,
    8.726286234756));
#3456 = CARTESIAN_POINT('',(-1.513507181821,0.730917923611,5.2000001));
#3457 = CARTESIAN_POINT('',(-1.513507181821,0.730917923611,
    8.726286234756));
#3458 = ADVANCED_FACE('',(#3459),#3505,.F.);
#3459 = FACE_BOUND('',#3460,.T.);
#3460 = EDGE_LOOP('',(#3461,#3470,#3477,#3484,#3492,#3497,#3498,#3499));
#3461 = ORIENTED_EDGE('',*,*,#3462,.T.);
#3462 = EDGE_CURVE('',#3463,#3465,#3467,.T.);
#3463 = VERTEX_POINT('',#3464);
#3464 = CARTESIAN_POINT('',(-3.251642921583,0.698060430345,
    9.304873983074));
#3465 = VERTEX_POINT('',#3466);
#3466 = CARTESIAN_POINT('',(-3.307610493374,1.142885422846,
    9.936876071421));
#3467 = B_SPLINE_CURVE_WITH_KNOTS('',1,(#3468,#3469),.UNSPECIFIED.,.F.,
  .F.,(2,2),(9.793508379274E-16,0.774873075233),
  .PIECEWISE_BEZIER_KNOTS.);
#3468 = CARTESIAN_POINT('',(-3.251642921583,0.698060430345,
    9.304873983074));
#3469 = CARTESIAN_POINT('',(-3.307610493374,1.142885422846,
    9.936876071421));
#3470 = ORIENTED_EDGE('',*,*,#3471,.T.);
#3471 = EDGE_CURVE('',#3465,#3472,#3474,.T.);
#3472 = VERTEX_POINT('',#3473);
#3473 = CARTESIAN_POINT('',(-3.327974095345,1.304733414538,
    9.821158521757));
#3474 = B_SPLINE_CURVE_WITH_KNOTS('',1,(#3475,#3476),.UNSPECIFIED.,.F.,
  .F.,(2,2),(-2.282504586568,-2.082504586568),.PIECEWISE_BEZIER_KNOTS.);
#3475 = CARTESIAN_POINT('',(-3.307610493374,1.142885422846,
    9.936876071421));
#3476 = CARTESIAN_POINT('',(-3.327974095345,1.304733414538,
    9.821158521757));
#3477 = ORIENTED_EDGE('',*,*,#3478,.F.);
#3478 = EDGE_CURVE('',#3479,#3472,#3481,.T.);
#3479 = VERTEX_POINT('',#3480);
#3480 = CARTESIAN_POINT('',(-3.272006523554,0.859908422037,9.18915643341
    ));
#3481 = B_SPLINE_CURVE_WITH_KNOTS('',1,(#3482,#3483),.UNSPECIFIED.,.F.,
  .F.,(2,2),(1.106818152095E-15,0.774873075233),
  .PIECEWISE_BEZIER_KNOTS.);
#3482 = CARTESIAN_POINT('',(-3.272006523554,0.859908422037,9.18915643341
    ));
#3483 = CARTESIAN_POINT('',(-3.327974095345,1.304733414538,
    9.821158521757));
#3484 = ORIENTED_EDGE('',*,*,#3485,.F.);
#3485 = EDGE_CURVE('',#3486,#3479,#3488,.T.);
#3486 = VERTEX_POINT('',#3487);
#3487 = CARTESIAN_POINT('',(-3.253592863449,0.713558384752,
    8.726286234756));
#3488 = ( BOUNDED_CURVE() B_SPLINE_CURVE(2,(#3489,#3490,#3491),
.UNSPECIFIED.,.F.,.F.) B_SPLINE_CURVE_WITH_KNOTS((3,3),(4.712388980385,
5.329385098847),.PIECEWISE_BEZIER_KNOTS.) CURVE() 
GEOMETRIC_REPRESENTATION_ITEM() RATIONAL_B_SPLINE_CURVE((1.,
0.952790675567,1.)) REPRESENTATION_ITEM('') );
#3489 = CARTESIAN_POINT('',(-3.253592863449,0.713558384752,
    8.726286234756));
#3490 = CARTESIAN_POINT('',(-3.253592863449,0.713558384752,
    8.981224031335));
#3491 = CARTESIAN_POINT('',(-3.272006523554,0.859908422037,9.18915643341
    ));
#3492 = ORIENTED_EDGE('',*,*,#3493,.F.);
#3493 = EDGE_CURVE('',#3308,#3486,#3494,.T.);
#3494 = B_SPLINE_CURVE_WITH_KNOTS('',1,(#3495,#3496),.UNSPECIFIED.,.F.,
  .F.,(2,2),(0.1,3.626286134756),.PIECEWISE_BEZIER_KNOTS.);
#3495 = CARTESIAN_POINT('',(-3.253592863449,0.713558384752,5.2000001));
#3496 = CARTESIAN_POINT('',(-3.253592863449,0.713558384752,
    8.726286234756));
#3497 = ORIENTED_EDGE('',*,*,#3307,.T.);
#3498 = ORIENTED_EDGE('',*,*,#3448,.T.);
#3499 = ORIENTED_EDGE('',*,*,#3500,.T.);
#3500 = EDGE_CURVE('',#3442,#3463,#3501,.T.);
#3501 = ( BOUNDED_CURVE() B_SPLINE_CURVE(2,(#3502,#3503,#3504),
.UNSPECIFIED.,.F.,.F.) B_SPLINE_CURVE_WITH_KNOTS((3,3),(0.,
0.616996118462),.PIECEWISE_BEZIER_KNOTS.) CURVE() 
GEOMETRIC_REPRESENTATION_ITEM() RATIONAL_B_SPLINE_CURVE((1.,
0.952790675567,1.)) REPRESENTATION_ITEM('') );
#3502 = CARTESIAN_POINT('',(-3.228625846451,0.515122883739,
    8.726286234756));
#3503 = CARTESIAN_POINT('',(-3.228625846451,0.515122883739,9.04495848048
    ));
#3504 = CARTESIAN_POINT('',(-3.251642921583,0.698060430345,
    9.304873983074));
#3505 = B_SPLINE_SURFACE_WITH_KNOTS('',1,1,(
    (#3506,#3507)
    ,(#3508,#3509
    )),.UNSPECIFIED.,.F.,.F.,.F.,(2,2),(2,2),(-1.110223024625E-16,
    0.795835953514),(0.1,4.836875971421),.PIECEWISE_BEZIER_KNOTS.);
#3506 = CARTESIAN_POINT('',(-3.228625846451,0.515122883739,5.2000001));
#3507 = CARTESIAN_POINT('',(-3.228625846451,0.515122883739,
    9.936876071421));
#3508 = CARTESIAN_POINT('',(-3.327974095345,1.304733414538,5.2000001));
#3509 = CARTESIAN_POINT('',(-3.327974095345,1.304733414538,
    9.936876071421));
#3510 = ADVANCED_FACE('',(#3511),#3533,.F.);
#3511 = FACE_BOUND('',#3512,.T.);
#3512 = EDGE_LOOP('',(#3513,#3514,#3519,#3520,#3521,#3528));
#3513 = ORIENTED_EDGE('',*,*,#3364,.F.);
#3514 = ORIENTED_EDGE('',*,*,#3515,.F.);
#3515 = EDGE_CURVE('',#3315,#3365,#3516,.T.);
#3516 = B_SPLINE_CURVE_WITH_KNOTS('',1,(#3517,#3518),.UNSPECIFIED.,.F.,
  .F.,(2,2),(0.1,3.),.PIECEWISE_BEZIER_KNOTS.);
#3517 = CARTESIAN_POINT('',(-1.538474198819,0.929353424624,5.2000001));
#3518 = CARTESIAN_POINT('',(-1.538474198819,0.929353424624,8.1000001));
#3519 = ORIENTED_EDGE('',*,*,#3314,.T.);
#3520 = ORIENTED_EDGE('',*,*,#3493,.T.);
#3521 = ORIENTED_EDGE('',*,*,#3522,.F.);
#3522 = EDGE_CURVE('',#3523,#3486,#3525,.T.);
#3523 = VERTEX_POINT('',#3524);
#3524 = CARTESIAN_POINT('',(-1.666108855346,0.913294520734,
    8.726286234756));
#3525 = B_SPLINE_CURVE_WITH_KNOTS('',1,(#3526,#3527),.UNSPECIFIED.,.F.,
  .F.,(2,2),(0.,1.6),.PIECEWISE_BEZIER_KNOTS.);
#3526 = CARTESIAN_POINT('',(-1.666108855346,0.913294520734,
    8.726286234756));
#3527 = CARTESIAN_POINT('',(-3.253592863449,0.713558384752,
    8.726286234756));
#3528 = ORIENTED_EDGE('',*,*,#3529,.F.);
#3529 = EDGE_CURVE('',#3367,#3523,#3530,.T.);
#3530 = B_SPLINE_CURVE_WITH_KNOTS('',1,(#3531,#3532),.UNSPECIFIED.,.F.,
  .F.,(2,2),(-3.78404641086E-32,0.626286134756),
  .PIECEWISE_BEZIER_KNOTS.);
#3531 = CARTESIAN_POINT('',(-1.666108855346,0.913294520734,8.1000001));
#3532 = CARTESIAN_POINT('',(-1.666108855346,0.913294520734,
    8.726286234756));
#3533 = B_SPLINE_SURFACE_WITH_KNOTS('',1,1,(
    (#3534,#3535)
    ,(#3536,#3537
    )),.UNSPECIFIED.,.F.,.F.,.F.,(2,2),(2,2),(0.,1.728640949704),(0.1,
    3.626286134756),.PIECEWISE_BEZIER_KNOTS.);
#3534 = CARTESIAN_POINT('',(-3.253592863449,0.713558384752,5.2000001));
#3535 = CARTESIAN_POINT('',(-3.253592863449,0.713558384752,
    8.726286234756));
#3536 = CARTESIAN_POINT('',(-1.538474198819,0.929353424624,5.2000001));
#3537 = CARTESIAN_POINT('',(-1.538474198819,0.929353424624,
    8.726286234756));
#3538 = ADVANCED_FACE('',(#3539),#3545,.F.);
#3539 = FACE_BOUND('',#3540,.F.);
#3540 = EDGE_LOOP('',(#3541,#3542,#3543,#3544));
#3541 = ORIENTED_EDGE('',*,*,#3400,.T.);
#3542 = ORIENTED_EDGE('',*,*,#3515,.F.);
#3543 = ORIENTED_EDGE('',*,*,#3321,.F.);
#3544 = ORIENTED_EDGE('',*,*,#118,.T.);
#3545 = ( BOUNDED_SURFACE() B_SPLINE_SURFACE(2,1,(
    (#3546,#3547)
    ,(#3548,#3549)
    ,(#3550,#3551
)),.UNSPECIFIED.,.F.,.F.,.F.) B_SPLINE_SURFACE_WITH_KNOTS((3,3),(2,2),(
    4.837550594585,6.28318530718),(0.1,3.),.PIECEWISE_BEZIER_KNOTS.) 
GEOMETRIC_REPRESENTATION_ITEM() RATIONAL_B_SPLINE_SURFACE((
    (1.,1.)
    ,(0.749945026315,0.749945026315)
,(1.,1.))) REPRESENTATION_ITEM('') SURFACE() );
#3546 = CARTESIAN_POINT('',(-1.538474198819,0.929353424624,5.2000001));
#3547 = CARTESIAN_POINT('',(-1.538474198819,0.929353424624,8.1000001));
#3548 = CARTESIAN_POINT('',(-1.450957707318,0.940364688837,5.2000001));
#3549 = CARTESIAN_POINT('',(-1.450957707318,0.940364688837,8.1000001));
#3550 = CARTESIAN_POINT('',(-1.450957707318,1.02857117513,5.2000001));
#3551 = CARTESIAN_POINT('',(-1.450957707318,1.02857117513,8.1000001));
#3552 = ADVANCED_FACE('',(#3553),#3569,.F.);
#3553 = FACE_BOUND('',#3554,.T.);
#3554 = EDGE_LOOP('',(#3555,#3556,#3564));
#3555 = ORIENTED_EDGE('',*,*,#3117,.T.);
#3556 = ORIENTED_EDGE('',*,*,#3557,.T.);
#3557 = EDGE_CURVE('',#3111,#3558,#3560,.T.);
#3558 = VERTEX_POINT('',#3559);
#3559 = CARTESIAN_POINT('',(-6.5,2.002305435635,5.2000001));
#3560 = ( BOUNDED_CURVE() B_SPLINE_CURVE(2,(#3561,#3562,#3563),
.UNSPECIFIED.,.F.,.F.) B_SPLINE_CURVE_WITH_KNOTS((3,3),(0.,
1.570796326795),.PIECEWISE_BEZIER_KNOTS.) CURVE() 
GEOMETRIC_REPRESENTATION_ITEM() RATIONAL_B_SPLINE_CURVE((1.,
0.707106781187,1.)) REPRESENTATION_ITEM('') );
#3561 = CARTESIAN_POINT('',(-6.8,1.702305435635,5.2000001));
#3562 = CARTESIAN_POINT('',(-6.8,2.002305435635,5.2000001));
#3563 = CARTESIAN_POINT('',(-6.5,2.002305435635,5.2000001));
#3564 = ORIENTED_EDGE('',*,*,#3565,.T.);
#3565 = EDGE_CURVE('',#3558,#3118,#3566,.T.);
#3566 = B_SPLINE_CURVE_WITH_KNOTS('',1,(#3567,#3568),.UNSPECIFIED.,.F.,
  .F.,(2,2),(5.7,6.),.PIECEWISE_BEZIER_KNOTS.);
#3567 = CARTESIAN_POINT('',(-6.5,2.002305435635,5.2000001));
#3568 = CARTESIAN_POINT('',(-6.8,2.002305435635,5.2000001));
#3569 = B_SPLINE_SURFACE_WITH_KNOTS('',1,1,(
    (#3570,#3571)
    ,(#3572,#3573
    )),.UNSPECIFIED.,.F.,.F.,.F.,(2,2),(2,2),(6.5,6.8),(1.697305435635,
    1.997305435635),.PIECEWISE_BEZIER_KNOTS.);
#3570 = CARTESIAN_POINT('',(-6.5,1.702305435635,5.2000001));
#3571 = CARTESIAN_POINT('',(-6.5,2.002305435635,5.2000001));
#3572 = CARTESIAN_POINT('',(-6.8,1.702305435635,5.2000001));
#3573 = CARTESIAN_POINT('',(-6.8,2.002305435635,5.2000001));
#3574 = ADVANCED_FACE('',(#3575),#3598,.T.);
#3575 = FACE_BOUND('',#3576,.T.);
#3576 = EDGE_LOOP('',(#3577,#3584,#3592,#3597));
#3577 = ORIENTED_EDGE('',*,*,#3578,.F.);
#3578 = EDGE_CURVE('',#3579,#1729,#3581,.T.);
#3579 = VERTEX_POINT('',#3580);
#3580 = CARTESIAN_POINT('',(7.5,3.355,9.7000001));
#3581 = B_SPLINE_CURVE_WITH_KNOTS('',1,(#3582,#3583),.UNSPECIFIED.,.F.,
  .F.,(2,2),(0.5,7.35),.PIECEWISE_BEZIER_KNOTS.);
#3582 = CARTESIAN_POINT('',(7.5,3.355,9.7000001));
#3583 = CARTESIAN_POINT('',(7.5,3.355,2.8500001));
#3584 = ORIENTED_EDGE('',*,*,#3585,.T.);
#3585 = EDGE_CURVE('',#3579,#3586,#3588,.T.);
#3586 = VERTEX_POINT('',#3587);
#3587 = CARTESIAN_POINT('',(8.,2.855,9.7000001));
#3588 = ( BOUNDED_CURVE() B_SPLINE_CURVE(2,(#3589,#3590,#3591),
.UNSPECIFIED.,.F.,.F.) B_SPLINE_CURVE_WITH_KNOTS((3,3),(1.570796326795,
3.14159265359),.PIECEWISE_BEZIER_KNOTS.) CURVE() 
GEOMETRIC_REPRESENTATION_ITEM() RATIONAL_B_SPLINE_CURVE((1.,
0.707106781187,1.)) REPRESENTATION_ITEM('') );
#3589 = CARTESIAN_POINT('',(7.5,3.355,9.7000001));
#3590 = CARTESIAN_POINT('',(8.,3.355,9.7000001));
#3591 = CARTESIAN_POINT('',(8.,2.855,9.7000001));
#3592 = ORIENTED_EDGE('',*,*,#3593,.T.);
#3593 = EDGE_CURVE('',#3586,#1727,#3594,.T.);
#3594 = B_SPLINE_CURVE_WITH_KNOTS('',1,(#3595,#3596),.UNSPECIFIED.,.F.,
  .F.,(2,2),(0.5,7.35),.PIECEWISE_BEZIER_KNOTS.);
#3595 = CARTESIAN_POINT('',(8.,2.855,9.7000001));
#3596 = CARTESIAN_POINT('',(8.,2.855,2.8500001));
#3597 = ORIENTED_EDGE('',*,*,#1726,.T.);
#3598 = ( BOUNDED_SURFACE() B_SPLINE_SURFACE(2,1,(
    (#3599,#3600)
    ,(#3601,#3602)
    ,(#3603,#3604
)),.UNSPECIFIED.,.F.,.F.,.F.) B_SPLINE_SURFACE_WITH_KNOTS((3,3),(2,2),(
    1.570796326795,3.14159265359),(0.5,7.35),.PIECEWISE_BEZIER_KNOTS.) 
GEOMETRIC_REPRESENTATION_ITEM() RATIONAL_B_SPLINE_SURFACE((
    (1.,1.)
    ,(0.707106781187,0.707106781187)
,(1.,1.))) REPRESENTATION_ITEM('') SURFACE() );
#3599 = CARTESIAN_POINT('',(7.5,3.355,9.7000001));
#3600 = CARTESIAN_POINT('',(7.5,3.355,2.8500001));
#3601 = CARTESIAN_POINT('',(8.,3.355,9.7000001));
#3602 = CARTESIAN_POINT('',(8.,3.355,2.8500001));
#3603 = CARTESIAN_POINT('',(8.,2.855,9.7000001));
#3604 = CARTESIAN_POINT('',(8.,2.855,2.8500001));
#3605 = ADVANCED_FACE('',(#3606),#3622,.F.);
#3606 = FACE_BOUND('',#3607,.T.);
#3607 = EDGE_LOOP('',(#3608,#3615,#3620,#3621));
#3608 = ORIENTED_EDGE('',*,*,#3609,.F.);
#3609 = EDGE_CURVE('',#3610,#1766,#3612,.T.);
#3610 = VERTEX_POINT('',#3611);
#3611 = CARTESIAN_POINT('',(-7.5,3.355,9.7000001));
#3612 = B_SPLINE_CURVE_WITH_KNOTS('',1,(#3613,#3614),.UNSPECIFIED.,.F.,
  .F.,(2,2),(0.5,7.35),.PIECEWISE_BEZIER_KNOTS.);
#3613 = CARTESIAN_POINT('',(-7.5,3.355,9.7000001));
#3614 = CARTESIAN_POINT('',(-7.5,3.355,2.8500001));
#3615 = ORIENTED_EDGE('',*,*,#3616,.T.);
#3616 = EDGE_CURVE('',#3610,#3579,#3617,.T.);
#3617 = B_SPLINE_CURVE_WITH_KNOTS('',1,(#3618,#3619),.UNSPECIFIED.,.F.,
  .F.,(2,2),(0.,15.),.PIECEWISE_BEZIER_KNOTS.);
#3618 = CARTESIAN_POINT('',(-7.5,3.355,9.7000001));
#3619 = CARTESIAN_POINT('',(7.5,3.355,9.7000001));
#3620 = ORIENTED_EDGE('',*,*,#3578,.T.);
#3621 = ORIENTED_EDGE('',*,*,#1773,.T.);
#3622 = B_SPLINE_SURFACE_WITH_KNOTS('',1,1,(
    (#3623,#3624)
    ,(#3625,#3626
    )),.UNSPECIFIED.,.F.,.F.,.F.,(2,2),(2,2),(0.5,7.35),(0.,15.),
  .PIECEWISE_BEZIER_KNOTS.);
#3623 = CARTESIAN_POINT('',(-7.5,3.355,9.7000001));
#3624 = CARTESIAN_POINT('',(7.5,3.355,9.7000001));
#3625 = CARTESIAN_POINT('',(-7.5,3.355,2.8500001));
#3626 = CARTESIAN_POINT('',(7.5,3.355,2.8500001));
#3627 = ADVANCED_FACE('',(#3628),#3645,.T.);
#3628 = FACE_BOUND('',#3629,.T.);
#3629 = EDGE_LOOP('',(#3630,#3637,#3643,#3644));
#3630 = ORIENTED_EDGE('',*,*,#3631,.F.);
#3631 = EDGE_CURVE('',#3632,#1759,#3634,.T.);
#3632 = VERTEX_POINT('',#3633);
#3633 = CARTESIAN_POINT('',(-8.,2.855,9.7000001));
#3634 = B_SPLINE_CURVE_WITH_KNOTS('',1,(#3635,#3636),.UNSPECIFIED.,.F.,
  .F.,(2,2),(0.5,7.35),.PIECEWISE_BEZIER_KNOTS.);
#3635 = CARTESIAN_POINT('',(-8.,2.855,9.7000001));
#3636 = CARTESIAN_POINT('',(-8.,2.855,2.8500001));
#3637 = ORIENTED_EDGE('',*,*,#3638,.T.);
#3638 = EDGE_CURVE('',#3632,#3610,#3639,.T.);
#3639 = ( BOUNDED_CURVE() B_SPLINE_CURVE(2,(#3640,#3641,#3642),
.UNSPECIFIED.,.F.,.F.) B_SPLINE_CURVE_WITH_KNOTS((3,3),(0.,
1.570796326795),.PIECEWISE_BEZIER_KNOTS.) CURVE() 
GEOMETRIC_REPRESENTATION_ITEM() RATIONAL_B_SPLINE_CURVE((1.,
0.707106781187,1.)) REPRESENTATION_ITEM('') );
#3640 = CARTESIAN_POINT('',(-8.,2.855,9.7000001));
#3641 = CARTESIAN_POINT('',(-8.,3.355,9.7000001));
#3642 = CARTESIAN_POINT('',(-7.5,3.355,9.7000001));
#3643 = ORIENTED_EDGE('',*,*,#3609,.T.);
#3644 = ORIENTED_EDGE('',*,*,#1765,.T.);
#3645 = ( BOUNDED_SURFACE() B_SPLINE_SURFACE(2,1,(
    (#3646,#3647)
    ,(#3648,#3649)
    ,(#3650,#3651
)),.UNSPECIFIED.,.F.,.F.,.F.) B_SPLINE_SURFACE_WITH_KNOTS((3,3),(2,2),(
    0.,1.570796326795),(0.5,7.35),.PIECEWISE_BEZIER_KNOTS.) 
GEOMETRIC_REPRESENTATION_ITEM() RATIONAL_B_SPLINE_SURFACE((
    (1.,1.)
    ,(0.707106781187,0.707106781187)
,(1.,1.))) REPRESENTATION_ITEM('') SURFACE() );
#3646 = CARTESIAN_POINT('',(-8.,2.855,9.7000001));
#3647 = CARTESIAN_POINT('',(-8.,2.855,2.8500001));
#3648 = CARTESIAN_POINT('',(-8.,3.355,9.7000001));
#3649 = CARTESIAN_POINT('',(-8.,3.355,2.8500001));
#3650 = CARTESIAN_POINT('',(-7.5,3.355,9.7000001));
#3651 = CARTESIAN_POINT('',(-7.5,3.355,2.8500001));
#3652 = ADVANCED_FACE('',(#3653),#3669,.F.);
#3653 = FACE_BOUND('',#3654,.T.);
#3654 = EDGE_LOOP('',(#3655,#3662,#3667,#3668));
#3655 = ORIENTED_EDGE('',*,*,#3656,.F.);
#3656 = EDGE_CURVE('',#3657,#1751,#3659,.T.);
#3657 = VERTEX_POINT('',#3658);
#3658 = CARTESIAN_POINT('',(-8.,-2.845,9.7000001));
#3659 = B_SPLINE_CURVE_WITH_KNOTS('',1,(#3660,#3661),.UNSPECIFIED.,.F.,
  .F.,(2,2),(0.5,7.35),.PIECEWISE_BEZIER_KNOTS.);
#3660 = CARTESIAN_POINT('',(-8.,-2.845,9.7000001));
#3661 = CARTESIAN_POINT('',(-8.,-2.845,2.8500001));
#3662 = ORIENTED_EDGE('',*,*,#3663,.T.);
#3663 = EDGE_CURVE('',#3657,#3632,#3664,.T.);
#3664 = B_SPLINE_CURVE_WITH_KNOTS('',1,(#3665,#3666),.UNSPECIFIED.,.F.,
  .F.,(2,2),(-5.7,0.),.PIECEWISE_BEZIER_KNOTS.);
#3665 = CARTESIAN_POINT('',(-8.,-2.845,9.7000001));
#3666 = CARTESIAN_POINT('',(-8.,2.855,9.7000001));
#3667 = ORIENTED_EDGE('',*,*,#3631,.T.);
#3668 = ORIENTED_EDGE('',*,*,#1758,.T.);
#3669 = B_SPLINE_SURFACE_WITH_KNOTS('',1,1,(
    (#3670,#3671)
    ,(#3672,#3673
    )),.UNSPECIFIED.,.F.,.F.,.F.,(2,2),(2,2),(-5.7,0.),(-7.35,-0.5),
  .PIECEWISE_BEZIER_KNOTS.);
#3670 = CARTESIAN_POINT('',(-8.,-2.845,2.8500001));
#3671 = CARTESIAN_POINT('',(-8.,-2.845,9.7000001));
#3672 = CARTESIAN_POINT('',(-8.,2.855,2.8500001));
#3673 = CARTESIAN_POINT('',(-8.,2.855,9.7000001));
#3674 = ADVANCED_FACE('',(#3675),#3686,.T.);
#3675 = FACE_BOUND('',#3676,.T.);
#3676 = EDGE_LOOP('',(#3677,#3678,#3684,#3685));
#3677 = ORIENTED_EDGE('',*,*,#720,.F.);
#3678 = ORIENTED_EDGE('',*,*,#3679,.T.);
#3679 = EDGE_CURVE('',#714,#3657,#3680,.T.);
#3680 = ( BOUNDED_CURVE() B_SPLINE_CURVE(2,(#3681,#3682,#3683),
.UNSPECIFIED.,.F.,.F.) B_SPLINE_CURVE_WITH_KNOTS((3,3),(4.712388980385,
6.28318530718),.PIECEWISE_BEZIER_KNOTS.) CURVE() 
GEOMETRIC_REPRESENTATION_ITEM() RATIONAL_B_SPLINE_CURVE((1.,
0.707106781187,1.)) REPRESENTATION_ITEM('') );
#3681 = CARTESIAN_POINT('',(-7.5,-3.345,9.7000001));
#3682 = CARTESIAN_POINT('',(-8.,-3.345,9.7000001));
#3683 = CARTESIAN_POINT('',(-8.,-2.845,9.7000001));
#3684 = ORIENTED_EDGE('',*,*,#3656,.T.);
#3685 = ORIENTED_EDGE('',*,*,#1750,.T.);
#3686 = ( BOUNDED_SURFACE() B_SPLINE_SURFACE(2,1,(
    (#3687,#3688)
    ,(#3689,#3690)
    ,(#3691,#3692
)),.UNSPECIFIED.,.F.,.F.,.F.) B_SPLINE_SURFACE_WITH_KNOTS((3,3),(2,2),(
    4.712388980385,6.28318530718),(0.5,7.35),.PIECEWISE_BEZIER_KNOTS.) 
GEOMETRIC_REPRESENTATION_ITEM() RATIONAL_B_SPLINE_SURFACE((
    (1.,1.)
    ,(0.707106781187,0.707106781187)
,(1.,1.))) REPRESENTATION_ITEM('') SURFACE() );
#3687 = CARTESIAN_POINT('',(-7.5,-3.345,9.7000001));
#3688 = CARTESIAN_POINT('',(-7.5,-3.345,2.8500001));
#3689 = CARTESIAN_POINT('',(-8.,-3.345,9.7000001));
#3690 = CARTESIAN_POINT('',(-8.,-3.345,2.8500001));
#3691 = CARTESIAN_POINT('',(-8.,-2.845,9.7000001));
#3692 = CARTESIAN_POINT('',(-8.,-2.845,2.8500001));
#3693 = ADVANCED_FACE('',(#3694),#3711,.T.);
#3694 = FACE_BOUND('',#3695,.T.);
#3695 = EDGE_LOOP('',(#3696,#3703,#3709,#3710));
#3696 = ORIENTED_EDGE('',*,*,#3697,.F.);
#3697 = EDGE_CURVE('',#3698,#1737,#3700,.T.);
#3698 = VERTEX_POINT('',#3699);
#3699 = CARTESIAN_POINT('',(8.,-2.845,9.7000001));
#3700 = B_SPLINE_CURVE_WITH_KNOTS('',1,(#3701,#3702),.UNSPECIFIED.,.F.,
  .F.,(2,2),(0.5,7.35),.PIECEWISE_BEZIER_KNOTS.);
#3701 = CARTESIAN_POINT('',(8.,-2.845,9.7000001));
#3702 = CARTESIAN_POINT('',(8.,-2.845,2.8500001));
#3703 = ORIENTED_EDGE('',*,*,#3704,.T.);
#3704 = EDGE_CURVE('',#3698,#705,#3705,.T.);
#3705 = ( BOUNDED_CURVE() B_SPLINE_CURVE(2,(#3706,#3707,#3708),
.UNSPECIFIED.,.F.,.F.) B_SPLINE_CURVE_WITH_KNOTS((3,3),(3.14159265359,
4.712388980385),.PIECEWISE_BEZIER_KNOTS.) CURVE() 
GEOMETRIC_REPRESENTATION_ITEM() RATIONAL_B_SPLINE_CURVE((1.,
0.707106781187,1.)) REPRESENTATION_ITEM('') );
#3706 = CARTESIAN_POINT('',(8.,-2.845,9.7000001));
#3707 = CARTESIAN_POINT('',(8.,-3.345,9.7000001));
#3708 = CARTESIAN_POINT('',(7.5,-3.345,9.7000001));
#3709 = ORIENTED_EDGE('',*,*,#704,.T.);
#3710 = ORIENTED_EDGE('',*,*,#1743,.T.);
#3711 = ( BOUNDED_SURFACE() B_SPLINE_SURFACE(2,1,(
    (#3712,#3713)
    ,(#3714,#3715)
    ,(#3716,#3717
)),.UNSPECIFIED.,.F.,.F.,.F.) B_SPLINE_SURFACE_WITH_KNOTS((3,3),(2,2),(
    3.14159265359,4.712388980385),(0.5,7.35),.PIECEWISE_BEZIER_KNOTS.) 
GEOMETRIC_REPRESENTATION_ITEM() RATIONAL_B_SPLINE_SURFACE((
    (1.,1.)
    ,(0.707106781187,0.707106781187)
,(1.,1.))) REPRESENTATION_ITEM('') SURFACE() );
#3712 = CARTESIAN_POINT('',(8.,-2.845,9.7000001));
#3713 = CARTESIAN_POINT('',(8.,-2.845,2.8500001));
#3714 = CARTESIAN_POINT('',(8.,-3.345,9.7000001));
#3715 = CARTESIAN_POINT('',(8.,-3.345,2.8500001));
#3716 = CARTESIAN_POINT('',(7.5,-3.345,9.7000001));
#3717 = CARTESIAN_POINT('',(7.5,-3.345,2.8500001));
#3718 = ADVANCED_FACE('',(#3719),#3729,.F.);
#3719 = FACE_BOUND('',#3720,.T.);
#3720 = EDGE_LOOP('',(#3721,#3722,#3727,#3728));
#3721 = ORIENTED_EDGE('',*,*,#3593,.F.);
#3722 = ORIENTED_EDGE('',*,*,#3723,.T.);
#3723 = EDGE_CURVE('',#3586,#3698,#3724,.T.);
#3724 = B_SPLINE_CURVE_WITH_KNOTS('',1,(#3725,#3726),.UNSPECIFIED.,.F.,
  .F.,(2,2),(-0.,5.7),.PIECEWISE_BEZIER_KNOTS.);
#3725 = CARTESIAN_POINT('',(8.,2.855,9.7000001));
#3726 = CARTESIAN_POINT('',(8.,-2.845,9.7000001));
#3727 = ORIENTED_EDGE('',*,*,#3697,.T.);
#3728 = ORIENTED_EDGE('',*,*,#1736,.T.);
#3729 = B_SPLINE_SURFACE_WITH_KNOTS('',1,1,(
    (#3730,#3731)
    ,(#3732,#3733
    )),.UNSPECIFIED.,.F.,.F.,.F.,(2,2),(2,2),(-7.35,-0.5),(-5.7,0.),
  .PIECEWISE_BEZIER_KNOTS.);
#3730 = CARTESIAN_POINT('',(8.,-2.845,2.8500001));
#3731 = CARTESIAN_POINT('',(8.,2.855,2.8500001));
#3732 = CARTESIAN_POINT('',(8.,-2.845,9.7000001));
#3733 = CARTESIAN_POINT('',(8.,2.855,9.7000001));
#3734 = ADVANCED_FACE('',(#3735,#3751,#3767),#3797,.F.);
#3735 = FACE_BOUND('',#3736,.T.);
#3736 = EDGE_LOOP('',(#3737,#3738,#3739,#3746));
#3737 = ORIENTED_EDGE('',*,*,#3179,.F.);
#3738 = ORIENTED_EDGE('',*,*,#3131,.F.);
#3739 = ORIENTED_EDGE('',*,*,#3740,.F.);
#3740 = EDGE_CURVE('',#3741,#3125,#3743,.T.);
#3741 = VERTEX_POINT('',#3742);
#3742 = CARTESIAN_POINT('',(-0.8,2.002305435635,10.2000001));
#3743 = B_SPLINE_CURVE_WITH_KNOTS('',1,(#3744,#3745),.UNSPECIFIED.,.F.,
  .F.,(2,2),(0.,6.),.PIECEWISE_BEZIER_KNOTS.);
#3744 = CARTESIAN_POINT('',(-0.8,2.002305435635,10.2000001));
#3745 = CARTESIAN_POINT('',(-6.8,2.002305435635,10.2000001));
#3746 = ORIENTED_EDGE('',*,*,#3747,.F.);
#3747 = EDGE_CURVE('',#3180,#3741,#3748,.T.);
#3748 = B_SPLINE_CURVE_WITH_KNOTS('',1,(#3749,#3750),.UNSPECIFIED.,.F.,
  .F.,(2,2),(-3.99461087127,0.),.PIECEWISE_BEZIER_KNOTS.);
#3749 = CARTESIAN_POINT('',(-0.8,-1.992305435635,10.2000001));
#3750 = CARTESIAN_POINT('',(-0.8,2.002305435635,10.2000001));
#3751 = FACE_BOUND('',#3752,.T.);
#3752 = EDGE_LOOP('',(#3753,#3760,#3765,#3766));
#3753 = ORIENTED_EDGE('',*,*,#3754,.F.);
#3754 = EDGE_CURVE('',#3755,#2261,#3757,.T.);
#3755 = VERTEX_POINT('',#3756);
#3756 = CARTESIAN_POINT('',(0.8,-1.992305435635,10.2000001));
#3757 = B_SPLINE_CURVE_WITH_KNOTS('',1,(#3758,#3759),.UNSPECIFIED.,.F.,
  .F.,(2,2),(-4.440892098501E-16,6.),.PIECEWISE_BEZIER_KNOTS.);
#3758 = CARTESIAN_POINT('',(0.8,-1.992305435635,10.2000001));
#3759 = CARTESIAN_POINT('',(6.8,-1.992305435635,10.2000001));
#3760 = ORIENTED_EDGE('',*,*,#3761,.F.);
#3761 = EDGE_CURVE('',#2316,#3755,#3762,.T.);
#3762 = B_SPLINE_CURVE_WITH_KNOTS('',1,(#3763,#3764),.UNSPECIFIED.,.F.,
  .F.,(2,2),(0.,3.99461087127),.PIECEWISE_BEZIER_KNOTS.);
#3763 = CARTESIAN_POINT('',(0.8,2.002305435635,10.2000001));
#3764 = CARTESIAN_POINT('',(0.8,-1.992305435635,10.2000001));
#3765 = ORIENTED_EDGE('',*,*,#2315,.F.);
#3766 = ORIENTED_EDGE('',*,*,#2267,.F.);
#3767 = FACE_BOUND('',#3768,.T.);
#3768 = EDGE_LOOP('',(#3769,#3778,#3785,#3792));
#3769 = ORIENTED_EDGE('',*,*,#3770,.T.);
#3770 = EDGE_CURVE('',#3771,#3773,#3775,.T.);
#3771 = VERTEX_POINT('',#3772);
#3772 = CARTESIAN_POINT('',(-7.5,-2.845,10.2000001));
#3773 = VERTEX_POINT('',#3774);
#3774 = CARTESIAN_POINT('',(7.5,-2.845,10.2000001));
#3775 = B_SPLINE_CURVE_WITH_KNOTS('',1,(#3776,#3777),.UNSPECIFIED.,.F.,
  .F.,(2,2),(-15.,0.),.PIECEWISE_BEZIER_KNOTS.);
#3776 = CARTESIAN_POINT('',(-7.5,-2.845,10.2000001));
#3777 = CARTESIAN_POINT('',(7.5,-2.845,10.2000001));
#3778 = ORIENTED_EDGE('',*,*,#3779,.T.);
#3779 = EDGE_CURVE('',#3773,#3780,#3782,.T.);
#3780 = VERTEX_POINT('',#3781);
#3781 = CARTESIAN_POINT('',(7.5,2.855,10.2000001));
#3782 = B_SPLINE_CURVE_WITH_KNOTS('',1,(#3783,#3784),.UNSPECIFIED.,.F.,
  .F.,(2,2),(-5.7,0.),.PIECEWISE_BEZIER_KNOTS.);
#3783 = CARTESIAN_POINT('',(7.5,-2.845,10.2000001));
#3784 = CARTESIAN_POINT('',(7.5,2.855,10.2000001));
#3785 = ORIENTED_EDGE('',*,*,#3786,.T.);
#3786 = EDGE_CURVE('',#3780,#3787,#3789,.T.);
#3787 = VERTEX_POINT('',#3788);
#3788 = CARTESIAN_POINT('',(-7.5,2.855,10.2000001));
#3789 = B_SPLINE_CURVE_WITH_KNOTS('',1,(#3790,#3791),.UNSPECIFIED.,.F.,
  .F.,(2,2),(0.,15.),.PIECEWISE_BEZIER_KNOTS.);
#3790 = CARTESIAN_POINT('',(7.5,2.855,10.2000001));
#3791 = CARTESIAN_POINT('',(-7.5,2.855,10.2000001));
#3792 = ORIENTED_EDGE('',*,*,#3793,.T.);
#3793 = EDGE_CURVE('',#3787,#3771,#3794,.T.);
#3794 = B_SPLINE_CURVE_WITH_KNOTS('',1,(#3795,#3796),.UNSPECIFIED.,.F.,
  .F.,(2,2),(4.884981308351E-15,5.7),.PIECEWISE_BEZIER_KNOTS.);
#3795 = CARTESIAN_POINT('',(-7.5,2.855,10.2000001));
#3796 = CARTESIAN_POINT('',(-7.5,-2.845,10.2000001));
#3797 = B_SPLINE_SURFACE_WITH_KNOTS('',1,1,(
    (#3798,#3799)
    ,(#3800,#3801
    )),.UNSPECIFIED.,.F.,.F.,.F.,(2,2),(2,2),(0.,15.),(-5.7,0.),
  .PIECEWISE_BEZIER_KNOTS.);
#3798 = CARTESIAN_POINT('',(7.5,-2.845,10.2000001));
#3799 = CARTESIAN_POINT('',(7.5,2.855,10.2000001));
#3800 = CARTESIAN_POINT('',(-7.5,-2.845,10.2000001));
#3801 = CARTESIAN_POINT('',(-7.5,2.855,10.2000001));
#3802 = ADVANCED_FACE('',(#3803),#3819,.T.);
#3803 = FACE_BOUND('',#3804,.T.);
#3804 = EDGE_LOOP('',(#3805,#3811,#3812,#3818));
#3805 = ORIENTED_EDGE('',*,*,#3806,.F.);
#3806 = EDGE_CURVE('',#3632,#3787,#3807,.T.);
#3807 = ( BOUNDED_CURVE() B_SPLINE_CURVE(2,(#3808,#3809,#3810),
.UNSPECIFIED.,.F.,.F.) B_SPLINE_CURVE_WITH_KNOTS((3,3),(4.712388980385,
6.28318530718),.PIECEWISE_BEZIER_KNOTS.) CURVE() 
GEOMETRIC_REPRESENTATION_ITEM() RATIONAL_B_SPLINE_CURVE((1.,
0.707106781187,1.)) REPRESENTATION_ITEM('') );
#3808 = CARTESIAN_POINT('',(-8.,2.855,9.7000001));
#3809 = CARTESIAN_POINT('',(-8.,2.855,10.2000001));
#3810 = CARTESIAN_POINT('',(-7.5,2.855,10.2000001));
#3811 = ORIENTED_EDGE('',*,*,#3663,.F.);
#3812 = ORIENTED_EDGE('',*,*,#3813,.F.);
#3813 = EDGE_CURVE('',#3771,#3657,#3814,.T.);
#3814 = ( BOUNDED_CURVE() B_SPLINE_CURVE(2,(#3815,#3816,#3817),
.UNSPECIFIED.,.F.,.F.) B_SPLINE_CURVE_WITH_KNOTS((3,3),(3.14159265359,
4.712388980385),.PIECEWISE_BEZIER_KNOTS.) CURVE() 
GEOMETRIC_REPRESENTATION_ITEM() RATIONAL_B_SPLINE_CURVE((1.,
0.707106781187,1.)) REPRESENTATION_ITEM('') );
#3815 = CARTESIAN_POINT('',(-7.5,-2.845,10.2000001));
#3816 = CARTESIAN_POINT('',(-8.,-2.845,10.2000001));
#3817 = CARTESIAN_POINT('',(-8.,-2.845,9.7000001));
#3818 = ORIENTED_EDGE('',*,*,#3793,.F.);
#3819 = ( BOUNDED_SURFACE() B_SPLINE_SURFACE(2,1,(
    (#3820,#3821)
    ,(#3822,#3823)
    ,(#3824,#3825
)),.UNSPECIFIED.,.F.,.F.,.F.) B_SPLINE_SURFACE_WITH_KNOTS((3,3),(2,2),(
    1.570796326795,3.14159265359),(4.440892098501E-15,5.7),
.PIECEWISE_BEZIER_KNOTS.) GEOMETRIC_REPRESENTATION_ITEM() 
RATIONAL_B_SPLINE_SURFACE((
    (1.,1.)
    ,(0.707106781187,0.707106781187)
,(1.,1.))) REPRESENTATION_ITEM('') SURFACE() );
#3820 = CARTESIAN_POINT('',(-7.5,2.855,10.2000001));
#3821 = CARTESIAN_POINT('',(-7.5,-2.845,10.2000001));
#3822 = CARTESIAN_POINT('',(-8.,2.855,10.2000001));
#3823 = CARTESIAN_POINT('',(-8.,-2.845,10.2000001));
#3824 = CARTESIAN_POINT('',(-8.,2.855,9.7000001));
#3825 = CARTESIAN_POINT('',(-8.,-2.845,9.7000001));
#3826 = ADVANCED_FACE('',(#3827),#3837,.T.);
#3827 = FACE_BOUND('',#3828,.T.);
#3828 = EDGE_LOOP('',(#3829,#3830,#3831));
#3829 = ORIENTED_EDGE('',*,*,#3813,.T.);
#3830 = ORIENTED_EDGE('',*,*,#3679,.F.);
#3831 = ORIENTED_EDGE('',*,*,#3832,.F.);
#3832 = EDGE_CURVE('',#3771,#714,#3833,.T.);
#3833 = ( BOUNDED_CURVE() B_SPLINE_CURVE(2,(#3834,#3835,#3836),
.UNSPECIFIED.,.F.,.F.) B_SPLINE_CURVE_WITH_KNOTS((3,3),(3.14159265359,
4.712388980385),.PIECEWISE_BEZIER_KNOTS.) CURVE() 
GEOMETRIC_REPRESENTATION_ITEM() RATIONAL_B_SPLINE_CURVE((1.,
0.707106781187,1.)) REPRESENTATION_ITEM('') );
#3834 = CARTESIAN_POINT('',(-7.5,-2.845,10.2000001));
#3835 = CARTESIAN_POINT('',(-7.5,-3.345,10.2000001));
#3836 = CARTESIAN_POINT('',(-7.5,-3.345,9.7000001));
#3837 = ( BOUNDED_SURFACE() B_SPLINE_SURFACE(2,2,(
    (#3838,#3839,#3840)
    ,(#3841,#3842,#3843)
    ,(#3844,#3845,#3846
)),.UNSPECIFIED.,.F.,.F.,.F.) B_SPLINE_SURFACE_WITH_KNOTS((3,3),(3,3),(
    0.,1.570796326795),(-1.570796326795,0.),.PIECEWISE_BEZIER_KNOTS.) 
GEOMETRIC_REPRESENTATION_ITEM() RATIONAL_B_SPLINE_SURFACE((
    (1.,0.707106781187,1.)
    ,(0.707106781187,0.5,0.707106781187)
,(1.,0.707106781187,1.))) REPRESENTATION_ITEM('') SURFACE() );
#3838 = CARTESIAN_POINT('',(-7.5,-3.345,9.7000001));
#3839 = CARTESIAN_POINT('',(-8.,-3.345,9.7000001));
#3840 = CARTESIAN_POINT('',(-8.,-2.845,9.7000001));
#3841 = CARTESIAN_POINT('',(-7.5,-3.345,9.7000001));
#3842 = CARTESIAN_POINT('',(-8.,-3.345,10.2000001));
#3843 = CARTESIAN_POINT('',(-8.,-2.845,10.2000001));
#3844 = CARTESIAN_POINT('',(-7.5,-3.345,9.7000001));
#3845 = CARTESIAN_POINT('',(-7.5,-3.345,10.2000001));
#3846 = CARTESIAN_POINT('',(-7.5,-2.845,10.2000001));
#3847 = ADVANCED_FACE('',(#3848),#3858,.T.);
#3848 = FACE_BOUND('',#3849,.T.);
#3849 = EDGE_LOOP('',(#3850,#3851,#3852));
#3850 = ORIENTED_EDGE('',*,*,#3638,.F.);
#3851 = ORIENTED_EDGE('',*,*,#3806,.T.);
#3852 = ORIENTED_EDGE('',*,*,#3853,.F.);
#3853 = EDGE_CURVE('',#3610,#3787,#3854,.T.);
#3854 = ( BOUNDED_CURVE() B_SPLINE_CURVE(2,(#3855,#3856,#3857),
.UNSPECIFIED.,.F.,.F.) B_SPLINE_CURVE_WITH_KNOTS((3,3),(1.570796326795,
3.14159265359),.PIECEWISE_BEZIER_KNOTS.) CURVE() 
GEOMETRIC_REPRESENTATION_ITEM() RATIONAL_B_SPLINE_CURVE((1.,
0.707106781187,1.)) REPRESENTATION_ITEM('') );
#3855 = CARTESIAN_POINT('',(-7.5,3.355,9.7000001));
#3856 = CARTESIAN_POINT('',(-7.5,3.355,10.2000001));
#3857 = CARTESIAN_POINT('',(-7.5,2.855,10.2000001));
#3858 = ( BOUNDED_SURFACE() B_SPLINE_SURFACE(2,2,(
    (#3859,#3860,#3861)
    ,(#3862,#3863,#3864)
    ,(#3865,#3866,#3867
)),.UNSPECIFIED.,.F.,.F.,.F.) B_SPLINE_SURFACE_WITH_KNOTS((3,3),(3,3),(
    0.,1.570796326795),(0.,1.570796326795),.PIECEWISE_BEZIER_KNOTS.) 
GEOMETRIC_REPRESENTATION_ITEM() RATIONAL_B_SPLINE_SURFACE((
    (1.,0.707106781187,1.)
    ,(0.707106781187,0.5,0.707106781187)
,(1.,0.707106781187,1.))) REPRESENTATION_ITEM('') SURFACE() );
#3859 = CARTESIAN_POINT('',(-8.,2.855,9.7000001));
#3860 = CARTESIAN_POINT('',(-8.,3.355,9.7000001));
#3861 = CARTESIAN_POINT('',(-7.5,3.355,9.7000001));
#3862 = CARTESIAN_POINT('',(-8.,2.855,10.2000001));
#3863 = CARTESIAN_POINT('',(-8.,3.355,10.2000001));
#3864 = CARTESIAN_POINT('',(-7.5,3.355,9.7000001));
#3865 = CARTESIAN_POINT('',(-7.5,2.855,10.2000001));
#3866 = CARTESIAN_POINT('',(-7.5,3.355,10.2000001));
#3867 = CARTESIAN_POINT('',(-7.5,3.355,9.7000001));
#3868 = ADVANCED_FACE('',(#3869),#3880,.T.);
#3869 = FACE_BOUND('',#3870,.T.);
#3870 = EDGE_LOOP('',(#3871,#3872,#3873,#3879));
#3871 = ORIENTED_EDGE('',*,*,#3832,.T.);
#3872 = ORIENTED_EDGE('',*,*,#713,.F.);
#3873 = ORIENTED_EDGE('',*,*,#3874,.F.);
#3874 = EDGE_CURVE('',#3773,#705,#3875,.T.);
#3875 = ( BOUNDED_CURVE() B_SPLINE_CURVE(2,(#3876,#3877,#3878),
.UNSPECIFIED.,.F.,.F.) B_SPLINE_CURVE_WITH_KNOTS((3,3),(3.14159265359,
4.712388980385),.PIECEWISE_BEZIER_KNOTS.) CURVE() 
GEOMETRIC_REPRESENTATION_ITEM() RATIONAL_B_SPLINE_CURVE((1.,
0.707106781187,1.)) REPRESENTATION_ITEM('') );
#3876 = CARTESIAN_POINT('',(7.5,-2.845,10.2000001));
#3877 = CARTESIAN_POINT('',(7.5,-3.345,10.2000001));
#3878 = CARTESIAN_POINT('',(7.5,-3.345,9.7000001));
#3879 = ORIENTED_EDGE('',*,*,#3770,.F.);
#3880 = ( BOUNDED_SURFACE() B_SPLINE_SURFACE(2,1,(
    (#3881,#3882)
    ,(#3883,#3884)
    ,(#3885,#3886
)),.UNSPECIFIED.,.F.,.F.,.F.) B_SPLINE_SURFACE_WITH_KNOTS((3,3),(2,2),(
    3.14159265359,4.712388980385),(-15.,0.),.PIECEWISE_BEZIER_KNOTS.) 
GEOMETRIC_REPRESENTATION_ITEM() RATIONAL_B_SPLINE_SURFACE((
    (1.,1.)
    ,(0.707106781187,0.707106781187)
,(1.,1.))) REPRESENTATION_ITEM('') SURFACE() );
#3881 = CARTESIAN_POINT('',(-7.5,-2.845,10.2000001));
#3882 = CARTESIAN_POINT('',(7.5,-2.845,10.2000001));
#3883 = CARTESIAN_POINT('',(-7.5,-3.345,10.2000001));
#3884 = CARTESIAN_POINT('',(7.5,-3.345,10.2000001));
#3885 = CARTESIAN_POINT('',(-7.5,-3.345,9.7000001));
#3886 = CARTESIAN_POINT('',(7.5,-3.345,9.7000001));
#3887 = ADVANCED_FACE('',(#3888),#3899,.T.);
#3888 = FACE_BOUND('',#3889,.T.);
#3889 = EDGE_LOOP('',(#3890,#3891,#3892,#3898));
#3890 = ORIENTED_EDGE('',*,*,#3853,.T.);
#3891 = ORIENTED_EDGE('',*,*,#3786,.F.);
#3892 = ORIENTED_EDGE('',*,*,#3893,.F.);
#3893 = EDGE_CURVE('',#3579,#3780,#3894,.T.);
#3894 = ( BOUNDED_CURVE() B_SPLINE_CURVE(2,(#3895,#3896,#3897),
.UNSPECIFIED.,.F.,.F.) B_SPLINE_CURVE_WITH_KNOTS((3,3),(1.570796326795,
3.14159265359),.PIECEWISE_BEZIER_KNOTS.) CURVE() 
GEOMETRIC_REPRESENTATION_ITEM() RATIONAL_B_SPLINE_CURVE((1.,
0.707106781187,1.)) REPRESENTATION_ITEM('') );
#3895 = CARTESIAN_POINT('',(7.5,3.355,9.7000001));
#3896 = CARTESIAN_POINT('',(7.5,3.355,10.2000001));
#3897 = CARTESIAN_POINT('',(7.5,2.855,10.2000001));
#3898 = ORIENTED_EDGE('',*,*,#3616,.F.);
#3899 = ( BOUNDED_SURFACE() B_SPLINE_SURFACE(2,1,(
    (#3900,#3901)
    ,(#3902,#3903)
    ,(#3904,#3905
)),.UNSPECIFIED.,.F.,.F.,.F.) B_SPLINE_SURFACE_WITH_KNOTS((3,3),(2,2),(
    0.,1.570796326795),(0.,15.),.PIECEWISE_BEZIER_KNOTS.) 
GEOMETRIC_REPRESENTATION_ITEM() RATIONAL_B_SPLINE_SURFACE((
    (1.,1.)
    ,(0.707106781187,0.707106781187)
,(1.,1.))) REPRESENTATION_ITEM('') SURFACE() );
#3900 = CARTESIAN_POINT('',(7.5,2.855,10.2000001));
#3901 = CARTESIAN_POINT('',(-7.5,2.855,10.2000001));
#3902 = CARTESIAN_POINT('',(7.5,3.355,10.2000001));
#3903 = CARTESIAN_POINT('',(-7.5,3.355,10.2000001));
#3904 = CARTESIAN_POINT('',(7.5,3.355,9.7000001));
#3905 = CARTESIAN_POINT('',(-7.5,3.355,9.7000001));
#3906 = ADVANCED_FACE('',(#3907),#3917,.T.);
#3907 = FACE_BOUND('',#3908,.T.);
#3908 = EDGE_LOOP('',(#3909,#3910,#3911));
#3909 = ORIENTED_EDGE('',*,*,#3874,.T.);
#3910 = ORIENTED_EDGE('',*,*,#3704,.F.);
#3911 = ORIENTED_EDGE('',*,*,#3912,.F.);
#3912 = EDGE_CURVE('',#3773,#3698,#3913,.T.);
#3913 = ( BOUNDED_CURVE() B_SPLINE_CURVE(2,(#3914,#3915,#3916),
.UNSPECIFIED.,.F.,.F.) B_SPLINE_CURVE_WITH_KNOTS((3,3),(0.,
1.570796326795),.PIECEWISE_BEZIER_KNOTS.) CURVE() 
GEOMETRIC_REPRESENTATION_ITEM() RATIONAL_B_SPLINE_CURVE((1.,
0.707106781187,1.)) REPRESENTATION_ITEM('') );
#3914 = CARTESIAN_POINT('',(7.5,-2.845,10.2000001));
#3915 = CARTESIAN_POINT('',(8.,-2.845,10.2000001));
#3916 = CARTESIAN_POINT('',(8.,-2.845,9.7000001));
#3917 = ( BOUNDED_SURFACE() B_SPLINE_SURFACE(2,2,(
    (#3918,#3919,#3920)
    ,(#3921,#3922,#3923)
    ,(#3924,#3925,#3926
)),.UNSPECIFIED.,.F.,.F.,.F.) B_SPLINE_SURFACE_WITH_KNOTS((3,3),(3,3),(
    1.570796326795,3.14159265359),(-1.570796326795,0.),
.PIECEWISE_BEZIER_KNOTS.) GEOMETRIC_REPRESENTATION_ITEM() 
RATIONAL_B_SPLINE_SURFACE((
    (1.,0.707106781187,1.)
    ,(0.707106781187,0.5,0.707106781187)
,(1.,0.707106781187,1.))) REPRESENTATION_ITEM('') SURFACE() );
#3918 = CARTESIAN_POINT('',(7.5,-3.345,9.7000001));
#3919 = CARTESIAN_POINT('',(7.5,-3.345,10.2000001));
#3920 = CARTESIAN_POINT('',(7.5,-2.845,10.2000001));
#3921 = CARTESIAN_POINT('',(7.5,-3.345,9.7000001));
#3922 = CARTESIAN_POINT('',(8.,-3.345,10.2000001));
#3923 = CARTESIAN_POINT('',(8.,-2.845,10.2000001));
#3924 = CARTESIAN_POINT('',(7.5,-3.345,9.7000001));
#3925 = CARTESIAN_POINT('',(8.,-3.345,9.7000001));
#3926 = CARTESIAN_POINT('',(8.,-2.845,9.7000001));
#3927 = ADVANCED_FACE('',(#3928),#3938,.T.);
#3928 = FACE_BOUND('',#3929,.T.);
#3929 = EDGE_LOOP('',(#3930,#3931,#3932));
#3930 = ORIENTED_EDGE('',*,*,#3585,.F.);
#3931 = ORIENTED_EDGE('',*,*,#3893,.T.);
#3932 = ORIENTED_EDGE('',*,*,#3933,.F.);
#3933 = EDGE_CURVE('',#3586,#3780,#3934,.T.);
#3934 = ( BOUNDED_CURVE() B_SPLINE_CURVE(2,(#3935,#3936,#3937),
.UNSPECIFIED.,.F.,.F.) B_SPLINE_CURVE_WITH_KNOTS((3,3),(1.570796326795,
3.14159265359),.PIECEWISE_BEZIER_KNOTS.) CURVE() 
GEOMETRIC_REPRESENTATION_ITEM() RATIONAL_B_SPLINE_CURVE((1.,
0.707106781187,1.)) REPRESENTATION_ITEM('') );
#3935 = CARTESIAN_POINT('',(8.,2.855,9.7000001));
#3936 = CARTESIAN_POINT('',(8.,2.855,10.2000001));
#3937 = CARTESIAN_POINT('',(7.5,2.855,10.2000001));
#3938 = ( BOUNDED_SURFACE() B_SPLINE_SURFACE(2,2,(
    (#3939,#3940,#3941)
    ,(#3942,#3943,#3944)
    ,(#3945,#3946,#3947
)),.UNSPECIFIED.,.F.,.F.,.F.) B_SPLINE_SURFACE_WITH_KNOTS((3,3),(3,3),(
    1.570796326795,3.14159265359),(0.,1.570796326795),
.PIECEWISE_BEZIER_KNOTS.) GEOMETRIC_REPRESENTATION_ITEM() 
RATIONAL_B_SPLINE_SURFACE((
    (1.,0.707106781187,1.)
    ,(0.707106781187,0.5,0.707106781187)
,(1.,0.707106781187,1.))) REPRESENTATION_ITEM('') SURFACE() );
#3939 = CARTESIAN_POINT('',(7.5,2.855,10.2000001));
#3940 = CARTESIAN_POINT('',(7.5,3.355,10.2000001));
#3941 = CARTESIAN_POINT('',(7.5,3.355,9.7000001));
#3942 = CARTESIAN_POINT('',(8.,2.855,10.2000001));
#3943 = CARTESIAN_POINT('',(8.,3.355,10.2000001));
#3944 = CARTESIAN_POINT('',(7.5,3.355,9.7000001));
#3945 = CARTESIAN_POINT('',(8.,2.855,9.7000001));
#3946 = CARTESIAN_POINT('',(8.,3.355,9.7000001));
#3947 = CARTESIAN_POINT('',(7.5,3.355,9.7000001));
#3948 = ADVANCED_FACE('',(#3949),#3955,.T.);
#3949 = FACE_BOUND('',#3950,.T.);
#3950 = EDGE_LOOP('',(#3951,#3952,#3953,#3954));
#3951 = ORIENTED_EDGE('',*,*,#3912,.T.);
#3952 = ORIENTED_EDGE('',*,*,#3723,.F.);
#3953 = ORIENTED_EDGE('',*,*,#3933,.T.);
#3954 = ORIENTED_EDGE('',*,*,#3779,.F.);
#3955 = ( BOUNDED_SURFACE() B_SPLINE_SURFACE(2,1,(
    (#3956,#3957)
    ,(#3958,#3959)
    ,(#3960,#3961
)),.UNSPECIFIED.,.F.,.F.,.F.) B_SPLINE_SURFACE_WITH_KNOTS((3,3),(2,2),(
    0.,1.570796326795),(-5.7,0.),.PIECEWISE_BEZIER_KNOTS.) 
GEOMETRIC_REPRESENTATION_ITEM() RATIONAL_B_SPLINE_SURFACE((
    (1.,1.)
    ,(0.707106781187,0.707106781187)
,(1.,1.))) REPRESENTATION_ITEM('') SURFACE() );
#3956 = CARTESIAN_POINT('',(7.5,-2.845,10.2000001));
#3957 = CARTESIAN_POINT('',(7.5,2.855,10.2000001));
#3958 = CARTESIAN_POINT('',(8.,-2.845,10.2000001));
#3959 = CARTESIAN_POINT('',(8.,2.855,10.2000001));
#3960 = CARTESIAN_POINT('',(8.,-2.845,9.7000001));
#3961 = CARTESIAN_POINT('',(8.,2.855,9.7000001));
#3962 = ADVANCED_FACE('',(#3963),#3973,.F.);
#3963 = FACE_BOUND('',#3964,.T.);
#3964 = EDGE_LOOP('',(#3965,#3966,#3971,#3972));
#3965 = ORIENTED_EDGE('',*,*,#3761,.T.);
#3966 = ORIENTED_EDGE('',*,*,#3967,.F.);
#3967 = EDGE_CURVE('',#2399,#3755,#3968,.T.);
#3968 = B_SPLINE_CURVE_WITH_KNOTS('',1,(#3969,#3970),.UNSPECIFIED.,.F.,
  .F.,(2,2),(0.,5.),.PIECEWISE_BEZIER_KNOTS.);
#3969 = CARTESIAN_POINT('',(0.8,-1.992305435635,5.2000001));
#3970 = CARTESIAN_POINT('',(0.8,-1.992305435635,10.2000001));
#3971 = ORIENTED_EDGE('',*,*,#2398,.F.);
#3972 = ORIENTED_EDGE('',*,*,#2322,.T.);
#3973 = B_SPLINE_SURFACE_WITH_KNOTS('',1,1,(
    (#3974,#3975)
    ,(#3976,#3977
    )),.UNSPECIFIED.,.F.,.F.,.F.,(2,2),(2,2),(0.,3.99461087127),(0.,5.),
  .PIECEWISE_BEZIER_KNOTS.);
#3974 = CARTESIAN_POINT('',(0.8,2.002305435635,5.2000001));
#3975 = CARTESIAN_POINT('',(0.8,2.002305435635,10.2000001));
#3976 = CARTESIAN_POINT('',(0.8,-1.992305435635,5.2000001));
#3977 = CARTESIAN_POINT('',(0.8,-1.992305435635,10.2000001));
#3978 = ADVANCED_FACE('',(#3979),#3997,.F.);
#3979 = FACE_BOUND('',#3980,.T.);
#3980 = EDGE_LOOP('',(#3981,#3982,#3987,#3988,#3993,#3994,#3995,#3996));
#3981 = ORIENTED_EDGE('',*,*,#2710,.F.);
#3982 = ORIENTED_EDGE('',*,*,#3983,.T.);
#3983 = EDGE_CURVE('',#2703,#2004,#3984,.T.);
#3984 = B_SPLINE_CURVE_WITH_KNOTS('',1,(#3985,#3986),.UNSPECIFIED.,.F.,
  .F.,(2,2),(0.1,5.),.PIECEWISE_BEZIER_KNOTS.);
#3985 = CARTESIAN_POINT('',(6.5,-1.992305435635,5.2000001));
#3986 = CARTESIAN_POINT('',(6.5,-1.992305435635,10.1000001));
#3987 = ORIENTED_EDGE('',*,*,#2003,.F.);
#3988 = ORIENTED_EDGE('',*,*,#3989,.F.);
#3989 = EDGE_CURVE('',#2406,#1996,#3990,.T.);
#3990 = B_SPLINE_CURVE_WITH_KNOTS('',1,(#3991,#3992),.UNSPECIFIED.,.F.,
  .F.,(2,2),(0.1,5.),.PIECEWISE_BEZIER_KNOTS.);
#3991 = CARTESIAN_POINT('',(1.74367345689,-1.992305435635,5.2000001));
#3992 = CARTESIAN_POINT('',(1.74367345689,-1.992305435635,10.1000001));
#3993 = ORIENTED_EDGE('',*,*,#2405,.F.);
#3994 = ORIENTED_EDGE('',*,*,#3967,.T.);
#3995 = ORIENTED_EDGE('',*,*,#3754,.T.);
#3996 = ORIENTED_EDGE('',*,*,#2260,.F.);
#3997 = B_SPLINE_SURFACE_WITH_KNOTS('',1,1,(
    (#3998,#3999)
    ,(#4000,#4001
    )),.UNSPECIFIED.,.F.,.F.,.F.,(2,2),(2,2),(-4.440892098501E-16,6.),(
    0.,5.),.PIECEWISE_BEZIER_KNOTS.);
#3998 = CARTESIAN_POINT('',(0.8,-1.992305435635,5.2000001));
#3999 = CARTESIAN_POINT('',(0.8,-1.992305435635,10.2000001));
#4000 = CARTESIAN_POINT('',(6.8,-1.992305435635,5.2000001));
#4001 = CARTESIAN_POINT('',(6.8,-1.992305435635,10.2000001));
#4002 = ADVANCED_FACE('',(#4003),#4013,.T.);
#4003 = FACE_BOUND('',#4004,.T.);
#4004 = EDGE_LOOP('',(#4005,#4006,#4012));
#4005 = ORIENTED_EDGE('',*,*,#2309,.T.);
#4006 = ORIENTED_EDGE('',*,*,#4007,.T.);
#4007 = EDGE_CURVE('',#2303,#2239,#4008,.T.);
#4008 = ( BOUNDED_CURVE() B_SPLINE_CURVE(2,(#4009,#4010,#4011),
.UNSPECIFIED.,.F.,.F.) B_SPLINE_CURVE_WITH_KNOTS((3,3),(4.712388980385,
6.28318530718),.PIECEWISE_BEZIER_KNOTS.) CURVE() 
GEOMETRIC_REPRESENTATION_ITEM() RATIONAL_B_SPLINE_CURVE((1.,
0.707106781187,1.)) REPRESENTATION_ITEM('') );
#4009 = CARTESIAN_POINT('',(6.5,2.002305435635,5.2000001));
#4010 = CARTESIAN_POINT('',(6.8,2.002305435635,5.2000001));
#4011 = CARTESIAN_POINT('',(6.8,1.702305435635,5.2000001));
#4012 = ORIENTED_EDGE('',*,*,#2281,.T.);
#4013 = B_SPLINE_SURFACE_WITH_KNOTS('',1,1,(
    (#4014,#4015)
    ,(#4016,#4017
    )),.UNSPECIFIED.,.F.,.F.,.F.,(2,2),(2,2),(6.5,6.8),(1.697305435635,
    1.997305435635),.PIECEWISE_BEZIER_KNOTS.);
#4014 = CARTESIAN_POINT('',(6.5,1.702305435635,5.2000001));
#4015 = CARTESIAN_POINT('',(6.5,2.002305435635,5.2000001));
#4016 = CARTESIAN_POINT('',(6.8,1.702305435635,5.2000001));
#4017 = CARTESIAN_POINT('',(6.8,2.002305435635,5.2000001));
#4018 = ADVANCED_FACE('',(#4019),#4041,.F.);
#4019 = FACE_BOUND('',#4020,.T.);
#4020 = EDGE_LOOP('',(#4021,#4022,#4027,#4028,#4033,#4034,#4039,#4040));
#4021 = ORIENTED_EDGE('',*,*,#3565,.F.);
#4022 = ORIENTED_EDGE('',*,*,#4023,.T.);
#4023 = EDGE_CURVE('',#3558,#2880,#4024,.T.);
#4024 = B_SPLINE_CURVE_WITH_KNOTS('',1,(#4025,#4026),.UNSPECIFIED.,.F.,
  .F.,(2,2),(0.1,5.),.PIECEWISE_BEZIER_KNOTS.);
#4025 = CARTESIAN_POINT('',(-6.5,2.002305435635,5.2000001));
#4026 = CARTESIAN_POINT('',(-6.5,2.002305435635,10.1000001));
#4027 = ORIENTED_EDGE('',*,*,#2879,.F.);
#4028 = ORIENTED_EDGE('',*,*,#4029,.F.);
#4029 = EDGE_CURVE('',#3272,#2872,#4030,.T.);
#4030 = B_SPLINE_CURVE_WITH_KNOTS('',1,(#4031,#4032),.UNSPECIFIED.,.F.,
  .F.,(2,2),(0.1,5.),.PIECEWISE_BEZIER_KNOTS.);
#4031 = CARTESIAN_POINT('',(-1.74367345689,2.002305435635,5.2000001));
#4032 = CARTESIAN_POINT('',(-1.74367345689,2.002305435635,10.1000001));
#4033 = ORIENTED_EDGE('',*,*,#3271,.F.);
#4034 = ORIENTED_EDGE('',*,*,#4035,.T.);
#4035 = EDGE_CURVE('',#3265,#3741,#4036,.T.);
#4036 = B_SPLINE_CURVE_WITH_KNOTS('',1,(#4037,#4038),.UNSPECIFIED.,.F.,
  .F.,(2,2),(0.,5.),.PIECEWISE_BEZIER_KNOTS.);
#4037 = CARTESIAN_POINT('',(-0.8,2.002305435635,5.2000001));
#4038 = CARTESIAN_POINT('',(-0.8,2.002305435635,10.2000001));
#4039 = ORIENTED_EDGE('',*,*,#3740,.T.);
#4040 = ORIENTED_EDGE('',*,*,#3124,.F.);
#4041 = B_SPLINE_SURFACE_WITH_KNOTS('',1,1,(
    (#4042,#4043)
    ,(#4044,#4045
    )),.UNSPECIFIED.,.F.,.F.,.F.,(2,2),(2,2),(0.,6.),(0.,5.),
  .PIECEWISE_BEZIER_KNOTS.);
#4042 = CARTESIAN_POINT('',(-0.8,2.002305435635,5.2000001));
#4043 = CARTESIAN_POINT('',(-0.8,2.002305435635,10.2000001));
#4044 = CARTESIAN_POINT('',(-6.8,2.002305435635,5.2000001));
#4045 = CARTESIAN_POINT('',(-6.8,2.002305435635,10.2000001));
#4046 = ADVANCED_FACE('',(#4047),#4053,.F.);
#4047 = FACE_BOUND('',#4048,.T.);
#4048 = EDGE_LOOP('',(#4049,#4050,#4051,#4052));
#4049 = ORIENTED_EDGE('',*,*,#3747,.T.);
#4050 = ORIENTED_EDGE('',*,*,#4035,.F.);
#4051 = ORIENTED_EDGE('',*,*,#3264,.F.);
#4052 = ORIENTED_EDGE('',*,*,#3186,.T.);
#4053 = B_SPLINE_SURFACE_WITH_KNOTS('',1,1,(
    (#4054,#4055)
    ,(#4056,#4057
    )),.UNSPECIFIED.,.F.,.F.,.F.,(2,2),(2,2),(-3.99461087127,0.),(0.,5.)
  ,.PIECEWISE_BEZIER_KNOTS.);
#4054 = CARTESIAN_POINT('',(-0.8,-1.992305435635,5.2000001));
#4055 = CARTESIAN_POINT('',(-0.8,-1.992305435635,10.2000001));
#4056 = CARTESIAN_POINT('',(-0.8,2.002305435635,5.2000001));
#4057 = CARTESIAN_POINT('',(-0.8,2.002305435635,10.2000001));
#4058 = ADVANCED_FACE('',(#4059),#4069,.F.);
#4059 = FACE_BOUND('',#4060,.T.);
#4060 = EDGE_LOOP('',(#4061,#4067,#4068));
#4061 = ORIENTED_EDGE('',*,*,#4062,.F.);
#4062 = EDGE_CURVE('',#3103,#3167,#4063,.T.);
#4063 = ( BOUNDED_CURVE() B_SPLINE_CURVE(2,(#4064,#4065,#4066),
.UNSPECIFIED.,.F.,.F.) B_SPLINE_CURVE_WITH_KNOTS((3,3),(0.,
1.570796326795),.PIECEWISE_BEZIER_KNOTS.) CURVE() 
GEOMETRIC_REPRESENTATION_ITEM() RATIONAL_B_SPLINE_CURVE((1.,
0.707106781187,1.)) REPRESENTATION_ITEM('') );
#4064 = CARTESIAN_POINT('',(-6.8,-1.692305435635,5.2000001));
#4065 = CARTESIAN_POINT('',(-6.8,-1.992305435635,5.2000001));
#4066 = CARTESIAN_POINT('',(-6.5,-1.992305435635,5.2000001));
#4067 = ORIENTED_EDGE('',*,*,#3145,.T.);
#4068 = ORIENTED_EDGE('',*,*,#3173,.T.);
#4069 = B_SPLINE_SURFACE_WITH_KNOTS('',1,1,(
    (#4070,#4071)
    ,(#4072,#4073
    )),.UNSPECIFIED.,.F.,.F.,.F.,(2,2),(2,2),(6.5,6.8),(-1.997305435635,
    -1.697305435635),.PIECEWISE_BEZIER_KNOTS.);
#4070 = CARTESIAN_POINT('',(-6.5,-1.992305435635,5.2000001));
#4071 = CARTESIAN_POINT('',(-6.5,-1.692305435635,5.2000001));
#4072 = CARTESIAN_POINT('',(-6.8,-1.992305435635,5.2000001));
#4073 = CARTESIAN_POINT('',(-6.8,-1.692305435635,5.2000001));
#4074 = ADVANCED_FACE('',(#4075),#4081,.T.);
#4075 = FACE_BOUND('',#4076,.T.);
#4076 = EDGE_LOOP('',(#4077,#4078,#4079,#4080));
#4077 = ORIENTED_EDGE('',*,*,#3557,.F.);
#4078 = ORIENTED_EDGE('',*,*,#3110,.T.);
#4079 = ORIENTED_EDGE('',*,*,#2886,.F.);
#4080 = ORIENTED_EDGE('',*,*,#4023,.F.);
#4081 = ( BOUNDED_SURFACE() B_SPLINE_SURFACE(2,1,(
    (#4082,#4083)
    ,(#4084,#4085)
    ,(#4086,#4087
)),.UNSPECIFIED.,.F.,.F.,.F.) B_SPLINE_SURFACE_WITH_KNOTS((3,3),(2,2),(
    1.570796326795,3.14159265359),(0.1,5.),.PIECEWISE_BEZIER_KNOTS.) 
GEOMETRIC_REPRESENTATION_ITEM() RATIONAL_B_SPLINE_SURFACE((
    (1.,1.)
    ,(0.707106781187,0.707106781187)
,(1.,1.))) REPRESENTATION_ITEM('') SURFACE() );
#4082 = CARTESIAN_POINT('',(-6.5,2.002305435635,5.2000001));
#4083 = CARTESIAN_POINT('',(-6.5,2.002305435635,10.1000001));
#4084 = CARTESIAN_POINT('',(-6.8,2.002305435635,5.2000001));
#4085 = CARTESIAN_POINT('',(-6.8,2.002305435635,10.1000001));
#4086 = CARTESIAN_POINT('',(-6.8,1.702305435635,5.2000001));
#4087 = CARTESIAN_POINT('',(-6.8,1.702305435635,10.1000001));
#4088 = ADVANCED_FACE('',(#4089),#4099,.T.);
#4089 = FACE_BOUND('',#4090,.T.);
#4090 = EDGE_LOOP('',(#4091,#4092,#4093,#4094));
#4091 = ORIENTED_EDGE('',*,*,#3278,.F.);
#4092 = ORIENTED_EDGE('',*,*,#4029,.T.);
#4093 = ORIENTED_EDGE('',*,*,#2871,.F.);
#4094 = ORIENTED_EDGE('',*,*,#4095,.F.);
#4095 = EDGE_CURVE('',#3279,#2865,#4096,.T.);
#4096 = B_SPLINE_CURVE_WITH_KNOTS('',1,(#4097,#4098),.UNSPECIFIED.,.F.,
  .F.,(2,2),(0.1,5.),.PIECEWISE_BEZIER_KNOTS.);
#4097 = CARTESIAN_POINT('',(-1.45524119249,1.784808943759,5.2000001));
#4098 = CARTESIAN_POINT('',(-1.45524119249,1.784808943759,10.1000001));
#4099 = ( BOUNDED_SURFACE() B_SPLINE_SURFACE(2,1,(
    (#4100,#4101)
    ,(#4102,#4103)
    ,(#4104,#4105
)),.UNSPECIFIED.,.F.,.F.,.F.) B_SPLINE_SURFACE_WITH_KNOTS((3,3),(2,2),(
    0.2786018651,1.570796326795),(0.1,5.),.PIECEWISE_BEZIER_KNOTS.) 
GEOMETRIC_REPRESENTATION_ITEM() RATIONAL_B_SPLINE_SURFACE((
    (1.,1.)
    ,(0.798439632579,0.798439632579)
,(1.,1.))) REPRESENTATION_ITEM('') SURFACE() );
#4100 = CARTESIAN_POINT('',(-1.45524119249,1.784808943759,5.2000001));
#4101 = CARTESIAN_POINT('',(-1.45524119249,1.784808943759,10.1000001));
#4102 = CARTESIAN_POINT('',(-1.517454147832,2.002305435635,5.2000001));
#4103 = CARTESIAN_POINT('',(-1.517454147832,2.002305435635,10.1000001));
#4104 = CARTESIAN_POINT('',(-1.74367345689,2.002305435635,5.2000001));
#4105 = CARTESIAN_POINT('',(-1.74367345689,2.002305435635,10.1000001));
#4106 = ADVANCED_FACE('',(#4107),#4126,.T.);
#4107 = FACE_BOUND('',#4108,.T.);
#4108 = EDGE_LOOP('',(#4109,#4110,#4118,#4123,#4124,#4125));
#4109 = ORIENTED_EDGE('',*,*,#2864,.F.);
#4110 = ORIENTED_EDGE('',*,*,#4111,.T.);
#4111 = EDGE_CURVE('',#2858,#4112,#4114,.T.);
#4112 = VERTEX_POINT('',#4113);
#4113 = CARTESIAN_POINT('',(-1.262525442917,1.111074683254,9.9000001));
#4114 = ( BOUNDED_CURVE() B_SPLINE_CURVE(2,(#4115,#4116,#4117),
.UNSPECIFIED.,.F.,.F.) B_SPLINE_CURVE_WITH_KNOTS((3,3),(1.570796326795,
3.14159265359),.PIECEWISE_BEZIER_KNOTS.) CURVE() 
GEOMETRIC_REPRESENTATION_ITEM() RATIONAL_B_SPLINE_CURVE((1.,
0.707106781187,1.)) REPRESENTATION_ITEM('') );
#4115 = CARTESIAN_POINT('',(-1.317527781667,1.303362859521,10.1000001));
#4116 = CARTESIAN_POINT('',(-1.262525442917,1.111074683254,10.1000001));
#4117 = CARTESIAN_POINT('',(-1.262525442917,1.111074683254,9.9000001));
#4118 = ORIENTED_EDGE('',*,*,#4119,.F.);
#4119 = EDGE_CURVE('',#3387,#4112,#4120,.T.);
#4120 = B_SPLINE_CURVE_WITH_KNOTS('',1,(#4121,#4122),.UNSPECIFIED.,.F.,
  .F.,(2,2),(0.,1.8),.PIECEWISE_BEZIER_KNOTS.);
#4121 = CARTESIAN_POINT('',(-1.262525442917,1.111074683254,8.1000001));
#4122 = CARTESIAN_POINT('',(-1.262525442917,1.111074683254,9.9000001));
#4123 = ORIENTED_EDGE('',*,*,#3416,.F.);
#4124 = ORIENTED_EDGE('',*,*,#3286,.F.);
#4125 = ORIENTED_EDGE('',*,*,#4095,.T.);
#4126 = B_SPLINE_SURFACE_WITH_KNOTS('',1,1,(
    (#4127,#4128)
    ,(#4129,#4130
    )),.UNSPECIFIED.,.F.,.F.,.F.,(2,2),(2,2),(0.,0.700754745907),(0.1,5.
    ),.PIECEWISE_BEZIER_KNOTS.);
#4127 = CARTESIAN_POINT('',(-1.262525442917,1.111074683254,5.2000001));
#4128 = CARTESIAN_POINT('',(-1.262525442917,1.111074683254,10.1000001));
#4129 = CARTESIAN_POINT('',(-1.45524119249,1.784808943759,5.2000001));
#4130 = CARTESIAN_POINT('',(-1.45524119249,1.784808943759,10.1000001));
#4131 = ADVANCED_FACE('',(#4132),#4155,.F.);
#4132 = FACE_BOUND('',#4133,.T.);
#4133 = EDGE_LOOP('',(#4134,#4141,#4147,#4148,#4153,#4154));
#4134 = ORIENTED_EDGE('',*,*,#4135,.T.);
#4135 = EDGE_CURVE('',#104,#4136,#4138,.T.);
#4136 = VERTEX_POINT('',#4137);
#4137 = CARTESIAN_POINT('',(-1.454813619185,1.056072344505,9.9000001));
#4138 = B_SPLINE_CURVE_WITH_KNOTS('',1,(#4139,#4140),.UNSPECIFIED.,.F.,
  .F.,(2,2),(0.,1.8),.PIECEWISE_BEZIER_KNOTS.);
#4139 = CARTESIAN_POINT('',(-1.454813619185,1.056072344505,8.1000001));
#4140 = CARTESIAN_POINT('',(-1.454813619185,1.056072344505,9.9000001));
#4141 = ORIENTED_EDGE('',*,*,#4142,.T.);
#4142 = EDGE_CURVE('',#4136,#2851,#4143,.T.);
#4143 = ( BOUNDED_CURVE() B_SPLINE_CURVE(2,(#4144,#4145,#4146),
.UNSPECIFIED.,.F.,.F.) B_SPLINE_CURVE_WITH_KNOTS((3,3),(3.14159265359,
4.712388980385),.PIECEWISE_BEZIER_KNOTS.) CURVE() 
GEOMETRIC_REPRESENTATION_ITEM() RATIONAL_B_SPLINE_CURVE((1.,
0.707106781187,1.)) REPRESENTATION_ITEM('') );
#4144 = CARTESIAN_POINT('',(-1.454813619185,1.056072344505,9.9000001));
#4145 = CARTESIAN_POINT('',(-1.454813619185,1.056072344505,10.1000001));
#4146 = CARTESIAN_POINT('',(-1.509815957934,1.248360520772,10.1000001));
#4147 = ORIENTED_EDGE('',*,*,#2850,.T.);
#4148 = ORIENTED_EDGE('',*,*,#4149,.F.);
#4149 = EDGE_CURVE('',#3329,#2843,#4150,.T.);
#4150 = B_SPLINE_CURVE_WITH_KNOTS('',1,(#4151,#4152),.UNSPECIFIED.,.F.,
  .F.,(2,2),(0.1,5.),.PIECEWISE_BEZIER_KNOTS.);
#4151 = CARTESIAN_POINT('',(-1.647529368757,1.729806605009,5.2000001));
#4152 = CARTESIAN_POINT('',(-1.647529368757,1.729806605009,10.1000001));
#4153 = ORIENTED_EDGE('',*,*,#3328,.T.);
#4154 = ORIENTED_EDGE('',*,*,#101,.T.);
#4155 = B_SPLINE_SURFACE_WITH_KNOTS('',1,1,(
    (#4156,#4157)
    ,(#4158,#4159
    )),.UNSPECIFIED.,.F.,.F.,.F.,(2,2),(2,2),(0.,0.700754745907),(0.1,5.
    ),.PIECEWISE_BEZIER_KNOTS.);
#4156 = CARTESIAN_POINT('',(-1.454813619185,1.056072344505,5.2000001));
#4157 = CARTESIAN_POINT('',(-1.454813619185,1.056072344505,10.1000001));
#4158 = CARTESIAN_POINT('',(-1.647529368757,1.729806605009,5.2000001));
#4159 = CARTESIAN_POINT('',(-1.647529368757,1.729806605009,10.1000001));
#4160 = ADVANCED_FACE('',(#4161),#4171,.F.);
#4161 = FACE_BOUND('',#4162,.F.);
#4162 = EDGE_LOOP('',(#4163,#4164,#4165,#4166));
#4163 = ORIENTED_EDGE('',*,*,#2842,.F.);
#4164 = ORIENTED_EDGE('',*,*,#4149,.F.);
#4165 = ORIENTED_EDGE('',*,*,#3335,.F.);
#4166 = ORIENTED_EDGE('',*,*,#4167,.T.);
#4167 = EDGE_CURVE('',#3336,#2836,#4168,.T.);
#4168 = B_SPLINE_CURVE_WITH_KNOTS('',1,(#4169,#4170),.UNSPECIFIED.,.F.,
  .F.,(2,2),(0.1,5.),.PIECEWISE_BEZIER_KNOTS.);
#4169 = CARTESIAN_POINT('',(-1.74367345689,1.802305435635,5.2000001));
#4170 = CARTESIAN_POINT('',(-1.74367345689,1.802305435635,10.1000001));
#4171 = ( BOUNDED_SURFACE() B_SPLINE_SURFACE(2,1,(
    (#4172,#4173)
    ,(#4174,#4175)
    ,(#4176,#4177
)),.UNSPECIFIED.,.F.,.F.,.F.) B_SPLINE_SURFACE_WITH_KNOTS((3,3),(2,2),(
    0.2786018651,1.570796326795),(0.1,5.),.PIECEWISE_BEZIER_KNOTS.) 
GEOMETRIC_REPRESENTATION_ITEM() RATIONAL_B_SPLINE_SURFACE((
    (1.,1.)
    ,(0.798439632579,0.798439632579)
,(1.,1.))) REPRESENTATION_ITEM('') SURFACE() );
#4172 = CARTESIAN_POINT('',(-1.647529368757,1.729806605009,5.2000001));
#4173 = CARTESIAN_POINT('',(-1.647529368757,1.729806605009,10.1000001));
#4174 = CARTESIAN_POINT('',(-1.668267020538,1.802305435635,5.2000001));
#4175 = CARTESIAN_POINT('',(-1.668267020538,1.802305435635,10.1000001));
#4176 = CARTESIAN_POINT('',(-1.74367345689,1.802305435635,5.2000001));
#4177 = CARTESIAN_POINT('',(-1.74367345689,1.802305435635,10.1000001));
#4178 = ADVANCED_FACE('',(#4179),#4189,.F.);
#4179 = FACE_BOUND('',#4180,.T.);
#4180 = EDGE_LOOP('',(#4181,#4186,#4187,#4188));
#4181 = ORIENTED_EDGE('',*,*,#4182,.F.);
#4182 = EDGE_CURVE('',#3344,#2828,#4183,.T.);
#4183 = B_SPLINE_CURVE_WITH_KNOTS('',1,(#4184,#4185),.UNSPECIFIED.,.F.,
  .F.,(2,2),(0.1,5.),.PIECEWISE_BEZIER_KNOTS.);
#4184 = CARTESIAN_POINT('',(-6.5,1.802305435635,5.2000001));
#4185 = CARTESIAN_POINT('',(-6.5,1.802305435635,10.1000001));
#4186 = ORIENTED_EDGE('',*,*,#3343,.T.);
#4187 = ORIENTED_EDGE('',*,*,#4167,.T.);
#4188 = ORIENTED_EDGE('',*,*,#2835,.T.);
#4189 = B_SPLINE_SURFACE_WITH_KNOTS('',1,1,(
    (#4190,#4191)
    ,(#4192,#4193
    )),.UNSPECIFIED.,.F.,.F.,.F.,(2,2),(2,2),(0.,4.75632654311),(0.1,5.)
  ,.PIECEWISE_BEZIER_KNOTS.);
#4190 = CARTESIAN_POINT('',(-1.74367345689,1.802305435635,5.2000001));
#4191 = CARTESIAN_POINT('',(-1.74367345689,1.802305435635,10.1000001));
#4192 = CARTESIAN_POINT('',(-6.5,1.802305435635,5.2000001));
#4193 = CARTESIAN_POINT('',(-6.5,1.802305435635,10.1000001));
#4194 = ADVANCED_FACE('',(#4195),#4205,.F.);
#4195 = FACE_BOUND('',#4196,.F.);
#4196 = EDGE_LOOP('',(#4197,#4198,#4199,#4200));
#4197 = ORIENTED_EDGE('',*,*,#2827,.F.);
#4198 = ORIENTED_EDGE('',*,*,#4182,.F.);
#4199 = ORIENTED_EDGE('',*,*,#3350,.F.);
#4200 = ORIENTED_EDGE('',*,*,#4201,.T.);
#4201 = EDGE_CURVE('',#3209,#2821,#4202,.T.);
#4202 = B_SPLINE_CURVE_WITH_KNOTS('',1,(#4203,#4204),.UNSPECIFIED.,.F.,
  .F.,(2,2),(0.1,5.),.PIECEWISE_BEZIER_KNOTS.);
#4203 = CARTESIAN_POINT('',(-6.6,1.702305435635,5.2000001));
#4204 = CARTESIAN_POINT('',(-6.6,1.702305435635,10.1000001));
#4205 = ( BOUNDED_SURFACE() B_SPLINE_SURFACE(2,1,(
    (#4206,#4207)
    ,(#4208,#4209)
    ,(#4210,#4211
)),.UNSPECIFIED.,.F.,.F.,.F.) B_SPLINE_SURFACE_WITH_KNOTS((3,3),(2,2),(
    1.570796326795,3.14159265359),(0.1,5.),.PIECEWISE_BEZIER_KNOTS.) 
GEOMETRIC_REPRESENTATION_ITEM() RATIONAL_B_SPLINE_SURFACE((
    (1.,1.)
    ,(0.707106781187,0.707106781187)
,(1.,1.))) REPRESENTATION_ITEM('') SURFACE() );
#4206 = CARTESIAN_POINT('',(-6.5,1.802305435635,5.2000001));
#4207 = CARTESIAN_POINT('',(-6.5,1.802305435635,10.1000001));
#4208 = CARTESIAN_POINT('',(-6.6,1.802305435635,5.2000001));
#4209 = CARTESIAN_POINT('',(-6.6,1.802305435635,10.1000001));
#4210 = CARTESIAN_POINT('',(-6.6,1.702305435635,5.2000001));
#4211 = CARTESIAN_POINT('',(-6.6,1.702305435635,10.1000001));
#4212 = ADVANCED_FACE('',(#4213),#4223,.F.);
#4213 = FACE_BOUND('',#4214,.T.);
#4214 = EDGE_LOOP('',(#4215,#4216,#4221,#4222));
#4215 = ORIENTED_EDGE('',*,*,#2820,.T.);
#4216 = ORIENTED_EDGE('',*,*,#4217,.F.);
#4217 = EDGE_CURVE('',#3207,#2813,#4218,.T.);
#4218 = B_SPLINE_CURVE_WITH_KNOTS('',1,(#4219,#4220),.UNSPECIFIED.,.F.,
  .F.,(2,2),(0.1,5.),.PIECEWISE_BEZIER_KNOTS.);
#4219 = CARTESIAN_POINT('',(-6.6,-1.692305435635,5.2000001));
#4220 = CARTESIAN_POINT('',(-6.6,-1.692305435635,10.1000001));
#4221 = ORIENTED_EDGE('',*,*,#3206,.T.);
#4222 = ORIENTED_EDGE('',*,*,#4201,.T.);
#4223 = B_SPLINE_SURFACE_WITH_KNOTS('',1,1,(
    (#4224,#4225)
    ,(#4226,#4227
    )),.UNSPECIFIED.,.F.,.F.,.F.,(2,2),(2,2),(0.,3.394610871269),(0.1,5.
    ),.PIECEWISE_BEZIER_KNOTS.);
#4224 = CARTESIAN_POINT('',(-6.6,1.702305435635,5.2000001));
#4225 = CARTESIAN_POINT('',(-6.6,1.702305435635,10.1000001));
#4226 = CARTESIAN_POINT('',(-6.6,-1.692305435635,5.2000001));
#4227 = CARTESIAN_POINT('',(-6.6,-1.692305435635,10.1000001));
#4228 = ADVANCED_FACE('',(#4229),#4239,.F.);
#4229 = FACE_BOUND('',#4230,.T.);
#4230 = EDGE_LOOP('',(#4231,#4232,#4237,#4238));
#4231 = ORIENTED_EDGE('',*,*,#4119,.T.);
#4232 = ORIENTED_EDGE('',*,*,#4233,.T.);
#4233 = EDGE_CURVE('',#4112,#4136,#4234,.T.);
#4234 = B_SPLINE_CURVE_WITH_KNOTS('',1,(#4235,#4236),.UNSPECIFIED.,.F.,
  .F.,(2,2),(-0.2,0.),.PIECEWISE_BEZIER_KNOTS.);
#4235 = CARTESIAN_POINT('',(-1.262525442917,1.111074683254,9.9000001));
#4236 = CARTESIAN_POINT('',(-1.454813619185,1.056072344505,9.9000001));
#4237 = ORIENTED_EDGE('',*,*,#4135,.F.);
#4238 = ORIENTED_EDGE('',*,*,#3394,.F.);
#4239 = B_SPLINE_SURFACE_WITH_KNOTS('',1,1,(
    (#4240,#4241)
    ,(#4242,#4243
    )),.UNSPECIFIED.,.F.,.F.,.F.,(2,2),(2,2),(-0.2,0.),(0.,1.8),
  .PIECEWISE_BEZIER_KNOTS.);
#4240 = CARTESIAN_POINT('',(-1.262525442917,1.111074683254,8.1000001));
#4241 = CARTESIAN_POINT('',(-1.262525442917,1.111074683254,9.9000001));
#4242 = CARTESIAN_POINT('',(-1.454813619185,1.056072344505,8.1000001));
#4243 = CARTESIAN_POINT('',(-1.454813619185,1.056072344505,9.9000001));
#4244 = ADVANCED_FACE('',(#4245),#4283,.T.);
#4245 = FACE_BOUND('',#4246,.T.);
#4246 = EDGE_LOOP('',(#4247,#4256,#4264,#4271,#4277,#4278));
#4247 = ORIENTED_EDGE('',*,*,#4248,.T.);
#4248 = EDGE_CURVE('',#4249,#4251,#4253,.T.);
#4249 = VERTEX_POINT('',#4250);
#4250 = CARTESIAN_POINT('',(-1.66415891348,0.897796566328,9.304873983074
    ));
#4251 = VERTEX_POINT('',#4252);
#4252 = CARTESIAN_POINT('',(-1.720126485271,1.342621558828,
    9.936876071421));
#4253 = B_SPLINE_CURVE_WITH_KNOTS('',1,(#4254,#4255),.UNSPECIFIED.,.F.,
  .F.,(2,2),(9.793508379274E-16,0.774873075233),
  .PIECEWISE_BEZIER_KNOTS.);
#4254 = CARTESIAN_POINT('',(-1.66415891348,0.897796566328,9.304873983074
    ));
#4255 = CARTESIAN_POINT('',(-1.720126485271,1.342621558828,
    9.936876071421));
#4256 = ORIENTED_EDGE('',*,*,#4257,.T.);
#4257 = EDGE_CURVE('',#4251,#4258,#4260,.T.);
#4258 = VERTEX_POINT('',#4259);
#4259 = CARTESIAN_POINT('',(-1.93300759643,1.432466891548,10.1000001));
#4260 = ( BOUNDED_CURVE() B_SPLINE_CURVE(2,(#4261,#4262,#4263),
.UNSPECIFIED.,.F.,.F.) B_SPLINE_CURVE_WITH_KNOTS((3,3),(1.64346564678,
3.214261973575),.PIECEWISE_BEZIER_KNOTS.) CURVE() 
GEOMETRIC_REPRESENTATION_ITEM() RATIONAL_B_SPLINE_CURVE((1.,
0.707106781187,1.)) REPRESENTATION_ITEM('') );
#4261 = CARTESIAN_POINT('',(-1.720126485271,1.342621558828,
    9.936876071421));
#4262 = CARTESIAN_POINT('',(-1.734572095417,1.457433908546,10.1000001));
#4263 = CARTESIAN_POINT('',(-1.93300759643,1.432466891548,10.1000001));
#4264 = ORIENTED_EDGE('',*,*,#4265,.T.);
#4265 = EDGE_CURVE('',#4258,#4266,#4268,.T.);
#4266 = VERTEX_POINT('',#4267);
#4267 = CARTESIAN_POINT('',(-3.123620602508,1.282664789561,10.1000001));
#4268 = B_SPLINE_CURVE_WITH_KNOTS('',1,(#4269,#4270),.UNSPECIFIED.,.F.,
  .F.,(2,2),(0.2,1.4),.PIECEWISE_BEZIER_KNOTS.);
#4269 = CARTESIAN_POINT('',(-1.93300759643,1.432466891548,10.1000001));
#4270 = CARTESIAN_POINT('',(-3.123620602508,1.282664789561,10.1000001));
#4271 = ORIENTED_EDGE('',*,*,#4272,.T.);
#4272 = EDGE_CURVE('',#4266,#3465,#4273,.T.);
#4273 = ( BOUNDED_CURVE() B_SPLINE_CURVE(2,(#4274,#4275,#4276),
.UNSPECIFIED.,.F.,.F.) B_SPLINE_CURVE_WITH_KNOTS((3,3),(3.214261973575,
4.78505830037),.PIECEWISE_BEZIER_KNOTS.) CURVE() 
GEOMETRIC_REPRESENTATION_ITEM() RATIONAL_B_SPLINE_CURVE((1.,
0.707106781187,1.)) REPRESENTATION_ITEM('') );
#4274 = CARTESIAN_POINT('',(-3.123620602508,1.282664789561,10.1000001));
#4275 = CARTESIAN_POINT('',(-3.322056103521,1.257697772563,10.1000001));
#4276 = CARTESIAN_POINT('',(-3.307610493374,1.142885422846,
    9.936876071421));
#4277 = ORIENTED_EDGE('',*,*,#3462,.F.);
#4278 = ORIENTED_EDGE('',*,*,#4279,.F.);
#4279 = EDGE_CURVE('',#4249,#3463,#4280,.T.);
#4280 = B_SPLINE_CURVE_WITH_KNOTS('',1,(#4281,#4282),.UNSPECIFIED.,.F.,
  .F.,(2,2),(0.,1.6),.PIECEWISE_BEZIER_KNOTS.);
#4281 = CARTESIAN_POINT('',(-1.66415891348,0.897796566328,9.304873983074
    ));
#4282 = CARTESIAN_POINT('',(-3.251642921583,0.698060430345,
    9.304873983074));
#4283 = B_SPLINE_SURFACE_WITH_KNOTS('',1,1,(
    (#4284,#4285)
    ,(#4286,#4287
    )),.UNSPECIFIED.,.F.,.F.,.F.,(2,2),(2,2),(-0.95830691337,
    0.116168604505),(-1.652564997805,-6.619044406943E-18),
  .PIECEWISE_BEZIER_KNOTS.);
#4284 = CARTESIAN_POINT('',(-3.308135600811,1.318283028989,10.1822877956
    ));
#4285 = CARTESIAN_POINT('',(-1.66415891348,1.455157788253,
    10.084425526274));
#4286 = CARTESIAN_POINT('',(-3.308135600811,0.693356944019,
    9.308236866399));
#4287 = CARTESIAN_POINT('',(-1.66415891348,0.830231703283,9.210374597073
    ));
#4288 = ADVANCED_FACE('',(#4289),#4300,.T.);
#4289 = FACE_BOUND('',#4290,.T.);
#4290 = EDGE_LOOP('',(#4291,#4292,#4293,#4299));
#4291 = ORIENTED_EDGE('',*,*,#3500,.F.);
#4292 = ORIENTED_EDGE('',*,*,#3441,.F.);
#4293 = ORIENTED_EDGE('',*,*,#4294,.T.);
#4294 = EDGE_CURVE('',#3435,#4249,#4295,.T.);
#4295 = ( BOUNDED_CURVE() B_SPLINE_CURVE(2,(#4296,#4297,#4298),
.UNSPECIFIED.,.F.,.F.) B_SPLINE_CURVE_WITH_KNOTS((3,3),(0.,
0.616996118462),.PIECEWISE_BEZIER_KNOTS.) CURVE() 
GEOMETRIC_REPRESENTATION_ITEM() RATIONAL_B_SPLINE_CURVE((1.,
0.952790675567,1.)) REPRESENTATION_ITEM('') );
#4296 = CARTESIAN_POINT('',(-1.641141838348,0.714859019721,
    8.726286234756));
#4297 = CARTESIAN_POINT('',(-1.641141838348,0.714859019721,9.04495848048
    ));
#4298 = CARTESIAN_POINT('',(-1.66415891348,0.897796566328,9.304873983074
    ));
#4299 = ORIENTED_EDGE('',*,*,#4279,.T.);
#4300 = ( BOUNDED_SURFACE() B_SPLINE_SURFACE(2,1,(
    (#4301,#4302)
    ,(#4303,#4304)
    ,(#4305,#4306
)),.UNSPECIFIED.,.F.,.F.,.F.) B_SPLINE_SURFACE_WITH_KNOTS((3,3),(2,2),(
    0.,0.616996118462),(-6.661338147751E-16,1.6),
.PIECEWISE_BEZIER_KNOTS.) GEOMETRIC_REPRESENTATION_ITEM() 
RATIONAL_B_SPLINE_SURFACE((
    (1.,1.)
    ,(0.952790675567,0.952790675567)
,(1.,1.))) REPRESENTATION_ITEM('') SURFACE() );
#4301 = CARTESIAN_POINT('',(-1.641141838348,0.714859019721,
    8.726286234756));
#4302 = CARTESIAN_POINT('',(-3.228625846451,0.515122883739,
    8.726286234756));
#4303 = CARTESIAN_POINT('',(-1.641141838348,0.714859019721,9.04495848048
    ));
#4304 = CARTESIAN_POINT('',(-3.228625846451,0.515122883739,9.04495848048
    ));
#4305 = CARTESIAN_POINT('',(-1.66415891348,0.897796566328,9.304873983074
    ));
#4306 = CARTESIAN_POINT('',(-3.251642921583,0.698060430345,
    9.304873983074));
#4307 = ADVANCED_FACE('',(#4308),#4325,.F.);
#4308 = FACE_BOUND('',#4309,.F.);
#4309 = EDGE_LOOP('',(#4310,#4311,#4319,#4324));
#4310 = ORIENTED_EDGE('',*,*,#3522,.F.);
#4311 = ORIENTED_EDGE('',*,*,#4312,.T.);
#4312 = EDGE_CURVE('',#3523,#4313,#4315,.T.);
#4313 = VERTEX_POINT('',#4314);
#4314 = CARTESIAN_POINT('',(-1.684522515451,1.059644558019,9.18915643341
    ));
#4315 = ( BOUNDED_CURVE() B_SPLINE_CURVE(2,(#4316,#4317,#4318),
.UNSPECIFIED.,.F.,.F.) B_SPLINE_CURVE_WITH_KNOTS((3,3),(4.712388980385,
5.329385098847),.PIECEWISE_BEZIER_KNOTS.) CURVE() 
GEOMETRIC_REPRESENTATION_ITEM() RATIONAL_B_SPLINE_CURVE((1.,
0.952790675567,1.)) REPRESENTATION_ITEM('') );
#4316 = CARTESIAN_POINT('',(-1.666108855346,0.913294520734,
    8.726286234756));
#4317 = CARTESIAN_POINT('',(-1.666108855346,0.913294520734,
    8.981224031335));
#4318 = CARTESIAN_POINT('',(-1.684522515451,1.059644558019,9.18915643341
    ));
#4319 = ORIENTED_EDGE('',*,*,#4320,.T.);
#4320 = EDGE_CURVE('',#4313,#3479,#4321,.T.);
#4321 = B_SPLINE_CURVE_WITH_KNOTS('',1,(#4322,#4323),.UNSPECIFIED.,.F.,
  .F.,(2,2),(0.,1.6),.PIECEWISE_BEZIER_KNOTS.);
#4322 = CARTESIAN_POINT('',(-1.684522515451,1.059644558019,9.18915643341
    ));
#4323 = CARTESIAN_POINT('',(-3.272006523554,0.859908422037,9.18915643341
    ));
#4324 = ORIENTED_EDGE('',*,*,#3485,.F.);
#4325 = ( BOUNDED_SURFACE() B_SPLINE_SURFACE(2,1,(
    (#4326,#4327)
    ,(#4328,#4329)
    ,(#4330,#4331
)),.UNSPECIFIED.,.F.,.F.,.F.) B_SPLINE_SURFACE_WITH_KNOTS((3,3),(2,2),(
    0.,0.616996118462),(-6.661338147751E-16,1.6),
.PIECEWISE_BEZIER_KNOTS.) GEOMETRIC_REPRESENTATION_ITEM() 
RATIONAL_B_SPLINE_SURFACE((
    (1.,1.)
    ,(0.952790675567,0.952790675567)
,(1.,1.))) REPRESENTATION_ITEM('') SURFACE() );
#4326 = CARTESIAN_POINT('',(-1.666108855346,0.913294520734,
    8.726286234756));
#4327 = CARTESIAN_POINT('',(-3.253592863449,0.713558384752,
    8.726286234756));
#4328 = CARTESIAN_POINT('',(-1.666108855346,0.913294520734,
    8.981224031335));
#4329 = CARTESIAN_POINT('',(-3.253592863449,0.713558384752,
    8.981224031335));
#4330 = CARTESIAN_POINT('',(-1.684522515451,1.059644558019,9.18915643341
    ));
#4331 = CARTESIAN_POINT('',(-3.272006523554,0.859908422037,9.18915643341
    ));
#4332 = ADVANCED_FACE('',(#4333),#4365,.F.);
#4333 = FACE_BOUND('',#4334,.T.);
#4334 = EDGE_LOOP('',(#4335,#4344,#4352,#4357,#4358,#4359));
#4335 = ORIENTED_EDGE('',*,*,#4336,.F.);
#4336 = EDGE_CURVE('',#4337,#4339,#4341,.T.);
#4337 = VERTEX_POINT('',#4338);
#4338 = CARTESIAN_POINT('',(-1.953371198402,1.594314883239,
    9.984282550336));
#4339 = VERTEX_POINT('',#4340);
#4340 = CARTESIAN_POINT('',(-3.143984204479,1.444512781253,
    9.984282550336));
#4341 = B_SPLINE_CURVE_WITH_KNOTS('',1,(#4342,#4343),.UNSPECIFIED.,.F.,
  .F.,(2,2),(0.2,1.4),.PIECEWISE_BEZIER_KNOTS.);
#4342 = CARTESIAN_POINT('',(-1.953371198402,1.594314883239,
    9.984282550336));
#4343 = CARTESIAN_POINT('',(-3.143984204479,1.444512781253,
    9.984282550336));
#4344 = ORIENTED_EDGE('',*,*,#4345,.T.);
#4345 = EDGE_CURVE('',#4337,#4346,#4348,.T.);
#4346 = VERTEX_POINT('',#4347);
#4347 = CARTESIAN_POINT('',(-1.740490087242,1.50446955052,9.821158521757
    ));
#4348 = ( BOUNDED_CURVE() B_SPLINE_CURVE(2,(#4349,#4350,#4351),
.UNSPECIFIED.,.F.,.F.) B_SPLINE_CURVE_WITH_KNOTS((3,3),(3.068923333605,
4.6397196604),.PIECEWISE_BEZIER_KNOTS.) CURVE() 
GEOMETRIC_REPRESENTATION_ITEM() RATIONAL_B_SPLINE_CURVE((1.,
0.707106781187,1.)) REPRESENTATION_ITEM('') );
#4349 = CARTESIAN_POINT('',(-1.953371198402,1.594314883239,
    9.984282550336));
#4350 = CARTESIAN_POINT('',(-1.754935697389,1.619281900237,
    9.984282550336));
#4351 = CARTESIAN_POINT('',(-1.740490087242,1.50446955052,9.821158521757
    ));
#4352 = ORIENTED_EDGE('',*,*,#4353,.F.);
#4353 = EDGE_CURVE('',#4313,#4346,#4354,.T.);
#4354 = B_SPLINE_CURVE_WITH_KNOTS('',1,(#4355,#4356),.UNSPECIFIED.,.F.,
  .F.,(2,2),(1.106818152095E-15,0.774873075233),
  .PIECEWISE_BEZIER_KNOTS.);
#4355 = CARTESIAN_POINT('',(-1.684522515451,1.059644558019,9.18915643341
    ));
#4356 = CARTESIAN_POINT('',(-1.740490087242,1.50446955052,9.821158521757
    ));
#4357 = ORIENTED_EDGE('',*,*,#4320,.T.);
#4358 = ORIENTED_EDGE('',*,*,#3478,.T.);
#4359 = ORIENTED_EDGE('',*,*,#4360,.T.);
#4360 = EDGE_CURVE('',#3472,#4339,#4361,.T.);
#4361 = ( BOUNDED_CURVE() B_SPLINE_CURVE(2,(#4362,#4363,#4364),
.UNSPECIFIED.,.F.,.F.) B_SPLINE_CURVE_WITH_KNOTS((3,3),(1.49812700681,
3.068923333605),.PIECEWISE_BEZIER_KNOTS.) CURVE() 
GEOMETRIC_REPRESENTATION_ITEM() RATIONAL_B_SPLINE_CURVE((1.,
0.707106781187,1.)) REPRESENTATION_ITEM('') );
#4362 = CARTESIAN_POINT('',(-3.327974095345,1.304733414538,
    9.821158521757));
#4363 = CARTESIAN_POINT('',(-3.342419705492,1.419545764255,
    9.984282550336));
#4364 = CARTESIAN_POINT('',(-3.143984204479,1.444512781253,
    9.984282550336));
#4365 = B_SPLINE_SURFACE_WITH_KNOTS('',1,1,(
    (#4366,#4367)
    ,(#4368,#4369
    )),.UNSPECIFIED.,.F.,.F.,.F.,(2,2),(2,2),(-0.95830691337,
    0.116168604505),(-1.652564997805,2.576449230327E-18),
  .PIECEWISE_BEZIER_KNOTS.);
#4366 = CARTESIAN_POINT('',(-3.328499202782,1.480131020681,
    10.066570245936));
#4367 = CARTESIAN_POINT('',(-1.684522515451,1.617005779945,9.96870797661
    ));
#4368 = CARTESIAN_POINT('',(-3.328499202782,0.855204935711,
    9.192519316736));
#4369 = CARTESIAN_POINT('',(-1.684522515451,0.992079694975,9.09465704741
    ));
#4370 = ADVANCED_FACE('',(#4371),#4385,.F.);
#4371 = FACE_BOUND('',#4372,.T.);
#4372 = EDGE_LOOP('',(#4373,#4374,#4379,#4380));
#4373 = ORIENTED_EDGE('',*,*,#4265,.F.);
#4374 = ORIENTED_EDGE('',*,*,#4375,.T.);
#4375 = EDGE_CURVE('',#4258,#4337,#4376,.T.);
#4376 = B_SPLINE_CURVE_WITH_KNOTS('',1,(#4377,#4378),.UNSPECIFIED.,.F.,
  .F.,(2,2),(-0.2,0.),.PIECEWISE_BEZIER_KNOTS.);
#4377 = CARTESIAN_POINT('',(-1.93300759643,1.432466891548,10.1000001));
#4378 = CARTESIAN_POINT('',(-1.953371198402,1.594314883239,
    9.984282550336));
#4379 = ORIENTED_EDGE('',*,*,#4336,.T.);
#4380 = ORIENTED_EDGE('',*,*,#4381,.T.);
#4381 = EDGE_CURVE('',#4339,#4266,#4382,.T.);
#4382 = B_SPLINE_CURVE_WITH_KNOTS('',1,(#4383,#4384),.UNSPECIFIED.,.F.,
  .F.,(2,2),(0.,0.2),.PIECEWISE_BEZIER_KNOTS.);
#4383 = CARTESIAN_POINT('',(-3.143984204479,1.444512781253,
    9.984282550336));
#4384 = CARTESIAN_POINT('',(-3.123620602508,1.282664789561,10.1000001));
#4385 = B_SPLINE_SURFACE_WITH_KNOTS('',1,1,(
    (#4386,#4387)
    ,(#4388,#4389
    )),.UNSPECIFIED.,.F.,.F.,.F.,(2,2),(2,2),(-0.341873639719,
    -2.041692805876E-02),(-1.392686003155,-0.178538215249),
  .PIECEWISE_BEZIER_KNOTS.);
#4386 = CARTESIAN_POINT('',(-3.143984204479,1.281816018231,
    10.098794175733));
#4387 = CARTESIAN_POINT('',(-1.93300759643,1.332290498494,
    10.170507720323));
#4388 = CARTESIAN_POINT('',(-3.143984204479,1.544689174306,
    9.913774930013));
#4389 = CARTESIAN_POINT('',(-1.93300759643,1.595163654569,9.985488474603
    ));
#4390 = ADVANCED_FACE('',(#4391),#4405,.F.);
#4391 = FACE_BOUND('',#4392,.T.);
#4392 = EDGE_LOOP('',(#4393,#4394,#4399,#4400,#4401,#4402,#4403,#4404));
#4393 = ORIENTED_EDGE('',*,*,#4353,.T.);
#4394 = ORIENTED_EDGE('',*,*,#4395,.T.);
#4395 = EDGE_CURVE('',#4346,#4251,#4396,.T.);
#4396 = B_SPLINE_CURVE_WITH_KNOTS('',1,(#4397,#4398),.UNSPECIFIED.,.F.,
  .F.,(2,2),(0.8,1.),.PIECEWISE_BEZIER_KNOTS.);
#4397 = CARTESIAN_POINT('',(-1.740490087242,1.50446955052,9.821158521757
    ));
#4398 = CARTESIAN_POINT('',(-1.720126485271,1.342621558828,
    9.936876071421));
#4399 = ORIENTED_EDGE('',*,*,#4248,.F.);
#4400 = ORIENTED_EDGE('',*,*,#4294,.F.);
#4401 = ORIENTED_EDGE('',*,*,#3434,.F.);
#4402 = ORIENTED_EDGE('',*,*,#3373,.T.);
#4403 = ORIENTED_EDGE('',*,*,#3529,.T.);
#4404 = ORIENTED_EDGE('',*,*,#4312,.T.);
#4405 = B_SPLINE_SURFACE_WITH_KNOTS('',1,1,(
    (#4406,#4407)
    ,(#4408,#4409
    )),.UNSPECIFIED.,.F.,.F.,.F.,(2,2),(2,2),(-0.626286134756,
    1.210589836665),(-1.,-0.204164046486),.PIECEWISE_BEZIER_KNOTS.);
#4406 = CARTESIAN_POINT('',(-1.641141838348,0.714859019721,8.1000001));
#4407 = CARTESIAN_POINT('',(-1.740490087242,1.50446955052,8.1000001));
#4408 = CARTESIAN_POINT('',(-1.641141838348,0.714859019721,
    9.936876071421));
#4409 = CARTESIAN_POINT('',(-1.740490087242,1.50446955052,9.936876071421
    ));
#4410 = ADVANCED_FACE('',(#4411),#4417,.T.);
#4411 = FACE_BOUND('',#4412,.T.);
#4412 = EDGE_LOOP('',(#4413,#4414,#4415,#4416));
#4413 = ORIENTED_EDGE('',*,*,#4111,.F.);
#4414 = ORIENTED_EDGE('',*,*,#2857,.F.);
#4415 = ORIENTED_EDGE('',*,*,#4142,.F.);
#4416 = ORIENTED_EDGE('',*,*,#4233,.F.);
#4417 = ( BOUNDED_SURFACE() B_SPLINE_SURFACE(2,1,(
    (#4418,#4419)
    ,(#4420,#4421)
    ,(#4422,#4423
)),.UNSPECIFIED.,.F.,.F.,.F.) B_SPLINE_SURFACE_WITH_KNOTS((3,3),(2,2),(
    1.570796326795,3.14159265359),(0.,0.2),.PIECEWISE_BEZIER_KNOTS.) 
GEOMETRIC_REPRESENTATION_ITEM() RATIONAL_B_SPLINE_SURFACE((
    (1.,1.)
    ,(0.707106781187,0.707106781187)
,(1.,1.))) REPRESENTATION_ITEM('') SURFACE() );
#4418 = CARTESIAN_POINT('',(-1.509815957934,1.248360520772,10.1000001));
#4419 = CARTESIAN_POINT('',(-1.317527781667,1.303362859521,10.1000001));
#4420 = CARTESIAN_POINT('',(-1.454813619185,1.056072344505,10.1000001));
#4421 = CARTESIAN_POINT('',(-1.262525442917,1.111074683254,10.1000001));
#4422 = CARTESIAN_POINT('',(-1.454813619185,1.056072344505,9.9000001));
#4423 = CARTESIAN_POINT('',(-1.262525442917,1.111074683254,9.9000001));
#4424 = ADVANCED_FACE('',(#4425),#4431,.T.);
#4425 = FACE_BOUND('',#4426,.T.);
#4426 = EDGE_LOOP('',(#4427,#4428,#4429,#4430));
#4427 = ORIENTED_EDGE('',*,*,#4345,.F.);
#4428 = ORIENTED_EDGE('',*,*,#4375,.F.);
#4429 = ORIENTED_EDGE('',*,*,#4257,.F.);
#4430 = ORIENTED_EDGE('',*,*,#4395,.F.);
#4431 = ( BOUNDED_SURFACE() B_SPLINE_SURFACE(2,1,(
    (#4432,#4433)
    ,(#4434,#4435)
    ,(#4436,#4437
)),.UNSPECIFIED.,.F.,.F.,.F.) B_SPLINE_SURFACE_WITH_KNOTS((3,3),(2,2),(
    1.64346564678,3.214261973575),(0.8,1.),.PIECEWISE_BEZIER_KNOTS.) 
GEOMETRIC_REPRESENTATION_ITEM() RATIONAL_B_SPLINE_SURFACE((
    (1.,1.)
    ,(0.707106781187,0.707106781187)
,(1.,1.))) REPRESENTATION_ITEM('') SURFACE() );
#4432 = CARTESIAN_POINT('',(-1.740490087242,1.50446955052,9.821158521757
    ));
#4433 = CARTESIAN_POINT('',(-1.720126485271,1.342621558828,
    9.936876071421));
#4434 = CARTESIAN_POINT('',(-1.754935697389,1.619281900237,
    9.984282550336));
#4435 = CARTESIAN_POINT('',(-1.734572095417,1.457433908546,10.1000001));
#4436 = CARTESIAN_POINT('',(-1.953371198402,1.594314883239,
    9.984282550336));
#4437 = CARTESIAN_POINT('',(-1.93300759643,1.432466891548,10.1000001));
#4438 = ADVANCED_FACE('',(#4439),#4445,.T.);
#4439 = FACE_BOUND('',#4440,.T.);
#4440 = EDGE_LOOP('',(#4441,#4442,#4443,#4444));
#4441 = ORIENTED_EDGE('',*,*,#4360,.F.);
#4442 = ORIENTED_EDGE('',*,*,#3471,.F.);
#4443 = ORIENTED_EDGE('',*,*,#4272,.F.);
#4444 = ORIENTED_EDGE('',*,*,#4381,.F.);
#4445 = ( BOUNDED_SURFACE() B_SPLINE_SURFACE(2,1,(
    (#4446,#4447)
    ,(#4448,#4449)
    ,(#4450,#4451
)),.UNSPECIFIED.,.F.,.F.,.F.) B_SPLINE_SURFACE_WITH_KNOTS((3,3),(2,2),(
    3.214261973575,4.78505830037),(0.,0.2),.PIECEWISE_BEZIER_KNOTS.) 
GEOMETRIC_REPRESENTATION_ITEM() RATIONAL_B_SPLINE_SURFACE((
    (1.,1.)
    ,(0.707106781187,0.707106781187)
,(1.,1.))) REPRESENTATION_ITEM('') SURFACE() );
#4446 = CARTESIAN_POINT('',(-3.143984204479,1.444512781253,
    9.984282550336));
#4447 = CARTESIAN_POINT('',(-3.123620602508,1.282664789561,10.1000001));
#4448 = CARTESIAN_POINT('',(-3.342419705492,1.419545764255,
    9.984282550336));
#4449 = CARTESIAN_POINT('',(-3.322056103521,1.257697772563,10.1000001));
#4450 = CARTESIAN_POINT('',(-3.327974095345,1.304733414538,
    9.821158521757));
#4451 = CARTESIAN_POINT('',(-3.307610493374,1.142885422846,
    9.936876071421));
#4452 = ADVANCED_FACE('',(#4453),#4463,.F.);
#4453 = FACE_BOUND('',#4454,.F.);
#4454 = EDGE_LOOP('',(#4455,#4460,#4461,#4462));
#4455 = ORIENTED_EDGE('',*,*,#4456,.T.);
#4456 = EDGE_CURVE('',#3216,#2806,#4457,.T.);
#4457 = B_SPLINE_CURVE_WITH_KNOTS('',1,(#4458,#4459),.UNSPECIFIED.,.F.,
  .F.,(2,2),(0.1,5.),.PIECEWISE_BEZIER_KNOTS.);
#4458 = CARTESIAN_POINT('',(-6.5,-1.792305435635,5.2000001));
#4459 = CARTESIAN_POINT('',(-6.5,-1.792305435635,10.1000001));
#4460 = ORIENTED_EDGE('',*,*,#2812,.T.);
#4461 = ORIENTED_EDGE('',*,*,#4217,.F.);
#4462 = ORIENTED_EDGE('',*,*,#3215,.T.);
#4463 = ( BOUNDED_SURFACE() B_SPLINE_SURFACE(2,1,(
    (#4464,#4465)
    ,(#4466,#4467)
    ,(#4468,#4469
)),.UNSPECIFIED.,.F.,.F.,.F.) B_SPLINE_SURFACE_WITH_KNOTS((3,3),(2,2),(
    3.14159265359,4.712388980385),(0.1,5.),.PIECEWISE_BEZIER_KNOTS.) 
GEOMETRIC_REPRESENTATION_ITEM() RATIONAL_B_SPLINE_SURFACE((
    (1.,1.)
    ,(0.707106781187,0.707106781187)
,(1.,1.))) REPRESENTATION_ITEM('') SURFACE() );
#4464 = CARTESIAN_POINT('',(-6.6,-1.692305435635,5.2000001));
#4465 = CARTESIAN_POINT('',(-6.6,-1.692305435635,10.1000001));
#4466 = CARTESIAN_POINT('',(-6.6,-1.792305435635,5.2000001));
#4467 = CARTESIAN_POINT('',(-6.6,-1.792305435635,10.1000001));
#4468 = CARTESIAN_POINT('',(-6.5,-1.792305435635,5.2000001));
#4469 = CARTESIAN_POINT('',(-6.5,-1.792305435635,10.1000001));
#4470 = ADVANCED_FACE('',(#4471),#4481,.T.);
#4471 = FACE_BOUND('',#4472,.T.);
#4472 = EDGE_LOOP('',(#4473,#4474,#4475,#4476));
#4473 = ORIENTED_EDGE('',*,*,#3223,.F.);
#4474 = ORIENTED_EDGE('',*,*,#4456,.T.);
#4475 = ORIENTED_EDGE('',*,*,#2805,.F.);
#4476 = ORIENTED_EDGE('',*,*,#4477,.F.);
#4477 = EDGE_CURVE('',#3224,#2798,#4478,.T.);
#4478 = B_SPLINE_CURVE_WITH_KNOTS('',1,(#4479,#4480),.UNSPECIFIED.,.F.,
  .F.,(2,2),(0.1,5.),.PIECEWISE_BEZIER_KNOTS.);
#4479 = CARTESIAN_POINT('',(-1.74367345689,-1.792305435635,5.2000001));
#4480 = CARTESIAN_POINT('',(-1.74367345689,-1.792305435635,10.1000001));
#4481 = B_SPLINE_SURFACE_WITH_KNOTS('',1,1,(
    (#4482,#4483)
    ,(#4484,#4485
    )),.UNSPECIFIED.,.F.,.F.,.F.,(2,2),(2,2),(0.,4.75632654311),(0.1,5.)
  ,.PIECEWISE_BEZIER_KNOTS.);
#4482 = CARTESIAN_POINT('',(-1.74367345689,-1.792305435635,5.2000001));
#4483 = CARTESIAN_POINT('',(-1.74367345689,-1.792305435635,10.1000001));
#4484 = CARTESIAN_POINT('',(-6.5,-1.792305435635,5.2000001));
#4485 = CARTESIAN_POINT('',(-6.5,-1.792305435635,10.1000001));
#4486 = ADVANCED_FACE('',(#4487),#4497,.F.);
#4487 = FACE_BOUND('',#4488,.F.);
#4488 = EDGE_LOOP('',(#4489,#4494,#4495,#4496));
#4489 = ORIENTED_EDGE('',*,*,#4490,.T.);
#4490 = EDGE_CURVE('',#3231,#2791,#4491,.T.);
#4491 = B_SPLINE_CURVE_WITH_KNOTS('',1,(#4492,#4493),.UNSPECIFIED.,.F.,
  .F.,(2,2),(0.1,5.),.PIECEWISE_BEZIER_KNOTS.);
#4492 = CARTESIAN_POINT('',(-1.647529368757,-1.719806605009,5.2000001));
#4493 = CARTESIAN_POINT('',(-1.647529368757,-1.719806605009,10.1000001)
  );
#4494 = ORIENTED_EDGE('',*,*,#2797,.T.);
#4495 = ORIENTED_EDGE('',*,*,#4477,.F.);
#4496 = ORIENTED_EDGE('',*,*,#3230,.T.);
#4497 = ( BOUNDED_SURFACE() B_SPLINE_SURFACE(2,1,(
    (#4498,#4499)
    ,(#4500,#4501)
    ,(#4502,#4503
)),.UNSPECIFIED.,.F.,.F.,.F.) B_SPLINE_SURFACE_WITH_KNOTS((3,3),(2,2),(
    4.712388980385,6.004583442079),(0.1,5.),.PIECEWISE_BEZIER_KNOTS.) 
GEOMETRIC_REPRESENTATION_ITEM() RATIONAL_B_SPLINE_SURFACE((
    (1.,1.)
    ,(0.798439632579,0.798439632579)
,(1.,1.))) REPRESENTATION_ITEM('') SURFACE() );
#4498 = CARTESIAN_POINT('',(-1.74367345689,-1.792305435635,5.2000001));
#4499 = CARTESIAN_POINT('',(-1.74367345689,-1.792305435635,10.1000001));
#4500 = CARTESIAN_POINT('',(-1.668267020538,-1.792305435635,5.2000001));
#4501 = CARTESIAN_POINT('',(-1.668267020538,-1.792305435635,10.1000001)
  );
#4502 = CARTESIAN_POINT('',(-1.647529368757,-1.719806605009,5.2000001));
#4503 = CARTESIAN_POINT('',(-1.647529368757,-1.719806605009,10.1000001)
  );
#4504 = ADVANCED_FACE('',(#4505),#4524,.T.);
#4505 = FACE_BOUND('',#4506,.T.);
#4506 = EDGE_LOOP('',(#4507,#4508,#4516,#4521,#4522,#4523));
#4507 = ORIENTED_EDGE('',*,*,#2790,.F.);
#4508 = ORIENTED_EDGE('',*,*,#4509,.T.);
#4509 = EDGE_CURVE('',#2784,#4510,#4512,.T.);
#4510 = VERTEX_POINT('',#4511);
#4511 = CARTESIAN_POINT('',(-1.454813619185,-1.046072344505,9.9000001));
#4512 = ( BOUNDED_CURVE() B_SPLINE_CURVE(2,(#4513,#4514,#4515),
.UNSPECIFIED.,.F.,.F.) B_SPLINE_CURVE_WITH_KNOTS((3,3),(1.570796326795,
3.14159265359),.PIECEWISE_BEZIER_KNOTS.) CURVE() 
GEOMETRIC_REPRESENTATION_ITEM() RATIONAL_B_SPLINE_CURVE((1.,
0.707106781187,1.)) REPRESENTATION_ITEM('') );
#4513 = CARTESIAN_POINT('',(-1.509815957934,-1.238360520772,10.1000001)
  );
#4514 = CARTESIAN_POINT('',(-1.454813619185,-1.046072344505,10.1000001)
  );
#4515 = CARTESIAN_POINT('',(-1.454813619185,-1.046072344505,9.9000001));
#4516 = ORIENTED_EDGE('',*,*,#4517,.F.);
#4517 = EDGE_CURVE('',#2747,#4510,#4518,.T.);
#4518 = B_SPLINE_CURVE_WITH_KNOTS('',1,(#4519,#4520),.UNSPECIFIED.,.F.,
  .F.,(2,2),(0.,1.8),.PIECEWISE_BEZIER_KNOTS.);
#4519 = CARTESIAN_POINT('',(-1.454813619185,-1.046072344505,8.1000001));
#4520 = CARTESIAN_POINT('',(-1.454813619185,-1.046072344505,9.9000001));
#4521 = ORIENTED_EDGE('',*,*,#2931,.F.);
#4522 = ORIENTED_EDGE('',*,*,#3238,.F.);
#4523 = ORIENTED_EDGE('',*,*,#4490,.T.);
#4524 = B_SPLINE_SURFACE_WITH_KNOTS('',1,1,(
    (#4525,#4526)
    ,(#4527,#4528
    )),.UNSPECIFIED.,.F.,.F.,.F.,(2,2),(2,2),(0.,0.700754745907),(0.1,5.
    ),.PIECEWISE_BEZIER_KNOTS.);
#4525 = CARTESIAN_POINT('',(-1.454813619185,-1.046072344505,5.2000001));
#4526 = CARTESIAN_POINT('',(-1.454813619185,-1.046072344505,10.1000001)
  );
#4527 = CARTESIAN_POINT('',(-1.647529368757,-1.719806605009,5.2000001));
#4528 = CARTESIAN_POINT('',(-1.647529368757,-1.719806605009,10.1000001)
  );
#4529 = ADVANCED_FACE('',(#4530),#4553,.F.);
#4530 = FACE_BOUND('',#4531,.T.);
#4531 = EDGE_LOOP('',(#4532,#4539,#4545,#4546,#4551,#4552));
#4532 = ORIENTED_EDGE('',*,*,#4533,.T.);
#4533 = EDGE_CURVE('',#199,#4534,#4536,.T.);
#4534 = VERTEX_POINT('',#4535);
#4535 = CARTESIAN_POINT('',(-1.262525442917,-1.101074683254,9.9000001));
#4536 = B_SPLINE_CURVE_WITH_KNOTS('',1,(#4537,#4538),.UNSPECIFIED.,.F.,
  .F.,(2,2),(0.,1.8),.PIECEWISE_BEZIER_KNOTS.);
#4537 = CARTESIAN_POINT('',(-1.262525442917,-1.101074683254,8.1000001));
#4538 = CARTESIAN_POINT('',(-1.262525442917,-1.101074683254,9.9000001));
#4539 = ORIENTED_EDGE('',*,*,#4540,.T.);
#4540 = EDGE_CURVE('',#4534,#2775,#4541,.T.);
#4541 = ( BOUNDED_CURVE() B_SPLINE_CURVE(2,(#4542,#4543,#4544),
.UNSPECIFIED.,.F.,.F.) B_SPLINE_CURVE_WITH_KNOTS((3,3),(3.14159265359,
4.712388980385),.PIECEWISE_BEZIER_KNOTS.) CURVE() 
GEOMETRIC_REPRESENTATION_ITEM() RATIONAL_B_SPLINE_CURVE((1.,
0.707106781187,1.)) REPRESENTATION_ITEM('') );
#4542 = CARTESIAN_POINT('',(-1.262525442917,-1.101074683254,9.9000001));
#4543 = CARTESIAN_POINT('',(-1.262525442917,-1.101074683254,10.1000001)
  );
#4544 = CARTESIAN_POINT('',(-1.317527781667,-1.293362859521,10.1000001)
  );
#4545 = ORIENTED_EDGE('',*,*,#2774,.T.);
#4546 = ORIENTED_EDGE('',*,*,#4547,.F.);
#4547 = EDGE_CURVE('',#3251,#2777,#4548,.T.);
#4548 = B_SPLINE_CURVE_WITH_KNOTS('',1,(#4549,#4550),.UNSPECIFIED.,.F.,
  .F.,(2,2),(0.1,5.),.PIECEWISE_BEZIER_KNOTS.);
#4549 = CARTESIAN_POINT('',(-1.45524119249,-1.774808943759,5.2000001));
#4550 = CARTESIAN_POINT('',(-1.45524119249,-1.774808943759,10.1000001));
#4551 = ORIENTED_EDGE('',*,*,#3250,.T.);
#4552 = ORIENTED_EDGE('',*,*,#206,.T.);
#4553 = B_SPLINE_SURFACE_WITH_KNOTS('',1,1,(
    (#4554,#4555)
    ,(#4556,#4557
    )),.UNSPECIFIED.,.F.,.F.,.F.,(2,2),(2,2),(0.,0.700754745907),(0.1,5.
    ),.PIECEWISE_BEZIER_KNOTS.);
#4554 = CARTESIAN_POINT('',(-1.262525442917,-1.101074683254,5.2000001));
#4555 = CARTESIAN_POINT('',(-1.262525442917,-1.101074683254,10.1000001)
  );
#4556 = CARTESIAN_POINT('',(-1.45524119249,-1.774808943759,5.2000001));
#4557 = CARTESIAN_POINT('',(-1.45524119249,-1.774808943759,10.1000001));
#4558 = ADVANCED_FACE('',(#4559),#4565,.T.);
#4559 = FACE_BOUND('',#4560,.T.);
#4560 = EDGE_LOOP('',(#4561,#4562,#4563,#4564));
#4561 = ORIENTED_EDGE('',*,*,#3158,.F.);
#4562 = ORIENTED_EDGE('',*,*,#3257,.T.);
#4563 = ORIENTED_EDGE('',*,*,#4547,.T.);
#4564 = ORIENTED_EDGE('',*,*,#2916,.T.);
#4565 = ( BOUNDED_SURFACE() B_SPLINE_SURFACE(2,1,(
    (#4566,#4567)
    ,(#4568,#4569)
    ,(#4570,#4571
)),.UNSPECIFIED.,.F.,.F.,.F.) B_SPLINE_SURFACE_WITH_KNOTS((3,3),(2,2),(
    4.712388980385,6.004583442079),(0.1,5.),.PIECEWISE_BEZIER_KNOTS.) 
GEOMETRIC_REPRESENTATION_ITEM() RATIONAL_B_SPLINE_SURFACE((
    (1.,1.)
    ,(0.798439632579,0.798439632579)
,(1.,1.))) REPRESENTATION_ITEM('') SURFACE() );
#4566 = CARTESIAN_POINT('',(-1.74367345689,-1.992305435635,5.2000001));
#4567 = CARTESIAN_POINT('',(-1.74367345689,-1.992305435635,10.1000001));
#4568 = CARTESIAN_POINT('',(-1.517454147832,-1.992305435635,5.2000001));
#4569 = CARTESIAN_POINT('',(-1.517454147832,-1.992305435635,10.1000001)
  );
#4570 = CARTESIAN_POINT('',(-1.45524119249,-1.774808943759,5.2000001));
#4571 = CARTESIAN_POINT('',(-1.45524119249,-1.774808943759,10.1000001));
#4572 = ADVANCED_FACE('',(#4573),#4579,.T.);
#4573 = FACE_BOUND('',#4574,.T.);
#4574 = EDGE_LOOP('',(#4575,#4576,#4577,#4578));
#4575 = ORIENTED_EDGE('',*,*,#3102,.F.);
#4576 = ORIENTED_EDGE('',*,*,#4062,.T.);
#4577 = ORIENTED_EDGE('',*,*,#3166,.T.);
#4578 = ORIENTED_EDGE('',*,*,#2901,.T.);
#4579 = ( BOUNDED_SURFACE() B_SPLINE_SURFACE(2,1,(
    (#4580,#4581)
    ,(#4582,#4583)
    ,(#4584,#4585
)),.UNSPECIFIED.,.F.,.F.,.F.) B_SPLINE_SURFACE_WITH_KNOTS((3,3),(2,2),(
    3.14159265359,4.712388980385),(0.1,5.),.PIECEWISE_BEZIER_KNOTS.) 
GEOMETRIC_REPRESENTATION_ITEM() RATIONAL_B_SPLINE_SURFACE((
    (1.,1.)
    ,(0.707106781187,0.707106781187)
,(1.,1.))) REPRESENTATION_ITEM('') SURFACE() );
#4580 = CARTESIAN_POINT('',(-6.8,-1.692305435635,5.2000001));
#4581 = CARTESIAN_POINT('',(-6.8,-1.692305435635,10.1000001));
#4582 = CARTESIAN_POINT('',(-6.8,-1.992305435635,5.2000001));
#4583 = CARTESIAN_POINT('',(-6.8,-1.992305435635,10.1000001));
#4584 = CARTESIAN_POINT('',(-6.5,-1.992305435635,5.2000001));
#4585 = CARTESIAN_POINT('',(-6.5,-1.992305435635,10.1000001));
#4586 = ADVANCED_FACE('',(#4587),#4597,.T.);
#4587 = FACE_BOUND('',#4588,.T.);
#4588 = EDGE_LOOP('',(#4589,#4590,#4595,#4596));
#4589 = ORIENTED_EDGE('',*,*,#4517,.T.);
#4590 = ORIENTED_EDGE('',*,*,#4591,.T.);
#4591 = EDGE_CURVE('',#4510,#4534,#4592,.T.);
#4592 = B_SPLINE_CURVE_WITH_KNOTS('',1,(#4593,#4594),.UNSPECIFIED.,.F.,
  .F.,(2,2),(0.,0.2),.PIECEWISE_BEZIER_KNOTS.);
#4593 = CARTESIAN_POINT('',(-1.454813619185,-1.046072344505,9.9000001));
#4594 = CARTESIAN_POINT('',(-1.262525442917,-1.101074683254,9.9000001));
#4595 = ORIENTED_EDGE('',*,*,#4533,.F.);
#4596 = ORIENTED_EDGE('',*,*,#2754,.T.);
#4597 = B_SPLINE_SURFACE_WITH_KNOTS('',1,1,(
    (#4598,#4599)
    ,(#4600,#4601
    )),.UNSPECIFIED.,.F.,.F.,.F.,(2,2),(2,2),(-0.2,0.),(0.,1.8),
  .PIECEWISE_BEZIER_KNOTS.);
#4598 = CARTESIAN_POINT('',(-1.262525442917,-1.101074683254,8.1000001));
#4599 = CARTESIAN_POINT('',(-1.262525442917,-1.101074683254,9.9000001));
#4600 = CARTESIAN_POINT('',(-1.454813619185,-1.046072344505,8.1000001));
#4601 = CARTESIAN_POINT('',(-1.454813619185,-1.046072344505,9.9000001));
#4602 = ADVANCED_FACE('',(#4603),#4641,.F.);
#4603 = FACE_BOUND('',#4604,.T.);
#4604 = EDGE_LOOP('',(#4605,#4614,#4622,#4629,#4634,#4635));
#4605 = ORIENTED_EDGE('',*,*,#4606,.F.);
#4606 = EDGE_CURVE('',#4607,#4609,#4611,.T.);
#4607 = VERTEX_POINT('',#4608);
#4608 = CARTESIAN_POINT('',(-1.93300759643,-1.422466891548,10.1000001));
#4609 = VERTEX_POINT('',#4610);
#4610 = CARTESIAN_POINT('',(-3.123620602508,-1.272664789561,10.1000001)
  );
#4611 = B_SPLINE_CURVE_WITH_KNOTS('',1,(#4612,#4613),.UNSPECIFIED.,.F.,
  .F.,(2,2),(0.2,1.4),.PIECEWISE_BEZIER_KNOTS.);
#4612 = CARTESIAN_POINT('',(-1.93300759643,-1.422466891548,10.1000001));
#4613 = CARTESIAN_POINT('',(-3.123620602508,-1.272664789561,10.1000001)
  );
#4614 = ORIENTED_EDGE('',*,*,#4615,.T.);
#4615 = EDGE_CURVE('',#4607,#4616,#4618,.T.);
#4616 = VERTEX_POINT('',#4617);
#4617 = CARTESIAN_POINT('',(-1.720126485271,-1.332621558828,
    9.936876071421));
#4618 = ( BOUNDED_CURVE() B_SPLINE_CURVE(2,(#4619,#4620,#4621),
.UNSPECIFIED.,.F.,.F.) B_SPLINE_CURVE_WITH_KNOTS((3,3),(3.068923333605,
4.6397196604),.PIECEWISE_BEZIER_KNOTS.) CURVE() 
GEOMETRIC_REPRESENTATION_ITEM() RATIONAL_B_SPLINE_CURVE((1.,
0.707106781187,1.)) REPRESENTATION_ITEM('') );
#4619 = CARTESIAN_POINT('',(-1.93300759643,-1.422466891548,10.1000001));
#4620 = CARTESIAN_POINT('',(-1.734572095417,-1.447433908546,10.1000001)
  );
#4621 = CARTESIAN_POINT('',(-1.720126485271,-1.332621558828,
    9.936876071421));
#4622 = ORIENTED_EDGE('',*,*,#4623,.F.);
#4623 = EDGE_CURVE('',#4624,#4616,#4626,.T.);
#4624 = VERTEX_POINT('',#4625);
#4625 = CARTESIAN_POINT('',(-1.66415891348,-0.887796566328,
    9.304873983074));
#4626 = B_SPLINE_CURVE_WITH_KNOTS('',1,(#4627,#4628),.UNSPECIFIED.,.F.,
  .F.,(2,2),(9.793508379274E-16,0.774873075233),
  .PIECEWISE_BEZIER_KNOTS.);
#4627 = CARTESIAN_POINT('',(-1.66415891348,-0.887796566328,
    9.304873983074));
#4628 = CARTESIAN_POINT('',(-1.720126485271,-1.332621558828,
    9.936876071421));
#4629 = ORIENTED_EDGE('',*,*,#4630,.T.);
#4630 = EDGE_CURVE('',#4624,#3008,#4631,.T.);
#4631 = B_SPLINE_CURVE_WITH_KNOTS('',1,(#4632,#4633),.UNSPECIFIED.,.F.,
  .F.,(2,2),(0.,1.6),.PIECEWISE_BEZIER_KNOTS.);
#4632 = CARTESIAN_POINT('',(-1.66415891348,-0.887796566328,
    9.304873983074));
#4633 = CARTESIAN_POINT('',(-3.251642921583,-0.688060430345,
    9.304873983074));
#4634 = ORIENTED_EDGE('',*,*,#3007,.T.);
#4635 = ORIENTED_EDGE('',*,*,#4636,.T.);
#4636 = EDGE_CURVE('',#3001,#4609,#4637,.T.);
#4637 = ( BOUNDED_CURVE() B_SPLINE_CURVE(2,(#4638,#4639,#4640),
.UNSPECIFIED.,.F.,.F.) B_SPLINE_CURVE_WITH_KNOTS((3,3),(1.49812700681,
3.068923333605),.PIECEWISE_BEZIER_KNOTS.) CURVE() 
GEOMETRIC_REPRESENTATION_ITEM() RATIONAL_B_SPLINE_CURVE((1.,
0.707106781187,1.)) REPRESENTATION_ITEM('') );
#4638 = CARTESIAN_POINT('',(-3.307610493374,-1.132885422846,
    9.936876071421));
#4639 = CARTESIAN_POINT('',(-3.322056103521,-1.247697772563,10.1000001)
  );
#4640 = CARTESIAN_POINT('',(-3.123620602508,-1.272664789561,10.1000001)
  );
#4641 = B_SPLINE_SURFACE_WITH_KNOTS('',1,1,(
    (#4642,#4643)
    ,(#4644,#4645
    )),.UNSPECIFIED.,.F.,.F.,.F.,(2,2),(2,2),(-0.95830691337,
    0.116168604505),(-1.652564997805,-6.619044406943E-18),
  .PIECEWISE_BEZIER_KNOTS.);
#4642 = CARTESIAN_POINT('',(-3.308135600811,-1.308283028989,
    10.1822877956));
#4643 = CARTESIAN_POINT('',(-1.66415891348,-1.445157788253,
    10.084425526274));
#4644 = CARTESIAN_POINT('',(-3.308135600811,-0.683356944019,
    9.308236866399));
#4645 = CARTESIAN_POINT('',(-1.66415891348,-0.820231703283,
    9.210374597073));
#4646 = ADVANCED_FACE('',(#4647),#4669,.T.);
#4647 = FACE_BOUND('',#4648,.T.);
#4648 = EDGE_LOOP('',(#4649,#4658,#4663,#4664));
#4649 = ORIENTED_EDGE('',*,*,#4650,.F.);
#4650 = EDGE_CURVE('',#4651,#4653,#4655,.T.);
#4651 = VERTEX_POINT('',#4652);
#4652 = CARTESIAN_POINT('',(-1.953371198402,-1.584314883239,
    9.984282550336));
#4653 = VERTEX_POINT('',#4654);
#4654 = CARTESIAN_POINT('',(-3.143984204479,-1.434512781253,
    9.984282550336));
#4655 = B_SPLINE_CURVE_WITH_KNOTS('',1,(#4656,#4657),.UNSPECIFIED.,.F.,
  .F.,(2,2),(0.2,1.4),.PIECEWISE_BEZIER_KNOTS.);
#4656 = CARTESIAN_POINT('',(-1.953371198402,-1.584314883239,
    9.984282550336));
#4657 = CARTESIAN_POINT('',(-3.143984204479,-1.434512781253,
    9.984282550336));
#4658 = ORIENTED_EDGE('',*,*,#4659,.T.);
#4659 = EDGE_CURVE('',#4651,#4607,#4660,.T.);
#4660 = B_SPLINE_CURVE_WITH_KNOTS('',1,(#4661,#4662),.UNSPECIFIED.,.F.,
  .F.,(2,2),(-0.2,0.),.PIECEWISE_BEZIER_KNOTS.);
#4661 = CARTESIAN_POINT('',(-1.953371198402,-1.584314883239,
    9.984282550336));
#4662 = CARTESIAN_POINT('',(-1.93300759643,-1.422466891548,10.1000001));
#4663 = ORIENTED_EDGE('',*,*,#4606,.T.);
#4664 = ORIENTED_EDGE('',*,*,#4665,.T.);
#4665 = EDGE_CURVE('',#4609,#4653,#4666,.T.);
#4666 = B_SPLINE_CURVE_WITH_KNOTS('',1,(#4667,#4668),.UNSPECIFIED.,.F.,
  .F.,(2,2),(-0.2,-4.52162795459E-17),.PIECEWISE_BEZIER_KNOTS.);
#4667 = CARTESIAN_POINT('',(-3.123620602508,-1.272664789561,10.1000001)
  );
#4668 = CARTESIAN_POINT('',(-3.143984204479,-1.434512781253,
    9.984282550336));
#4669 = B_SPLINE_SURFACE_WITH_KNOTS('',1,1,(
    (#4670,#4671)
    ,(#4672,#4673
    )),.UNSPECIFIED.,.F.,.F.,.F.,(2,2),(2,2),(-0.341873639719,
    -2.041692805876E-02),(-1.392686003155,-0.178538215249),
  .PIECEWISE_BEZIER_KNOTS.);
#4670 = CARTESIAN_POINT('',(-3.143984204479,-1.271816018231,
    10.098794175733));
#4671 = CARTESIAN_POINT('',(-1.93300759643,-1.322290498494,
    10.170507720323));
#4672 = CARTESIAN_POINT('',(-3.143984204479,-1.534689174306,
    9.913774930013));
#4673 = CARTESIAN_POINT('',(-1.93300759643,-1.585163654569,
    9.985488474603));
#4674 = ADVANCED_FACE('',(#4675),#4705,.T.);
#4675 = FACE_BOUND('',#4676,.T.);
#4676 = EDGE_LOOP('',(#4677,#4686,#4692,#4693,#4699,#4700));
#4677 = ORIENTED_EDGE('',*,*,#4678,.T.);
#4678 = EDGE_CURVE('',#4679,#4681,#4683,.T.);
#4679 = VERTEX_POINT('',#4680);
#4680 = CARTESIAN_POINT('',(-1.684522515451,-1.049644558019,
    9.18915643341));
#4681 = VERTEX_POINT('',#4682);
#4682 = CARTESIAN_POINT('',(-1.740490087242,-1.49446955052,
    9.821158521757));
#4683 = B_SPLINE_CURVE_WITH_KNOTS('',1,(#4684,#4685),.UNSPECIFIED.,.F.,
  .F.,(2,2),(1.106818152095E-15,0.774873075233),
  .PIECEWISE_BEZIER_KNOTS.);
#4684 = CARTESIAN_POINT('',(-1.684522515451,-1.049644558019,
    9.18915643341));
#4685 = CARTESIAN_POINT('',(-1.740490087242,-1.49446955052,
    9.821158521757));
#4686 = ORIENTED_EDGE('',*,*,#4687,.T.);
#4687 = EDGE_CURVE('',#4681,#4651,#4688,.T.);
#4688 = ( BOUNDED_CURVE() B_SPLINE_CURVE(2,(#4689,#4690,#4691),
.UNSPECIFIED.,.F.,.F.) B_SPLINE_CURVE_WITH_KNOTS((3,3),(1.64346564678,
3.214261973575),.PIECEWISE_BEZIER_KNOTS.) CURVE() 
GEOMETRIC_REPRESENTATION_ITEM() RATIONAL_B_SPLINE_CURVE((1.,
0.707106781187,1.)) REPRESENTATION_ITEM('') );
#4689 = CARTESIAN_POINT('',(-1.740490087242,-1.49446955052,
    9.821158521757));
#4690 = CARTESIAN_POINT('',(-1.754935697389,-1.609281900237,
    9.984282550336));
#4691 = CARTESIAN_POINT('',(-1.953371198402,-1.584314883239,
    9.984282550336));
#4692 = ORIENTED_EDGE('',*,*,#4650,.T.);
#4693 = ORIENTED_EDGE('',*,*,#4694,.T.);
#4694 = EDGE_CURVE('',#4653,#2994,#4695,.T.);
#4695 = ( BOUNDED_CURVE() B_SPLINE_CURVE(2,(#4696,#4697,#4698),
.UNSPECIFIED.,.F.,.F.) B_SPLINE_CURVE_WITH_KNOTS((3,3),(3.214261973575,
4.78505830037),.PIECEWISE_BEZIER_KNOTS.) CURVE() 
GEOMETRIC_REPRESENTATION_ITEM() RATIONAL_B_SPLINE_CURVE((1.,
0.707106781187,1.)) REPRESENTATION_ITEM('') );
#4696 = CARTESIAN_POINT('',(-3.143984204479,-1.434512781253,
    9.984282550336));
#4697 = CARTESIAN_POINT('',(-3.342419705492,-1.409545764255,
    9.984282550336));
#4698 = CARTESIAN_POINT('',(-3.327974095345,-1.294733414538,
    9.821158521757));
#4699 = ORIENTED_EDGE('',*,*,#2991,.F.);
#4700 = ORIENTED_EDGE('',*,*,#4701,.F.);
#4701 = EDGE_CURVE('',#4679,#2992,#4702,.T.);
#4702 = B_SPLINE_CURVE_WITH_KNOTS('',1,(#4703,#4704),.UNSPECIFIED.,.F.,
  .F.,(2,2),(0.,1.6),.PIECEWISE_BEZIER_KNOTS.);
#4703 = CARTESIAN_POINT('',(-1.684522515451,-1.049644558019,
    9.18915643341));
#4704 = CARTESIAN_POINT('',(-3.272006523554,-0.849908422037,
    9.18915643341));
#4705 = B_SPLINE_SURFACE_WITH_KNOTS('',1,1,(
    (#4706,#4707)
    ,(#4708,#4709
    )),.UNSPECIFIED.,.F.,.F.,.F.,(2,2),(2,2),(-0.95830691337,
    0.116168604505),(-1.652564997805,2.576449230327E-18),
  .PIECEWISE_BEZIER_KNOTS.);
#4706 = CARTESIAN_POINT('',(-3.328499202782,-1.470131020681,
    10.066570245936));
#4707 = CARTESIAN_POINT('',(-1.684522515451,-1.607005779945,
    9.96870797661));
#4708 = CARTESIAN_POINT('',(-3.328499202782,-0.845204935711,
    9.192519316736));
#4709 = CARTESIAN_POINT('',(-1.684522515451,-0.982079694975,
    9.09465704741));
#4710 = ADVANCED_FACE('',(#4711),#4722,.F.);
#4711 = FACE_BOUND('',#4712,.F.);
#4712 = EDGE_LOOP('',(#4713,#4714,#4720,#4721));
#4713 = ORIENTED_EDGE('',*,*,#4701,.F.);
#4714 = ORIENTED_EDGE('',*,*,#4715,.F.);
#4715 = EDGE_CURVE('',#2958,#4679,#4716,.T.);
#4716 = ( BOUNDED_CURVE() B_SPLINE_CURVE(2,(#4717,#4718,#4719),
.UNSPECIFIED.,.F.,.F.) B_SPLINE_CURVE_WITH_KNOTS((3,3),(4.712388980385,
5.329385098847),.PIECEWISE_BEZIER_KNOTS.) CURVE() 
GEOMETRIC_REPRESENTATION_ITEM() RATIONAL_B_SPLINE_CURVE((1.,
0.952790675567,1.)) REPRESENTATION_ITEM('') );
#4717 = CARTESIAN_POINT('',(-1.666108855346,-0.903294520734,
    8.726286234756));
#4718 = CARTESIAN_POINT('',(-1.666108855346,-0.903294520734,
    8.981224031335));
#4719 = CARTESIAN_POINT('',(-1.684522515451,-1.049644558019,
    9.18915643341));
#4720 = ORIENTED_EDGE('',*,*,#2964,.T.);
#4721 = ORIENTED_EDGE('',*,*,#3035,.T.);
#4722 = ( BOUNDED_SURFACE() B_SPLINE_SURFACE(2,1,(
    (#4723,#4724)
    ,(#4725,#4726)
    ,(#4727,#4728
)),.UNSPECIFIED.,.F.,.F.,.F.) B_SPLINE_SURFACE_WITH_KNOTS((3,3),(2,2),(
    2.524596535128,3.14159265359),(-6.661338147751E-16,1.6),
.PIECEWISE_BEZIER_KNOTS.) GEOMETRIC_REPRESENTATION_ITEM() 
RATIONAL_B_SPLINE_SURFACE((
    (1.,1.)
    ,(0.952790675567,0.952790675567)
,(1.,1.))) REPRESENTATION_ITEM('') SURFACE() );
#4723 = CARTESIAN_POINT('',(-1.684522515451,-1.049644558019,
    9.18915643341));
#4724 = CARTESIAN_POINT('',(-3.272006523554,-0.849908422037,
    9.18915643341));
#4725 = CARTESIAN_POINT('',(-1.666108855346,-0.903294520734,
    8.981224031335));
#4726 = CARTESIAN_POINT('',(-3.253592863449,-0.703558384752,
    8.981224031335));
#4727 = CARTESIAN_POINT('',(-1.666108855346,-0.903294520734,
    8.726286234756));
#4728 = CARTESIAN_POINT('',(-3.253592863449,-0.703558384752,
    8.726286234756));
#4729 = ADVANCED_FACE('',(#4730),#4741,.T.);
#4730 = FACE_BOUND('',#4731,.T.);
#4731 = EDGE_LOOP('',(#4732,#4733,#4734,#4740));
#4732 = ORIENTED_EDGE('',*,*,#3014,.T.);
#4733 = ORIENTED_EDGE('',*,*,#4630,.F.);
#4734 = ORIENTED_EDGE('',*,*,#4735,.F.);
#4735 = EDGE_CURVE('',#3051,#4624,#4736,.T.);
#4736 = ( BOUNDED_CURVE() B_SPLINE_CURVE(2,(#4737,#4738,#4739),
.UNSPECIFIED.,.F.,.F.) B_SPLINE_CURVE_WITH_KNOTS((3,3),(0.,
0.616996118462),.PIECEWISE_BEZIER_KNOTS.) CURVE() 
GEOMETRIC_REPRESENTATION_ITEM() RATIONAL_B_SPLINE_CURVE((1.,
0.952790675567,1.)) REPRESENTATION_ITEM('') );
#4737 = CARTESIAN_POINT('',(-1.641141838348,-0.704859019721,
    8.726286234756));
#4738 = CARTESIAN_POINT('',(-1.641141838348,-0.704859019721,
    9.04495848048));
#4739 = CARTESIAN_POINT('',(-1.66415891348,-0.887796566328,
    9.304873983074));
#4740 = ORIENTED_EDGE('',*,*,#3050,.T.);
#4741 = ( BOUNDED_SURFACE() B_SPLINE_SURFACE(2,1,(
    (#4742,#4743)
    ,(#4744,#4745)
    ,(#4746,#4747
)),.UNSPECIFIED.,.F.,.F.,.F.) B_SPLINE_SURFACE_WITH_KNOTS((3,3),(2,2),(
    2.524596535128,3.14159265359),(-6.661338147751E-16,1.6),
.PIECEWISE_BEZIER_KNOTS.) GEOMETRIC_REPRESENTATION_ITEM() 
RATIONAL_B_SPLINE_SURFACE((
    (1.,1.)
    ,(0.952790675567,0.952790675567)
,(1.,1.))) REPRESENTATION_ITEM('') SURFACE() );
#4742 = CARTESIAN_POINT('',(-1.66415891348,-0.887796566328,
    9.304873983074));
#4743 = CARTESIAN_POINT('',(-3.251642921583,-0.688060430345,
    9.304873983074));
#4744 = CARTESIAN_POINT('',(-1.641141838348,-0.704859019721,
    9.04495848048));
#4745 = CARTESIAN_POINT('',(-3.228625846451,-0.505122883739,
    9.04495848048));
#4746 = CARTESIAN_POINT('',(-1.641141838348,-0.704859019721,
    8.726286234756));
#4747 = CARTESIAN_POINT('',(-3.228625846451,-0.505122883739,
    8.726286234756));
#4748 = ADVANCED_FACE('',(#4749),#4763,.F.);
#4749 = FACE_BOUND('',#4750,.T.);
#4750 = EDGE_LOOP('',(#4751,#4752,#4757,#4758,#4759,#4760,#4761,#4762));
#4751 = ORIENTED_EDGE('',*,*,#4623,.T.);
#4752 = ORIENTED_EDGE('',*,*,#4753,.T.);
#4753 = EDGE_CURVE('',#4616,#4681,#4754,.T.);
#4754 = B_SPLINE_CURVE_WITH_KNOTS('',1,(#4755,#4756),.UNSPECIFIED.,.F.,
  .F.,(2,2),(-0.2,-7.387927983698E-16),.PIECEWISE_BEZIER_KNOTS.);
#4755 = CARTESIAN_POINT('',(-1.720126485271,-1.332621558828,
    9.936876071421));
#4756 = CARTESIAN_POINT('',(-1.740490087242,-1.49446955052,
    9.821158521757));
#4757 = ORIENTED_EDGE('',*,*,#4678,.F.);
#4758 = ORIENTED_EDGE('',*,*,#4715,.F.);
#4759 = ORIENTED_EDGE('',*,*,#2957,.F.);
#4760 = ORIENTED_EDGE('',*,*,#2733,.F.);
#4761 = ORIENTED_EDGE('',*,*,#3057,.T.);
#4762 = ORIENTED_EDGE('',*,*,#4735,.T.);
#4763 = B_SPLINE_SURFACE_WITH_KNOTS('',1,1,(
    (#4764,#4765)
    ,(#4766,#4767
    )),.UNSPECIFIED.,.F.,.F.,.F.,(2,2),(2,2),(-0.626286134756,
    1.210589836665),(0.204164046486,1.),.PIECEWISE_BEZIER_KNOTS.);
#4764 = CARTESIAN_POINT('',(-1.740490087242,-1.49446955052,8.1000001));
#4765 = CARTESIAN_POINT('',(-1.641141838348,-0.704859019721,8.1000001));
#4766 = CARTESIAN_POINT('',(-1.740490087242,-1.49446955052,
    9.936876071421));
#4767 = CARTESIAN_POINT('',(-1.641141838348,-0.704859019721,
    9.936876071421));
#4768 = ADVANCED_FACE('',(#4769),#4775,.T.);
#4769 = FACE_BOUND('',#4770,.T.);
#4770 = EDGE_LOOP('',(#4771,#4772,#4773,#4774));
#4771 = ORIENTED_EDGE('',*,*,#4540,.F.);
#4772 = ORIENTED_EDGE('',*,*,#4591,.F.);
#4773 = ORIENTED_EDGE('',*,*,#4509,.F.);
#4774 = ORIENTED_EDGE('',*,*,#2783,.F.);
#4775 = ( BOUNDED_SURFACE() B_SPLINE_SURFACE(2,1,(
    (#4776,#4777)
    ,(#4778,#4779)
    ,(#4780,#4781
)),.UNSPECIFIED.,.F.,.F.,.F.) B_SPLINE_SURFACE_WITH_KNOTS((3,3),(2,2),(
    1.570796326795,3.14159265359),(-5.806484468842,-5.606484468842),
.PIECEWISE_BEZIER_KNOTS.) GEOMETRIC_REPRESENTATION_ITEM() 
RATIONAL_B_SPLINE_SURFACE((
    (1.,1.)
    ,(0.707106781187,0.707106781187)
,(1.,1.))) REPRESENTATION_ITEM('') SURFACE() );
#4776 = CARTESIAN_POINT('',(-1.317527781667,-1.293362859521,10.1000001)
  );
#4777 = CARTESIAN_POINT('',(-1.509815957934,-1.238360520772,10.1000001)
  );
#4778 = CARTESIAN_POINT('',(-1.262525442917,-1.101074683254,10.1000001)
  );
#4779 = CARTESIAN_POINT('',(-1.454813619185,-1.046072344505,10.1000001)
  );
#4780 = CARTESIAN_POINT('',(-1.262525442917,-1.101074683254,9.9000001));
#4781 = CARTESIAN_POINT('',(-1.454813619185,-1.046072344505,9.9000001));
#4782 = ADVANCED_FACE('',(#4783),#4789,.T.);
#4783 = FACE_BOUND('',#4784,.T.);
#4784 = EDGE_LOOP('',(#4785,#4786,#4787,#4788));
#4785 = ORIENTED_EDGE('',*,*,#4687,.F.);
#4786 = ORIENTED_EDGE('',*,*,#4753,.F.);
#4787 = ORIENTED_EDGE('',*,*,#4615,.F.);
#4788 = ORIENTED_EDGE('',*,*,#4659,.F.);
#4789 = ( BOUNDED_SURFACE() B_SPLINE_SURFACE(2,1,(
    (#4790,#4791)
    ,(#4792,#4793)
    ,(#4794,#4795
)),.UNSPECIFIED.,.F.,.F.,.F.) B_SPLINE_SURFACE_WITH_KNOTS((3,3),(2,2),(
    1.64346564678,3.214261973575),(-0.2,0.),.PIECEWISE_BEZIER_KNOTS.) 
GEOMETRIC_REPRESENTATION_ITEM() RATIONAL_B_SPLINE_SURFACE((
    (1.,1.)
    ,(0.707106781187,0.707106781187)
,(1.,1.))) REPRESENTATION_ITEM('') SURFACE() );
#4790 = CARTESIAN_POINT('',(-1.720126485271,-1.332621558828,
    9.936876071421));
#4791 = CARTESIAN_POINT('',(-1.740490087242,-1.49446955052,
    9.821158521757));
#4792 = CARTESIAN_POINT('',(-1.734572095417,-1.447433908546,10.1000001)
  );
#4793 = CARTESIAN_POINT('',(-1.754935697389,-1.609281900237,
    9.984282550336));
#4794 = CARTESIAN_POINT('',(-1.93300759643,-1.422466891548,10.1000001));
#4795 = CARTESIAN_POINT('',(-1.953371198402,-1.584314883239,
    9.984282550336));
#4796 = ADVANCED_FACE('',(#4797),#4803,.T.);
#4797 = FACE_BOUND('',#4798,.T.);
#4798 = EDGE_LOOP('',(#4799,#4800,#4801,#4802));
#4799 = ORIENTED_EDGE('',*,*,#4694,.F.);
#4800 = ORIENTED_EDGE('',*,*,#4665,.F.);
#4801 = ORIENTED_EDGE('',*,*,#4636,.F.);
#4802 = ORIENTED_EDGE('',*,*,#3000,.F.);
#4803 = ( BOUNDED_SURFACE() B_SPLINE_SURFACE(2,1,(
    (#4804,#4805)
    ,(#4806,#4807)
    ,(#4808,#4809
)),.UNSPECIFIED.,.F.,.F.,.F.) B_SPLINE_SURFACE_WITH_KNOTS((3,3),(2,2),(
    4.6397196604,6.210515987195),(2.082504586568,2.282504586568),
.PIECEWISE_BEZIER_KNOTS.) GEOMETRIC_REPRESENTATION_ITEM() 
RATIONAL_B_SPLINE_SURFACE((
    (1.,1.)
    ,(0.707106781187,0.707106781187)
,(1.,1.))) REPRESENTATION_ITEM('') SURFACE() );
#4804 = CARTESIAN_POINT('',(-3.327974095345,-1.294733414538,
    9.821158521757));
#4805 = CARTESIAN_POINT('',(-3.307610493374,-1.132885422846,
    9.936876071421));
#4806 = CARTESIAN_POINT('',(-3.342419705492,-1.409545764255,
    9.984282550336));
#4807 = CARTESIAN_POINT('',(-3.322056103521,-1.247697772563,10.1000001)
  );
#4808 = CARTESIAN_POINT('',(-3.143984204479,-1.434512781253,
    9.984282550336));
#4809 = CARTESIAN_POINT('',(-3.123620602508,-1.272664789561,10.1000001)
  );
#4810 = ADVANCED_FACE('',(#4811),#4817,.T.);
#4811 = FACE_BOUND('',#4812,.T.);
#4812 = EDGE_LOOP('',(#4813,#4814,#4815,#4816));
#4813 = ORIENTED_EDGE('',*,*,#3983,.F.);
#4814 = ORIENTED_EDGE('',*,*,#2702,.T.);
#4815 = ORIENTED_EDGE('',*,*,#2246,.T.);
#4816 = ORIENTED_EDGE('',*,*,#2010,.F.);
#4817 = ( BOUNDED_SURFACE() B_SPLINE_SURFACE(2,1,(
    (#4818,#4819)
    ,(#4820,#4821)
    ,(#4822,#4823
)),.UNSPECIFIED.,.F.,.F.,.F.) B_SPLINE_SURFACE_WITH_KNOTS((3,3),(2,2),(
    4.712388980385,6.28318530718),(0.1,5.),.PIECEWISE_BEZIER_KNOTS.) 
GEOMETRIC_REPRESENTATION_ITEM() RATIONAL_B_SPLINE_SURFACE((
    (1.,1.)
    ,(0.707106781187,0.707106781187)
,(1.,1.))) REPRESENTATION_ITEM('') SURFACE() );
#4818 = CARTESIAN_POINT('',(6.5,-1.992305435635,5.2000001));
#4819 = CARTESIAN_POINT('',(6.5,-1.992305435635,10.1000001));
#4820 = CARTESIAN_POINT('',(6.8,-1.992305435635,5.2000001));
#4821 = CARTESIAN_POINT('',(6.8,-1.992305435635,10.1000001));
#4822 = CARTESIAN_POINT('',(6.8,-1.692305435635,5.2000001));
#4823 = CARTESIAN_POINT('',(6.8,-1.692305435635,10.1000001));
#4824 = ADVANCED_FACE('',(#4825),#4835,.T.);
#4825 = FACE_BOUND('',#4826,.T.);
#4826 = EDGE_LOOP('',(#4827,#4832,#4833,#4834));
#4827 = ORIENTED_EDGE('',*,*,#4828,.F.);
#4828 = EDGE_CURVE('',#2413,#1989,#4829,.T.);
#4829 = B_SPLINE_CURVE_WITH_KNOTS('',1,(#4830,#4831),.UNSPECIFIED.,.F.,
  .F.,(2,2),(0.1,5.),.PIECEWISE_BEZIER_KNOTS.);
#4830 = CARTESIAN_POINT('',(1.45524119249,-1.774808943759,5.2000001));
#4831 = CARTESIAN_POINT('',(1.45524119249,-1.774808943759,10.1000001));
#4832 = ORIENTED_EDGE('',*,*,#2412,.T.);
#4833 = ORIENTED_EDGE('',*,*,#3989,.T.);
#4834 = ORIENTED_EDGE('',*,*,#1995,.F.);
#4835 = ( BOUNDED_SURFACE() B_SPLINE_SURFACE(2,1,(
    (#4836,#4837)
    ,(#4838,#4839)
    ,(#4840,#4841
)),.UNSPECIFIED.,.F.,.F.,.F.) B_SPLINE_SURFACE_WITH_KNOTS((3,3),(2,2),(
    3.42019451869,4.712388980385),(0.1,5.),.PIECEWISE_BEZIER_KNOTS.) 
GEOMETRIC_REPRESENTATION_ITEM() RATIONAL_B_SPLINE_SURFACE((
    (1.,1.)
    ,(0.798439632579,0.798439632579)
,(1.,1.))) REPRESENTATION_ITEM('') SURFACE() );
#4836 = CARTESIAN_POINT('',(1.45524119249,-1.774808943759,5.2000001));
#4837 = CARTESIAN_POINT('',(1.45524119249,-1.774808943759,10.1000001));
#4838 = CARTESIAN_POINT('',(1.517454147832,-1.992305435635,5.2000001));
#4839 = CARTESIAN_POINT('',(1.517454147832,-1.992305435635,10.1000001));
#4840 = CARTESIAN_POINT('',(1.74367345689,-1.992305435635,5.2000001));
#4841 = CARTESIAN_POINT('',(1.74367345689,-1.992305435635,10.1000001));
#4842 = ADVANCED_FACE('',(#4843),#4862,.T.);
#4843 = FACE_BOUND('',#4844,.T.);
#4844 = EDGE_LOOP('',(#4845,#4846,#4854,#4859,#4860,#4861));
#4845 = ORIENTED_EDGE('',*,*,#1988,.F.);
#4846 = ORIENTED_EDGE('',*,*,#4847,.T.);
#4847 = EDGE_CURVE('',#1982,#4848,#4850,.T.);
#4848 = VERTEX_POINT('',#4849);
#4849 = CARTESIAN_POINT('',(1.262525442917,-1.101074683254,9.9000001));
#4850 = ( BOUNDED_CURVE() B_SPLINE_CURVE(2,(#4851,#4852,#4853),
.UNSPECIFIED.,.F.,.F.) B_SPLINE_CURVE_WITH_KNOTS((3,3),(1.570796326795,
3.14159265359),.PIECEWISE_BEZIER_KNOTS.) CURVE() 
GEOMETRIC_REPRESENTATION_ITEM() RATIONAL_B_SPLINE_CURVE((1.,
0.707106781187,1.)) REPRESENTATION_ITEM('') );
#4851 = CARTESIAN_POINT('',(1.317527781667,-1.293362859521,10.1000001));
#4852 = CARTESIAN_POINT('',(1.262525442917,-1.101074683254,10.1000001));
#4853 = CARTESIAN_POINT('',(1.262525442917,-1.101074683254,9.9000001));
#4854 = ORIENTED_EDGE('',*,*,#4855,.F.);
#4855 = EDGE_CURVE('',#2524,#4848,#4856,.T.);
#4856 = B_SPLINE_CURVE_WITH_KNOTS('',1,(#4857,#4858),.UNSPECIFIED.,.F.,
  .F.,(2,2),(0.,1.8),.PIECEWISE_BEZIER_KNOTS.);
#4857 = CARTESIAN_POINT('',(1.262525442917,-1.101074683254,8.1000001));
#4858 = CARTESIAN_POINT('',(1.262525442917,-1.101074683254,9.9000001));
#4859 = ORIENTED_EDGE('',*,*,#2552,.F.);
#4860 = ORIENTED_EDGE('',*,*,#2420,.T.);
#4861 = ORIENTED_EDGE('',*,*,#4828,.T.);
#4862 = B_SPLINE_SURFACE_WITH_KNOTS('',1,1,(
    (#4863,#4864)
    ,(#4865,#4866
    )),.UNSPECIFIED.,.F.,.F.,.F.,(2,2),(2,2),(0.,0.700754745907),(0.1,5.
    ),.PIECEWISE_BEZIER_KNOTS.);
#4863 = CARTESIAN_POINT('',(1.262525442917,-1.101074683254,5.2000001));
#4864 = CARTESIAN_POINT('',(1.262525442917,-1.101074683254,10.1000001));
#4865 = CARTESIAN_POINT('',(1.45524119249,-1.774808943759,5.2000001));
#4866 = CARTESIAN_POINT('',(1.45524119249,-1.774808943759,10.1000001));
#4867 = ADVANCED_FACE('',(#4868),#4891,.F.);
#4868 = FACE_BOUND('',#4869,.T.);
#4869 = EDGE_LOOP('',(#4870,#4877,#4883,#4884,#4889,#4890));
#4870 = ORIENTED_EDGE('',*,*,#4871,.T.);
#4871 = EDGE_CURVE('',#2532,#4872,#4874,.T.);
#4872 = VERTEX_POINT('',#4873);
#4873 = CARTESIAN_POINT('',(1.454813619185,-1.046072344505,9.9000001));
#4874 = B_SPLINE_CURVE_WITH_KNOTS('',1,(#4875,#4876),.UNSPECIFIED.,.F.,
  .F.,(2,2),(0.,1.8),.PIECEWISE_BEZIER_KNOTS.);
#4875 = CARTESIAN_POINT('',(1.454813619185,-1.046072344505,8.1000001));
#4876 = CARTESIAN_POINT('',(1.454813619185,-1.046072344505,9.9000001));
#4877 = ORIENTED_EDGE('',*,*,#4878,.T.);
#4878 = EDGE_CURVE('',#4872,#1975,#4879,.T.);
#4879 = ( BOUNDED_CURVE() B_SPLINE_CURVE(2,(#4880,#4881,#4882),
.UNSPECIFIED.,.F.,.F.) B_SPLINE_CURVE_WITH_KNOTS((3,3),(3.14159265359,
4.712388980385),.PIECEWISE_BEZIER_KNOTS.) CURVE() 
GEOMETRIC_REPRESENTATION_ITEM() RATIONAL_B_SPLINE_CURVE((1.,
0.707106781187,1.)) REPRESENTATION_ITEM('') );
#4880 = CARTESIAN_POINT('',(1.454813619185,-1.046072344505,9.9000001));
#4881 = CARTESIAN_POINT('',(1.454813619185,-1.046072344505,10.1000001));
#4882 = CARTESIAN_POINT('',(1.509815957934,-1.238360520772,10.1000001));
#4883 = ORIENTED_EDGE('',*,*,#1974,.T.);
#4884 = ORIENTED_EDGE('',*,*,#4885,.F.);
#4885 = EDGE_CURVE('',#2465,#1967,#4886,.T.);
#4886 = B_SPLINE_CURVE_WITH_KNOTS('',1,(#4887,#4888),.UNSPECIFIED.,.F.,
  .F.,(2,2),(0.1,5.),.PIECEWISE_BEZIER_KNOTS.);
#4887 = CARTESIAN_POINT('',(1.647529368757,-1.719806605009,5.2000001));
#4888 = CARTESIAN_POINT('',(1.647529368757,-1.719806605009,10.1000001));
#4889 = ORIENTED_EDGE('',*,*,#2464,.F.);
#4890 = ORIENTED_EDGE('',*,*,#2686,.T.);
#4891 = B_SPLINE_SURFACE_WITH_KNOTS('',1,1,(
    (#4892,#4893)
    ,(#4894,#4895
    )),.UNSPECIFIED.,.F.,.F.,.F.,(2,2),(2,2),(0.,0.700754745907),(0.1,5.
    ),.PIECEWISE_BEZIER_KNOTS.);
#4892 = CARTESIAN_POINT('',(1.454813619185,-1.046072344505,5.2000001));
#4893 = CARTESIAN_POINT('',(1.454813619185,-1.046072344505,10.1000001));
#4894 = CARTESIAN_POINT('',(1.647529368757,-1.719806605009,5.2000001));
#4895 = CARTESIAN_POINT('',(1.647529368757,-1.719806605009,10.1000001));
#4896 = ADVANCED_FACE('',(#4897),#4907,.F.);
#4897 = FACE_BOUND('',#4898,.F.);
#4898 = EDGE_LOOP('',(#4899,#4904,#4905,#4906));
#4899 = ORIENTED_EDGE('',*,*,#4900,.T.);
#4900 = EDGE_CURVE('',#2472,#1960,#4901,.T.);
#4901 = B_SPLINE_CURVE_WITH_KNOTS('',1,(#4902,#4903),.UNSPECIFIED.,.F.,
  .F.,(2,2),(0.1,5.),.PIECEWISE_BEZIER_KNOTS.);
#4902 = CARTESIAN_POINT('',(1.74367345689,-1.792305435635,5.2000001));
#4903 = CARTESIAN_POINT('',(1.74367345689,-1.792305435635,10.1000001));
#4904 = ORIENTED_EDGE('',*,*,#1966,.F.);
#4905 = ORIENTED_EDGE('',*,*,#4885,.F.);
#4906 = ORIENTED_EDGE('',*,*,#2471,.T.);
#4907 = ( BOUNDED_SURFACE() B_SPLINE_SURFACE(2,1,(
    (#4908,#4909)
    ,(#4910,#4911)
    ,(#4912,#4913
)),.UNSPECIFIED.,.F.,.F.,.F.) B_SPLINE_SURFACE_WITH_KNOTS((3,3),(2,2),(
    3.42019451869,4.712388980385),(0.1,5.),.PIECEWISE_BEZIER_KNOTS.) 
GEOMETRIC_REPRESENTATION_ITEM() RATIONAL_B_SPLINE_SURFACE((
    (1.,1.)
    ,(0.798439632579,0.798439632579)
,(1.,1.))) REPRESENTATION_ITEM('') SURFACE() );
#4908 = CARTESIAN_POINT('',(1.647529368757,-1.719806605009,5.2000001));
#4909 = CARTESIAN_POINT('',(1.647529368757,-1.719806605009,10.1000001));
#4910 = CARTESIAN_POINT('',(1.668267020538,-1.792305435635,5.2000001));
#4911 = CARTESIAN_POINT('',(1.668267020538,-1.792305435635,10.1000001));
#4912 = CARTESIAN_POINT('',(1.74367345689,-1.792305435635,5.2000001));
#4913 = CARTESIAN_POINT('',(1.74367345689,-1.792305435635,10.1000001));
#4914 = ADVANCED_FACE('',(#4915),#4925,.F.);
#4915 = FACE_BOUND('',#4916,.T.);
#4916 = EDGE_LOOP('',(#4917,#4918,#4919,#4920));
#4917 = ORIENTED_EDGE('',*,*,#2479,.F.);
#4918 = ORIENTED_EDGE('',*,*,#4900,.T.);
#4919 = ORIENTED_EDGE('',*,*,#1959,.T.);
#4920 = ORIENTED_EDGE('',*,*,#4921,.F.);
#4921 = EDGE_CURVE('',#2480,#1952,#4922,.T.);
#4922 = B_SPLINE_CURVE_WITH_KNOTS('',1,(#4923,#4924),.UNSPECIFIED.,.F.,
  .F.,(2,2),(0.1,5.),.PIECEWISE_BEZIER_KNOTS.);
#4923 = CARTESIAN_POINT('',(6.5,-1.792305435635,5.2000001));
#4924 = CARTESIAN_POINT('',(6.5,-1.792305435635,10.1000001));
#4925 = B_SPLINE_SURFACE_WITH_KNOTS('',1,1,(
    (#4926,#4927)
    ,(#4928,#4929
    )),.UNSPECIFIED.,.F.,.F.,.F.,(2,2),(2,2),(0.,4.75632654311),(0.1,5.)
  ,.PIECEWISE_BEZIER_KNOTS.);
#4926 = CARTESIAN_POINT('',(1.74367345689,-1.792305435635,5.2000001));
#4927 = CARTESIAN_POINT('',(1.74367345689,-1.792305435635,10.1000001));
#4928 = CARTESIAN_POINT('',(6.5,-1.792305435635,5.2000001));
#4929 = CARTESIAN_POINT('',(6.5,-1.792305435635,10.1000001));
#4930 = ADVANCED_FACE('',(#4931),#4941,.F.);
#4931 = FACE_BOUND('',#4932,.F.);
#4932 = EDGE_LOOP('',(#4933,#4938,#4939,#4940));
#4933 = ORIENTED_EDGE('',*,*,#4934,.T.);
#4934 = EDGE_CURVE('',#2343,#1945,#4935,.T.);
#4935 = B_SPLINE_CURVE_WITH_KNOTS('',1,(#4936,#4937),.UNSPECIFIED.,.F.,
  .F.,(2,2),(0.1,5.),.PIECEWISE_BEZIER_KNOTS.);
#4936 = CARTESIAN_POINT('',(6.6,-1.692305435635,5.2000001));
#4937 = CARTESIAN_POINT('',(6.6,-1.692305435635,10.1000001));
#4938 = ORIENTED_EDGE('',*,*,#1951,.F.);
#4939 = ORIENTED_EDGE('',*,*,#4921,.F.);
#4940 = ORIENTED_EDGE('',*,*,#2486,.T.);
#4941 = ( BOUNDED_SURFACE() B_SPLINE_SURFACE(2,1,(
    (#4942,#4943)
    ,(#4944,#4945)
    ,(#4946,#4947
)),.UNSPECIFIED.,.F.,.F.,.F.) B_SPLINE_SURFACE_WITH_KNOTS((3,3),(2,2),(
    4.712388980385,6.28318530718),(0.1,5.),.PIECEWISE_BEZIER_KNOTS.) 
GEOMETRIC_REPRESENTATION_ITEM() RATIONAL_B_SPLINE_SURFACE((
    (1.,1.)
    ,(0.707106781187,0.707106781187)
,(1.,1.))) REPRESENTATION_ITEM('') SURFACE() );
#4942 = CARTESIAN_POINT('',(6.5,-1.792305435635,5.2000001));
#4943 = CARTESIAN_POINT('',(6.5,-1.792305435635,10.1000001));
#4944 = CARTESIAN_POINT('',(6.6,-1.792305435635,5.2000001));
#4945 = CARTESIAN_POINT('',(6.6,-1.792305435635,10.1000001));
#4946 = CARTESIAN_POINT('',(6.6,-1.692305435635,5.2000001));
#4947 = CARTESIAN_POINT('',(6.6,-1.692305435635,10.1000001));
#4948 = ADVANCED_FACE('',(#4949),#4959,.F.);
#4949 = FACE_BOUND('',#4950,.T.);
#4950 = EDGE_LOOP('',(#4951,#4952,#4953,#4954));
#4951 = ORIENTED_EDGE('',*,*,#2342,.F.);
#4952 = ORIENTED_EDGE('',*,*,#4934,.T.);
#4953 = ORIENTED_EDGE('',*,*,#1944,.T.);
#4954 = ORIENTED_EDGE('',*,*,#4955,.F.);
#4955 = EDGE_CURVE('',#2345,#1937,#4956,.T.);
#4956 = B_SPLINE_CURVE_WITH_KNOTS('',1,(#4957,#4958),.UNSPECIFIED.,.F.,
  .F.,(2,2),(0.1,5.),.PIECEWISE_BEZIER_KNOTS.);
#4957 = CARTESIAN_POINT('',(6.6,1.702305435635,5.2000001));
#4958 = CARTESIAN_POINT('',(6.6,1.702305435635,10.1000001));
#4959 = B_SPLINE_SURFACE_WITH_KNOTS('',1,1,(
    (#4960,#4961)
    ,(#4962,#4963
    )),.UNSPECIFIED.,.F.,.F.,.F.,(2,2),(2,2),(0.,3.394610871269),(0.1,5.
    ),.PIECEWISE_BEZIER_KNOTS.);
#4960 = CARTESIAN_POINT('',(6.6,-1.692305435635,5.2000001));
#4961 = CARTESIAN_POINT('',(6.6,-1.692305435635,10.1000001));
#4962 = CARTESIAN_POINT('',(6.6,1.702305435635,5.2000001));
#4963 = CARTESIAN_POINT('',(6.6,1.702305435635,10.1000001));
#4964 = ADVANCED_FACE('',(#4965),#4975,.F.);
#4965 = FACE_BOUND('',#4966,.T.);
#4966 = EDGE_LOOP('',(#4967,#4968,#4973,#4974));
#4967 = ORIENTED_EDGE('',*,*,#4855,.T.);
#4968 = ORIENTED_EDGE('',*,*,#4969,.T.);
#4969 = EDGE_CURVE('',#4848,#4872,#4970,.T.);
#4970 = B_SPLINE_CURVE_WITH_KNOTS('',1,(#4971,#4972),.UNSPECIFIED.,.F.,
  .F.,(2,2),(-0.2,0.),.PIECEWISE_BEZIER_KNOTS.);
#4971 = CARTESIAN_POINT('',(1.262525442917,-1.101074683254,9.9000001));
#4972 = CARTESIAN_POINT('',(1.454813619185,-1.046072344505,9.9000001));
#4973 = ORIENTED_EDGE('',*,*,#4871,.F.);
#4974 = ORIENTED_EDGE('',*,*,#2531,.F.);
#4975 = B_SPLINE_SURFACE_WITH_KNOTS('',1,1,(
    (#4976,#4977)
    ,(#4978,#4979
    )),.UNSPECIFIED.,.F.,.F.,.F.,(2,2),(2,2),(-0.2,0.),(0.,1.8),
  .PIECEWISE_BEZIER_KNOTS.);
#4976 = CARTESIAN_POINT('',(1.262525442917,-1.101074683254,8.1000001));
#4977 = CARTESIAN_POINT('',(1.262525442917,-1.101074683254,9.9000001));
#4978 = CARTESIAN_POINT('',(1.454813619185,-1.046072344505,8.1000001));
#4979 = CARTESIAN_POINT('',(1.454813619185,-1.046072344505,9.9000001));
#4980 = ADVANCED_FACE('',(#4981),#5018,.T.);
#4981 = FACE_BOUND('',#4982,.T.);
#4982 = EDGE_LOOP('',(#4983,#4990,#4991,#4999,#5006,#5012,#5013));
#4983 = ORIENTED_EDGE('',*,*,#4984,.T.);
#4984 = EDGE_CURVE('',#4985,#79,#4987,.T.);
#4985 = VERTEX_POINT('',#4986);
#4986 = CARTESIAN_POINT('',(1.66415891348,-0.887796566328,9.304873983074
    ));
#4987 = B_SPLINE_CURVE_WITH_KNOTS('',1,(#4988,#4989),.UNSPECIFIED.,.F.,
  .F.,(2,2),(9.793508379274E-16,0.774873075233),
  .PIECEWISE_BEZIER_KNOTS.);
#4988 = CARTESIAN_POINT('',(1.66415891348,-0.887796566328,9.304873983074
    ));
#4989 = CARTESIAN_POINT('',(1.720126485271,-1.332621558828,
    9.936876071421));
#4990 = ORIENTED_EDGE('',*,*,#78,.T.);
#4991 = ORIENTED_EDGE('',*,*,#4992,.T.);
#4992 = EDGE_CURVE('',#72,#4993,#4995,.T.);
#4993 = VERTEX_POINT('',#4994);
#4994 = CARTESIAN_POINT('',(1.93300759643,-1.422466891548,10.1000001));
#4995 = ( BOUNDED_CURVE() B_SPLINE_CURVE(2,(#4996,#4997,#4998),
.UNSPECIFIED.,.F.,.F.) B_SPLINE_CURVE_WITH_KNOTS((3,3),(0.,
7.266931998498E-02),.PIECEWISE_BEZIER_KNOTS.) CURVE() 
GEOMETRIC_REPRESENTATION_ITEM() RATIONAL_B_SPLINE_CURVE((1.,
0.999339968861,1.)) REPRESENTATION_ITEM('') );
#4996 = CARTESIAN_POINT('',(1.918561986283,-1.42397661238,
    10.099569574374));
#4997 = CARTESIAN_POINT('',(1.925794335357,-1.423374459049,10.1000001));
#4998 = CARTESIAN_POINT('',(1.93300759643,-1.422466891548,10.1000001));
#4999 = ORIENTED_EDGE('',*,*,#5000,.T.);
#5000 = EDGE_CURVE('',#4993,#5001,#5003,.T.);
#5001 = VERTEX_POINT('',#5002);
#5002 = CARTESIAN_POINT('',(3.123620602508,-1.272664789561,10.1000001));
#5003 = B_SPLINE_CURVE_WITH_KNOTS('',1,(#5004,#5005),.UNSPECIFIED.,.F.,
  .F.,(2,2),(0.2,1.4),.PIECEWISE_BEZIER_KNOTS.);
#5004 = CARTESIAN_POINT('',(1.93300759643,-1.422466891548,10.1000001));
#5005 = CARTESIAN_POINT('',(3.123620602508,-1.272664789561,10.1000001));
#5006 = ORIENTED_EDGE('',*,*,#5007,.T.);
#5007 = EDGE_CURVE('',#5001,#2607,#5008,.T.);
#5008 = ( BOUNDED_CURVE() B_SPLINE_CURVE(2,(#5009,#5010,#5011),
.UNSPECIFIED.,.F.,.F.) B_SPLINE_CURVE_WITH_KNOTS((3,3),(
7.266931998498E-02,1.64346564678),.PIECEWISE_BEZIER_KNOTS.) CURVE() 
GEOMETRIC_REPRESENTATION_ITEM() RATIONAL_B_SPLINE_CURVE((1.,
0.707106781187,1.)) REPRESENTATION_ITEM('') );
#5009 = CARTESIAN_POINT('',(3.123620602508,-1.272664789561,10.1000001));
#5010 = CARTESIAN_POINT('',(3.322056103521,-1.247697772563,10.1000001));
#5011 = CARTESIAN_POINT('',(3.307610493374,-1.132885422846,
    9.936876071421));
#5012 = ORIENTED_EDGE('',*,*,#2604,.F.);
#5013 = ORIENTED_EDGE('',*,*,#5014,.F.);
#5014 = EDGE_CURVE('',#4985,#2605,#5015,.T.);
#5015 = B_SPLINE_CURVE_WITH_KNOTS('',1,(#5016,#5017),.UNSPECIFIED.,.F.,
  .F.,(2,2),(0.,1.6),.PIECEWISE_BEZIER_KNOTS.);
#5016 = CARTESIAN_POINT('',(1.66415891348,-0.887796566328,9.304873983074
    ));
#5017 = CARTESIAN_POINT('',(3.251642921583,-0.688060430345,
    9.304873983074));
#5018 = B_SPLINE_SURFACE_WITH_KNOTS('',1,1,(
    (#5019,#5020)
    ,(#5021,#5022
    )),.UNSPECIFIED.,.F.,.F.,.F.,(2,2),(2,2),(-0.116168604505,
    0.95830691337),(6.619044406943E-18,1.652564997805),
  .PIECEWISE_BEZIER_KNOTS.);
#5019 = CARTESIAN_POINT('',(1.66415891348,-0.820231703283,9.210374597073
    ));
#5020 = CARTESIAN_POINT('',(3.308135600811,-0.683356944019,
    9.308236866399));
#5021 = CARTESIAN_POINT('',(1.66415891348,-1.445157788253,
    10.084425526274));
#5022 = CARTESIAN_POINT('',(3.308135600811,-1.308283028989,10.1822877956
    ));
#5023 = ADVANCED_FACE('',(#5024),#5035,.T.);
#5024 = FACE_BOUND('',#5025,.T.);
#5025 = EDGE_LOOP('',(#5026,#5027,#5028,#5034));
#5026 = ORIENTED_EDGE('',*,*,#2642,.F.);
#5027 = ORIENTED_EDGE('',*,*,#2583,.F.);
#5028 = ORIENTED_EDGE('',*,*,#5029,.T.);
#5029 = EDGE_CURVE('',#2577,#4985,#5030,.T.);
#5030 = ( BOUNDED_CURVE() B_SPLINE_CURVE(2,(#5031,#5032,#5033),
.UNSPECIFIED.,.F.,.F.) B_SPLINE_CURVE_WITH_KNOTS((3,3),(0.,
0.616996118462),.PIECEWISE_BEZIER_KNOTS.) CURVE() 
GEOMETRIC_REPRESENTATION_ITEM() RATIONAL_B_SPLINE_CURVE((1.,
0.952790675567,1.)) REPRESENTATION_ITEM('') );
#5031 = CARTESIAN_POINT('',(1.641141838348,-0.704859019721,
    8.726286234756));
#5032 = CARTESIAN_POINT('',(1.641141838348,-0.704859019721,9.04495848048
    ));
#5033 = CARTESIAN_POINT('',(1.66415891348,-0.887796566328,9.304873983074
    ));
#5034 = ORIENTED_EDGE('',*,*,#5014,.T.);
#5035 = ( BOUNDED_SURFACE() B_SPLINE_SURFACE(2,1,(
    (#5036,#5037)
    ,(#5038,#5039)
    ,(#5040,#5041
)),.UNSPECIFIED.,.F.,.F.,.F.) B_SPLINE_SURFACE_WITH_KNOTS((3,3),(2,2),(
    0.,0.616996118462),(-6.661338147751E-16,1.6),
.PIECEWISE_BEZIER_KNOTS.) GEOMETRIC_REPRESENTATION_ITEM() 
RATIONAL_B_SPLINE_SURFACE((
    (1.,1.)
    ,(0.952790675567,0.952790675567)
,(1.,1.))) REPRESENTATION_ITEM('') SURFACE() );
#5036 = CARTESIAN_POINT('',(1.641141838348,-0.704859019721,
    8.726286234756));
#5037 = CARTESIAN_POINT('',(3.228625846451,-0.505122883739,
    8.726286234756));
#5038 = CARTESIAN_POINT('',(1.641141838348,-0.704859019721,9.04495848048
    ));
#5039 = CARTESIAN_POINT('',(3.228625846451,-0.505122883739,9.04495848048
    ));
#5040 = CARTESIAN_POINT('',(1.66415891348,-0.887796566328,9.304873983074
    ));
#5041 = CARTESIAN_POINT('',(3.251642921583,-0.688060430345,
    9.304873983074));
#5042 = ADVANCED_FACE('',(#5043),#5060,.F.);
#5043 = FACE_BOUND('',#5044,.F.);
#5044 = EDGE_LOOP('',(#5045,#5046,#5054,#5059));
#5045 = ORIENTED_EDGE('',*,*,#2664,.F.);
#5046 = ORIENTED_EDGE('',*,*,#5047,.T.);
#5047 = EDGE_CURVE('',#2665,#5048,#5050,.T.);
#5048 = VERTEX_POINT('',#5049);
#5049 = CARTESIAN_POINT('',(1.684522515451,-1.049644558019,9.18915643341
    ));
#5050 = ( BOUNDED_CURVE() B_SPLINE_CURVE(2,(#5051,#5052,#5053),
.UNSPECIFIED.,.F.,.F.) B_SPLINE_CURVE_WITH_KNOTS((3,3),(4.712388980385,
5.329385098847),.PIECEWISE_BEZIER_KNOTS.) CURVE() 
GEOMETRIC_REPRESENTATION_ITEM() RATIONAL_B_SPLINE_CURVE((1.,
0.952790675567,1.)) REPRESENTATION_ITEM('') );
#5051 = CARTESIAN_POINT('',(1.666108855346,-0.903294520734,
    8.726286234756));
#5052 = CARTESIAN_POINT('',(1.666108855346,-0.903294520734,
    8.981224031335));
#5053 = CARTESIAN_POINT('',(1.684522515451,-1.049644558019,9.18915643341
    ));
#5054 = ORIENTED_EDGE('',*,*,#5055,.T.);
#5055 = EDGE_CURVE('',#5048,#2621,#5056,.T.);
#5056 = B_SPLINE_CURVE_WITH_KNOTS('',1,(#5057,#5058),.UNSPECIFIED.,.F.,
  .F.,(2,2),(0.,1.6),.PIECEWISE_BEZIER_KNOTS.);
#5057 = CARTESIAN_POINT('',(1.684522515451,-1.049644558019,9.18915643341
    ));
#5058 = CARTESIAN_POINT('',(3.272006523554,-0.849908422037,9.18915643341
    ));
#5059 = ORIENTED_EDGE('',*,*,#2627,.F.);
#5060 = ( BOUNDED_SURFACE() B_SPLINE_SURFACE(2,1,(
    (#5061,#5062)
    ,(#5063,#5064)
    ,(#5065,#5066
)),.UNSPECIFIED.,.F.,.F.,.F.) B_SPLINE_SURFACE_WITH_KNOTS((3,3),(2,2),(
    0.,0.616996118462),(-6.661338147751E-16,1.6),
.PIECEWISE_BEZIER_KNOTS.) GEOMETRIC_REPRESENTATION_ITEM() 
RATIONAL_B_SPLINE_SURFACE((
    (1.,1.)
    ,(0.952790675567,0.952790675567)
,(1.,1.))) REPRESENTATION_ITEM('') SURFACE() );
#5061 = CARTESIAN_POINT('',(1.666108855346,-0.903294520734,
    8.726286234756));
#5062 = CARTESIAN_POINT('',(3.253592863449,-0.703558384752,
    8.726286234756));
#5063 = CARTESIAN_POINT('',(1.666108855346,-0.903294520734,
    8.981224031335));
#5064 = CARTESIAN_POINT('',(3.253592863449,-0.703558384752,
    8.981224031335));
#5065 = CARTESIAN_POINT('',(1.684522515451,-1.049644558019,9.18915643341
    ));
#5066 = CARTESIAN_POINT('',(3.272006523554,-0.849908422037,9.18915643341
    ));
#5067 = ADVANCED_FACE('',(#5068),#5099,.F.);
#5068 = FACE_BOUND('',#5069,.T.);
#5069 = EDGE_LOOP('',(#5070,#5079,#5085,#5086,#5091,#5092,#5093));
#5070 = ORIENTED_EDGE('',*,*,#5071,.F.);
#5071 = EDGE_CURVE('',#5072,#5074,#5076,.T.);
#5072 = VERTEX_POINT('',#5073);
#5073 = CARTESIAN_POINT('',(1.953371198402,-1.584314883239,
    9.984282550336));
#5074 = VERTEX_POINT('',#5075);
#5075 = CARTESIAN_POINT('',(3.143984204479,-1.434512781253,
    9.984282550336));
#5076 = B_SPLINE_CURVE_WITH_KNOTS('',1,(#5077,#5078),.UNSPECIFIED.,.F.,
  .F.,(2,2),(0.2,1.4),.PIECEWISE_BEZIER_KNOTS.);
#5077 = CARTESIAN_POINT('',(1.953371198402,-1.584314883239,
    9.984282550336));
#5078 = CARTESIAN_POINT('',(3.143984204479,-1.434512781253,
    9.984282550336));
#5079 = ORIENTED_EDGE('',*,*,#5080,.T.);
#5080 = EDGE_CURVE('',#5072,#62,#5081,.T.);
#5081 = ( BOUNDED_CURVE() B_SPLINE_CURVE(2,(#5082,#5083,#5084),
.UNSPECIFIED.,.F.,.F.) B_SPLINE_CURVE_WITH_KNOTS((3,3),(6.210515987195,
6.28318530718),.PIECEWISE_BEZIER_KNOTS.) CURVE() 
GEOMETRIC_REPRESENTATION_ITEM() RATIONAL_B_SPLINE_CURVE((1.,
0.999339968861,1.)) REPRESENTATION_ITEM('') );
#5082 = CARTESIAN_POINT('',(1.953371198402,-1.584314883239,
    9.984282550336));
#5083 = CARTESIAN_POINT('',(1.946157937329,-1.585222450741,
    9.984282550336));
#5084 = CARTESIAN_POINT('',(1.938925588255,-1.585824604072,9.98385202471
    ));
#5085 = ORIENTED_EDGE('',*,*,#61,.T.);
#5086 = ORIENTED_EDGE('',*,*,#5087,.F.);
#5087 = EDGE_CURVE('',#5048,#64,#5088,.T.);
#5088 = B_SPLINE_CURVE_WITH_KNOTS('',1,(#5089,#5090),.UNSPECIFIED.,.F.,
  .F.,(2,2),(1.106818152095E-15,0.774873075233),
  .PIECEWISE_BEZIER_KNOTS.);
#5089 = CARTESIAN_POINT('',(1.684522515451,-1.049644558019,9.18915643341
    ));
#5090 = CARTESIAN_POINT('',(1.740490087242,-1.49446955052,9.821158521757
    ));
#5091 = ORIENTED_EDGE('',*,*,#5055,.T.);
#5092 = ORIENTED_EDGE('',*,*,#2620,.T.);
#5093 = ORIENTED_EDGE('',*,*,#5094,.T.);
#5094 = EDGE_CURVE('',#2614,#5074,#5095,.T.);
#5095 = ( BOUNDED_CURVE() B_SPLINE_CURVE(2,(#5096,#5097,#5098),
.UNSPECIFIED.,.F.,.F.) B_SPLINE_CURVE_WITH_KNOTS((3,3),(4.6397196604,
6.210515987195),.PIECEWISE_BEZIER_KNOTS.) CURVE() 
GEOMETRIC_REPRESENTATION_ITEM() RATIONAL_B_SPLINE_CURVE((1.,
0.707106781187,1.)) REPRESENTATION_ITEM('') );
#5096 = CARTESIAN_POINT('',(3.327974095345,-1.294733414538,
    9.821158521757));
#5097 = CARTESIAN_POINT('',(3.342419705492,-1.409545764255,
    9.984282550336));
#5098 = CARTESIAN_POINT('',(3.143984204479,-1.434512781253,
    9.984282550336));
#5099 = B_SPLINE_SURFACE_WITH_KNOTS('',1,1,(
    (#5100,#5101)
    ,(#5102,#5103
    )),.UNSPECIFIED.,.F.,.F.,.F.,(2,2),(2,2),(-0.116168604505,
    0.95830691337),(-2.576449230327E-18,1.652564997805),
  .PIECEWISE_BEZIER_KNOTS.);
#5100 = CARTESIAN_POINT('',(1.684522515451,-0.982079694975,9.09465704741
    ));
#5101 = CARTESIAN_POINT('',(3.328499202782,-0.845204935711,
    9.192519316736));
#5102 = CARTESIAN_POINT('',(1.684522515451,-1.607005779945,9.96870797661
    ));
#5103 = CARTESIAN_POINT('',(3.328499202782,-1.470131020681,
    10.066570245936));
#5104 = ADVANCED_FACE('',(#5105),#5119,.F.);
#5105 = FACE_BOUND('',#5106,.T.);
#5106 = EDGE_LOOP('',(#5107,#5108,#5113,#5114));
#5107 = ORIENTED_EDGE('',*,*,#5000,.F.);
#5108 = ORIENTED_EDGE('',*,*,#5109,.T.);
#5109 = EDGE_CURVE('',#4993,#5072,#5110,.T.);
#5110 = B_SPLINE_CURVE_WITH_KNOTS('',1,(#5111,#5112),.UNSPECIFIED.,.F.,
  .F.,(2,2),(-0.2,0.),.PIECEWISE_BEZIER_KNOTS.);
#5111 = CARTESIAN_POINT('',(1.93300759643,-1.422466891548,10.1000001));
#5112 = CARTESIAN_POINT('',(1.953371198402,-1.584314883239,
    9.984282550336));
#5113 = ORIENTED_EDGE('',*,*,#5071,.T.);
#5114 = ORIENTED_EDGE('',*,*,#5115,.T.);
#5115 = EDGE_CURVE('',#5074,#5001,#5116,.T.);
#5116 = B_SPLINE_CURVE_WITH_KNOTS('',1,(#5117,#5118),.UNSPECIFIED.,.F.,
  .F.,(2,2),(0.,0.2),.PIECEWISE_BEZIER_KNOTS.);
#5117 = CARTESIAN_POINT('',(3.143984204479,-1.434512781253,
    9.984282550336));
#5118 = CARTESIAN_POINT('',(3.123620602508,-1.272664789561,10.1000001));
#5119 = B_SPLINE_SURFACE_WITH_KNOTS('',1,1,(
    (#5120,#5121)
    ,(#5122,#5123
    )),.UNSPECIFIED.,.F.,.F.,.F.,(2,2),(2,2),(2.041692805876E-02,
    0.341873639719),(0.178538215249,1.392686003155),
  .PIECEWISE_BEZIER_KNOTS.);
#5120 = CARTESIAN_POINT('',(1.93300759643,-1.585163654569,9.985488474603
    ));
#5121 = CARTESIAN_POINT('',(3.143984204479,-1.534689174306,
    9.913774930013));
#5122 = CARTESIAN_POINT('',(1.93300759643,-1.322290498494,
    10.170507720323));
#5123 = CARTESIAN_POINT('',(3.143984204479,-1.271816018231,
    10.098794175733));
#5124 = ADVANCED_FACE('',(#5125),#5135,.F.);
#5125 = FACE_BOUND('',#5126,.T.);
#5126 = EDGE_LOOP('',(#5127,#5128,#5129,#5130,#5131,#5132,#5133,#5134));
#5127 = ORIENTED_EDGE('',*,*,#5087,.T.);
#5128 = ORIENTED_EDGE('',*,*,#86,.T.);
#5129 = ORIENTED_EDGE('',*,*,#4984,.F.);
#5130 = ORIENTED_EDGE('',*,*,#5029,.F.);
#5131 = ORIENTED_EDGE('',*,*,#2576,.F.);
#5132 = ORIENTED_EDGE('',*,*,#2509,.T.);
#5133 = ORIENTED_EDGE('',*,*,#2671,.T.);
#5134 = ORIENTED_EDGE('',*,*,#5047,.T.);
#5135 = B_SPLINE_SURFACE_WITH_KNOTS('',1,1,(
    (#5136,#5137)
    ,(#5138,#5139
    )),.UNSPECIFIED.,.F.,.F.,.F.,(2,2),(2,2),(-0.626286134756,
    1.210589836665),(-1.,-0.204164046486),.PIECEWISE_BEZIER_KNOTS.);
#5136 = CARTESIAN_POINT('',(1.641141838348,-0.704859019721,8.1000001));
#5137 = CARTESIAN_POINT('',(1.740490087242,-1.49446955052,8.1000001));
#5138 = CARTESIAN_POINT('',(1.641141838348,-0.704859019721,
    9.936876071421));
#5139 = CARTESIAN_POINT('',(1.740490087242,-1.49446955052,9.936876071421
    ));
#5140 = ADVANCED_FACE('',(#5141),#5147,.T.);
#5141 = FACE_BOUND('',#5142,.T.);
#5142 = EDGE_LOOP('',(#5143,#5144,#5145,#5146));
#5143 = ORIENTED_EDGE('',*,*,#4847,.F.);
#5144 = ORIENTED_EDGE('',*,*,#1981,.F.);
#5145 = ORIENTED_EDGE('',*,*,#4878,.F.);
#5146 = ORIENTED_EDGE('',*,*,#4969,.F.);
#5147 = ( BOUNDED_SURFACE() B_SPLINE_SURFACE(2,1,(
    (#5148,#5149)
    ,(#5150,#5151)
    ,(#5152,#5153
)),.UNSPECIFIED.,.F.,.F.,.F.) B_SPLINE_SURFACE_WITH_KNOTS((3,3),(2,2),(
    1.570796326795,3.14159265359),(0.,0.2),.PIECEWISE_BEZIER_KNOTS.) 
GEOMETRIC_REPRESENTATION_ITEM() RATIONAL_B_SPLINE_SURFACE((
    (1.,1.)
    ,(0.707106781187,0.707106781187)
,(1.,1.))) REPRESENTATION_ITEM('') SURFACE() );
#5148 = CARTESIAN_POINT('',(1.509815957934,-1.238360520772,10.1000001));
#5149 = CARTESIAN_POINT('',(1.317527781667,-1.293362859521,10.1000001));
#5150 = CARTESIAN_POINT('',(1.454813619185,-1.046072344505,10.1000001));
#5151 = CARTESIAN_POINT('',(1.262525442917,-1.101074683254,10.1000001));
#5152 = CARTESIAN_POINT('',(1.454813619185,-1.046072344505,9.9000001));
#5153 = CARTESIAN_POINT('',(1.262525442917,-1.101074683254,9.9000001));
#5154 = ADVANCED_FACE('',(#5155),#5161,.T.);
#5155 = FACE_BOUND('',#5156,.T.);
#5156 = EDGE_LOOP('',(#5157,#5158,#5159,#5160));
#5157 = ORIENTED_EDGE('',*,*,#71,.F.);
#5158 = ORIENTED_EDGE('',*,*,#5080,.F.);
#5159 = ORIENTED_EDGE('',*,*,#5109,.F.);
#5160 = ORIENTED_EDGE('',*,*,#4992,.F.);
#5161 = ( BOUNDED_SURFACE() B_SPLINE_SURFACE(2,1,(
    (#5162,#5163)
    ,(#5164,#5165)
    ,(#5166,#5167
)),.UNSPECIFIED.,.F.,.F.,.F.) B_SPLINE_SURFACE_WITH_KNOTS((3,3),(2,2),(
    0.,7.266931998498E-02),(0.8,1.),.PIECEWISE_BEZIER_KNOTS.) 
GEOMETRIC_REPRESENTATION_ITEM() RATIONAL_B_SPLINE_SURFACE((
    (1.,1.)
    ,(0.999339968861,0.999339968861)
,(1.,1.))) REPRESENTATION_ITEM('') SURFACE() );
#5162 = CARTESIAN_POINT('',(1.938925588255,-1.585824604072,9.98385202471
    ));
#5163 = CARTESIAN_POINT('',(1.918561986283,-1.42397661238,
    10.099569574374));
#5164 = CARTESIAN_POINT('',(1.946157937329,-1.585222450741,
    9.984282550336));
#5165 = CARTESIAN_POINT('',(1.925794335357,-1.423374459049,10.1000001));
#5166 = CARTESIAN_POINT('',(1.953371198402,-1.584314883239,
    9.984282550336));
#5167 = CARTESIAN_POINT('',(1.93300759643,-1.422466891548,10.1000001));
#5168 = ADVANCED_FACE('',(#5169),#5175,.T.);
#5169 = FACE_BOUND('',#5170,.T.);
#5170 = EDGE_LOOP('',(#5171,#5172,#5173,#5174));
#5171 = ORIENTED_EDGE('',*,*,#5094,.F.);
#5172 = ORIENTED_EDGE('',*,*,#2613,.F.);
#5173 = ORIENTED_EDGE('',*,*,#5007,.F.);
#5174 = ORIENTED_EDGE('',*,*,#5115,.F.);
#5175 = ( BOUNDED_SURFACE() B_SPLINE_SURFACE(2,1,(
    (#5176,#5177)
    ,(#5178,#5179)
    ,(#5180,#5181
)),.UNSPECIFIED.,.F.,.F.,.F.) B_SPLINE_SURFACE_WITH_KNOTS((3,3),(2,2),(
    7.266931998498E-02,1.64346564678),(0.,0.2),
.PIECEWISE_BEZIER_KNOTS.) GEOMETRIC_REPRESENTATION_ITEM() 
RATIONAL_B_SPLINE_SURFACE((
    (1.,1.)
    ,(0.707106781187,0.707106781187)
,(1.,1.))) REPRESENTATION_ITEM('') SURFACE() );
#5176 = CARTESIAN_POINT('',(3.143984204479,-1.434512781253,
    9.984282550336));
#5177 = CARTESIAN_POINT('',(3.123620602508,-1.272664789561,10.1000001));
#5178 = CARTESIAN_POINT('',(3.342419705492,-1.409545764255,
    9.984282550336));
#5179 = CARTESIAN_POINT('',(3.322056103521,-1.247697772563,10.1000001));
#5180 = CARTESIAN_POINT('',(3.327974095345,-1.294733414538,
    9.821158521757));
#5181 = CARTESIAN_POINT('',(3.307610493374,-1.132885422846,
    9.936876071421));
#5182 = ADVANCED_FACE('',(#5183),#5193,.F.);
#5183 = FACE_BOUND('',#5184,.F.);
#5184 = EDGE_LOOP('',(#5185,#5186,#5187,#5188));
#5185 = ORIENTED_EDGE('',*,*,#1936,.T.);
#5186 = ORIENTED_EDGE('',*,*,#4955,.F.);
#5187 = ORIENTED_EDGE('',*,*,#2351,.F.);
#5188 = ORIENTED_EDGE('',*,*,#5189,.T.);
#5189 = EDGE_CURVE('',#2352,#1930,#5190,.T.);
#5190 = B_SPLINE_CURVE_WITH_KNOTS('',1,(#5191,#5192),.UNSPECIFIED.,.F.,
  .F.,(2,2),(0.1,5.),.PIECEWISE_BEZIER_KNOTS.);
#5191 = CARTESIAN_POINT('',(6.5,1.802305435635,5.2000001));
#5192 = CARTESIAN_POINT('',(6.5,1.802305435635,10.1000001));
#5193 = ( BOUNDED_SURFACE() B_SPLINE_SURFACE(2,1,(
    (#5194,#5195)
    ,(#5196,#5197)
    ,(#5198,#5199
)),.UNSPECIFIED.,.F.,.F.,.F.) B_SPLINE_SURFACE_WITH_KNOTS((3,3),(2,2),(
    0.,1.570796326795),(0.1,5.),.PIECEWISE_BEZIER_KNOTS.) 
GEOMETRIC_REPRESENTATION_ITEM() RATIONAL_B_SPLINE_SURFACE((
    (1.,1.)
    ,(0.707106781187,0.707106781187)
,(1.,1.))) REPRESENTATION_ITEM('') SURFACE() );
#5194 = CARTESIAN_POINT('',(6.6,1.702305435635,5.2000001));
#5195 = CARTESIAN_POINT('',(6.6,1.702305435635,10.1000001));
#5196 = CARTESIAN_POINT('',(6.6,1.802305435635,5.2000001));
#5197 = CARTESIAN_POINT('',(6.6,1.802305435635,10.1000001));
#5198 = CARTESIAN_POINT('',(6.5,1.802305435635,5.2000001));
#5199 = CARTESIAN_POINT('',(6.5,1.802305435635,10.1000001));
#5200 = ADVANCED_FACE('',(#5201),#5211,.T.);
#5201 = FACE_BOUND('',#5202,.T.);
#5202 = EDGE_LOOP('',(#5203,#5208,#5209,#5210));
#5203 = ORIENTED_EDGE('',*,*,#5204,.F.);
#5204 = EDGE_CURVE('',#2360,#1922,#5205,.T.);
#5205 = B_SPLINE_CURVE_WITH_KNOTS('',1,(#5206,#5207),.UNSPECIFIED.,.F.,
  .F.,(2,2),(0.1,5.),.PIECEWISE_BEZIER_KNOTS.);
#5206 = CARTESIAN_POINT('',(1.74367345689,1.802305435635,5.2000001));
#5207 = CARTESIAN_POINT('',(1.74367345689,1.802305435635,10.1000001));
#5208 = ORIENTED_EDGE('',*,*,#2359,.T.);
#5209 = ORIENTED_EDGE('',*,*,#5189,.T.);
#5210 = ORIENTED_EDGE('',*,*,#1929,.F.);
#5211 = B_SPLINE_SURFACE_WITH_KNOTS('',1,1,(
    (#5212,#5213)
    ,(#5214,#5215
    )),.UNSPECIFIED.,.F.,.F.,.F.,(2,2),(2,2),(0.,4.75632654311),(0.1,5.)
  ,.PIECEWISE_BEZIER_KNOTS.);
#5212 = CARTESIAN_POINT('',(1.74367345689,1.802305435635,5.2000001));
#5213 = CARTESIAN_POINT('',(1.74367345689,1.802305435635,10.1000001));
#5214 = CARTESIAN_POINT('',(6.5,1.802305435635,5.2000001));
#5215 = CARTESIAN_POINT('',(6.5,1.802305435635,10.1000001));
#5216 = ADVANCED_FACE('',(#5217),#5227,.F.);
#5217 = FACE_BOUND('',#5218,.F.);
#5218 = EDGE_LOOP('',(#5219,#5220,#5221,#5222));
#5219 = ORIENTED_EDGE('',*,*,#1921,.T.);
#5220 = ORIENTED_EDGE('',*,*,#5204,.F.);
#5221 = ORIENTED_EDGE('',*,*,#2366,.F.);
#5222 = ORIENTED_EDGE('',*,*,#5223,.T.);
#5223 = EDGE_CURVE('',#2367,#1915,#5224,.T.);
#5224 = B_SPLINE_CURVE_WITH_KNOTS('',1,(#5225,#5226),.UNSPECIFIED.,.F.,
  .F.,(2,2),(0.1,5.),.PIECEWISE_BEZIER_KNOTS.);
#5225 = CARTESIAN_POINT('',(1.647529368757,1.729806605009,5.2000001));
#5226 = CARTESIAN_POINT('',(1.647529368757,1.729806605009,10.1000001));
#5227 = ( BOUNDED_SURFACE() B_SPLINE_SURFACE(2,1,(
    (#5228,#5229)
    ,(#5230,#5231)
    ,(#5232,#5233
)),.UNSPECIFIED.,.F.,.F.,.F.) B_SPLINE_SURFACE_WITH_KNOTS((3,3),(2,2),(
    1.570796326795,2.862990788489),(0.1,5.),.PIECEWISE_BEZIER_KNOTS.) 
GEOMETRIC_REPRESENTATION_ITEM() RATIONAL_B_SPLINE_SURFACE((
    (1.,1.)
    ,(0.798439632579,0.798439632579)
,(1.,1.))) REPRESENTATION_ITEM('') SURFACE() );
#5228 = CARTESIAN_POINT('',(1.74367345689,1.802305435635,5.2000001));
#5229 = CARTESIAN_POINT('',(1.74367345689,1.802305435635,10.1000001));
#5230 = CARTESIAN_POINT('',(1.668267020538,1.802305435635,5.2000001));
#5231 = CARTESIAN_POINT('',(1.668267020538,1.802305435635,10.1000001));
#5232 = CARTESIAN_POINT('',(1.647529368757,1.729806605009,5.2000001));
#5233 = CARTESIAN_POINT('',(1.647529368757,1.729806605009,10.1000001));
#5234 = ADVANCED_FACE('',(#5235),#5254,.T.);
#5235 = FACE_BOUND('',#5236,.T.);
#5236 = EDGE_LOOP('',(#5237,#5238,#5246,#5251,#5252,#5253));
#5237 = ORIENTED_EDGE('',*,*,#1914,.F.);
#5238 = ORIENTED_EDGE('',*,*,#5239,.T.);
#5239 = EDGE_CURVE('',#1908,#5240,#5242,.T.);
#5240 = VERTEX_POINT('',#5241);
#5241 = CARTESIAN_POINT('',(1.454813619185,1.056072344505,9.9000001));
#5242 = ( BOUNDED_CURVE() B_SPLINE_CURVE(2,(#5243,#5244,#5245),
.UNSPECIFIED.,.F.,.F.) B_SPLINE_CURVE_WITH_KNOTS((3,3),(1.570796326795,
3.14159265359),.PIECEWISE_BEZIER_KNOTS.) CURVE() 
GEOMETRIC_REPRESENTATION_ITEM() RATIONAL_B_SPLINE_CURVE((1.,
0.707106781187,1.)) REPRESENTATION_ITEM('') );
#5243 = CARTESIAN_POINT('',(1.509815957934,1.248360520772,10.1000001));
#5244 = CARTESIAN_POINT('',(1.454813619185,1.056072344505,10.1000001));
#5245 = CARTESIAN_POINT('',(1.454813619185,1.056072344505,9.9000001));
#5246 = ORIENTED_EDGE('',*,*,#5247,.F.);
#5247 = EDGE_CURVE('',#1870,#5240,#5248,.T.);
#5248 = B_SPLINE_CURVE_WITH_KNOTS('',1,(#5249,#5250),.UNSPECIFIED.,.F.,
  .F.,(2,2),(0.,1.8),.PIECEWISE_BEZIER_KNOTS.);
#5249 = CARTESIAN_POINT('',(1.454813619185,1.056072344505,8.1000001));
#5250 = CARTESIAN_POINT('',(1.454813619185,1.056072344505,9.9000001));
#5251 = ORIENTED_EDGE('',*,*,#2070,.F.);
#5252 = ORIENTED_EDGE('',*,*,#2374,.T.);
#5253 = ORIENTED_EDGE('',*,*,#5223,.T.);
#5254 = B_SPLINE_SURFACE_WITH_KNOTS('',1,1,(
    (#5255,#5256)
    ,(#5257,#5258
    )),.UNSPECIFIED.,.F.,.F.,.F.,(2,2),(2,2),(0.,0.700754745907),(0.1,5.
    ),.PIECEWISE_BEZIER_KNOTS.);
#5255 = CARTESIAN_POINT('',(1.454813619185,1.056072344505,5.2000001));
#5256 = CARTESIAN_POINT('',(1.454813619185,1.056072344505,10.1000001));
#5257 = CARTESIAN_POINT('',(1.647529368757,1.729806605009,5.2000001));
#5258 = CARTESIAN_POINT('',(1.647529368757,1.729806605009,10.1000001));
#5259 = ADVANCED_FACE('',(#5260),#5283,.F.);
#5260 = FACE_BOUND('',#5261,.T.);
#5261 = EDGE_LOOP('',(#5262,#5269,#5275,#5276,#5281,#5282));
#5262 = ORIENTED_EDGE('',*,*,#5263,.T.);
#5263 = EDGE_CURVE('',#1878,#5264,#5266,.T.);
#5264 = VERTEX_POINT('',#5265);
#5265 = CARTESIAN_POINT('',(1.262525442917,1.111074683254,9.9000001));
#5266 = B_SPLINE_CURVE_WITH_KNOTS('',1,(#5267,#5268),.UNSPECIFIED.,.F.,
  .F.,(2,2),(0.,1.8),.PIECEWISE_BEZIER_KNOTS.);
#5267 = CARTESIAN_POINT('',(1.262525442917,1.111074683254,8.1000001));
#5268 = CARTESIAN_POINT('',(1.262525442917,1.111074683254,9.9000001));
#5269 = ORIENTED_EDGE('',*,*,#5270,.T.);
#5270 = EDGE_CURVE('',#5264,#1899,#5271,.T.);
#5271 = ( BOUNDED_CURVE() B_SPLINE_CURVE(2,(#5272,#5273,#5274),
.UNSPECIFIED.,.F.,.F.) B_SPLINE_CURVE_WITH_KNOTS((3,3),(3.14159265359,
4.712388980385),.PIECEWISE_BEZIER_KNOTS.) CURVE() 
GEOMETRIC_REPRESENTATION_ITEM() RATIONAL_B_SPLINE_CURVE((1.,
0.707106781187,1.)) REPRESENTATION_ITEM('') );
#5272 = CARTESIAN_POINT('',(1.262525442917,1.111074683254,9.9000001));
#5273 = CARTESIAN_POINT('',(1.262525442917,1.111074683254,10.1000001));
#5274 = CARTESIAN_POINT('',(1.317527781667,1.303362859521,10.1000001));
#5275 = ORIENTED_EDGE('',*,*,#1898,.T.);
#5276 = ORIENTED_EDGE('',*,*,#5277,.F.);
#5277 = EDGE_CURVE('',#2385,#1901,#5278,.T.);
#5278 = B_SPLINE_CURVE_WITH_KNOTS('',1,(#5279,#5280),.UNSPECIFIED.,.F.,
  .F.,(2,2),(0.1,5.),.PIECEWISE_BEZIER_KNOTS.);
#5279 = CARTESIAN_POINT('',(1.45524119249,1.784808943759,5.2000001));
#5280 = CARTESIAN_POINT('',(1.45524119249,1.784808943759,10.1000001));
#5281 = ORIENTED_EDGE('',*,*,#2384,.F.);
#5282 = ORIENTED_EDGE('',*,*,#2214,.T.);
#5283 = B_SPLINE_SURFACE_WITH_KNOTS('',1,1,(
    (#5284,#5285)
    ,(#5286,#5287
    )),.UNSPECIFIED.,.F.,.F.,.F.,(2,2),(2,2),(0.,0.700754745907),(0.1,5.
    ),.PIECEWISE_BEZIER_KNOTS.);
#5284 = CARTESIAN_POINT('',(1.262525442917,1.111074683254,5.2000001));
#5285 = CARTESIAN_POINT('',(1.262525442917,1.111074683254,10.1000001));
#5286 = CARTESIAN_POINT('',(1.45524119249,1.784808943759,5.2000001));
#5287 = CARTESIAN_POINT('',(1.45524119249,1.784808943759,10.1000001));
#5288 = ADVANCED_FACE('',(#5289),#5295,.T.);
#5289 = FACE_BOUND('',#5290,.T.);
#5290 = EDGE_LOOP('',(#5291,#5292,#5293,#5294));
#5291 = ORIENTED_EDGE('',*,*,#2391,.F.);
#5292 = ORIENTED_EDGE('',*,*,#5277,.T.);
#5293 = ORIENTED_EDGE('',*,*,#2040,.T.);
#5294 = ORIENTED_EDGE('',*,*,#2294,.F.);
#5295 = ( BOUNDED_SURFACE() B_SPLINE_SURFACE(2,1,(
    (#5296,#5297)
    ,(#5298,#5299)
    ,(#5300,#5301
)),.UNSPECIFIED.,.F.,.F.,.F.) B_SPLINE_SURFACE_WITH_KNOTS((3,3),(2,2),(
    1.570796326795,2.862990788489),(0.1,5.),.PIECEWISE_BEZIER_KNOTS.) 
GEOMETRIC_REPRESENTATION_ITEM() RATIONAL_B_SPLINE_SURFACE((
    (1.,1.)
    ,(0.798439632579,0.798439632579)
,(1.,1.))) REPRESENTATION_ITEM('') SURFACE() );
#5296 = CARTESIAN_POINT('',(1.74367345689,2.002305435635,5.2000001));
#5297 = CARTESIAN_POINT('',(1.74367345689,2.002305435635,10.1000001));
#5298 = CARTESIAN_POINT('',(1.517454147832,2.002305435635,5.2000001));
#5299 = CARTESIAN_POINT('',(1.517454147832,2.002305435635,10.1000001));
#5300 = CARTESIAN_POINT('',(1.45524119249,1.784808943759,5.2000001));
#5301 = CARTESIAN_POINT('',(1.45524119249,1.784808943759,10.1000001));
#5302 = ADVANCED_FACE('',(#5303),#5309,.T.);
#5303 = FACE_BOUND('',#5304,.T.);
#5304 = EDGE_LOOP('',(#5305,#5306,#5307,#5308));
#5305 = ORIENTED_EDGE('',*,*,#4007,.F.);
#5306 = ORIENTED_EDGE('',*,*,#2302,.T.);
#5307 = ORIENTED_EDGE('',*,*,#2025,.T.);
#5308 = ORIENTED_EDGE('',*,*,#2238,.F.);
#5309 = ( BOUNDED_SURFACE() B_SPLINE_SURFACE(2,1,(
    (#5310,#5311)
    ,(#5312,#5313)
    ,(#5314,#5315
)),.UNSPECIFIED.,.F.,.F.,.F.) B_SPLINE_SURFACE_WITH_KNOTS((3,3),(2,2),(
    0.,1.570796326795),(0.1,5.),.PIECEWISE_BEZIER_KNOTS.) 
GEOMETRIC_REPRESENTATION_ITEM() RATIONAL_B_SPLINE_SURFACE((
    (1.,1.)
    ,(0.707106781187,0.707106781187)
,(1.,1.))) REPRESENTATION_ITEM('') SURFACE() );
#5310 = CARTESIAN_POINT('',(6.8,1.702305435635,5.2000001));
#5311 = CARTESIAN_POINT('',(6.8,1.702305435635,10.1000001));
#5312 = CARTESIAN_POINT('',(6.8,2.002305435635,5.2000001));
#5313 = CARTESIAN_POINT('',(6.8,2.002305435635,10.1000001));
#5314 = CARTESIAN_POINT('',(6.5,2.002305435635,5.2000001));
#5315 = CARTESIAN_POINT('',(6.5,2.002305435635,10.1000001));
#5316 = ADVANCED_FACE('',(#5317),#5327,.T.);
#5317 = FACE_BOUND('',#5318,.T.);
#5318 = EDGE_LOOP('',(#5319,#5320,#5325,#5326));
#5319 = ORIENTED_EDGE('',*,*,#5247,.T.);
#5320 = ORIENTED_EDGE('',*,*,#5321,.T.);
#5321 = EDGE_CURVE('',#5240,#5264,#5322,.T.);
#5322 = B_SPLINE_CURVE_WITH_KNOTS('',1,(#5323,#5324),.UNSPECIFIED.,.F.,
  .F.,(2,2),(0.,0.2),.PIECEWISE_BEZIER_KNOTS.);
#5323 = CARTESIAN_POINT('',(1.454813619185,1.056072344505,9.9000001));
#5324 = CARTESIAN_POINT('',(1.262525442917,1.111074683254,9.9000001));
#5325 = ORIENTED_EDGE('',*,*,#5263,.F.);
#5326 = ORIENTED_EDGE('',*,*,#1877,.T.);
#5327 = B_SPLINE_SURFACE_WITH_KNOTS('',1,1,(
    (#5328,#5329)
    ,(#5330,#5331
    )),.UNSPECIFIED.,.F.,.F.,.F.,(2,2),(2,2),(-0.2,0.),(0.,1.8),
  .PIECEWISE_BEZIER_KNOTS.);
#5328 = CARTESIAN_POINT('',(1.262525442917,1.111074683254,8.1000001));
#5329 = CARTESIAN_POINT('',(1.262525442917,1.111074683254,9.9000001));
#5330 = CARTESIAN_POINT('',(1.454813619185,1.056072344505,8.1000001));
#5331 = CARTESIAN_POINT('',(1.454813619185,1.056072344505,9.9000001));
#5332 = ADVANCED_FACE('',(#5333),#5370,.F.);
#5333 = FACE_BOUND('',#5334,.T.);
#5334 = EDGE_LOOP('',(#5335,#5344,#5350,#5351,#5358,#5363,#5364));
#5335 = ORIENTED_EDGE('',*,*,#5336,.F.);
#5336 = EDGE_CURVE('',#5337,#5339,#5341,.T.);
#5337 = VERTEX_POINT('',#5338);
#5338 = CARTESIAN_POINT('',(1.93300759643,1.432466891548,10.1000001));
#5339 = VERTEX_POINT('',#5340);
#5340 = CARTESIAN_POINT('',(3.123620602508,1.282664789561,10.1000001));
#5341 = B_SPLINE_CURVE_WITH_KNOTS('',1,(#5342,#5343),.UNSPECIFIED.,.F.,
  .F.,(2,2),(0.2,1.4),.PIECEWISE_BEZIER_KNOTS.);
#5342 = CARTESIAN_POINT('',(1.93300759643,1.432466891548,10.1000001));
#5343 = CARTESIAN_POINT('',(3.123620602508,1.282664789561,10.1000001));
#5344 = ORIENTED_EDGE('',*,*,#5345,.T.);
#5345 = EDGE_CURVE('',#5337,#22,#5346,.T.);
#5346 = ( BOUNDED_CURVE() B_SPLINE_CURVE(2,(#5347,#5348,#5349),
.UNSPECIFIED.,.F.,.F.) B_SPLINE_CURVE_WITH_KNOTS((3,3),(6.210515987194,
6.28318530718),.PIECEWISE_BEZIER_KNOTS.) CURVE() 
GEOMETRIC_REPRESENTATION_ITEM() RATIONAL_B_SPLINE_CURVE((1.,
0.999339968861,1.)) REPRESENTATION_ITEM('') );
#5347 = CARTESIAN_POINT('',(1.93300759643,1.432466891548,10.1000001));
#5348 = CARTESIAN_POINT('',(1.925794335357,1.433374459049,10.1000001));
#5349 = CARTESIAN_POINT('',(1.918561986283,1.43397661238,10.099569574374
    ));
#5350 = ORIENTED_EDGE('',*,*,#21,.T.);
#5351 = ORIENTED_EDGE('',*,*,#5352,.F.);
#5352 = EDGE_CURVE('',#5353,#24,#5355,.T.);
#5353 = VERTEX_POINT('',#5354);
#5354 = CARTESIAN_POINT('',(1.66415891348,0.897796566328,9.304873983074)
  );
#5355 = B_SPLINE_CURVE_WITH_KNOTS('',1,(#5356,#5357),.UNSPECIFIED.,.F.,
  .F.,(2,2),(9.793508379274E-16,0.774873075233),
  .PIECEWISE_BEZIER_KNOTS.);
#5356 = CARTESIAN_POINT('',(1.66415891348,0.897796566328,9.304873983074)
  );
#5357 = CARTESIAN_POINT('',(1.720126485271,1.342621558828,9.936876071421
    ));
#5358 = ORIENTED_EDGE('',*,*,#5359,.T.);
#5359 = EDGE_CURVE('',#5353,#2138,#5360,.T.);
#5360 = B_SPLINE_CURVE_WITH_KNOTS('',1,(#5361,#5362),.UNSPECIFIED.,.F.,
  .F.,(2,2),(0.,1.6),.PIECEWISE_BEZIER_KNOTS.);
#5361 = CARTESIAN_POINT('',(1.66415891348,0.897796566328,9.304873983074)
  );
#5362 = CARTESIAN_POINT('',(3.251642921583,0.698060430345,9.304873983074
    ));
#5363 = ORIENTED_EDGE('',*,*,#2137,.T.);
#5364 = ORIENTED_EDGE('',*,*,#5365,.T.);
#5365 = EDGE_CURVE('',#2131,#5339,#5366,.T.);
#5366 = ( BOUNDED_CURVE() B_SPLINE_CURVE(2,(#5367,#5368,#5369),
.UNSPECIFIED.,.F.,.F.) B_SPLINE_CURVE_WITH_KNOTS((3,3),(4.6397196604,
6.210515987195),.PIECEWISE_BEZIER_KNOTS.) CURVE() 
GEOMETRIC_REPRESENTATION_ITEM() RATIONAL_B_SPLINE_CURVE((1.,
0.707106781187,1.)) REPRESENTATION_ITEM('') );
#5367 = CARTESIAN_POINT('',(3.307610493374,1.142885422846,9.936876071421
    ));
#5368 = CARTESIAN_POINT('',(3.322056103521,1.257697772563,10.1000001));
#5369 = CARTESIAN_POINT('',(3.123620602508,1.282664789561,10.1000001));
#5370 = B_SPLINE_SURFACE_WITH_KNOTS('',1,1,(
    (#5371,#5372)
    ,(#5373,#5374
    )),.UNSPECIFIED.,.F.,.F.,.F.,(2,2),(2,2),(-0.116168604505,
    0.95830691337),(6.619044406943E-18,1.652564997805),
  .PIECEWISE_BEZIER_KNOTS.);
#5371 = CARTESIAN_POINT('',(1.66415891348,0.830231703283,9.210374597073)
  );
#5372 = CARTESIAN_POINT('',(3.308135600811,0.693356944019,9.308236866399
    ));
#5373 = CARTESIAN_POINT('',(1.66415891348,1.455157788253,10.084425526274
    ));
#5374 = CARTESIAN_POINT('',(3.308135600811,1.318283028989,10.1822877956)
  );
#5375 = ADVANCED_FACE('',(#5376),#5398,.T.);
#5376 = FACE_BOUND('',#5377,.T.);
#5377 = EDGE_LOOP('',(#5378,#5387,#5392,#5393));
#5378 = ORIENTED_EDGE('',*,*,#5379,.F.);
#5379 = EDGE_CURVE('',#5380,#5382,#5384,.T.);
#5380 = VERTEX_POINT('',#5381);
#5381 = CARTESIAN_POINT('',(1.953371198402,1.594314883239,9.984282550336
    ));
#5382 = VERTEX_POINT('',#5383);
#5383 = CARTESIAN_POINT('',(3.143984204479,1.444512781253,9.984282550336
    ));
#5384 = B_SPLINE_CURVE_WITH_KNOTS('',1,(#5385,#5386),.UNSPECIFIED.,.F.,
  .F.,(2,2),(0.2,1.4),.PIECEWISE_BEZIER_KNOTS.);
#5385 = CARTESIAN_POINT('',(1.953371198402,1.594314883239,9.984282550336
    ));
#5386 = CARTESIAN_POINT('',(3.143984204479,1.444512781253,9.984282550336
    ));
#5387 = ORIENTED_EDGE('',*,*,#5388,.T.);
#5388 = EDGE_CURVE('',#5380,#5337,#5389,.T.);
#5389 = B_SPLINE_CURVE_WITH_KNOTS('',1,(#5390,#5391),.UNSPECIFIED.,.F.,
  .F.,(2,2),(-0.2,0.),.PIECEWISE_BEZIER_KNOTS.);
#5390 = CARTESIAN_POINT('',(1.953371198402,1.594314883239,9.984282550336
    ));
#5391 = CARTESIAN_POINT('',(1.93300759643,1.432466891548,10.1000001));
#5392 = ORIENTED_EDGE('',*,*,#5336,.T.);
#5393 = ORIENTED_EDGE('',*,*,#5394,.T.);
#5394 = EDGE_CURVE('',#5339,#5382,#5395,.T.);
#5395 = B_SPLINE_CURVE_WITH_KNOTS('',1,(#5396,#5397),.UNSPECIFIED.,.F.,
  .F.,(2,2),(-0.2,-4.52162795459E-17),.PIECEWISE_BEZIER_KNOTS.);
#5396 = CARTESIAN_POINT('',(3.123620602508,1.282664789561,10.1000001));
#5397 = CARTESIAN_POINT('',(3.143984204479,1.444512781253,9.984282550336
    ));
#5398 = B_SPLINE_SURFACE_WITH_KNOTS('',1,1,(
    (#5399,#5400)
    ,(#5401,#5402
    )),.UNSPECIFIED.,.F.,.F.,.F.,(2,2),(2,2),(2.041692805876E-02,
    0.341873639719),(0.178538215249,1.392686003155),
  .PIECEWISE_BEZIER_KNOTS.);
#5399 = CARTESIAN_POINT('',(1.93300759643,1.595163654569,9.985488474603)
  );
#5400 = CARTESIAN_POINT('',(3.143984204479,1.544689174306,9.913774930013
    ));
#5401 = CARTESIAN_POINT('',(1.93300759643,1.332290498494,10.170507720323
    ));
#5402 = CARTESIAN_POINT('',(3.143984204479,1.281816018231,
    10.098794175733));
#5403 = ADVANCED_FACE('',(#5404),#5433,.T.);
#5404 = FACE_BOUND('',#5405,.T.);
#5405 = EDGE_LOOP('',(#5406,#5413,#5414,#5420,#5421,#5427,#5428));
#5406 = ORIENTED_EDGE('',*,*,#5407,.T.);
#5407 = EDGE_CURVE('',#5408,#39,#5410,.T.);
#5408 = VERTEX_POINT('',#5409);
#5409 = CARTESIAN_POINT('',(1.684522515451,1.059644558019,9.18915643341)
  );
#5410 = B_SPLINE_CURVE_WITH_KNOTS('',1,(#5411,#5412),.UNSPECIFIED.,.F.,
  .F.,(2,2),(1.106818152095E-15,0.774873075233),
  .PIECEWISE_BEZIER_KNOTS.);
#5411 = CARTESIAN_POINT('',(1.684522515451,1.059644558019,9.18915643341)
  );
#5412 = CARTESIAN_POINT('',(1.740490087242,1.50446955052,9.821158521757)
  );
#5413 = ORIENTED_EDGE('',*,*,#38,.T.);
#5414 = ORIENTED_EDGE('',*,*,#5415,.T.);
#5415 = EDGE_CURVE('',#32,#5380,#5416,.T.);
#5416 = ( BOUNDED_CURVE() B_SPLINE_CURVE(2,(#5417,#5418,#5419),
.UNSPECIFIED.,.F.,.F.) B_SPLINE_CURVE_WITH_KNOTS((3,3),(0.,
7.266931998498E-02),.PIECEWISE_BEZIER_KNOTS.) CURVE() 
GEOMETRIC_REPRESENTATION_ITEM() RATIONAL_B_SPLINE_CURVE((1.,
0.999339968861,1.)) REPRESENTATION_ITEM('') );
#5417 = CARTESIAN_POINT('',(1.938925588255,1.595824604072,9.98385202471)
  );
#5418 = CARTESIAN_POINT('',(1.946157937329,1.595222450741,9.984282550336
    ));
#5419 = CARTESIAN_POINT('',(1.953371198402,1.594314883239,9.984282550336
    ));
#5420 = ORIENTED_EDGE('',*,*,#5379,.T.);
#5421 = ORIENTED_EDGE('',*,*,#5422,.T.);
#5422 = EDGE_CURVE('',#5382,#2124,#5423,.T.);
#5423 = ( BOUNDED_CURVE() B_SPLINE_CURVE(2,(#5424,#5425,#5426),
.UNSPECIFIED.,.F.,.F.) B_SPLINE_CURVE_WITH_KNOTS((3,3),(
7.266931998498E-02,1.64346564678),.PIECEWISE_BEZIER_KNOTS.) CURVE() 
GEOMETRIC_REPRESENTATION_ITEM() RATIONAL_B_SPLINE_CURVE((1.,
0.707106781187,1.)) REPRESENTATION_ITEM('') );
#5424 = CARTESIAN_POINT('',(3.143984204479,1.444512781253,9.984282550336
    ));
#5425 = CARTESIAN_POINT('',(3.342419705492,1.419545764255,9.984282550336
    ));
#5426 = CARTESIAN_POINT('',(3.327974095345,1.304733414538,9.821158521757
    ));
#5427 = ORIENTED_EDGE('',*,*,#2121,.F.);
#5428 = ORIENTED_EDGE('',*,*,#5429,.F.);
#5429 = EDGE_CURVE('',#5408,#2122,#5430,.T.);
#5430 = B_SPLINE_CURVE_WITH_KNOTS('',1,(#5431,#5432),.UNSPECIFIED.,.F.,
  .F.,(2,2),(0.,1.6),.PIECEWISE_BEZIER_KNOTS.);
#5431 = CARTESIAN_POINT('',(1.684522515451,1.059644558019,9.18915643341)
  );
#5432 = CARTESIAN_POINT('',(3.272006523554,0.859908422037,9.18915643341)
  );
#5433 = B_SPLINE_SURFACE_WITH_KNOTS('',1,1,(
    (#5434,#5435)
    ,(#5436,#5437
    )),.UNSPECIFIED.,.F.,.F.,.F.,(2,2),(2,2),(-0.116168604505,
    0.95830691337),(-2.576449230327E-18,1.652564997805),
  .PIECEWISE_BEZIER_KNOTS.);
#5434 = CARTESIAN_POINT('',(1.684522515451,0.992079694975,9.09465704741)
  );
#5435 = CARTESIAN_POINT('',(3.328499202782,0.855204935711,9.192519316736
    ));
#5436 = CARTESIAN_POINT('',(1.684522515451,1.617005779945,9.96870797661)
  );
#5437 = CARTESIAN_POINT('',(3.328499202782,1.480131020681,
    10.066570245936));
#5438 = ADVANCED_FACE('',(#5439),#5450,.F.);
#5439 = FACE_BOUND('',#5440,.F.);
#5440 = EDGE_LOOP('',(#5441,#5442,#5448,#5449));
#5441 = ORIENTED_EDGE('',*,*,#5429,.F.);
#5442 = ORIENTED_EDGE('',*,*,#5443,.F.);
#5443 = EDGE_CURVE('',#2088,#5408,#5444,.T.);
#5444 = ( BOUNDED_CURVE() B_SPLINE_CURVE(2,(#5445,#5446,#5447),
.UNSPECIFIED.,.F.,.F.) B_SPLINE_CURVE_WITH_KNOTS((3,3),(4.712388980385,
5.329385098847),.PIECEWISE_BEZIER_KNOTS.) CURVE() 
GEOMETRIC_REPRESENTATION_ITEM() RATIONAL_B_SPLINE_CURVE((1.,
0.952790675567,1.)) REPRESENTATION_ITEM('') );
#5445 = CARTESIAN_POINT('',(1.666108855346,0.913294520734,8.726286234756
    ));
#5446 = CARTESIAN_POINT('',(1.666108855346,0.913294520734,8.981224031335
    ));
#5447 = CARTESIAN_POINT('',(1.684522515451,1.059644558019,9.18915643341)
  );
#5448 = ORIENTED_EDGE('',*,*,#2094,.T.);
#5449 = ORIENTED_EDGE('',*,*,#2165,.T.);
#5450 = ( BOUNDED_SURFACE() B_SPLINE_SURFACE(2,1,(
    (#5451,#5452)
    ,(#5453,#5454)
    ,(#5455,#5456
)),.UNSPECIFIED.,.F.,.F.,.F.) B_SPLINE_SURFACE_WITH_KNOTS((3,3),(2,2),(
    2.524596535128,3.14159265359),(-6.661338147751E-16,1.6),
.PIECEWISE_BEZIER_KNOTS.) GEOMETRIC_REPRESENTATION_ITEM() 
RATIONAL_B_SPLINE_SURFACE((
    (1.,1.)
    ,(0.952790675567,0.952790675567)
,(1.,1.))) REPRESENTATION_ITEM('') SURFACE() );
#5451 = CARTESIAN_POINT('',(1.684522515451,1.059644558019,9.18915643341)
  );
#5452 = CARTESIAN_POINT('',(3.272006523554,0.859908422037,9.18915643341)
  );
#5453 = CARTESIAN_POINT('',(1.666108855346,0.913294520734,8.981224031335
    ));
#5454 = CARTESIAN_POINT('',(3.253592863449,0.713558384752,8.981224031335
    ));
#5455 = CARTESIAN_POINT('',(1.666108855346,0.913294520734,8.726286234756
    ));
#5456 = CARTESIAN_POINT('',(3.253592863449,0.713558384752,8.726286234756
    ));
#5457 = ADVANCED_FACE('',(#5458),#5469,.T.);
#5458 = FACE_BOUND('',#5459,.T.);
#5459 = EDGE_LOOP('',(#5460,#5461,#5462,#5468));
#5460 = ORIENTED_EDGE('',*,*,#2144,.T.);
#5461 = ORIENTED_EDGE('',*,*,#5359,.F.);
#5462 = ORIENTED_EDGE('',*,*,#5463,.F.);
#5463 = EDGE_CURVE('',#2181,#5353,#5464,.T.);
#5464 = ( BOUNDED_CURVE() B_SPLINE_CURVE(2,(#5465,#5466,#5467),
.UNSPECIFIED.,.F.,.F.) B_SPLINE_CURVE_WITH_KNOTS((3,3),(0.,
0.616996118462),.PIECEWISE_BEZIER_KNOTS.) CURVE() 
GEOMETRIC_REPRESENTATION_ITEM() RATIONAL_B_SPLINE_CURVE((1.,
0.952790675567,1.)) REPRESENTATION_ITEM('') );
#5465 = CARTESIAN_POINT('',(1.641141838348,0.714859019721,8.726286234756
    ));
#5466 = CARTESIAN_POINT('',(1.641141838348,0.714859019721,9.04495848048)
  );
#5467 = CARTESIAN_POINT('',(1.66415891348,0.897796566328,9.304873983074)
  );
#5468 = ORIENTED_EDGE('',*,*,#2180,.T.);
#5469 = ( BOUNDED_SURFACE() B_SPLINE_SURFACE(2,1,(
    (#5470,#5471)
    ,(#5472,#5473)
    ,(#5474,#5475
)),.UNSPECIFIED.,.F.,.F.,.F.) B_SPLINE_SURFACE_WITH_KNOTS((3,3),(2,2),(
    2.524596535128,3.14159265359),(-6.661338147751E-16,1.6),
.PIECEWISE_BEZIER_KNOTS.) GEOMETRIC_REPRESENTATION_ITEM() 
RATIONAL_B_SPLINE_SURFACE((
    (1.,1.)
    ,(0.952790675567,0.952790675567)
,(1.,1.))) REPRESENTATION_ITEM('') SURFACE() );
#5470 = CARTESIAN_POINT('',(1.66415891348,0.897796566328,9.304873983074)
  );
#5471 = CARTESIAN_POINT('',(3.251642921583,0.698060430345,9.304873983074
    ));
#5472 = CARTESIAN_POINT('',(1.641141838348,0.714859019721,9.04495848048)
  );
#5473 = CARTESIAN_POINT('',(3.228625846451,0.515122883739,9.04495848048)
  );
#5474 = CARTESIAN_POINT('',(1.641141838348,0.714859019721,8.726286234756
    ));
#5475 = CARTESIAN_POINT('',(3.228625846451,0.515122883739,8.726286234756
    ));
#5476 = ADVANCED_FACE('',(#5477),#5487,.F.);
#5477 = FACE_BOUND('',#5478,.T.);
#5478 = EDGE_LOOP('',(#5479,#5480,#5481,#5482,#5483,#5484,#5485,#5486));
#5479 = ORIENTED_EDGE('',*,*,#5352,.T.);
#5480 = ORIENTED_EDGE('',*,*,#46,.T.);
#5481 = ORIENTED_EDGE('',*,*,#5407,.F.);
#5482 = ORIENTED_EDGE('',*,*,#5443,.F.);
#5483 = ORIENTED_EDGE('',*,*,#2087,.F.);
#5484 = ORIENTED_EDGE('',*,*,#1855,.F.);
#5485 = ORIENTED_EDGE('',*,*,#2187,.T.);
#5486 = ORIENTED_EDGE('',*,*,#5463,.T.);
#5487 = B_SPLINE_SURFACE_WITH_KNOTS('',1,1,(
    (#5488,#5489)
    ,(#5490,#5491
    )),.UNSPECIFIED.,.F.,.F.,.F.,(2,2),(2,2),(-0.626286134756,
    1.210589836665),(0.204164046486,1.),.PIECEWISE_BEZIER_KNOTS.);
#5488 = CARTESIAN_POINT('',(1.740490087242,1.50446955052,8.1000001));
#5489 = CARTESIAN_POINT('',(1.641141838348,0.714859019721,8.1000001));
#5490 = CARTESIAN_POINT('',(1.740490087242,1.50446955052,9.936876071421)
  );
#5491 = CARTESIAN_POINT('',(1.641141838348,0.714859019721,9.936876071421
    ));
#5492 = ADVANCED_FACE('',(#5493),#5499,.T.);
#5493 = FACE_BOUND('',#5494,.T.);
#5494 = EDGE_LOOP('',(#5495,#5496,#5497,#5498));
#5495 = ORIENTED_EDGE('',*,*,#5270,.F.);
#5496 = ORIENTED_EDGE('',*,*,#5321,.F.);
#5497 = ORIENTED_EDGE('',*,*,#5239,.F.);
#5498 = ORIENTED_EDGE('',*,*,#1907,.F.);
#5499 = ( BOUNDED_SURFACE() B_SPLINE_SURFACE(2,1,(
    (#5500,#5501)
    ,(#5502,#5503)
    ,(#5504,#5505
)),.UNSPECIFIED.,.F.,.F.,.F.) B_SPLINE_SURFACE_WITH_KNOTS((3,3),(2,2),(
    1.570796326795,3.14159265359),(-5.806484468842,-5.606484468842),
.PIECEWISE_BEZIER_KNOTS.) GEOMETRIC_REPRESENTATION_ITEM() 
RATIONAL_B_SPLINE_SURFACE((
    (1.,1.)
    ,(0.707106781187,0.707106781187)
,(1.,1.))) REPRESENTATION_ITEM('') SURFACE() );
#5500 = CARTESIAN_POINT('',(1.317527781667,1.303362859521,10.1000001));
#5501 = CARTESIAN_POINT('',(1.509815957934,1.248360520772,10.1000001));
#5502 = CARTESIAN_POINT('',(1.262525442917,1.111074683254,10.1000001));
#5503 = CARTESIAN_POINT('',(1.454813619185,1.056072344505,10.1000001));
#5504 = CARTESIAN_POINT('',(1.262525442917,1.111074683254,9.9000001));
#5505 = CARTESIAN_POINT('',(1.454813619185,1.056072344505,9.9000001));
#5506 = ADVANCED_FACE('',(#5507),#5513,.T.);
#5507 = FACE_BOUND('',#5508,.T.);
#5508 = EDGE_LOOP('',(#5509,#5510,#5511,#5512));
#5509 = ORIENTED_EDGE('',*,*,#31,.F.);
#5510 = ORIENTED_EDGE('',*,*,#5345,.F.);
#5511 = ORIENTED_EDGE('',*,*,#5388,.F.);
#5512 = ORIENTED_EDGE('',*,*,#5415,.F.);
#5513 = ( BOUNDED_SURFACE() B_SPLINE_SURFACE(2,1,(
    (#5514,#5515)
    ,(#5516,#5517)
    ,(#5518,#5519
)),.UNSPECIFIED.,.F.,.F.,.F.) B_SPLINE_SURFACE_WITH_KNOTS((3,3),(2,2),(
    0.,7.266931998498E-02),(-0.2,1.796873668654E-16),
.PIECEWISE_BEZIER_KNOTS.) GEOMETRIC_REPRESENTATION_ITEM() 
RATIONAL_B_SPLINE_SURFACE((
    (1.,1.)
    ,(0.999339968861,0.999339968861)
,(1.,1.))) REPRESENTATION_ITEM('') SURFACE() );
#5514 = CARTESIAN_POINT('',(1.918561986283,1.43397661238,10.099569574374
    ));
#5515 = CARTESIAN_POINT('',(1.938925588255,1.595824604072,9.98385202471)
  );
#5516 = CARTESIAN_POINT('',(1.925794335357,1.433374459049,10.1000001));
#5517 = CARTESIAN_POINT('',(1.946157937329,1.595222450741,9.984282550336
    ));
#5518 = CARTESIAN_POINT('',(1.93300759643,1.432466891548,10.1000001));
#5519 = CARTESIAN_POINT('',(1.953371198402,1.594314883239,9.984282550336
    ));
#5520 = ADVANCED_FACE('',(#5521),#5527,.T.);
#5521 = FACE_BOUND('',#5522,.T.);
#5522 = EDGE_LOOP('',(#5523,#5524,#5525,#5526));
#5523 = ORIENTED_EDGE('',*,*,#5422,.F.);
#5524 = ORIENTED_EDGE('',*,*,#5394,.F.);
#5525 = ORIENTED_EDGE('',*,*,#5365,.F.);
#5526 = ORIENTED_EDGE('',*,*,#2130,.F.);
#5527 = ( BOUNDED_SURFACE() B_SPLINE_SURFACE(2,1,(
    (#5528,#5529)
    ,(#5530,#5531)
    ,(#5532,#5533
)),.UNSPECIFIED.,.F.,.F.,.F.) B_SPLINE_SURFACE_WITH_KNOTS((3,3),(2,2),(
    1.49812700681,3.068923333605),(2.082504586568,2.282504586568),
.PIECEWISE_BEZIER_KNOTS.) GEOMETRIC_REPRESENTATION_ITEM() 
RATIONAL_B_SPLINE_SURFACE((
    (1.,1.)
    ,(0.707106781187,0.707106781187)
,(1.,1.))) REPRESENTATION_ITEM('') SURFACE() );
#5528 = CARTESIAN_POINT('',(3.327974095345,1.304733414538,9.821158521757
    ));
#5529 = CARTESIAN_POINT('',(3.307610493374,1.142885422846,9.936876071421
    ));
#5530 = CARTESIAN_POINT('',(3.342419705492,1.419545764255,9.984282550336
    ));
#5531 = CARTESIAN_POINT('',(3.322056103521,1.257697772563,10.1000001));
#5532 = CARTESIAN_POINT('',(3.143984204479,1.444512781253,9.984282550336
    ));
#5533 = CARTESIAN_POINT('',(3.123620602508,1.282664789561,10.1000001));
#5534 = ADVANCED_FACE('',(#5535),#5557,.F.);
#5535 = FACE_BOUND('',#5536,.T.);
#5536 = EDGE_LOOP('',(#5537,#5544,#5551,#5556));
#5537 = ORIENTED_EDGE('',*,*,#5538,.F.);
#5538 = EDGE_CURVE('',#5539,#1781,#5541,.T.);
#5539 = VERTEX_POINT('',#5540);
#5540 = CARTESIAN_POINT('',(4.1,-1.495,0.4000001));
#5541 = B_SPLINE_CURVE_WITH_KNOTS('',1,(#5542,#5543),.UNSPECIFIED.,.F.,
  .F.,(2,2),(0.4,2.85),.PIECEWISE_BEZIER_KNOTS.);
#5542 = CARTESIAN_POINT('',(4.1,-1.495,0.4000001));
#5543 = CARTESIAN_POINT('',(4.1,-1.495,2.8500001));
#5544 = ORIENTED_EDGE('',*,*,#5545,.T.);
#5545 = EDGE_CURVE('',#5539,#5546,#5548,.T.);
#5546 = VERTEX_POINT('',#5547);
#5547 = CARTESIAN_POINT('',(4.1,-1.895,0.4000001));
#5548 = B_SPLINE_CURVE_WITH_KNOTS('',1,(#5549,#5550),.UNSPECIFIED.,.F.,
  .F.,(2,2),(-0.4,0.),.PIECEWISE_BEZIER_KNOTS.);
#5549 = CARTESIAN_POINT('',(4.1,-1.495,0.4000001));
#5550 = CARTESIAN_POINT('',(4.1,-1.895,0.4000001));
#5551 = ORIENTED_EDGE('',*,*,#5552,.T.);
#5552 = EDGE_CURVE('',#5546,#1790,#5553,.T.);
#5553 = B_SPLINE_CURVE_WITH_KNOTS('',1,(#5554,#5555),.UNSPECIFIED.,.F.,
  .F.,(2,2),(0.4,2.85),.PIECEWISE_BEZIER_KNOTS.);
#5554 = CARTESIAN_POINT('',(4.1,-1.895,0.4000001));
#5555 = CARTESIAN_POINT('',(4.1,-1.895,2.8500001));
#5556 = ORIENTED_EDGE('',*,*,#1789,.T.);
#5557 = B_SPLINE_SURFACE_WITH_KNOTS('',1,1,(
    (#5558,#5559)
    ,(#5560,#5561
    )),.UNSPECIFIED.,.F.,.F.,.F.,(2,2),(2,2),(-2.85,-0.4),(-0.4,0.),
  .PIECEWISE_BEZIER_KNOTS.);
#5558 = CARTESIAN_POINT('',(4.1,-1.895,2.8500001));
#5559 = CARTESIAN_POINT('',(4.1,-1.495,2.8500001));
#5560 = CARTESIAN_POINT('',(4.1,-1.895,0.4000001));
#5561 = CARTESIAN_POINT('',(4.1,-1.495,0.4000001));
#5562 = ADVANCED_FACE('',(#5563),#5579,.F.);
#5563 = FACE_BOUND('',#5564,.T.);
#5564 = EDGE_LOOP('',(#5565,#5572,#5577,#5578));
#5565 = ORIENTED_EDGE('',*,*,#5566,.F.);
#5566 = EDGE_CURVE('',#5567,#1783,#5569,.T.);
#5567 = VERTEX_POINT('',#5568);
#5568 = CARTESIAN_POINT('',(5.7,-1.495,0.4000001));
#5569 = B_SPLINE_CURVE_WITH_KNOTS('',1,(#5570,#5571),.UNSPECIFIED.,.F.,
  .F.,(2,2),(0.4,2.85),.PIECEWISE_BEZIER_KNOTS.);
#5570 = CARTESIAN_POINT('',(5.7,-1.495,0.4000001));
#5571 = CARTESIAN_POINT('',(5.7,-1.495,2.8500001));
#5572 = ORIENTED_EDGE('',*,*,#5573,.T.);
#5573 = EDGE_CURVE('',#5567,#5539,#5574,.T.);
#5574 = B_SPLINE_CURVE_WITH_KNOTS('',1,(#5575,#5576),.UNSPECIFIED.,.F.,
  .F.,(2,2),(-1.6,0.),.PIECEWISE_BEZIER_KNOTS.);
#5575 = CARTESIAN_POINT('',(5.7,-1.495,0.4000001));
#5576 = CARTESIAN_POINT('',(4.1,-1.495,0.4000001));
#5577 = ORIENTED_EDGE('',*,*,#5538,.T.);
#5578 = ORIENTED_EDGE('',*,*,#1780,.T.);
#5579 = B_SPLINE_SURFACE_WITH_KNOTS('',1,1,(
    (#5580,#5581)
    ,(#5582,#5583
    )),.UNSPECIFIED.,.F.,.F.,.F.,(2,2),(2,2),(-2.85,-0.4),(-1.6,0.),
  .PIECEWISE_BEZIER_KNOTS.);
#5580 = CARTESIAN_POINT('',(4.1,-1.495,2.8500001));
#5581 = CARTESIAN_POINT('',(5.7,-1.495,2.8500001));
#5582 = CARTESIAN_POINT('',(4.1,-1.495,0.4000001));
#5583 = CARTESIAN_POINT('',(5.7,-1.495,0.4000001));
#5584 = ADVANCED_FACE('',(#5585),#5601,.F.);
#5585 = FACE_BOUND('',#5586,.T.);
#5586 = EDGE_LOOP('',(#5587,#5594,#5599,#5600));
#5587 = ORIENTED_EDGE('',*,*,#5588,.F.);
#5588 = EDGE_CURVE('',#5589,#1797,#5591,.T.);
#5589 = VERTEX_POINT('',#5590);
#5590 = CARTESIAN_POINT('',(5.7,-1.895,0.4000001));
#5591 = B_SPLINE_CURVE_WITH_KNOTS('',1,(#5592,#5593),.UNSPECIFIED.,.F.,
  .F.,(2,2),(0.4,2.85),.PIECEWISE_BEZIER_KNOTS.);
#5592 = CARTESIAN_POINT('',(5.7,-1.895,0.4000001));
#5593 = CARTESIAN_POINT('',(5.7,-1.895,2.8500001));
#5594 = ORIENTED_EDGE('',*,*,#5595,.T.);
#5595 = EDGE_CURVE('',#5589,#5567,#5596,.T.);
#5596 = B_SPLINE_CURVE_WITH_KNOTS('',1,(#5597,#5598),.UNSPECIFIED.,.F.,
  .F.,(2,2),(-0.4,0.),.PIECEWISE_BEZIER_KNOTS.);
#5597 = CARTESIAN_POINT('',(5.7,-1.895,0.4000001));
#5598 = CARTESIAN_POINT('',(5.7,-1.495,0.4000001));
#5599 = ORIENTED_EDGE('',*,*,#5566,.T.);
#5600 = ORIENTED_EDGE('',*,*,#1803,.T.);
#5601 = B_SPLINE_SURFACE_WITH_KNOTS('',1,1,(
    (#5602,#5603)
    ,(#5604,#5605
    )),.UNSPECIFIED.,.F.,.F.,.F.,(2,2),(2,2),(0.4,2.85),(-0.4,0.),
  .PIECEWISE_BEZIER_KNOTS.);
#5602 = CARTESIAN_POINT('',(5.7,-1.895,0.4000001));
#5603 = CARTESIAN_POINT('',(5.7,-1.495,0.4000001));
#5604 = CARTESIAN_POINT('',(5.7,-1.895,2.8500001));
#5605 = CARTESIAN_POINT('',(5.7,-1.495,2.8500001));
#5606 = ADVANCED_FACE('',(#5607),#5617,.F.);
#5607 = FACE_BOUND('',#5608,.T.);
#5608 = EDGE_LOOP('',(#5609,#5610,#5615,#5616));
#5609 = ORIENTED_EDGE('',*,*,#5552,.F.);
#5610 = ORIENTED_EDGE('',*,*,#5611,.T.);
#5611 = EDGE_CURVE('',#5546,#5589,#5612,.T.);
#5612 = B_SPLINE_CURVE_WITH_KNOTS('',1,(#5613,#5614),.UNSPECIFIED.,.F.,
  .F.,(2,2),(-1.6,0.),.PIECEWISE_BEZIER_KNOTS.);
#5613 = CARTESIAN_POINT('',(4.1,-1.895,0.4000001));
#5614 = CARTESIAN_POINT('',(5.7,-1.895,0.4000001));
#5615 = ORIENTED_EDGE('',*,*,#5588,.T.);
#5616 = ORIENTED_EDGE('',*,*,#1796,.T.);
#5617 = B_SPLINE_SURFACE_WITH_KNOTS('',1,1,(
    (#5618,#5619)
    ,(#5620,#5621
    )),.UNSPECIFIED.,.F.,.F.,.F.,(2,2),(2,2),(0.4,2.85),(-1.6,0.),
  .PIECEWISE_BEZIER_KNOTS.);
#5618 = CARTESIAN_POINT('',(4.1,-1.895,0.4000001));
#5619 = CARTESIAN_POINT('',(5.7,-1.895,0.4000001));
#5620 = CARTESIAN_POINT('',(4.1,-1.895,2.8500001));
#5621 = CARTESIAN_POINT('',(5.7,-1.895,2.8500001));
#5622 = ADVANCED_FACE('',(#5623),#5653,.T.);
#5623 = FACE_BOUND('',#5624,.T.);
#5624 = EDGE_LOOP('',(#5625,#5634,#5641,#5648));
#5625 = ORIENTED_EDGE('',*,*,#5626,.T.);
#5626 = EDGE_CURVE('',#5627,#5629,#5631,.T.);
#5627 = VERTEX_POINT('',#5628);
#5628 = CARTESIAN_POINT('',(5.592820323028,-1.602179676972,
    1.000000002804E-07));
#5629 = VERTEX_POINT('',#5630);
#5630 = CARTESIAN_POINT('',(5.592820323028,-1.787820323028,
    1.000000002804E-07));
#5631 = B_SPLINE_CURVE_WITH_KNOTS('',1,(#5632,#5633),.UNSPECIFIED.,.F.,
  .F.,(2,2),(-0.292820323028,-0.107179676972),.PIECEWISE_BEZIER_KNOTS.);
#5632 = CARTESIAN_POINT('',(5.592820323028,-1.602179676972,
    1.000000002804E-07));
#5633 = CARTESIAN_POINT('',(5.592820323028,-1.787820323028,
    1.000000002804E-07));
#5634 = ORIENTED_EDGE('',*,*,#5635,.T.);
#5635 = EDGE_CURVE('',#5629,#5636,#5638,.T.);
#5636 = VERTEX_POINT('',#5637);
#5637 = CARTESIAN_POINT('',(4.207179676972,-1.787820323028,
    1.000000002804E-07));
#5638 = B_SPLINE_CURVE_WITH_KNOTS('',1,(#5639,#5640),.UNSPECIFIED.,.F.,
  .F.,(2,2),(-1.492820323028,-0.107179676972),.PIECEWISE_BEZIER_KNOTS.);
#5639 = CARTESIAN_POINT('',(5.592820323028,-1.787820323028,
    1.000000002804E-07));
#5640 = CARTESIAN_POINT('',(4.207179676972,-1.787820323028,
    1.000000002804E-07));
#5641 = ORIENTED_EDGE('',*,*,#5642,.T.);
#5642 = EDGE_CURVE('',#5636,#5643,#5645,.T.);
#5643 = VERTEX_POINT('',#5644);
#5644 = CARTESIAN_POINT('',(4.207179676972,-1.602179676972,
    1.000000002804E-07));
#5645 = B_SPLINE_CURVE_WITH_KNOTS('',1,(#5646,#5647),.UNSPECIFIED.,.F.,
  .F.,(2,2),(-0.292820323028,-0.107179676972),.PIECEWISE_BEZIER_KNOTS.);
#5646 = CARTESIAN_POINT('',(4.207179676972,-1.787820323028,
    1.000000002804E-07));
#5647 = CARTESIAN_POINT('',(4.207179676972,-1.602179676972,
    1.000000002804E-07));
#5648 = ORIENTED_EDGE('',*,*,#5649,.T.);
#5649 = EDGE_CURVE('',#5643,#5627,#5650,.T.);
#5650 = B_SPLINE_CURVE_WITH_KNOTS('',1,(#5651,#5652),.UNSPECIFIED.,.F.,
  .F.,(2,2),(-1.492820323028,-0.107179676972),.PIECEWISE_BEZIER_KNOTS.);
#5651 = CARTESIAN_POINT('',(4.207179676972,-1.602179676972,
    1.000000002804E-07));
#5652 = CARTESIAN_POINT('',(5.592820323028,-1.602179676972,
    1.000000002804E-07));
#5653 = B_SPLINE_SURFACE_WITH_KNOTS('',1,1,(
    (#5654,#5655)
    ,(#5656,#5657
    )),.UNSPECIFIED.,.F.,.F.,.F.,(2,2),(2,2),(-5.592820323028,
    -4.207179676972),(-1.792820323028,-1.607179676972),
  .PIECEWISE_BEZIER_KNOTS.);
#5654 = CARTESIAN_POINT('',(5.592820323028,-1.787820323028,
    1.000000002804E-07));
#5655 = CARTESIAN_POINT('',(5.592820323028,-1.602179676972,
    1.000000002804E-07));
#5656 = CARTESIAN_POINT('',(4.207179676972,-1.787820323028,
    1.000000002804E-07));
#5657 = CARTESIAN_POINT('',(4.207179676972,-1.602179676972,
    1.000000002804E-07));
#5658 = ADVANCED_FACE('',(#5659),#5673,.T.);
#5659 = FACE_BOUND('',#5660,.T.);
#5660 = EDGE_LOOP('',(#5661,#5666,#5667,#5672));
#5661 = ORIENTED_EDGE('',*,*,#5662,.F.);
#5662 = EDGE_CURVE('',#5539,#5643,#5663,.T.);
#5663 = B_SPLINE_CURVE_WITH_KNOTS('',1,(#5664,#5665),.UNSPECIFIED.,.F.,
  .F.,(2,2),(-2.505628070859E-02,0.402699451353),
  .PIECEWISE_BEZIER_KNOTS.);
#5664 = CARTESIAN_POINT('',(4.1,-1.495,0.4000001));
#5665 = CARTESIAN_POINT('',(4.207179676972,-1.602179676972,
    1.000000002804E-07));
#5666 = ORIENTED_EDGE('',*,*,#5573,.F.);
#5667 = ORIENTED_EDGE('',*,*,#5668,.F.);
#5668 = EDGE_CURVE('',#5627,#5567,#5669,.T.);
#5669 = B_SPLINE_CURVE_WITH_KNOTS('',1,(#5670,#5671),.UNSPECIFIED.,.F.,
  .F.,(2,2),(1.401352759664,1.829108491726),.PIECEWISE_BEZIER_KNOTS.);
#5670 = CARTESIAN_POINT('',(5.592820323028,-1.602179676972,
    9.999999983634E-08));
#5671 = CARTESIAN_POINT('',(5.7,-1.495,0.4000001));
#5672 = ORIENTED_EDGE('',*,*,#5649,.F.);
#5673 = B_SPLINE_SURFACE_WITH_KNOTS('',1,1,(
    (#5674,#5675)
    ,(#5676,#5677
    )),.UNSPECIFIED.,.F.,.F.,.F.,(2,2),(2,2),(-5.7,-4.1),(
    -2.22044604925E-16,0.414110472164),.PIECEWISE_BEZIER_KNOTS.);
#5674 = CARTESIAN_POINT('',(5.7,-1.602179676972,1.000000002804E-07));
#5675 = CARTESIAN_POINT('',(5.7,-1.495,0.4000001));
#5676 = CARTESIAN_POINT('',(4.1,-1.602179676972,1.000000002804E-07));
#5677 = CARTESIAN_POINT('',(4.1,-1.495,0.4000001));
#5678 = ADVANCED_FACE('',(#5679),#5689,.T.);
#5679 = FACE_BOUND('',#5680,.T.);
#5680 = EDGE_LOOP('',(#5681,#5682,#5683,#5688));
#5681 = ORIENTED_EDGE('',*,*,#5668,.T.);
#5682 = ORIENTED_EDGE('',*,*,#5595,.F.);
#5683 = ORIENTED_EDGE('',*,*,#5684,.F.);
#5684 = EDGE_CURVE('',#5629,#5589,#5685,.T.);
#5685 = B_SPLINE_CURVE_WITH_KNOTS('',1,(#5686,#5687),.UNSPECIFIED.,.F.,
  .F.,(2,2),(0.449214092738,0.8769698248),.PIECEWISE_BEZIER_KNOTS.);
#5686 = CARTESIAN_POINT('',(5.592820323028,-1.787820323028,
    1.000000002804E-07));
#5687 = CARTESIAN_POINT('',(5.7,-1.895,0.4000001));
#5688 = ORIENTED_EDGE('',*,*,#5626,.F.);
#5689 = B_SPLINE_SURFACE_WITH_KNOTS('',1,1,(
    (#5690,#5691)
    ,(#5692,#5693
    )),.UNSPECIFIED.,.F.,.F.,.F.,(2,2),(2,2),(-1.9,-1.5),(
    -2.22044604925E-16,0.414110472164),.PIECEWISE_BEZIER_KNOTS.);
#5690 = CARTESIAN_POINT('',(5.592820323028,-1.895,1.000000002804E-07));
#5691 = CARTESIAN_POINT('',(5.7,-1.895,0.4000001));
#5692 = CARTESIAN_POINT('',(5.592820323028,-1.495,1.000000002804E-07));
#5693 = CARTESIAN_POINT('',(5.7,-1.495,0.4000001));
#5694 = ADVANCED_FACE('',(#5695),#5705,.T.);
#5695 = FACE_BOUND('',#5696,.T.);
#5696 = EDGE_LOOP('',(#5697,#5698,#5699,#5704));
#5697 = ORIENTED_EDGE('',*,*,#5662,.T.);
#5698 = ORIENTED_EDGE('',*,*,#5642,.F.);
#5699 = ORIENTED_EDGE('',*,*,#5700,.F.);
#5700 = EDGE_CURVE('',#5546,#5636,#5701,.T.);
#5701 = B_SPLINE_CURVE_WITH_KNOTS('',1,(#5702,#5703),.UNSPECIFIED.,.F.,
  .F.,(2,2),(-0.8769698248,-0.449214092738),.PIECEWISE_BEZIER_KNOTS.);
#5702 = CARTESIAN_POINT('',(4.1,-1.895,0.4000001));
#5703 = CARTESIAN_POINT('',(4.207179676972,-1.787820323028,
    1.000000002804E-07));
#5704 = ORIENTED_EDGE('',*,*,#5545,.F.);
#5705 = B_SPLINE_SURFACE_WITH_KNOTS('',1,1,(
    (#5706,#5707)
    ,(#5708,#5709
    )),.UNSPECIFIED.,.F.,.F.,.F.,(2,2),(2,2),(1.5,1.9),(
    -1.110223024625E-16,0.414110472164),.PIECEWISE_BEZIER_KNOTS.);
#5706 = CARTESIAN_POINT('',(4.207179676972,-1.495,1.000000002804E-07));
#5707 = CARTESIAN_POINT('',(4.1,-1.495,0.4000001));
#5708 = CARTESIAN_POINT('',(4.207179676972,-1.895,1.000000002804E-07));
#5709 = CARTESIAN_POINT('',(4.1,-1.895,0.4000001));
#5710 = ADVANCED_FACE('',(#5711),#5717,.T.);
#5711 = FACE_BOUND('',#5712,.T.);
#5712 = EDGE_LOOP('',(#5713,#5714,#5715,#5716));
#5713 = ORIENTED_EDGE('',*,*,#5684,.T.);
#5714 = ORIENTED_EDGE('',*,*,#5611,.F.);
#5715 = ORIENTED_EDGE('',*,*,#5700,.T.);
#5716 = ORIENTED_EDGE('',*,*,#5635,.F.);
#5717 = B_SPLINE_SURFACE_WITH_KNOTS('',1,1,(
    (#5718,#5719)
    ,(#5720,#5721
    )),.UNSPECIFIED.,.F.,.F.,.F.,(2,2),(2,2),(4.1,5.7),(0.,
    0.414110472164),.PIECEWISE_BEZIER_KNOTS.);
#5718 = CARTESIAN_POINT('',(4.1,-1.787820323028,1.000000002804E-07));
#5719 = CARTESIAN_POINT('',(4.1,-1.895,0.4000001));
#5720 = CARTESIAN_POINT('',(5.7,-1.787820323028,1.000000002804E-07));
#5721 = CARTESIAN_POINT('',(5.7,-1.895,0.4000001));
#5722 = ADVANCED_FACE('',(#5723),#5745,.T.);
#5723 = FACE_BOUND('',#5724,.T.);
#5724 = EDGE_LOOP('',(#5725,#5732,#5739,#5744));
#5725 = ORIENTED_EDGE('',*,*,#5726,.F.);
#5726 = EDGE_CURVE('',#5727,#1697,#5729,.T.);
#5727 = VERTEX_POINT('',#5728);
#5728 = CARTESIAN_POINT('',(-4.1,-1.895,0.4000001));
#5729 = B_SPLINE_CURVE_WITH_KNOTS('',1,(#5730,#5731),.UNSPECIFIED.,.F.,
  .F.,(2,2),(0.4,2.85),.PIECEWISE_BEZIER_KNOTS.);
#5730 = CARTESIAN_POINT('',(-4.1,-1.895,0.4000001));
#5731 = CARTESIAN_POINT('',(-4.1,-1.895,2.8500001));
#5732 = ORIENTED_EDGE('',*,*,#5733,.T.);
#5733 = EDGE_CURVE('',#5727,#5734,#5736,.T.);
#5734 = VERTEX_POINT('',#5735);
#5735 = CARTESIAN_POINT('',(-4.1,-1.495,0.4000001));
#5736 = B_SPLINE_CURVE_WITH_KNOTS('',1,(#5737,#5738),.UNSPECIFIED.,.F.,
  .F.,(2,2),(-0.4,0.),.PIECEWISE_BEZIER_KNOTS.);
#5737 = CARTESIAN_POINT('',(-4.1,-1.895,0.4000001));
#5738 = CARTESIAN_POINT('',(-4.1,-1.495,0.4000001));
#5739 = ORIENTED_EDGE('',*,*,#5740,.T.);
#5740 = EDGE_CURVE('',#5734,#1699,#5741,.T.);
#5741 = B_SPLINE_CURVE_WITH_KNOTS('',1,(#5742,#5743),.UNSPECIFIED.,.F.,
  .F.,(2,2),(0.4,2.85),.PIECEWISE_BEZIER_KNOTS.);
#5742 = CARTESIAN_POINT('',(-4.1,-1.495,0.4000001));
#5743 = CARTESIAN_POINT('',(-4.1,-1.495,2.8500001));
#5744 = ORIENTED_EDGE('',*,*,#1696,.F.);
#5745 = B_SPLINE_SURFACE_WITH_KNOTS('',1,1,(
    (#5746,#5747)
    ,(#5748,#5749
    )),.UNSPECIFIED.,.F.,.F.,.F.,(2,2),(2,2),(-2.85,-0.4),(-0.4,0.),
  .PIECEWISE_BEZIER_KNOTS.);
#5746 = CARTESIAN_POINT('',(-4.1,-1.895,2.8500001));
#5747 = CARTESIAN_POINT('',(-4.1,-1.495,2.8500001));
#5748 = CARTESIAN_POINT('',(-4.1,-1.895,0.4000001));
#5749 = CARTESIAN_POINT('',(-4.1,-1.495,0.4000001));
#5750 = ADVANCED_FACE('',(#5751),#5767,.T.);
#5751 = FACE_BOUND('',#5752,.T.);
#5752 = EDGE_LOOP('',(#5753,#5760,#5765,#5766));
#5753 = ORIENTED_EDGE('',*,*,#5754,.F.);
#5754 = EDGE_CURVE('',#5755,#1713,#5757,.T.);
#5755 = VERTEX_POINT('',#5756);
#5756 = CARTESIAN_POINT('',(-5.7,-1.895,0.4000001));
#5757 = B_SPLINE_CURVE_WITH_KNOTS('',1,(#5758,#5759),.UNSPECIFIED.,.F.,
  .F.,(2,2),(0.4,2.85),.PIECEWISE_BEZIER_KNOTS.);
#5758 = CARTESIAN_POINT('',(-5.7,-1.895,0.4000001));
#5759 = CARTESIAN_POINT('',(-5.7,-1.895,2.8500001));
#5760 = ORIENTED_EDGE('',*,*,#5761,.T.);
#5761 = EDGE_CURVE('',#5755,#5727,#5762,.T.);
#5762 = B_SPLINE_CURVE_WITH_KNOTS('',1,(#5763,#5764),.UNSPECIFIED.,.F.,
  .F.,(2,2),(0.,1.6),.PIECEWISE_BEZIER_KNOTS.);
#5763 = CARTESIAN_POINT('',(-5.7,-1.895,0.4000001));
#5764 = CARTESIAN_POINT('',(-4.1,-1.895,0.4000001));
#5765 = ORIENTED_EDGE('',*,*,#5726,.T.);
#5766 = ORIENTED_EDGE('',*,*,#1719,.F.);
#5767 = B_SPLINE_SURFACE_WITH_KNOTS('',1,1,(
    (#5768,#5769)
    ,(#5770,#5771
    )),.UNSPECIFIED.,.F.,.F.,.F.,(2,2),(2,2),(-2.85,-0.4),(0.,1.6),
  .PIECEWISE_BEZIER_KNOTS.);
#5768 = CARTESIAN_POINT('',(-5.7,-1.895,2.8500001));
#5769 = CARTESIAN_POINT('',(-4.1,-1.895,2.8500001));
#5770 = CARTESIAN_POINT('',(-5.7,-1.895,0.4000001));
#5771 = CARTESIAN_POINT('',(-4.1,-1.895,0.4000001));
#5772 = ADVANCED_FACE('',(#5773),#5789,.T.);
#5773 = FACE_BOUND('',#5774,.T.);
#5774 = EDGE_LOOP('',(#5775,#5782,#5787,#5788));
#5775 = ORIENTED_EDGE('',*,*,#5776,.F.);
#5776 = EDGE_CURVE('',#5777,#1706,#5779,.T.);
#5777 = VERTEX_POINT('',#5778);
#5778 = CARTESIAN_POINT('',(-5.7,-1.495,0.4000001));
#5779 = B_SPLINE_CURVE_WITH_KNOTS('',1,(#5780,#5781),.UNSPECIFIED.,.F.,
  .F.,(2,2),(0.4,2.85),.PIECEWISE_BEZIER_KNOTS.);
#5780 = CARTESIAN_POINT('',(-5.7,-1.495,0.4000001));
#5781 = CARTESIAN_POINT('',(-5.7,-1.495,2.8500001));
#5782 = ORIENTED_EDGE('',*,*,#5783,.T.);
#5783 = EDGE_CURVE('',#5777,#5755,#5784,.T.);
#5784 = B_SPLINE_CURVE_WITH_KNOTS('',1,(#5785,#5786),.UNSPECIFIED.,.F.,
  .F.,(2,2),(0.,0.4),.PIECEWISE_BEZIER_KNOTS.);
#5785 = CARTESIAN_POINT('',(-5.7,-1.495,0.4000001));
#5786 = CARTESIAN_POINT('',(-5.7,-1.895,0.4000001));
#5787 = ORIENTED_EDGE('',*,*,#5754,.T.);
#5788 = ORIENTED_EDGE('',*,*,#1712,.F.);
#5789 = B_SPLINE_SURFACE_WITH_KNOTS('',1,1,(
    (#5790,#5791)
    ,(#5792,#5793
    )),.UNSPECIFIED.,.F.,.F.,.F.,(2,2),(2,2),(0.4,2.85),(-0.4,
    2.22044604925E-16),.PIECEWISE_BEZIER_KNOTS.);
#5790 = CARTESIAN_POINT('',(-5.7,-1.895,0.4000001));
#5791 = CARTESIAN_POINT('',(-5.7,-1.495,0.4000001));
#5792 = CARTESIAN_POINT('',(-5.7,-1.895,2.8500001));
#5793 = CARTESIAN_POINT('',(-5.7,-1.495,2.8500001));
#5794 = ADVANCED_FACE('',(#5795),#5805,.T.);
#5795 = FACE_BOUND('',#5796,.T.);
#5796 = EDGE_LOOP('',(#5797,#5798,#5803,#5804));
#5797 = ORIENTED_EDGE('',*,*,#5740,.F.);
#5798 = ORIENTED_EDGE('',*,*,#5799,.T.);
#5799 = EDGE_CURVE('',#5734,#5777,#5800,.T.);
#5800 = B_SPLINE_CURVE_WITH_KNOTS('',1,(#5801,#5802),.UNSPECIFIED.,.F.,
  .F.,(2,2),(-1.6,0.),.PIECEWISE_BEZIER_KNOTS.);
#5801 = CARTESIAN_POINT('',(-4.1,-1.495,0.4000001));
#5802 = CARTESIAN_POINT('',(-5.7,-1.495,0.4000001));
#5803 = ORIENTED_EDGE('',*,*,#5776,.T.);
#5804 = ORIENTED_EDGE('',*,*,#1705,.F.);
#5805 = B_SPLINE_SURFACE_WITH_KNOTS('',1,1,(
    (#5806,#5807)
    ,(#5808,#5809
    )),.UNSPECIFIED.,.F.,.F.,.F.,(2,2),(2,2),(0.4,2.85),(0.,1.6),
  .PIECEWISE_BEZIER_KNOTS.);
#5806 = CARTESIAN_POINT('',(-5.7,-1.495,0.4000001));
#5807 = CARTESIAN_POINT('',(-4.1,-1.495,0.4000001));
#5808 = CARTESIAN_POINT('',(-5.7,-1.495,2.8500001));
#5809 = CARTESIAN_POINT('',(-4.1,-1.495,2.8500001));
#5810 = ADVANCED_FACE('',(#5811),#5841,.T.);
#5811 = FACE_BOUND('',#5812,.T.);
#5812 = EDGE_LOOP('',(#5813,#5822,#5829,#5836));
#5813 = ORIENTED_EDGE('',*,*,#5814,.T.);
#5814 = EDGE_CURVE('',#5815,#5817,#5819,.T.);
#5815 = VERTEX_POINT('',#5816);
#5816 = CARTESIAN_POINT('',(-5.592820323028,-1.787820323028,
    1.000000002804E-07));
#5817 = VERTEX_POINT('',#5818);
#5818 = CARTESIAN_POINT('',(-5.592820323028,-1.602179676972,
    1.000000002804E-07));
#5819 = B_SPLINE_CURVE_WITH_KNOTS('',1,(#5820,#5821),.UNSPECIFIED.,.F.,
  .F.,(2,2),(-1.792820323028,-1.607179676972),.PIECEWISE_BEZIER_KNOTS.);
#5820 = CARTESIAN_POINT('',(-5.592820323028,-1.787820323028,
    1.000000002804E-07));
#5821 = CARTESIAN_POINT('',(-5.592820323028,-1.602179676972,
    1.000000002804E-07));
#5822 = ORIENTED_EDGE('',*,*,#5823,.T.);
#5823 = EDGE_CURVE('',#5817,#5824,#5826,.T.);
#5824 = VERTEX_POINT('',#5825);
#5825 = CARTESIAN_POINT('',(-4.207179676972,-1.602179676972,
    1.000000002804E-07));
#5826 = B_SPLINE_CURVE_WITH_KNOTS('',1,(#5827,#5828),.UNSPECIFIED.,.F.,
  .F.,(2,2),(-5.592820323028,-4.207179676972),.PIECEWISE_BEZIER_KNOTS.);
#5827 = CARTESIAN_POINT('',(-5.592820323028,-1.602179676972,
    1.000000002804E-07));
#5828 = CARTESIAN_POINT('',(-4.207179676972,-1.602179676972,
    1.000000002804E-07));
#5829 = ORIENTED_EDGE('',*,*,#5830,.T.);
#5830 = EDGE_CURVE('',#5824,#5831,#5833,.T.);
#5831 = VERTEX_POINT('',#5832);
#5832 = CARTESIAN_POINT('',(-4.207179676972,-1.787820323028,
    1.000000002804E-07));
#5833 = B_SPLINE_CURVE_WITH_KNOTS('',1,(#5834,#5835),.UNSPECIFIED.,.F.,
  .F.,(2,2),(1.607179676972,1.792820323028),.PIECEWISE_BEZIER_KNOTS.);
#5834 = CARTESIAN_POINT('',(-4.207179676972,-1.602179676972,
    1.000000002804E-07));
#5835 = CARTESIAN_POINT('',(-4.207179676972,-1.787820323028,
    1.000000002804E-07));
#5836 = ORIENTED_EDGE('',*,*,#5837,.T.);
#5837 = EDGE_CURVE('',#5831,#5815,#5838,.T.);
#5838 = B_SPLINE_CURVE_WITH_KNOTS('',1,(#5839,#5840),.UNSPECIFIED.,.F.,
  .F.,(2,2),(4.207179676972,5.592820323028),.PIECEWISE_BEZIER_KNOTS.);
#5839 = CARTESIAN_POINT('',(-4.207179676972,-1.787820323028,
    1.000000002804E-07));
#5840 = CARTESIAN_POINT('',(-5.592820323028,-1.787820323028,
    1.000000002804E-07));
#5841 = B_SPLINE_SURFACE_WITH_KNOTS('',1,1,(
    (#5842,#5843)
    ,(#5844,#5845
    )),.UNSPECIFIED.,.F.,.F.,.F.,(2,2),(2,2),(-5.592820323028,
    -4.207179676972),(1.607179676972,1.792820323028),
  .PIECEWISE_BEZIER_KNOTS.);
#5842 = CARTESIAN_POINT('',(-5.592820323028,-1.602179676972,
    1.000000002804E-07));
#5843 = CARTESIAN_POINT('',(-5.592820323028,-1.787820323028,
    1.000000002804E-07));
#5844 = CARTESIAN_POINT('',(-4.207179676972,-1.602179676972,
    1.000000002804E-07));
#5845 = CARTESIAN_POINT('',(-4.207179676972,-1.787820323028,
    1.000000002804E-07));
#5846 = ADVANCED_FACE('',(#5847),#5861,.F.);
#5847 = FACE_BOUND('',#5848,.T.);
#5848 = EDGE_LOOP('',(#5849,#5854,#5855,#5860));
#5849 = ORIENTED_EDGE('',*,*,#5850,.F.);
#5850 = EDGE_CURVE('',#5815,#5755,#5851,.T.);
#5851 = B_SPLINE_CURVE_WITH_KNOTS('',1,(#5852,#5853),.UNSPECIFIED.,.F.,
  .F.,(2,2),(-0.427755732062,0.),.PIECEWISE_BEZIER_KNOTS.);
#5852 = CARTESIAN_POINT('',(-5.592820323028,-1.787820323028,
    1.000000002804E-07));
#5853 = CARTESIAN_POINT('',(-5.7,-1.895,0.4000001));
#5854 = ORIENTED_EDGE('',*,*,#5837,.F.);
#5855 = ORIENTED_EDGE('',*,*,#5856,.F.);
#5856 = EDGE_CURVE('',#5727,#5831,#5857,.T.);
#5857 = B_SPLINE_CURVE_WITH_KNOTS('',1,(#5858,#5859),.UNSPECIFIED.,.F.,
  .F.,(2,2),(-0.100225122834,0.327530609228),.PIECEWISE_BEZIER_KNOTS.);
#5858 = CARTESIAN_POINT('',(-4.1,-1.895,0.4000001));
#5859 = CARTESIAN_POINT('',(-4.207179676972,-1.787820323028,
    1.000000002804E-07));
#5860 = ORIENTED_EDGE('',*,*,#5761,.F.);
#5861 = B_SPLINE_SURFACE_WITH_KNOTS('',1,1,(
    (#5862,#5863)
    ,(#5864,#5865
    )),.UNSPECIFIED.,.F.,.F.,.F.,(2,2),(2,2),(0.,1.6),(0.,0.414110472164
    ),.PIECEWISE_BEZIER_KNOTS.);
#5862 = CARTESIAN_POINT('',(-5.7,-1.895,0.4000001));
#5863 = CARTESIAN_POINT('',(-5.7,-1.787820323028,1.000000002804E-07));
#5864 = CARTESIAN_POINT('',(-4.1,-1.895,0.4000001));
#5865 = CARTESIAN_POINT('',(-4.1,-1.787820323028,1.000000002804E-07));
#5866 = ADVANCED_FACE('',(#5867),#5877,.F.);
#5867 = FACE_BOUND('',#5868,.T.);
#5868 = EDGE_LOOP('',(#5869,#5870,#5871,#5876));
#5869 = ORIENTED_EDGE('',*,*,#5856,.T.);
#5870 = ORIENTED_EDGE('',*,*,#5830,.F.);
#5871 = ORIENTED_EDGE('',*,*,#5872,.F.);
#5872 = EDGE_CURVE('',#5734,#5824,#5873,.T.);
#5873 = B_SPLINE_CURVE_WITH_KNOTS('',1,(#5874,#5875),.UNSPECIFIED.,.F.,
  .F.,(2,2),(-0.,0.427755732062),.PIECEWISE_BEZIER_KNOTS.);
#5874 = CARTESIAN_POINT('',(-4.1,-1.495,0.4000001));
#5875 = CARTESIAN_POINT('',(-4.207179676972,-1.602179676972,
    1.000000002804E-07));
#5876 = ORIENTED_EDGE('',*,*,#5733,.F.);
#5877 = B_SPLINE_SURFACE_WITH_KNOTS('',1,1,(
    (#5878,#5879)
    ,(#5880,#5881
    )),.UNSPECIFIED.,.F.,.F.,.F.,(2,2),(2,2),(-0.4,0.),(0.,
    0.414110472164),.PIECEWISE_BEZIER_KNOTS.);
#5878 = CARTESIAN_POINT('',(-4.1,-1.895,0.4000001));
#5879 = CARTESIAN_POINT('',(-4.207179676972,-1.895,1.000000002804E-07));
#5880 = CARTESIAN_POINT('',(-4.1,-1.495,0.4000001));
#5881 = CARTESIAN_POINT('',(-4.207179676972,-1.495,1.000000002804E-07));
#5882 = ADVANCED_FACE('',(#5883),#5893,.F.);
#5883 = FACE_BOUND('',#5884,.T.);
#5884 = EDGE_LOOP('',(#5885,#5886,#5887,#5892));
#5885 = ORIENTED_EDGE('',*,*,#5850,.T.);
#5886 = ORIENTED_EDGE('',*,*,#5783,.F.);
#5887 = ORIENTED_EDGE('',*,*,#5888,.F.);
#5888 = EDGE_CURVE('',#5817,#5777,#5889,.T.);
#5889 = B_SPLINE_CURVE_WITH_KNOTS('',1,(#5890,#5891),.UNSPECIFIED.,.F.,
  .F.,(2,2),(-0.427755732062,0.),.PIECEWISE_BEZIER_KNOTS.);
#5890 = CARTESIAN_POINT('',(-5.592820323028,-1.602179676972,
    1.000000002804E-07));
#5891 = CARTESIAN_POINT('',(-5.7,-1.495,0.4000001));
#5892 = ORIENTED_EDGE('',*,*,#5814,.F.);
#5893 = B_SPLINE_SURFACE_WITH_KNOTS('',1,1,(
    (#5894,#5895)
    ,(#5896,#5897
    )),.UNSPECIFIED.,.F.,.F.,.F.,(2,2),(2,2),(0.,0.4),(0.,0.414110472164
    ),.PIECEWISE_BEZIER_KNOTS.);
#5894 = CARTESIAN_POINT('',(-5.7,-1.495,0.4000001));
#5895 = CARTESIAN_POINT('',(-5.592820323028,-1.495,1.000000002804E-07));
#5896 = CARTESIAN_POINT('',(-5.7,-1.895,0.4000001));
#5897 = CARTESIAN_POINT('',(-5.592820323028,-1.895,1.000000002804E-07));
#5898 = ADVANCED_FACE('',(#5899),#5905,.F.);
#5899 = FACE_BOUND('',#5900,.T.);
#5900 = EDGE_LOOP('',(#5901,#5902,#5903,#5904));
#5901 = ORIENTED_EDGE('',*,*,#5872,.T.);
#5902 = ORIENTED_EDGE('',*,*,#5823,.F.);
#5903 = ORIENTED_EDGE('',*,*,#5888,.T.);
#5904 = ORIENTED_EDGE('',*,*,#5799,.F.);
#5905 = B_SPLINE_SURFACE_WITH_KNOTS('',1,1,(
    (#5906,#5907)
    ,(#5908,#5909
    )),.UNSPECIFIED.,.F.,.F.,.F.,(2,2),(2,2),(-1.6,0.),(-0.,
    0.414110472164),.PIECEWISE_BEZIER_KNOTS.);
#5906 = CARTESIAN_POINT('',(-4.1,-1.495,0.4000001));
#5907 = CARTESIAN_POINT('',(-4.1,-1.602179676972,1.000000002804E-07));
#5908 = CARTESIAN_POINT('',(-5.7,-1.495,0.4000001));
#5909 = CARTESIAN_POINT('',(-5.7,-1.602179676972,1.000000002804E-07));
#5910 = ADVANCED_FACE('',(#5911),#5933,.F.);
#5911 = FACE_BOUND('',#5912,.T.);
#5912 = EDGE_LOOP('',(#5913,#5920,#5927,#5932));
#5913 = ORIENTED_EDGE('',*,*,#5914,.F.);
#5914 = EDGE_CURVE('',#5915,#1811,#5917,.T.);
#5915 = VERTEX_POINT('',#5916);
#5916 = CARTESIAN_POINT('',(-4.1,1.505,0.4000001));
#5917 = B_SPLINE_CURVE_WITH_KNOTS('',1,(#5918,#5919),.UNSPECIFIED.,.F.,
  .F.,(2,2),(0.4,2.85),.PIECEWISE_BEZIER_KNOTS.);
#5918 = CARTESIAN_POINT('',(-4.1,1.505,0.4000001));
#5919 = CARTESIAN_POINT('',(-4.1,1.505,2.8500001));
#5920 = ORIENTED_EDGE('',*,*,#5921,.T.);
#5921 = EDGE_CURVE('',#5915,#5922,#5924,.T.);
#5922 = VERTEX_POINT('',#5923);
#5923 = CARTESIAN_POINT('',(-4.1,1.905,0.4000001));
#5924 = B_SPLINE_CURVE_WITH_KNOTS('',1,(#5925,#5926),.UNSPECIFIED.,.F.,
  .F.,(2,2),(-0.4,0.),.PIECEWISE_BEZIER_KNOTS.);
#5925 = CARTESIAN_POINT('',(-4.1,1.505,0.4000001));
#5926 = CARTESIAN_POINT('',(-4.1,1.905,0.4000001));
#5927 = ORIENTED_EDGE('',*,*,#5928,.T.);
#5928 = EDGE_CURVE('',#5922,#1820,#5929,.T.);
#5929 = B_SPLINE_CURVE_WITH_KNOTS('',1,(#5930,#5931),.UNSPECIFIED.,.F.,
  .F.,(2,2),(0.4,2.85),.PIECEWISE_BEZIER_KNOTS.);
#5930 = CARTESIAN_POINT('',(-4.1,1.905,0.4000001));
#5931 = CARTESIAN_POINT('',(-4.1,1.905,2.8500001));
#5932 = ORIENTED_EDGE('',*,*,#1819,.T.);
#5933 = B_SPLINE_SURFACE_WITH_KNOTS('',1,1,(
    (#5934,#5935)
    ,(#5936,#5937
    )),.UNSPECIFIED.,.F.,.F.,.F.,(2,2),(2,2),(0.4,2.85),(0.,0.4),
  .PIECEWISE_BEZIER_KNOTS.);
#5934 = CARTESIAN_POINT('',(-4.1,1.505,0.4000001));
#5935 = CARTESIAN_POINT('',(-4.1,1.905,0.4000001));
#5936 = CARTESIAN_POINT('',(-4.1,1.505,2.8500001));
#5937 = CARTESIAN_POINT('',(-4.1,1.905,2.8500001));
#5938 = ADVANCED_FACE('',(#5939),#5955,.F.);
#5939 = FACE_BOUND('',#5940,.T.);
#5940 = EDGE_LOOP('',(#5941,#5948,#5953,#5954));
#5941 = ORIENTED_EDGE('',*,*,#5942,.F.);
#5942 = EDGE_CURVE('',#5943,#1813,#5945,.T.);
#5943 = VERTEX_POINT('',#5944);
#5944 = CARTESIAN_POINT('',(-5.7,1.505,0.4000001));
#5945 = B_SPLINE_CURVE_WITH_KNOTS('',1,(#5946,#5947),.UNSPECIFIED.,.F.,
  .F.,(2,2),(0.4,2.85),.PIECEWISE_BEZIER_KNOTS.);
#5946 = CARTESIAN_POINT('',(-5.7,1.505,0.4000001));
#5947 = CARTESIAN_POINT('',(-5.7,1.505,2.8500001));
#5948 = ORIENTED_EDGE('',*,*,#5949,.T.);
#5949 = EDGE_CURVE('',#5943,#5915,#5950,.T.);
#5950 = B_SPLINE_CURVE_WITH_KNOTS('',1,(#5951,#5952),.UNSPECIFIED.,.F.,
  .F.,(2,2),(-1.6,0.),.PIECEWISE_BEZIER_KNOTS.);
#5951 = CARTESIAN_POINT('',(-5.7,1.505,0.4000001));
#5952 = CARTESIAN_POINT('',(-4.1,1.505,0.4000001));
#5953 = ORIENTED_EDGE('',*,*,#5914,.T.);
#5954 = ORIENTED_EDGE('',*,*,#1810,.T.);
#5955 = B_SPLINE_SURFACE_WITH_KNOTS('',1,1,(
    (#5956,#5957)
    ,(#5958,#5959
    )),.UNSPECIFIED.,.F.,.F.,.F.,(2,2),(2,2),(0.4,2.85),(0.,1.6),
  .PIECEWISE_BEZIER_KNOTS.);
#5956 = CARTESIAN_POINT('',(-5.7,1.505,0.4000001));
#5957 = CARTESIAN_POINT('',(-4.1,1.505,0.4000001));
#5958 = CARTESIAN_POINT('',(-5.7,1.505,2.8500001));
#5959 = CARTESIAN_POINT('',(-4.1,1.505,2.8500001));
#5960 = ADVANCED_FACE('',(#5961),#5977,.F.);
#5961 = FACE_BOUND('',#5962,.T.);
#5962 = EDGE_LOOP('',(#5963,#5970,#5975,#5976));
#5963 = ORIENTED_EDGE('',*,*,#5964,.F.);
#5964 = EDGE_CURVE('',#5965,#1827,#5967,.T.);
#5965 = VERTEX_POINT('',#5966);
#5966 = CARTESIAN_POINT('',(-5.7,1.905,0.4000001));
#5967 = B_SPLINE_CURVE_WITH_KNOTS('',1,(#5968,#5969),.UNSPECIFIED.,.F.,
  .F.,(2,2),(0.4,2.85),.PIECEWISE_BEZIER_KNOTS.);
#5968 = CARTESIAN_POINT('',(-5.7,1.905,0.4000001));
#5969 = CARTESIAN_POINT('',(-5.7,1.905,2.8500001));
#5970 = ORIENTED_EDGE('',*,*,#5971,.T.);
#5971 = EDGE_CURVE('',#5965,#5943,#5972,.T.);
#5972 = B_SPLINE_CURVE_WITH_KNOTS('',1,(#5973,#5974),.UNSPECIFIED.,.F.,
  .F.,(2,2),(-0.4,0.),.PIECEWISE_BEZIER_KNOTS.);
#5973 = CARTESIAN_POINT('',(-5.7,1.905,0.4000001));
#5974 = CARTESIAN_POINT('',(-5.7,1.505,0.4000001));
#5975 = ORIENTED_EDGE('',*,*,#5942,.T.);
#5976 = ORIENTED_EDGE('',*,*,#1833,.T.);
#5977 = B_SPLINE_SURFACE_WITH_KNOTS('',1,1,(
    (#5978,#5979)
    ,(#5980,#5981
    )),.UNSPECIFIED.,.F.,.F.,.F.,(2,2),(2,2),(-2.85,-0.4),(0.,0.4),
  .PIECEWISE_BEZIER_KNOTS.);
#5978 = CARTESIAN_POINT('',(-5.7,1.505,2.8500001));
#5979 = CARTESIAN_POINT('',(-5.7,1.905,2.8500001));
#5980 = CARTESIAN_POINT('',(-5.7,1.505,0.4000001));
#5981 = CARTESIAN_POINT('',(-5.7,1.905,0.4000001));
#5982 = ADVANCED_FACE('',(#5983),#5993,.F.);
#5983 = FACE_BOUND('',#5984,.T.);
#5984 = EDGE_LOOP('',(#5985,#5986,#5991,#5992));
#5985 = ORIENTED_EDGE('',*,*,#5928,.F.);
#5986 = ORIENTED_EDGE('',*,*,#5987,.T.);
#5987 = EDGE_CURVE('',#5922,#5965,#5988,.T.);
#5988 = B_SPLINE_CURVE_WITH_KNOTS('',1,(#5989,#5990),.UNSPECIFIED.,.F.,
  .F.,(2,2),(-1.6,0.),.PIECEWISE_BEZIER_KNOTS.);
#5989 = CARTESIAN_POINT('',(-4.1,1.905,0.4000001));
#5990 = CARTESIAN_POINT('',(-5.7,1.905,0.4000001));
#5991 = ORIENTED_EDGE('',*,*,#5964,.T.);
#5992 = ORIENTED_EDGE('',*,*,#1826,.T.);
#5993 = B_SPLINE_SURFACE_WITH_KNOTS('',1,1,(
    (#5994,#5995)
    ,(#5996,#5997
    )),.UNSPECIFIED.,.F.,.F.,.F.,(2,2),(2,2),(-2.85,-0.4),(0.,1.6),
  .PIECEWISE_BEZIER_KNOTS.);
#5994 = CARTESIAN_POINT('',(-5.7,1.905,2.8500001));
#5995 = CARTESIAN_POINT('',(-4.1,1.905,2.8500001));
#5996 = CARTESIAN_POINT('',(-5.7,1.905,0.4000001));
#5997 = CARTESIAN_POINT('',(-4.1,1.905,0.4000001));
#5998 = ADVANCED_FACE('',(#5999),#6029,.T.);
#5999 = FACE_BOUND('',#6000,.T.);
#6000 = EDGE_LOOP('',(#6001,#6010,#6017,#6024));
#6001 = ORIENTED_EDGE('',*,*,#6002,.T.);
#6002 = EDGE_CURVE('',#6003,#6005,#6007,.T.);
#6003 = VERTEX_POINT('',#6004);
#6004 = CARTESIAN_POINT('',(-5.592820323028,1.612179676972,
    1.000000002804E-07));
#6005 = VERTEX_POINT('',#6006);
#6006 = CARTESIAN_POINT('',(-5.592820323028,1.797820323028,
    1.000000002804E-07));
#6007 = B_SPLINE_CURVE_WITH_KNOTS('',1,(#6008,#6009),.UNSPECIFIED.,.F.,
  .F.,(2,2),(-0.292820323028,-0.107179676972),.PIECEWISE_BEZIER_KNOTS.);
#6008 = CARTESIAN_POINT('',(-5.592820323028,1.612179676972,
    1.000000002804E-07));
#6009 = CARTESIAN_POINT('',(-5.592820323028,1.797820323028,
    1.000000002804E-07));
#6010 = ORIENTED_EDGE('',*,*,#6011,.T.);
#6011 = EDGE_CURVE('',#6005,#6012,#6014,.T.);
#6012 = VERTEX_POINT('',#6013);
#6013 = CARTESIAN_POINT('',(-4.207179676972,1.797820323028,
    1.000000002804E-07));
#6014 = B_SPLINE_CURVE_WITH_KNOTS('',1,(#6015,#6016),.UNSPECIFIED.,.F.,
  .F.,(2,2),(-1.492820323028,-0.107179676972),.PIECEWISE_BEZIER_KNOTS.);
#6015 = CARTESIAN_POINT('',(-5.592820323028,1.797820323028,
    1.000000002804E-07));
#6016 = CARTESIAN_POINT('',(-4.207179676972,1.797820323028,
    1.000000002804E-07));
#6017 = ORIENTED_EDGE('',*,*,#6018,.T.);
#6018 = EDGE_CURVE('',#6012,#6019,#6021,.T.);
#6019 = VERTEX_POINT('',#6020);
#6020 = CARTESIAN_POINT('',(-4.207179676972,1.612179676972,
    1.000000002804E-07));
#6021 = B_SPLINE_CURVE_WITH_KNOTS('',1,(#6022,#6023),.UNSPECIFIED.,.F.,
  .F.,(2,2),(-0.292820323028,-0.107179676972),.PIECEWISE_BEZIER_KNOTS.);
#6022 = CARTESIAN_POINT('',(-4.207179676972,1.797820323028,
    1.000000002804E-07));
#6023 = CARTESIAN_POINT('',(-4.207179676972,1.612179676972,
    1.000000002804E-07));
#6024 = ORIENTED_EDGE('',*,*,#6025,.T.);
#6025 = EDGE_CURVE('',#6019,#6003,#6026,.T.);
#6026 = B_SPLINE_CURVE_WITH_KNOTS('',1,(#6027,#6028),.UNSPECIFIED.,.F.,
  .F.,(2,2),(-1.492820323028,-0.107179676972),.PIECEWISE_BEZIER_KNOTS.);
#6027 = CARTESIAN_POINT('',(-4.207179676972,1.612179676972,
    1.000000002804E-07));
#6028 = CARTESIAN_POINT('',(-5.592820323028,1.612179676972,
    1.000000002804E-07));
#6029 = B_SPLINE_SURFACE_WITH_KNOTS('',1,1,(
    (#6030,#6031)
    ,(#6032,#6033
    )),.UNSPECIFIED.,.F.,.F.,.F.,(2,2),(2,2),(-5.592820323028,
    -4.207179676972),(-1.792820323028,-1.607179676972),
  .PIECEWISE_BEZIER_KNOTS.);
#6030 = CARTESIAN_POINT('',(-5.592820323028,1.797820323028,
    1.000000002804E-07));
#6031 = CARTESIAN_POINT('',(-5.592820323028,1.612179676972,
    1.000000002804E-07));
#6032 = CARTESIAN_POINT('',(-4.207179676972,1.797820323028,
    1.000000002804E-07));
#6033 = CARTESIAN_POINT('',(-4.207179676972,1.612179676972,
    1.000000002804E-07));
#6034 = ADVANCED_FACE('',(#6035),#6049,.T.);
#6035 = FACE_BOUND('',#6036,.T.);
#6036 = EDGE_LOOP('',(#6037,#6042,#6043,#6048));
#6037 = ORIENTED_EDGE('',*,*,#6038,.F.);
#6038 = EDGE_CURVE('',#5915,#6019,#6039,.T.);
#6039 = B_SPLINE_CURVE_WITH_KNOTS('',1,(#6040,#6041),.UNSPECIFIED.,.F.,
  .F.,(2,2),(-2.505628070859E-02,0.402699451353),
  .PIECEWISE_BEZIER_KNOTS.);
#6040 = CARTESIAN_POINT('',(-4.1,1.505,0.4000001));
#6041 = CARTESIAN_POINT('',(-4.207179676972,1.612179676972,
    1.000000002804E-07));
#6042 = ORIENTED_EDGE('',*,*,#5949,.F.);
#6043 = ORIENTED_EDGE('',*,*,#6044,.F.);
#6044 = EDGE_CURVE('',#6003,#5943,#6045,.T.);
#6045 = B_SPLINE_CURVE_WITH_KNOTS('',1,(#6046,#6047),.UNSPECIFIED.,.F.,
  .F.,(2,2),(1.401352759664,1.829108491726),.PIECEWISE_BEZIER_KNOTS.);
#6046 = CARTESIAN_POINT('',(-5.592820323028,1.612179676972,
    9.999999983634E-08));
#6047 = CARTESIAN_POINT('',(-5.7,1.505,0.4000001));
#6048 = ORIENTED_EDGE('',*,*,#6025,.F.);
#6049 = B_SPLINE_SURFACE_WITH_KNOTS('',1,1,(
    (#6050,#6051)
    ,(#6052,#6053
    )),.UNSPECIFIED.,.F.,.F.,.F.,(2,2),(2,2),(-5.7,-4.1),(
    -2.22044604925E-16,0.414110472164),.PIECEWISE_BEZIER_KNOTS.);
#6050 = CARTESIAN_POINT('',(-5.7,1.612179676972,1.000000002804E-07));
#6051 = CARTESIAN_POINT('',(-5.7,1.505,0.4000001));
#6052 = CARTESIAN_POINT('',(-4.1,1.612179676972,1.000000002804E-07));
#6053 = CARTESIAN_POINT('',(-4.1,1.505,0.4000001));
#6054 = ADVANCED_FACE('',(#6055),#6065,.T.);
#6055 = FACE_BOUND('',#6056,.T.);
#6056 = EDGE_LOOP('',(#6057,#6058,#6059,#6064));
#6057 = ORIENTED_EDGE('',*,*,#6044,.T.);
#6058 = ORIENTED_EDGE('',*,*,#5971,.F.);
#6059 = ORIENTED_EDGE('',*,*,#6060,.F.);
#6060 = EDGE_CURVE('',#6005,#5965,#6061,.T.);
#6061 = B_SPLINE_CURVE_WITH_KNOTS('',1,(#6062,#6063),.UNSPECIFIED.,.F.,
  .F.,(2,2),(0.449214092738,0.8769698248),.PIECEWISE_BEZIER_KNOTS.);
#6062 = CARTESIAN_POINT('',(-5.592820323028,1.797820323028,
    1.000000002804E-07));
#6063 = CARTESIAN_POINT('',(-5.7,1.905,0.4000001));
#6064 = ORIENTED_EDGE('',*,*,#6002,.F.);
#6065 = B_SPLINE_SURFACE_WITH_KNOTS('',1,1,(
    (#6066,#6067)
    ,(#6068,#6069
    )),.UNSPECIFIED.,.F.,.F.,.F.,(2,2),(2,2),(-1.9,-1.5),(
    -2.22044604925E-16,0.414110472164),.PIECEWISE_BEZIER_KNOTS.);
#6066 = CARTESIAN_POINT('',(-5.592820323028,1.905,1.000000002804E-07));
#6067 = CARTESIAN_POINT('',(-5.7,1.905,0.4000001));
#6068 = CARTESIAN_POINT('',(-5.592820323028,1.505,1.000000002804E-07));
#6069 = CARTESIAN_POINT('',(-5.7,1.505,0.4000001));
#6070 = ADVANCED_FACE('',(#6071),#6081,.T.);
#6071 = FACE_BOUND('',#6072,.T.);
#6072 = EDGE_LOOP('',(#6073,#6074,#6075,#6080));
#6073 = ORIENTED_EDGE('',*,*,#6038,.T.);
#6074 = ORIENTED_EDGE('',*,*,#6018,.F.);
#6075 = ORIENTED_EDGE('',*,*,#6076,.F.);
#6076 = EDGE_CURVE('',#5922,#6012,#6077,.T.);
#6077 = B_SPLINE_CURVE_WITH_KNOTS('',1,(#6078,#6079),.UNSPECIFIED.,.F.,
  .F.,(2,2),(-0.8769698248,-0.449214092738),.PIECEWISE_BEZIER_KNOTS.);
#6078 = CARTESIAN_POINT('',(-4.1,1.905,0.4000001));
#6079 = CARTESIAN_POINT('',(-4.207179676972,1.797820323028,
    1.000000002804E-07));
#6080 = ORIENTED_EDGE('',*,*,#5921,.F.);
#6081 = B_SPLINE_SURFACE_WITH_KNOTS('',1,1,(
    (#6082,#6083)
    ,(#6084,#6085
    )),.UNSPECIFIED.,.F.,.F.,.F.,(2,2),(2,2),(1.5,1.9),(
    -1.110223024625E-16,0.414110472164),.PIECEWISE_BEZIER_KNOTS.);
#6082 = CARTESIAN_POINT('',(-4.207179676972,1.505,1.000000002804E-07));
#6083 = CARTESIAN_POINT('',(-4.1,1.505,0.4000001));
#6084 = CARTESIAN_POINT('',(-4.207179676972,1.905,1.000000002804E-07));
#6085 = CARTESIAN_POINT('',(-4.1,1.905,0.4000001));
#6086 = ADVANCED_FACE('',(#6087),#6093,.T.);
#6087 = FACE_BOUND('',#6088,.T.);
#6088 = EDGE_LOOP('',(#6089,#6090,#6091,#6092));
#6089 = ORIENTED_EDGE('',*,*,#6060,.T.);
#6090 = ORIENTED_EDGE('',*,*,#5987,.F.);
#6091 = ORIENTED_EDGE('',*,*,#6076,.T.);
#6092 = ORIENTED_EDGE('',*,*,#6011,.F.);
#6093 = B_SPLINE_SURFACE_WITH_KNOTS('',1,1,(
    (#6094,#6095)
    ,(#6096,#6097
    )),.UNSPECIFIED.,.F.,.F.,.F.,(2,2),(2,2),(4.1,5.7),(0.,
    0.414110472164),.PIECEWISE_BEZIER_KNOTS.);
#6094 = CARTESIAN_POINT('',(-4.1,1.797820323028,1.000000002804E-07));
#6095 = CARTESIAN_POINT('',(-4.1,1.905,0.4000001));
#6096 = CARTESIAN_POINT('',(-5.7,1.797820323028,1.000000002804E-07));
#6097 = CARTESIAN_POINT('',(-5.7,1.905,0.4000001));
#6098 = ADVANCED_FACE('',(#6099),#6121,.T.);
#6099 = FACE_BOUND('',#6100,.T.);
#6100 = EDGE_LOOP('',(#6101,#6108,#6115,#6120));
#6101 = ORIENTED_EDGE('',*,*,#6102,.F.);
#6102 = EDGE_CURVE('',#6103,#1667,#6105,.T.);
#6103 = VERTEX_POINT('',#6104);
#6104 = CARTESIAN_POINT('',(4.1,1.905,0.4000001));
#6105 = B_SPLINE_CURVE_WITH_KNOTS('',1,(#6106,#6107),.UNSPECIFIED.,.F.,
  .F.,(2,2),(0.4,2.85),.PIECEWISE_BEZIER_KNOTS.);
#6106 = CARTESIAN_POINT('',(4.1,1.905,0.4000001));
#6107 = CARTESIAN_POINT('',(4.1,1.905,2.8500001));
#6108 = ORIENTED_EDGE('',*,*,#6109,.T.);
#6109 = EDGE_CURVE('',#6103,#6110,#6112,.T.);
#6110 = VERTEX_POINT('',#6111);
#6111 = CARTESIAN_POINT('',(4.1,1.505,0.4000001));
#6112 = B_SPLINE_CURVE_WITH_KNOTS('',1,(#6113,#6114),.UNSPECIFIED.,.F.,
  .F.,(2,2),(-0.4,0.),.PIECEWISE_BEZIER_KNOTS.);
#6113 = CARTESIAN_POINT('',(4.1,1.905,0.4000001));
#6114 = CARTESIAN_POINT('',(4.1,1.505,0.4000001));
#6115 = ORIENTED_EDGE('',*,*,#6116,.T.);
#6116 = EDGE_CURVE('',#6110,#1669,#6117,.T.);
#6117 = B_SPLINE_CURVE_WITH_KNOTS('',1,(#6118,#6119),.UNSPECIFIED.,.F.,
  .F.,(2,2),(0.4,2.85),.PIECEWISE_BEZIER_KNOTS.);
#6118 = CARTESIAN_POINT('',(4.1,1.505,0.4000001));
#6119 = CARTESIAN_POINT('',(4.1,1.505,2.8500001));
#6120 = ORIENTED_EDGE('',*,*,#1666,.F.);
#6121 = B_SPLINE_SURFACE_WITH_KNOTS('',1,1,(
    (#6122,#6123)
    ,(#6124,#6125
    )),.UNSPECIFIED.,.F.,.F.,.F.,(2,2),(2,2),(0.4,2.85),(0.,0.4),
  .PIECEWISE_BEZIER_KNOTS.);
#6122 = CARTESIAN_POINT('',(4.1,1.505,0.4000001));
#6123 = CARTESIAN_POINT('',(4.1,1.905,0.4000001));
#6124 = CARTESIAN_POINT('',(4.1,1.505,2.8500001));
#6125 = CARTESIAN_POINT('',(4.1,1.905,2.8500001));
#6126 = ADVANCED_FACE('',(#6127),#6143,.T.);
#6127 = FACE_BOUND('',#6128,.T.);
#6128 = EDGE_LOOP('',(#6129,#6136,#6141,#6142));
#6129 = ORIENTED_EDGE('',*,*,#6130,.F.);
#6130 = EDGE_CURVE('',#6131,#1683,#6133,.T.);
#6131 = VERTEX_POINT('',#6132);
#6132 = CARTESIAN_POINT('',(5.7,1.905,0.4000001));
#6133 = B_SPLINE_CURVE_WITH_KNOTS('',1,(#6134,#6135),.UNSPECIFIED.,.F.,
  .F.,(2,2),(0.4,2.85),.PIECEWISE_BEZIER_KNOTS.);
#6134 = CARTESIAN_POINT('',(5.7,1.905,0.4000001));
#6135 = CARTESIAN_POINT('',(5.7,1.905,2.8500001));
#6136 = ORIENTED_EDGE('',*,*,#6137,.T.);
#6137 = EDGE_CURVE('',#6131,#6103,#6138,.T.);
#6138 = B_SPLINE_CURVE_WITH_KNOTS('',1,(#6139,#6140),.UNSPECIFIED.,.F.,
  .F.,(2,2),(0.,1.6),.PIECEWISE_BEZIER_KNOTS.);
#6139 = CARTESIAN_POINT('',(5.7,1.905,0.4000001));
#6140 = CARTESIAN_POINT('',(4.1,1.905,0.4000001));
#6141 = ORIENTED_EDGE('',*,*,#6102,.T.);
#6142 = ORIENTED_EDGE('',*,*,#1689,.F.);
#6143 = B_SPLINE_SURFACE_WITH_KNOTS('',1,1,(
    (#6144,#6145)
    ,(#6146,#6147
    )),.UNSPECIFIED.,.F.,.F.,.F.,(2,2),(2,2),(0.4,2.85),(-1.6,0.),
  .PIECEWISE_BEZIER_KNOTS.);
#6144 = CARTESIAN_POINT('',(4.1,1.905,0.4000001));
#6145 = CARTESIAN_POINT('',(5.7,1.905,0.4000001));
#6146 = CARTESIAN_POINT('',(4.1,1.905,2.8500001));
#6147 = CARTESIAN_POINT('',(5.7,1.905,2.8500001));
#6148 = ADVANCED_FACE('',(#6149),#6165,.T.);
#6149 = FACE_BOUND('',#6150,.T.);
#6150 = EDGE_LOOP('',(#6151,#6158,#6163,#6164));
#6151 = ORIENTED_EDGE('',*,*,#6152,.F.);
#6152 = EDGE_CURVE('',#6153,#1676,#6155,.T.);
#6153 = VERTEX_POINT('',#6154);
#6154 = CARTESIAN_POINT('',(5.7,1.505,0.4000001));
#6155 = B_SPLINE_CURVE_WITH_KNOTS('',1,(#6156,#6157),.UNSPECIFIED.,.F.,
  .F.,(2,2),(0.4,2.85),.PIECEWISE_BEZIER_KNOTS.);
#6156 = CARTESIAN_POINT('',(5.7,1.505,0.4000001));
#6157 = CARTESIAN_POINT('',(5.7,1.505,2.8500001));
#6158 = ORIENTED_EDGE('',*,*,#6159,.T.);
#6159 = EDGE_CURVE('',#6153,#6131,#6160,.T.);
#6160 = B_SPLINE_CURVE_WITH_KNOTS('',1,(#6161,#6162),.UNSPECIFIED.,.F.,
  .F.,(2,2),(0.,0.4),.PIECEWISE_BEZIER_KNOTS.);
#6161 = CARTESIAN_POINT('',(5.7,1.505,0.4000001));
#6162 = CARTESIAN_POINT('',(5.7,1.905,0.4000001));
#6163 = ORIENTED_EDGE('',*,*,#6130,.T.);
#6164 = ORIENTED_EDGE('',*,*,#1682,.F.);
#6165 = B_SPLINE_SURFACE_WITH_KNOTS('',1,1,(
    (#6166,#6167)
    ,(#6168,#6169
    )),.UNSPECIFIED.,.F.,.F.,.F.,(2,2),(2,2),(-2.85,-0.4),(0.,0.4),
  .PIECEWISE_BEZIER_KNOTS.);
#6166 = CARTESIAN_POINT('',(5.7,1.505,2.8500001));
#6167 = CARTESIAN_POINT('',(5.7,1.905,2.8500001));
#6168 = CARTESIAN_POINT('',(5.7,1.505,0.4000001));
#6169 = CARTESIAN_POINT('',(5.7,1.905,0.4000001));
#6170 = ADVANCED_FACE('',(#6171),#6181,.T.);
#6171 = FACE_BOUND('',#6172,.T.);
#6172 = EDGE_LOOP('',(#6173,#6174,#6179,#6180));
#6173 = ORIENTED_EDGE('',*,*,#6116,.F.);
#6174 = ORIENTED_EDGE('',*,*,#6175,.T.);
#6175 = EDGE_CURVE('',#6110,#6153,#6176,.T.);
#6176 = B_SPLINE_CURVE_WITH_KNOTS('',1,(#6177,#6178),.UNSPECIFIED.,.F.,
  .F.,(2,2),(-1.6,0.),.PIECEWISE_BEZIER_KNOTS.);
#6177 = CARTESIAN_POINT('',(4.1,1.505,0.4000001));
#6178 = CARTESIAN_POINT('',(5.7,1.505,0.4000001));
#6179 = ORIENTED_EDGE('',*,*,#6152,.T.);
#6180 = ORIENTED_EDGE('',*,*,#1675,.F.);
#6181 = B_SPLINE_SURFACE_WITH_KNOTS('',1,1,(
    (#6182,#6183)
    ,(#6184,#6185
    )),.UNSPECIFIED.,.F.,.F.,.F.,(2,2),(2,2),(-2.85,-0.4),(-1.6,0.),
  .PIECEWISE_BEZIER_KNOTS.);
#6182 = CARTESIAN_POINT('',(4.1,1.505,2.8500001));
#6183 = CARTESIAN_POINT('',(5.7,1.505,2.8500001));
#6184 = CARTESIAN_POINT('',(4.1,1.505,0.4000001));
#6185 = CARTESIAN_POINT('',(5.7,1.505,0.4000001));
#6186 = ADVANCED_FACE('',(#6187),#6217,.T.);
#6187 = FACE_BOUND('',#6188,.T.);
#6188 = EDGE_LOOP('',(#6189,#6198,#6205,#6212));
#6189 = ORIENTED_EDGE('',*,*,#6190,.T.);
#6190 = EDGE_CURVE('',#6191,#6193,#6195,.T.);
#6191 = VERTEX_POINT('',#6192);
#6192 = CARTESIAN_POINT('',(5.592820323028,1.797820323028,
    1.000000002804E-07));
#6193 = VERTEX_POINT('',#6194);
#6194 = CARTESIAN_POINT('',(5.592820323028,1.612179676972,
    1.000000002804E-07));
#6195 = B_SPLINE_CURVE_WITH_KNOTS('',1,(#6196,#6197),.UNSPECIFIED.,.F.,
  .F.,(2,2),(-1.792820323028,-1.607179676972),.PIECEWISE_BEZIER_KNOTS.);
#6196 = CARTESIAN_POINT('',(5.592820323028,1.797820323028,
    1.000000002804E-07));
#6197 = CARTESIAN_POINT('',(5.592820323028,1.612179676972,
    1.000000002804E-07));
#6198 = ORIENTED_EDGE('',*,*,#6199,.T.);
#6199 = EDGE_CURVE('',#6193,#6200,#6202,.T.);
#6200 = VERTEX_POINT('',#6201);
#6201 = CARTESIAN_POINT('',(4.207179676972,1.612179676972,
    1.000000002804E-07));
#6202 = B_SPLINE_CURVE_WITH_KNOTS('',1,(#6203,#6204),.UNSPECIFIED.,.F.,
  .F.,(2,2),(-5.592820323028,-4.207179676972),.PIECEWISE_BEZIER_KNOTS.);
#6203 = CARTESIAN_POINT('',(5.592820323028,1.612179676972,
    1.000000002804E-07));
#6204 = CARTESIAN_POINT('',(4.207179676972,1.612179676972,
    1.000000002804E-07));
#6205 = ORIENTED_EDGE('',*,*,#6206,.T.);
#6206 = EDGE_CURVE('',#6200,#6207,#6209,.T.);
#6207 = VERTEX_POINT('',#6208);
#6208 = CARTESIAN_POINT('',(4.207179676972,1.797820323028,
    1.000000002804E-07));
#6209 = B_SPLINE_CURVE_WITH_KNOTS('',1,(#6210,#6211),.UNSPECIFIED.,.F.,
  .F.,(2,2),(1.607179676972,1.792820323028),.PIECEWISE_BEZIER_KNOTS.);
#6210 = CARTESIAN_POINT('',(4.207179676972,1.612179676972,
    1.000000002804E-07));
#6211 = CARTESIAN_POINT('',(4.207179676972,1.797820323028,
    1.000000002804E-07));
#6212 = ORIENTED_EDGE('',*,*,#6213,.T.);
#6213 = EDGE_CURVE('',#6207,#6191,#6214,.T.);
#6214 = B_SPLINE_CURVE_WITH_KNOTS('',1,(#6215,#6216),.UNSPECIFIED.,.F.,
  .F.,(2,2),(4.207179676972,5.592820323028),.PIECEWISE_BEZIER_KNOTS.);
#6215 = CARTESIAN_POINT('',(4.207179676972,1.797820323028,
    1.000000002804E-07));
#6216 = CARTESIAN_POINT('',(5.592820323028,1.797820323028,
    1.000000002804E-07));
#6217 = B_SPLINE_SURFACE_WITH_KNOTS('',1,1,(
    (#6218,#6219)
    ,(#6220,#6221
    )),.UNSPECIFIED.,.F.,.F.,.F.,(2,2),(2,2),(-5.592820323028,
    -4.207179676972),(1.607179676972,1.792820323028),
  .PIECEWISE_BEZIER_KNOTS.);
#6218 = CARTESIAN_POINT('',(5.592820323028,1.612179676972,
    1.000000002804E-07));
#6219 = CARTESIAN_POINT('',(5.592820323028,1.797820323028,
    1.000000002804E-07));
#6220 = CARTESIAN_POINT('',(4.207179676972,1.612179676972,
    1.000000002804E-07));
#6221 = CARTESIAN_POINT('',(4.207179676972,1.797820323028,
    1.000000002804E-07));
#6222 = ADVANCED_FACE('',(#6223),#6237,.F.);
#6223 = FACE_BOUND('',#6224,.T.);
#6224 = EDGE_LOOP('',(#6225,#6230,#6231,#6236));
#6225 = ORIENTED_EDGE('',*,*,#6226,.F.);
#6226 = EDGE_CURVE('',#6191,#6131,#6227,.T.);
#6227 = B_SPLINE_CURVE_WITH_KNOTS('',1,(#6228,#6229),.UNSPECIFIED.,.F.,
  .F.,(2,2),(-0.427755732062,0.),.PIECEWISE_BEZIER_KNOTS.);
#6228 = CARTESIAN_POINT('',(5.592820323028,1.797820323028,
    1.000000002804E-07));
#6229 = CARTESIAN_POINT('',(5.7,1.905,0.4000001));
#6230 = ORIENTED_EDGE('',*,*,#6213,.F.);
#6231 = ORIENTED_EDGE('',*,*,#6232,.F.);
#6232 = EDGE_CURVE('',#6103,#6207,#6233,.T.);
#6233 = B_SPLINE_CURVE_WITH_KNOTS('',1,(#6234,#6235),.UNSPECIFIED.,.F.,
  .F.,(2,2),(-0.100225122834,0.327530609228),.PIECEWISE_BEZIER_KNOTS.);
#6234 = CARTESIAN_POINT('',(4.1,1.905,0.4000001));
#6235 = CARTESIAN_POINT('',(4.207179676972,1.797820323028,
    1.000000002804E-07));
#6236 = ORIENTED_EDGE('',*,*,#6137,.F.);
#6237 = B_SPLINE_SURFACE_WITH_KNOTS('',1,1,(
    (#6238,#6239)
    ,(#6240,#6241
    )),.UNSPECIFIED.,.F.,.F.,.F.,(2,2),(2,2),(0.,1.6),(-0.,
    0.414110472164),.PIECEWISE_BEZIER_KNOTS.);
#6238 = CARTESIAN_POINT('',(5.7,1.905,0.4000001));
#6239 = CARTESIAN_POINT('',(5.7,1.797820323028,1.000000002804E-07));
#6240 = CARTESIAN_POINT('',(4.1,1.905,0.4000001));
#6241 = CARTESIAN_POINT('',(4.1,1.797820323028,1.000000002804E-07));
#6242 = ADVANCED_FACE('',(#6243),#6253,.F.);
#6243 = FACE_BOUND('',#6244,.T.);
#6244 = EDGE_LOOP('',(#6245,#6246,#6247,#6252));
#6245 = ORIENTED_EDGE('',*,*,#6232,.T.);
#6246 = ORIENTED_EDGE('',*,*,#6206,.F.);
#6247 = ORIENTED_EDGE('',*,*,#6248,.F.);
#6248 = EDGE_CURVE('',#6110,#6200,#6249,.T.);
#6249 = B_SPLINE_CURVE_WITH_KNOTS('',1,(#6250,#6251),.UNSPECIFIED.,.F.,
  .F.,(2,2),(0.,0.427755732062),.PIECEWISE_BEZIER_KNOTS.);
#6250 = CARTESIAN_POINT('',(4.1,1.505,0.4000001));
#6251 = CARTESIAN_POINT('',(4.207179676972,1.612179676972,
    1.000000002804E-07));
#6252 = ORIENTED_EDGE('',*,*,#6109,.F.);
#6253 = B_SPLINE_SURFACE_WITH_KNOTS('',1,1,(
    (#6254,#6255)
    ,(#6256,#6257
    )),.UNSPECIFIED.,.F.,.F.,.F.,(2,2),(2,2),(-0.4,0.),(0.,
    0.414110472164),.PIECEWISE_BEZIER_KNOTS.);
#6254 = CARTESIAN_POINT('',(4.1,1.905,0.4000001));
#6255 = CARTESIAN_POINT('',(4.207179676972,1.905,1.000000002804E-07));
#6256 = CARTESIAN_POINT('',(4.1,1.505,0.4000001));
#6257 = CARTESIAN_POINT('',(4.207179676972,1.505,1.000000002804E-07));
#6258 = ADVANCED_FACE('',(#6259),#6269,.F.);
#6259 = FACE_BOUND('',#6260,.T.);
#6260 = EDGE_LOOP('',(#6261,#6262,#6263,#6268));
#6261 = ORIENTED_EDGE('',*,*,#6226,.T.);
#6262 = ORIENTED_EDGE('',*,*,#6159,.F.);
#6263 = ORIENTED_EDGE('',*,*,#6264,.F.);
#6264 = EDGE_CURVE('',#6193,#6153,#6265,.T.);
#6265 = B_SPLINE_CURVE_WITH_KNOTS('',1,(#6266,#6267),.UNSPECIFIED.,.F.,
  .F.,(2,2),(-0.427755732062,0.),.PIECEWISE_BEZIER_KNOTS.);
#6266 = CARTESIAN_POINT('',(5.592820323028,1.612179676972,
    1.000000002804E-07));
#6267 = CARTESIAN_POINT('',(5.7,1.505,0.4000001));
#6268 = ORIENTED_EDGE('',*,*,#6190,.F.);
#6269 = B_SPLINE_SURFACE_WITH_KNOTS('',1,1,(
    (#6270,#6271)
    ,(#6272,#6273
    )),.UNSPECIFIED.,.F.,.F.,.F.,(2,2),(2,2),(0.,0.4),(0.,0.414110472164
    ),.PIECEWISE_BEZIER_KNOTS.);
#6270 = CARTESIAN_POINT('',(5.7,1.505,0.4000001));
#6271 = CARTESIAN_POINT('',(5.592820323028,1.505,1.000000002804E-07));
#6272 = CARTESIAN_POINT('',(5.7,1.905,0.4000001));
#6273 = CARTESIAN_POINT('',(5.592820323028,1.905,1.000000002804E-07));
#6274 = ADVANCED_FACE('',(#6275),#6281,.F.);
#6275 = FACE_BOUND('',#6276,.T.);
#6276 = EDGE_LOOP('',(#6277,#6278,#6279,#6280));
#6277 = ORIENTED_EDGE('',*,*,#6248,.T.);
#6278 = ORIENTED_EDGE('',*,*,#6199,.F.);
#6279 = ORIENTED_EDGE('',*,*,#6264,.T.);
#6280 = ORIENTED_EDGE('',*,*,#6175,.F.);
#6281 = B_SPLINE_SURFACE_WITH_KNOTS('',1,1,(
    (#6282,#6283)
    ,(#6284,#6285
    )),.UNSPECIFIED.,.F.,.F.,.F.,(2,2),(2,2),(-1.6,0.),(0.,
    0.414110472164),.PIECEWISE_BEZIER_KNOTS.);
#6282 = CARTESIAN_POINT('',(4.1,1.505,0.4000001));
#6283 = CARTESIAN_POINT('',(4.1,1.612179676972,1.000000002804E-07));
#6284 = CARTESIAN_POINT('',(5.7,1.505,0.4000001));
#6285 = CARTESIAN_POINT('',(5.7,1.612179676972,1.000000002804E-07));
#6286 = ADVANCED_FACE('',(#6287),#6309,.F.);
#6287 = FACE_BOUND('',#6288,.T.);
#6288 = EDGE_LOOP('',(#6289,#6290,#6297,#6304));
#6289 = ORIENTED_EDGE('',*,*,#734,.T.);
#6290 = ORIENTED_EDGE('',*,*,#6291,.F.);
#6291 = EDGE_CURVE('',#6292,#737,#6294,.T.);
#6292 = VERTEX_POINT('',#6293);
#6293 = CARTESIAN_POINT('',(-4.941273399537,-3.355,4.036240687244));
#6294 = B_SPLINE_CURVE_WITH_KNOTS('',1,(#6295,#6296),.UNSPECIFIED.,.F.,
  .F.,(2,2),(0.,1.E-02),.PIECEWISE_BEZIER_KNOTS.);
#6295 = CARTESIAN_POINT('',(-4.941273399537,-3.355,4.036240687244));
#6296 = CARTESIAN_POINT('',(-4.941273399537,-3.345,4.036240687244));
#6297 = ORIENTED_EDGE('',*,*,#6298,.F.);
#6298 = EDGE_CURVE('',#6299,#6292,#6301,.T.);
#6299 = VERTEX_POINT('',#6300);
#6300 = CARTESIAN_POINT('',(-4.941273399537,-3.355,3.997596351355));
#6301 = B_SPLINE_CURVE_WITH_KNOTS('',1,(#6302,#6303),.UNSPECIFIED.,.F.,
  .F.,(2,2),(-3.864433588964E-02,0.),.PIECEWISE_BEZIER_KNOTS.);
#6302 = CARTESIAN_POINT('',(-4.941273399537,-3.355,3.997596351355));
#6303 = CARTESIAN_POINT('',(-4.941273399537,-3.355,4.036240687244));
#6304 = ORIENTED_EDGE('',*,*,#6305,.T.);
#6305 = EDGE_CURVE('',#6299,#735,#6306,.T.);
#6306 = B_SPLINE_CURVE_WITH_KNOTS('',1,(#6307,#6308),.UNSPECIFIED.,.F.,
  .F.,(2,2),(0.,1.E-02),.PIECEWISE_BEZIER_KNOTS.);
#6307 = CARTESIAN_POINT('',(-4.941273399537,-3.355,3.997596351355));
#6308 = CARTESIAN_POINT('',(-4.941273399537,-3.345,3.997596351355));
#6309 = B_SPLINE_SURFACE_WITH_KNOTS('',1,1,(
    (#6310,#6311)
    ,(#6312,#6313
    )),.UNSPECIFIED.,.F.,.F.,.F.,(2,2),(2,2),(-3.864433588964E-02,0.),(
    0.,1.E-02),.PIECEWISE_BEZIER_KNOTS.);
#6310 = CARTESIAN_POINT('',(-4.941273399537,-3.355,3.997596351355));
#6311 = CARTESIAN_POINT('',(-4.941273399537,-3.345,3.997596351355));
#6312 = CARTESIAN_POINT('',(-4.941273399537,-3.355,4.036240687244));
#6313 = CARTESIAN_POINT('',(-4.941273399537,-3.345,4.036240687244));
#6314 = ADVANCED_FACE('',(#6315),#6331,.F.);
#6315 = FACE_BOUND('',#6316,.T.);
#6316 = EDGE_LOOP('',(#6317,#6318,#6325,#6330));
#6317 = ORIENTED_EDGE('',*,*,#771,.T.);
#6318 = ORIENTED_EDGE('',*,*,#6319,.F.);
#6319 = EDGE_CURVE('',#6320,#765,#6322,.T.);
#6320 = VERTEX_POINT('',#6321);
#6321 = CARTESIAN_POINT('',(-5.076268635674,-3.355,4.036240687244));
#6322 = B_SPLINE_CURVE_WITH_KNOTS('',1,(#6323,#6324),.UNSPECIFIED.,.F.,
  .F.,(2,2),(0.,1.E-02),.PIECEWISE_BEZIER_KNOTS.);
#6323 = CARTESIAN_POINT('',(-5.076268635674,-3.355,4.036240687244));
#6324 = CARTESIAN_POINT('',(-5.076268635674,-3.345,4.036240687244));
#6325 = ORIENTED_EDGE('',*,*,#6326,.F.);
#6326 = EDGE_CURVE('',#6292,#6320,#6327,.T.);
#6327 = B_SPLINE_CURVE_WITH_KNOTS('',1,(#6328,#6329),.UNSPECIFIED.,.F.,
  .F.,(2,2),(-0.134995236136,-0.),.PIECEWISE_BEZIER_KNOTS.);
#6328 = CARTESIAN_POINT('',(-4.941273399537,-3.355,4.036240687244));
#6329 = CARTESIAN_POINT('',(-5.076268635674,-3.355,4.036240687244));
#6330 = ORIENTED_EDGE('',*,*,#6291,.T.);
#6331 = B_SPLINE_SURFACE_WITH_KNOTS('',1,1,(
    (#6332,#6333)
    ,(#6334,#6335
    )),.UNSPECIFIED.,.F.,.F.,.F.,(2,2),(2,2),(-0.134995236136,0.),(0.,
    1.E-02),.PIECEWISE_BEZIER_KNOTS.);
#6332 = CARTESIAN_POINT('',(-4.941273399537,-3.355,4.036240687244));
#6333 = CARTESIAN_POINT('',(-4.941273399537,-3.345,4.036240687244));
#6334 = CARTESIAN_POINT('',(-5.076268635674,-3.355,4.036240687244));
#6335 = CARTESIAN_POINT('',(-5.076268635674,-3.345,4.036240687244));
#6336 = ADVANCED_FACE('',(#6337),#6353,.F.);
#6337 = FACE_BOUND('',#6338,.T.);
#6338 = EDGE_LOOP('',(#6339,#6340,#6347,#6352));
#6339 = ORIENTED_EDGE('',*,*,#764,.T.);
#6340 = ORIENTED_EDGE('',*,*,#6341,.F.);
#6341 = EDGE_CURVE('',#6342,#758,#6344,.T.);
#6342 = VERTEX_POINT('',#6343);
#6343 = CARTESIAN_POINT('',(-5.076268635674,-3.355,4.336557432074));
#6344 = B_SPLINE_CURVE_WITH_KNOTS('',1,(#6345,#6346),.UNSPECIFIED.,.F.,
  .F.,(2,2),(0.,1.E-02),.PIECEWISE_BEZIER_KNOTS.);
#6345 = CARTESIAN_POINT('',(-5.076268635674,-3.355,4.336557432074));
#6346 = CARTESIAN_POINT('',(-5.076268635674,-3.345,4.336557432074));
#6347 = ORIENTED_EDGE('',*,*,#6348,.F.);
#6348 = EDGE_CURVE('',#6320,#6342,#6349,.T.);
#6349 = B_SPLINE_CURVE_WITH_KNOTS('',1,(#6350,#6351),.UNSPECIFIED.,.F.,
  .F.,(2,2),(-0.300316744829,0.),.PIECEWISE_BEZIER_KNOTS.);
#6350 = CARTESIAN_POINT('',(-5.076268635674,-3.355,4.036240687244));
#6351 = CARTESIAN_POINT('',(-5.076268635674,-3.355,4.336557432074));
#6352 = ORIENTED_EDGE('',*,*,#6319,.T.);
#6353 = B_SPLINE_SURFACE_WITH_KNOTS('',1,1,(
    (#6354,#6355)
    ,(#6356,#6357
    )),.UNSPECIFIED.,.F.,.F.,.F.,(2,2),(2,2),(-0.300316744829,
    4.440892098501E-16),(0.,1.E-02),.PIECEWISE_BEZIER_KNOTS.);
#6354 = CARTESIAN_POINT('',(-5.076268635674,-3.355,4.036240687244));
#6355 = CARTESIAN_POINT('',(-5.076268635674,-3.345,4.036240687244));
#6356 = CARTESIAN_POINT('',(-5.076268635674,-3.355,4.336557432074));
#6357 = CARTESIAN_POINT('',(-5.076268635674,-3.345,4.336557432074));
#6358 = ADVANCED_FACE('',(#6359),#6375,.F.);
#6359 = FACE_BOUND('',#6360,.T.);
#6360 = EDGE_LOOP('',(#6361,#6362,#6369,#6374));
#6361 = ORIENTED_EDGE('',*,*,#757,.T.);
#6362 = ORIENTED_EDGE('',*,*,#6363,.F.);
#6363 = EDGE_CURVE('',#6364,#751,#6366,.T.);
#6364 = VERTEX_POINT('',#6365);
#6365 = CARTESIAN_POINT('',(-5.120025114652,-3.355,4.336557432074));
#6366 = B_SPLINE_CURVE_WITH_KNOTS('',1,(#6367,#6368),.UNSPECIFIED.,.F.,
  .F.,(2,2),(0.,1.E-02),.PIECEWISE_BEZIER_KNOTS.);
#6367 = CARTESIAN_POINT('',(-5.120025114652,-3.355,4.336557432074));
#6368 = CARTESIAN_POINT('',(-5.120025114652,-3.345,4.336557432074));
#6369 = ORIENTED_EDGE('',*,*,#6370,.F.);
#6370 = EDGE_CURVE('',#6342,#6364,#6371,.T.);
#6371 = B_SPLINE_CURVE_WITH_KNOTS('',1,(#6372,#6373),.UNSPECIFIED.,.F.,
  .F.,(2,2),(-4.375647897816E-02,-0.),.PIECEWISE_BEZIER_KNOTS.);
#6372 = CARTESIAN_POINT('',(-5.076268635674,-3.355,4.336557432074));
#6373 = CARTESIAN_POINT('',(-5.120025114652,-3.355,4.336557432074));
#6374 = ORIENTED_EDGE('',*,*,#6341,.T.);
#6375 = B_SPLINE_SURFACE_WITH_KNOTS('',1,1,(
    (#6376,#6377)
    ,(#6378,#6379
    )),.UNSPECIFIED.,.F.,.F.,.F.,(2,2),(2,2),(-4.375647897816E-02,0.),(
    0.,1.E-02),.PIECEWISE_BEZIER_KNOTS.);
#6376 = CARTESIAN_POINT('',(-5.076268635674,-3.355,4.336557432074));
#6377 = CARTESIAN_POINT('',(-5.076268635674,-3.345,4.336557432074));
#6378 = CARTESIAN_POINT('',(-5.120025114652,-3.355,4.336557432074));
#6379 = CARTESIAN_POINT('',(-5.120025114652,-3.345,4.336557432074));
#6380 = ADVANCED_FACE('',(#6381),#6397,.F.);
#6381 = FACE_BOUND('',#6382,.T.);
#6382 = EDGE_LOOP('',(#6383,#6384,#6391,#6396));
#6383 = ORIENTED_EDGE('',*,*,#750,.T.);
#6384 = ORIENTED_EDGE('',*,*,#6385,.F.);
#6385 = EDGE_CURVE('',#6386,#744,#6388,.T.);
#6386 = VERTEX_POINT('',#6387);
#6387 = CARTESIAN_POINT('',(-5.120025114652,-3.355,3.997596351355));
#6388 = B_SPLINE_CURVE_WITH_KNOTS('',1,(#6389,#6390),.UNSPECIFIED.,.F.,
  .F.,(2,2),(0.,1.E-02),.PIECEWISE_BEZIER_KNOTS.);
#6389 = CARTESIAN_POINT('',(-5.120025114652,-3.355,3.997596351355));
#6390 = CARTESIAN_POINT('',(-5.120025114652,-3.345,3.997596351355));
#6391 = ORIENTED_EDGE('',*,*,#6392,.F.);
#6392 = EDGE_CURVE('',#6364,#6386,#6393,.T.);
#6393 = B_SPLINE_CURVE_WITH_KNOTS('',1,(#6394,#6395),.UNSPECIFIED.,.F.,
  .F.,(2,2),(-0.338961080719,-0.),.PIECEWISE_BEZIER_KNOTS.);
#6394 = CARTESIAN_POINT('',(-5.120025114652,-3.355,4.336557432074));
#6395 = CARTESIAN_POINT('',(-5.120025114652,-3.355,3.997596351355));
#6396 = ORIENTED_EDGE('',*,*,#6363,.T.);
#6397 = B_SPLINE_SURFACE_WITH_KNOTS('',1,1,(
    (#6398,#6399)
    ,(#6400,#6401
    )),.UNSPECIFIED.,.F.,.F.,.F.,(2,2),(2,2),(-0.338961080719,0.),(0.,
    1.E-02),.PIECEWISE_BEZIER_KNOTS.);
#6398 = CARTESIAN_POINT('',(-5.120025114652,-3.355,4.336557432074));
#6399 = CARTESIAN_POINT('',(-5.120025114652,-3.345,4.336557432074));
#6400 = CARTESIAN_POINT('',(-5.120025114652,-3.355,3.997596351355));
#6401 = CARTESIAN_POINT('',(-5.120025114652,-3.345,3.997596351355));
#6402 = ADVANCED_FACE('',(#6403),#6413,.F.);
#6403 = FACE_BOUND('',#6404,.T.);
#6404 = EDGE_LOOP('',(#6405,#6406,#6407,#6412));
#6405 = ORIENTED_EDGE('',*,*,#743,.T.);
#6406 = ORIENTED_EDGE('',*,*,#6305,.F.);
#6407 = ORIENTED_EDGE('',*,*,#6408,.F.);
#6408 = EDGE_CURVE('',#6386,#6299,#6409,.T.);
#6409 = B_SPLINE_CURVE_WITH_KNOTS('',1,(#6410,#6411),.UNSPECIFIED.,.F.,
  .F.,(2,2),(-0.178751715114,0.),.PIECEWISE_BEZIER_KNOTS.);
#6410 = CARTESIAN_POINT('',(-5.120025114652,-3.355,3.997596351355));
#6411 = CARTESIAN_POINT('',(-4.941273399537,-3.355,3.997596351355));
#6412 = ORIENTED_EDGE('',*,*,#6385,.T.);
#6413 = B_SPLINE_SURFACE_WITH_KNOTS('',1,1,(
    (#6414,#6415)
    ,(#6416,#6417
    )),.UNSPECIFIED.,.F.,.F.,.F.,(2,2),(2,2),(-0.178751715114,0.),(0.,
    1.E-02),.PIECEWISE_BEZIER_KNOTS.);
#6414 = CARTESIAN_POINT('',(-5.120025114652,-3.355,3.997596351355));
#6415 = CARTESIAN_POINT('',(-5.120025114652,-3.345,3.997596351355));
#6416 = CARTESIAN_POINT('',(-4.941273399537,-3.355,3.997596351355));
#6417 = CARTESIAN_POINT('',(-4.941273399537,-3.345,3.997596351355));
#6418 = ADVANCED_FACE('',(#6419),#6427,.F.);
#6419 = FACE_BOUND('',#6420,.T.);
#6420 = EDGE_LOOP('',(#6421,#6422,#6423,#6424,#6425,#6426));
#6421 = ORIENTED_EDGE('',*,*,#6298,.T.);
#6422 = ORIENTED_EDGE('',*,*,#6326,.T.);
#6423 = ORIENTED_EDGE('',*,*,#6348,.T.);
#6424 = ORIENTED_EDGE('',*,*,#6370,.T.);
#6425 = ORIENTED_EDGE('',*,*,#6392,.T.);
#6426 = ORIENTED_EDGE('',*,*,#6408,.T.);
#6427 = B_SPLINE_SURFACE_WITH_KNOTS('',1,1,(
    (#6428,#6429)
    ,(#6430,#6431
    )),.UNSPECIFIED.,.F.,.F.,.F.,(2,2),(2,2),(1.147596251355,
    1.486557332074),(-5.120025114652,-4.941273399537),
  .PIECEWISE_BEZIER_KNOTS.);
#6428 = CARTESIAN_POINT('',(-5.120025114652,-3.355,3.997596351355));
#6429 = CARTESIAN_POINT('',(-4.941273399537,-3.355,3.997596351355));
#6430 = CARTESIAN_POINT('',(-5.120025114652,-3.355,4.336557432074));
#6431 = CARTESIAN_POINT('',(-4.941273399537,-3.355,4.336557432074));
#6432 = ADVANCED_FACE('',(#6433),#6457,.F.);
#6433 = FACE_BOUND('',#6434,.F.);
#6434 = EDGE_LOOP('',(#6435,#6442,#6451,#6456));
#6435 = ORIENTED_EDGE('',*,*,#6436,.F.);
#6436 = EDGE_CURVE('',#6437,#581,#6439,.T.);
#6437 = VERTEX_POINT('',#6438);
#6438 = CARTESIAN_POINT('',(-4.767460534527,-3.355,3.991877682814));
#6439 = B_SPLINE_CURVE_WITH_KNOTS('',1,(#6440,#6441),.UNSPECIFIED.,.F.,
  .F.,(2,2),(0.,1.E-02),.PIECEWISE_BEZIER_KNOTS.);
#6440 = CARTESIAN_POINT('',(-4.767460534527,-3.355,3.991877682814));
#6441 = CARTESIAN_POINT('',(-4.767460534527,-3.345,3.991877682814));
#6442 = ORIENTED_EDGE('',*,*,#6443,.T.);
#6443 = EDGE_CURVE('',#6437,#6444,#6446,.T.);
#6444 = VERTEX_POINT('',#6445);
#6445 = CARTESIAN_POINT('',(-4.673622382579,-3.355,4.011633083225));
#6446 = B_SPLINE_CURVE_WITH_KNOTS('',3,(#6447,#6448,#6449,#6450),
  .UNSPECIFIED.,.F.,.F.,(4,4),(0.,1.),.PIECEWISE_BEZIER_KNOTS.);
#6447 = CARTESIAN_POINT('',(-4.767460534527,-3.355,3.991877682814));
#6448 = CARTESIAN_POINT('',(-4.729855956554,-3.355,3.991877682814));
#6449 = CARTESIAN_POINT('',(-4.698576572571,-3.355,3.998462816284));
#6450 = CARTESIAN_POINT('',(-4.673622382579,-3.355,4.011633083225));
#6451 = ORIENTED_EDGE('',*,*,#6452,.T.);
#6452 = EDGE_CURVE('',#6444,#583,#6453,.T.);
#6453 = B_SPLINE_CURVE_WITH_KNOTS('',1,(#6454,#6455),.UNSPECIFIED.,.F.,
  .F.,(2,2),(0.,1.E-02),.PIECEWISE_BEZIER_KNOTS.);
#6454 = CARTESIAN_POINT('',(-4.673622382579,-3.355,4.011633083225));
#6455 = CARTESIAN_POINT('',(-4.673622382579,-3.345,4.011633083225));
#6456 = ORIENTED_EDGE('',*,*,#580,.F.);
#6457 = B_SPLINE_SURFACE_WITH_KNOTS('',3,1,(
    (#6458,#6459)
    ,(#6460,#6461)
    ,(#6462,#6463)
    ,(#6464,#6465
    )),.UNSPECIFIED.,.F.,.F.,.F.,(4,4),(2,2),(0.,1.),(0.,1.),
  .PIECEWISE_BEZIER_KNOTS.);
#6458 = CARTESIAN_POINT('',(-4.767460534527,-3.355,3.991877682814));
#6459 = CARTESIAN_POINT('',(-4.767460534527,-3.345,3.991877682814));
#6460 = CARTESIAN_POINT('',(-4.729855956554,-3.355,3.991877682814));
#6461 = CARTESIAN_POINT('',(-4.729855956554,-3.345,3.991877682814));
#6462 = CARTESIAN_POINT('',(-4.698576572571,-3.355,3.998462816284));
#6463 = CARTESIAN_POINT('',(-4.698576572571,-3.345,3.998462816284));
#6464 = CARTESIAN_POINT('',(-4.673622382579,-3.355,4.011633083225));
#6465 = CARTESIAN_POINT('',(-4.673622382579,-3.345,4.011633083225));
#6466 = ADVANCED_FACE('',(#6467),#6483,.F.);
#6467 = FACE_BOUND('',#6468,.T.);
#6468 = EDGE_LOOP('',(#6469,#6470,#6477,#6482));
#6469 = ORIENTED_EDGE('',*,*,#697,.T.);
#6470 = ORIENTED_EDGE('',*,*,#6471,.F.);
#6471 = EDGE_CURVE('',#6472,#689,#6474,.T.);
#6472 = VERTEX_POINT('',#6473);
#6473 = CARTESIAN_POINT('',(-4.673622382579,-3.355,4.053569985851));
#6474 = B_SPLINE_CURVE_WITH_KNOTS('',1,(#6475,#6476),.UNSPECIFIED.,.F.,
  .F.,(2,2),(0.,1.E-02),.PIECEWISE_BEZIER_KNOTS.);
#6475 = CARTESIAN_POINT('',(-4.673622382579,-3.355,4.053569985851));
#6476 = CARTESIAN_POINT('',(-4.673622382579,-3.345,4.053569985851));
#6477 = ORIENTED_EDGE('',*,*,#6478,.F.);
#6478 = EDGE_CURVE('',#6444,#6472,#6479,.T.);
#6479 = B_SPLINE_CURVE_WITH_KNOTS('',1,(#6480,#6481),.UNSPECIFIED.,.F.,
  .F.,(2,2),(-4.193690262551E-02,0.),.PIECEWISE_BEZIER_KNOTS.);
#6480 = CARTESIAN_POINT('',(-4.673622382579,-3.355,4.011633083225));
#6481 = CARTESIAN_POINT('',(-4.673622382579,-3.355,4.053569985851));
#6482 = ORIENTED_EDGE('',*,*,#6452,.T.);
#6483 = B_SPLINE_SURFACE_WITH_KNOTS('',1,1,(
    (#6484,#6485)
    ,(#6486,#6487
    )),.UNSPECIFIED.,.F.,.F.,.F.,(2,2),(2,2),(-4.193690262551E-02,0.),(
    0.,1.E-02),.PIECEWISE_BEZIER_KNOTS.);
#6484 = CARTESIAN_POINT('',(-4.673622382579,-3.355,4.011633083225));
#6485 = CARTESIAN_POINT('',(-4.673622382579,-3.345,4.011633083225));
#6486 = CARTESIAN_POINT('',(-4.673622382579,-3.355,4.053569985851));
#6487 = CARTESIAN_POINT('',(-4.673622382579,-3.345,4.053569985851));
#6488 = ADVANCED_FACE('',(#6489),#6507,.F.);
#6489 = FACE_BOUND('',#6490,.F.);
#6490 = EDGE_LOOP('',(#6491,#6492,#6501,#6506));
#6491 = ORIENTED_EDGE('',*,*,#6471,.F.);
#6492 = ORIENTED_EDGE('',*,*,#6493,.T.);
#6493 = EDGE_CURVE('',#6472,#6494,#6496,.T.);
#6494 = VERTEX_POINT('',#6495);
#6495 = CARTESIAN_POINT('',(-4.761135340536,-3.355,4.030868604676));
#6496 = B_SPLINE_CURVE_WITH_KNOTS('',3,(#6497,#6498,#6499,#6500),
  .UNSPECIFIED.,.F.,.F.,(4,4),(12.,13.),.PIECEWISE_BEZIER_KNOTS.);
#6497 = CARTESIAN_POINT('',(-4.673622382579,-3.355,4.053569985851));
#6498 = CARTESIAN_POINT('',(-4.698403279585,-3.355,4.038493496063));
#6499 = CARTESIAN_POINT('',(-4.727603147735,-3.355,4.030868604676));
#6500 = CARTESIAN_POINT('',(-4.761135340536,-3.355,4.030868604676));
#6501 = ORIENTED_EDGE('',*,*,#6502,.T.);
#6502 = EDGE_CURVE('',#6494,#680,#6503,.T.);
#6503 = B_SPLINE_CURVE_WITH_KNOTS('',1,(#6504,#6505),.UNSPECIFIED.,.F.,
  .F.,(2,2),(0.,1.E-02),.PIECEWISE_BEZIER_KNOTS.);
#6504 = CARTESIAN_POINT('',(-4.761135340536,-3.355,4.030868604676));
#6505 = CARTESIAN_POINT('',(-4.761135340536,-3.345,4.030868604676));
#6506 = ORIENTED_EDGE('',*,*,#688,.F.);
#6507 = B_SPLINE_SURFACE_WITH_KNOTS('',3,1,(
    (#6508,#6509)
    ,(#6510,#6511)
    ,(#6512,#6513)
    ,(#6514,#6515
    )),.UNSPECIFIED.,.F.,.F.,.F.,(4,4),(2,2),(12.,13.),(0.,1.),
  .PIECEWISE_BEZIER_KNOTS.);
#6508 = CARTESIAN_POINT('',(-4.673622382579,-3.355,4.053569985851));
#6509 = CARTESIAN_POINT('',(-4.673622382579,-3.345,4.053569985851));
#6510 = CARTESIAN_POINT('',(-4.698403279585,-3.355,4.038493496063));
#6511 = CARTESIAN_POINT('',(-4.698403279585,-3.345,4.038493496063));
#6512 = CARTESIAN_POINT('',(-4.727603147735,-3.355,4.030868604676));
#6513 = CARTESIAN_POINT('',(-4.727603147735,-3.345,4.030868604676));
#6514 = CARTESIAN_POINT('',(-4.761135340536,-3.355,4.030868604676));
#6515 = CARTESIAN_POINT('',(-4.761135340536,-3.345,4.030868604676));
#6516 = ADVANCED_FACE('',(#6517),#6535,.F.);
#6517 = FACE_BOUND('',#6518,.F.);
#6518 = EDGE_LOOP('',(#6519,#6520,#6529,#6534));
#6519 = ORIENTED_EDGE('',*,*,#6502,.F.);
#6520 = ORIENTED_EDGE('',*,*,#6521,.T.);
#6521 = EDGE_CURVE('',#6494,#6522,#6524,.T.);
#6522 = VERTEX_POINT('',#6523);
#6523 = CARTESIAN_POINT('',(-4.848215066028,-3.355,4.066566959804));
#6524 = B_SPLINE_CURVE_WITH_KNOTS('',3,(#6525,#6526,#6527,#6528),
  .UNSPECIFIED.,.F.,.F.,(4,4),(11.,12.),.PIECEWISE_BEZIER_KNOTS.);
#6525 = CARTESIAN_POINT('',(-4.761135340536,-3.355,4.030868604676));
#6526 = CARTESIAN_POINT('',(-4.797006988649,-3.355,4.030868604676));
#6527 = CARTESIAN_POINT('',(-4.826033563813,-3.355,4.042825820714));
#6528 = CARTESIAN_POINT('',(-4.848215066028,-3.355,4.066566959804));
#6529 = ORIENTED_EDGE('',*,*,#6530,.T.);
#6530 = EDGE_CURVE('',#6522,#671,#6531,.T.);
#6531 = B_SPLINE_CURVE_WITH_KNOTS('',1,(#6532,#6533),.UNSPECIFIED.,.F.,
  .F.,(2,2),(0.,1.E-02),.PIECEWISE_BEZIER_KNOTS.);
#6532 = CARTESIAN_POINT('',(-4.848215066028,-3.355,4.066566959804));
#6533 = CARTESIAN_POINT('',(-4.848215066028,-3.345,4.066566959804));
#6534 = ORIENTED_EDGE('',*,*,#679,.F.);
#6535 = B_SPLINE_SURFACE_WITH_KNOTS('',3,1,(
    (#6536,#6537)
    ,(#6538,#6539)
    ,(#6540,#6541)
    ,(#6542,#6543
    )),.UNSPECIFIED.,.F.,.F.,.F.,(4,4),(2,2),(11.,12.),(0.,1.),
  .PIECEWISE_BEZIER_KNOTS.);
#6536 = CARTESIAN_POINT('',(-4.761135340536,-3.355,4.030868604676));
#6537 = CARTESIAN_POINT('',(-4.761135340536,-3.345,4.030868604676));
#6538 = CARTESIAN_POINT('',(-4.797006988649,-3.355,4.030868604676));
#6539 = CARTESIAN_POINT('',(-4.797006988649,-3.345,4.030868604676));
#6540 = CARTESIAN_POINT('',(-4.826033563813,-3.355,4.042825820714));
#6541 = CARTESIAN_POINT('',(-4.826033563813,-3.345,4.042825820714));
#6542 = CARTESIAN_POINT('',(-4.848215066028,-3.355,4.066566959804));
#6543 = CARTESIAN_POINT('',(-4.848215066028,-3.345,4.066566959804));
#6544 = ADVANCED_FACE('',(#6545),#6563,.F.);
#6545 = FACE_BOUND('',#6546,.F.);
#6546 = EDGE_LOOP('',(#6547,#6548,#6557,#6562));
#6547 = ORIENTED_EDGE('',*,*,#6530,.F.);
#6548 = ORIENTED_EDGE('',*,*,#6549,.T.);
#6549 = EDGE_CURVE('',#6522,#6550,#6552,.T.);
#6550 = VERTEX_POINT('',#6551);
#6551 = CARTESIAN_POINT('',(-4.881487319349,-3.355,4.163264446022));
#6552 = B_SPLINE_CURVE_WITH_KNOTS('',3,(#6553,#6554,#6555,#6556),
  .UNSPECIFIED.,.F.,.F.,(4,4),(10.,11.),.PIECEWISE_BEZIER_KNOTS.);
#6553 = CARTESIAN_POINT('',(-4.848215066028,-3.355,4.066566959804));
#6554 = CARTESIAN_POINT('',(-4.870396568243,-3.355,4.090481391879));
#6555 = CARTESIAN_POINT('',(-4.881487319349,-3.355,4.122713887285));
#6556 = CARTESIAN_POINT('',(-4.881487319349,-3.355,4.163264446022));
#6557 = ORIENTED_EDGE('',*,*,#6558,.T.);
#6558 = EDGE_CURVE('',#6550,#662,#6559,.T.);
#6559 = B_SPLINE_CURVE_WITH_KNOTS('',1,(#6560,#6561),.UNSPECIFIED.,.F.,
  .F.,(2,2),(0.,1.E-02),.PIECEWISE_BEZIER_KNOTS.);
#6560 = CARTESIAN_POINT('',(-4.881487319349,-3.355,4.163264446022));
#6561 = CARTESIAN_POINT('',(-4.881487319349,-3.345,4.163264446022));
#6562 = ORIENTED_EDGE('',*,*,#670,.F.);
#6563 = B_SPLINE_SURFACE_WITH_KNOTS('',3,1,(
    (#6564,#6565)
    ,(#6566,#6567)
    ,(#6568,#6569)
    ,(#6570,#6571
    )),.UNSPECIFIED.,.F.,.F.,.F.,(4,4),(2,2),(10.,11.),(0.,1.),
  .PIECEWISE_BEZIER_KNOTS.);
#6564 = CARTESIAN_POINT('',(-4.848215066028,-3.355,4.066566959804));
#6565 = CARTESIAN_POINT('',(-4.848215066028,-3.345,4.066566959804));
#6566 = CARTESIAN_POINT('',(-4.870396568243,-3.355,4.090481391879));
#6567 = CARTESIAN_POINT('',(-4.870396568243,-3.345,4.090481391879));
#6568 = CARTESIAN_POINT('',(-4.881487319349,-3.355,4.122713887285));
#6569 = CARTESIAN_POINT('',(-4.881487319349,-3.345,4.122713887285));
#6570 = CARTESIAN_POINT('',(-4.881487319349,-3.355,4.163264446022));
#6571 = CARTESIAN_POINT('',(-4.881487319349,-3.345,4.163264446022));
#6572 = ADVANCED_FACE('',(#6573),#6591,.F.);
#6573 = FACE_BOUND('',#6574,.F.);
#6574 = EDGE_LOOP('',(#6575,#6576,#6585,#6590));
#6575 = ORIENTED_EDGE('',*,*,#6558,.F.);
#6576 = ORIENTED_EDGE('',*,*,#6577,.T.);
#6577 = EDGE_CURVE('',#6550,#6578,#6580,.T.);
#6578 = VERTEX_POINT('',#6579);
#6579 = CARTESIAN_POINT('',(-4.845875610716,-3.355,4.26516072182));
#6580 = B_SPLINE_CURVE_WITH_KNOTS('',3,(#6581,#6582,#6583,#6584),
  .UNSPECIFIED.,.F.,.F.,(4,4),(9.,10.),.PIECEWISE_BEZIER_KNOTS.);
#6581 = CARTESIAN_POINT('',(-4.881487319349,-3.355,4.163264446022));
#6582 = CARTESIAN_POINT('',(-4.881487319349,-3.355,4.205894520591));
#6583 = CARTESIAN_POINT('',(-4.869616749805,-3.355,4.239859945855));
#6584 = CARTESIAN_POINT('',(-4.845875610716,-3.355,4.26516072182));
#6585 = ORIENTED_EDGE('',*,*,#6586,.T.);
#6586 = EDGE_CURVE('',#6578,#653,#6587,.T.);
#6587 = B_SPLINE_CURVE_WITH_KNOTS('',1,(#6588,#6589),.UNSPECIFIED.,.F.,
  .F.,(2,2),(0.,1.E-02),.PIECEWISE_BEZIER_KNOTS.);
#6588 = CARTESIAN_POINT('',(-4.845875610716,-3.355,4.26516072182));
#6589 = CARTESIAN_POINT('',(-4.845875610716,-3.345,4.26516072182));
#6590 = ORIENTED_EDGE('',*,*,#661,.F.);
#6591 = B_SPLINE_SURFACE_WITH_KNOTS('',3,1,(
    (#6592,#6593)
    ,(#6594,#6595)
    ,(#6596,#6597)
    ,(#6598,#6599
    )),.UNSPECIFIED.,.F.,.F.,.F.,(4,4),(2,2),(9.,10.),(0.,1.),
  .PIECEWISE_BEZIER_KNOTS.);
#6592 = CARTESIAN_POINT('',(-4.881487319349,-3.355,4.163264446022));
#6593 = CARTESIAN_POINT('',(-4.881487319349,-3.345,4.163264446022));
#6594 = CARTESIAN_POINT('',(-4.881487319349,-3.355,4.205894520591));
#6595 = CARTESIAN_POINT('',(-4.881487319349,-3.345,4.205894520591));
#6596 = CARTESIAN_POINT('',(-4.869616749805,-3.355,4.239859945855));
#6597 = CARTESIAN_POINT('',(-4.869616749805,-3.345,4.239859945855));
#6598 = CARTESIAN_POINT('',(-4.845875610716,-3.355,4.26516072182));
#6599 = CARTESIAN_POINT('',(-4.845875610716,-3.345,4.26516072182));
#6600 = ADVANCED_FACE('',(#6601),#6619,.F.);
#6601 = FACE_BOUND('',#6602,.F.);
#6602 = EDGE_LOOP('',(#6603,#6604,#6613,#6618));
#6603 = ORIENTED_EDGE('',*,*,#6586,.F.);
#6604 = ORIENTED_EDGE('',*,*,#6605,.T.);
#6605 = EDGE_CURVE('',#6578,#6606,#6608,.T.);
#6606 = VERTEX_POINT('',#6607);
#6607 = CARTESIAN_POINT('',(-4.75351044915,-3.355,4.302765299792));
#6608 = B_SPLINE_CURVE_WITH_KNOTS('',3,(#6609,#6610,#6611,#6612),
  .UNSPECIFIED.,.F.,.F.,(4,4),(8.,9.),.PIECEWISE_BEZIER_KNOTS.);
#6609 = CARTESIAN_POINT('',(-4.845875610716,-3.355,4.26516072182));
#6610 = CARTESIAN_POINT('',(-4.822047825134,-3.355,4.290288204797));
#6611 = CARTESIAN_POINT('',(-4.791288320109,-3.355,4.302765299792));
#6612 = CARTESIAN_POINT('',(-4.75351044915,-3.355,4.302765299792));
#6613 = ORIENTED_EDGE('',*,*,#6614,.T.);
#6614 = EDGE_CURVE('',#6606,#644,#6615,.T.);
#6615 = B_SPLINE_CURVE_WITH_KNOTS('',1,(#6616,#6617),.UNSPECIFIED.,.F.,
  .F.,(2,2),(0.,1.E-02),.PIECEWISE_BEZIER_KNOTS.);
#6616 = CARTESIAN_POINT('',(-4.75351044915,-3.355,4.302765299792));
#6617 = CARTESIAN_POINT('',(-4.75351044915,-3.345,4.302765299792));
#6618 = ORIENTED_EDGE('',*,*,#652,.F.);
#6619 = B_SPLINE_SURFACE_WITH_KNOTS('',3,1,(
    (#6620,#6621)
    ,(#6622,#6623)
    ,(#6624,#6625)
    ,(#6626,#6627
    )),.UNSPECIFIED.,.F.,.F.,.F.,(4,4),(2,2),(8.,9.),(0.,1.),
  .PIECEWISE_BEZIER_KNOTS.);
#6620 = CARTESIAN_POINT('',(-4.845875610716,-3.355,4.26516072182));
#6621 = CARTESIAN_POINT('',(-4.845875610716,-3.345,4.26516072182));
#6622 = CARTESIAN_POINT('',(-4.822047825134,-3.355,4.290288204797));
#6623 = CARTESIAN_POINT('',(-4.822047825134,-3.345,4.290288204797));
#6624 = CARTESIAN_POINT('',(-4.791288320109,-3.355,4.302765299792));
#6625 = CARTESIAN_POINT('',(-4.791288320109,-3.345,4.302765299792));
#6626 = CARTESIAN_POINT('',(-4.75351044915,-3.355,4.302765299792));
#6627 = CARTESIAN_POINT('',(-4.75351044915,-3.345,4.302765299792));
#6628 = ADVANCED_FACE('',(#6629),#6647,.F.);
#6629 = FACE_BOUND('',#6630,.F.);
#6630 = EDGE_LOOP('',(#6631,#6632,#6641,#6646));
#6631 = ORIENTED_EDGE('',*,*,#6614,.F.);
#6632 = ORIENTED_EDGE('',*,*,#6633,.T.);
#6633 = EDGE_CURVE('',#6606,#6634,#6636,.T.);
#6634 = VERTEX_POINT('',#6635);
#6635 = CARTESIAN_POINT('',(-4.673622382579,-3.355,4.282663313412));
#6636 = B_SPLINE_CURVE_WITH_KNOTS('',3,(#6637,#6638,#6639,#6640),
  .UNSPECIFIED.,.F.,.F.,(4,4),(7.,8.),.PIECEWISE_BEZIER_KNOTS.);
#6637 = CARTESIAN_POINT('',(-4.75351044915,-3.355,4.302765299792));
#6638 = CARTESIAN_POINT('',(-4.724483873986,-3.355,4.302765299792));
#6639 = CARTESIAN_POINT('',(-4.697883400626,-3.355,4.296180166323));
#6640 = CARTESIAN_POINT('',(-4.673622382579,-3.355,4.282663313412));
#6641 = ORIENTED_EDGE('',*,*,#6642,.T.);
#6642 = EDGE_CURVE('',#6634,#637,#6643,.T.);
#6643 = B_SPLINE_CURVE_WITH_KNOTS('',1,(#6644,#6645),.UNSPECIFIED.,.F.,
  .F.,(2,2),(0.,1.E-02),.PIECEWISE_BEZIER_KNOTS.);
#6644 = CARTESIAN_POINT('',(-4.673622382579,-3.355,4.282663313412));
#6645 = CARTESIAN_POINT('',(-4.673622382579,-3.345,4.282663313412));
#6646 = ORIENTED_EDGE('',*,*,#643,.F.);
#6647 = B_SPLINE_SURFACE_WITH_KNOTS('',3,1,(
    (#6648,#6649)
    ,(#6650,#6651)
    ,(#6652,#6653)
    ,(#6654,#6655
    )),.UNSPECIFIED.,.F.,.F.,.F.,(4,4),(2,2),(7.,8.),(0.,1.),
  .PIECEWISE_BEZIER_KNOTS.);
#6648 = CARTESIAN_POINT('',(-4.75351044915,-3.355,4.302765299792));
#6649 = CARTESIAN_POINT('',(-4.75351044915,-3.345,4.302765299792));
#6650 = CARTESIAN_POINT('',(-4.724483873986,-3.355,4.302765299792));
#6651 = CARTESIAN_POINT('',(-4.724483873986,-3.345,4.302765299792));
#6652 = CARTESIAN_POINT('',(-4.697883400626,-3.355,4.296180166323));
#6653 = CARTESIAN_POINT('',(-4.697883400626,-3.345,4.296180166323));
#6654 = CARTESIAN_POINT('',(-4.673622382579,-3.355,4.282663313412));
#6655 = CARTESIAN_POINT('',(-4.673622382579,-3.345,4.282663313412));
#6656 = ADVANCED_FACE('',(#6657),#6673,.F.);
#6657 = FACE_BOUND('',#6658,.T.);
#6658 = EDGE_LOOP('',(#6659,#6660,#6667,#6672));
#6659 = ORIENTED_EDGE('',*,*,#636,.T.);
#6660 = ORIENTED_EDGE('',*,*,#6661,.F.);
#6661 = EDGE_CURVE('',#6662,#628,#6664,.T.);
#6662 = VERTEX_POINT('',#6663);
#6663 = CARTESIAN_POINT('',(-4.673622382579,-3.355,4.328412661729));
#6664 = B_SPLINE_CURVE_WITH_KNOTS('',1,(#6665,#6666),.UNSPECIFIED.,.F.,
  .F.,(2,2),(0.,1.E-02),.PIECEWISE_BEZIER_KNOTS.);
#6665 = CARTESIAN_POINT('',(-4.673622382579,-3.355,4.328412661729));
#6666 = CARTESIAN_POINT('',(-4.673622382579,-3.345,4.328412661729));
#6667 = ORIENTED_EDGE('',*,*,#6668,.F.);
#6668 = EDGE_CURVE('',#6634,#6662,#6669,.T.);
#6669 = B_SPLINE_CURVE_WITH_KNOTS('',1,(#6670,#6671),.UNSPECIFIED.,.F.,
  .F.,(2,2),(-4.574934831664E-02,0.),.PIECEWISE_BEZIER_KNOTS.);
#6670 = CARTESIAN_POINT('',(-4.673622382579,-3.355,4.282663313412));
#6671 = CARTESIAN_POINT('',(-4.673622382579,-3.355,4.328412661729));
#6672 = ORIENTED_EDGE('',*,*,#6642,.T.);
#6673 = B_SPLINE_SURFACE_WITH_KNOTS('',1,1,(
    (#6674,#6675)
    ,(#6676,#6677
    )),.UNSPECIFIED.,.F.,.F.,.F.,(2,2),(2,2),(-4.574934831664E-02,0.),(
    -4.440892098501E-16,1.E-02),.PIECEWISE_BEZIER_KNOTS.);
#6674 = CARTESIAN_POINT('',(-4.673622382579,-3.355,4.282663313412));
#6675 = CARTESIAN_POINT('',(-4.673622382579,-3.345,4.282663313412));
#6676 = CARTESIAN_POINT('',(-4.673622382579,-3.355,4.328412661729));
#6677 = CARTESIAN_POINT('',(-4.673622382579,-3.345,4.328412661729));
#6678 = ADVANCED_FACE('',(#6679),#6697,.F.);
#6679 = FACE_BOUND('',#6680,.F.);
#6680 = EDGE_LOOP('',(#6681,#6682,#6691,#6696));
#6681 = ORIENTED_EDGE('',*,*,#6661,.F.);
#6682 = ORIENTED_EDGE('',*,*,#6683,.T.);
#6683 = EDGE_CURVE('',#6662,#6684,#6686,.T.);
#6684 = VERTEX_POINT('',#6685);
#6685 = CARTESIAN_POINT('',(-4.753943681615,-3.355,4.342276100614));
#6686 = B_SPLINE_CURVE_WITH_KNOTS('',3,(#6687,#6688,#6689,#6690),
  .UNSPECIFIED.,.F.,.F.,(4,4),(5.,6.),.PIECEWISE_BEZIER_KNOTS.);
#6687 = CARTESIAN_POINT('',(-4.673622382579,-3.355,4.328412661729));
#6688 = CARTESIAN_POINT('',(-4.694764126878,-3.355,4.337597189991));
#6689 = CARTESIAN_POINT('',(-4.721537893223,-3.355,4.342276100614));
#6690 = CARTESIAN_POINT('',(-4.753943681615,-3.355,4.342276100614));
#6691 = ORIENTED_EDGE('',*,*,#6692,.T.);
#6692 = EDGE_CURVE('',#6684,#619,#6693,.T.);
#6693 = B_SPLINE_CURVE_WITH_KNOTS('',1,(#6694,#6695),.UNSPECIFIED.,.F.,
  .F.,(2,2),(0.,1.E-02),.PIECEWISE_BEZIER_KNOTS.);
#6694 = CARTESIAN_POINT('',(-4.753943681615,-3.355,4.342276100614));
#6695 = CARTESIAN_POINT('',(-4.753943681615,-3.345,4.342276100614));
#6696 = ORIENTED_EDGE('',*,*,#627,.F.);
#6697 = B_SPLINE_SURFACE_WITH_KNOTS('',3,1,(
    (#6698,#6699)
    ,(#6700,#6701)
    ,(#6702,#6703)
    ,(#6704,#6705
    )),.UNSPECIFIED.,.F.,.F.,.F.,(4,4),(2,2),(5.,6.),(0.,1.),
  .PIECEWISE_BEZIER_KNOTS.);
#6698 = CARTESIAN_POINT('',(-4.673622382579,-3.355,4.328412661729));
#6699 = CARTESIAN_POINT('',(-4.673622382579,-3.345,4.328412661729));
#6700 = CARTESIAN_POINT('',(-4.694764126878,-3.355,4.337597189991));
#6701 = CARTESIAN_POINT('',(-4.694764126878,-3.345,4.337597189991));
#6702 = CARTESIAN_POINT('',(-4.721537893223,-3.355,4.342276100614));
#6703 = CARTESIAN_POINT('',(-4.721537893223,-3.345,4.342276100614));
#6704 = CARTESIAN_POINT('',(-4.753943681615,-3.355,4.342276100614));
#6705 = CARTESIAN_POINT('',(-4.753943681615,-3.345,4.342276100614));
#6706 = ADVANCED_FACE('',(#6707),#6725,.F.);
#6707 = FACE_BOUND('',#6708,.F.);
#6708 = EDGE_LOOP('',(#6709,#6710,#6719,#6724));
#6709 = ORIENTED_EDGE('',*,*,#6692,.F.);
#6710 = ORIENTED_EDGE('',*,*,#6711,.T.);
#6711 = EDGE_CURVE('',#6684,#6712,#6714,.T.);
#6712 = VERTEX_POINT('',#6713);
#6713 = CARTESIAN_POINT('',(-4.878454692094,-3.355,4.29236772063));
#6714 = B_SPLINE_CURVE_WITH_KNOTS('',3,(#6715,#6716,#6717,#6718),
  .UNSPECIFIED.,.F.,.F.,(4,4),(4.,5.),.PIECEWISE_BEZIER_KNOTS.);
#6715 = CARTESIAN_POINT('',(-4.753943681615,-3.355,4.342276100614));
#6716 = CARTESIAN_POINT('',(-4.804285294063,-3.355,4.342276100614));
#6717 = CARTESIAN_POINT('',(-4.845788964223,-3.355,4.325639973953));
#6718 = CARTESIAN_POINT('',(-4.878454692094,-3.355,4.29236772063));
#6719 = ORIENTED_EDGE('',*,*,#6720,.T.);
#6720 = EDGE_CURVE('',#6712,#610,#6721,.T.);
#6721 = B_SPLINE_CURVE_WITH_KNOTS('',1,(#6722,#6723),.UNSPECIFIED.,.F.,
  .F.,(2,2),(0.,1.E-02),.PIECEWISE_BEZIER_KNOTS.);
#6722 = CARTESIAN_POINT('',(-4.878454692094,-3.355,4.29236772063));
#6723 = CARTESIAN_POINT('',(-4.878454692094,-3.345,4.29236772063));
#6724 = ORIENTED_EDGE('',*,*,#618,.F.);
#6725 = B_SPLINE_SURFACE_WITH_KNOTS('',3,1,(
    (#6726,#6727)
    ,(#6728,#6729)
    ,(#6730,#6731)
    ,(#6732,#6733
    )),.UNSPECIFIED.,.F.,.F.,.F.,(4,4),(2,2),(4.,5.),(0.,1.),
  .PIECEWISE_BEZIER_KNOTS.);
#6726 = CARTESIAN_POINT('',(-4.753943681615,-3.355,4.342276100614));
#6727 = CARTESIAN_POINT('',(-4.753943681615,-3.345,4.342276100614));
#6728 = CARTESIAN_POINT('',(-4.804285294063,-3.355,4.342276100614));
#6729 = CARTESIAN_POINT('',(-4.804285294063,-3.345,4.342276100614));
#6730 = CARTESIAN_POINT('',(-4.845788964223,-3.355,4.325639973953));
#6731 = CARTESIAN_POINT('',(-4.845788964223,-3.345,4.325639973953));
#6732 = CARTESIAN_POINT('',(-4.878454692094,-3.355,4.29236772063));
#6733 = CARTESIAN_POINT('',(-4.878454692094,-3.345,4.29236772063));
#6734 = ADVANCED_FACE('',(#6735),#6753,.F.);
#6735 = FACE_BOUND('',#6736,.F.);
#6736 = EDGE_LOOP('',(#6737,#6738,#6747,#6752));
#6737 = ORIENTED_EDGE('',*,*,#6720,.F.);
#6738 = ORIENTED_EDGE('',*,*,#6739,.T.);
#6739 = EDGE_CURVE('',#6712,#6740,#6742,.T.);
#6740 = VERTEX_POINT('',#6741);
#6741 = CARTESIAN_POINT('',(-4.927409960654,-3.355,4.160665051229));
#6742 = B_SPLINE_CURVE_WITH_KNOTS('',3,(#6743,#6744,#6745,#6746),
  .UNSPECIFIED.,.F.,.F.,(4,4),(3.,4.),.PIECEWISE_BEZIER_KNOTS.);
#6743 = CARTESIAN_POINT('',(-4.878454692094,-3.355,4.29236772063));
#6744 = CARTESIAN_POINT('',(-4.911120419965,-3.355,4.259095467308));
#6745 = CARTESIAN_POINT('',(-4.927409960654,-3.355,4.215252341836));
#6746 = CARTESIAN_POINT('',(-4.927409960654,-3.355,4.160665051229));
#6747 = ORIENTED_EDGE('',*,*,#6748,.T.);
#6748 = EDGE_CURVE('',#6740,#601,#6749,.T.);
#6749 = B_SPLINE_CURVE_WITH_KNOTS('',1,(#6750,#6751),.UNSPECIFIED.,.F.,
  .F.,(2,2),(0.,1.E-02),.PIECEWISE_BEZIER_KNOTS.);
#6750 = CARTESIAN_POINT('',(-4.927409960654,-3.355,4.160665051229));
#6751 = CARTESIAN_POINT('',(-4.927409960654,-3.345,4.160665051229));
#6752 = ORIENTED_EDGE('',*,*,#609,.F.);
#6753 = B_SPLINE_SURFACE_WITH_KNOTS('',3,1,(
    (#6754,#6755)
    ,(#6756,#6757)
    ,(#6758,#6759)
    ,(#6760,#6761
    )),.UNSPECIFIED.,.F.,.F.,.F.,(4,4),(2,2),(3.,4.),(0.,1.),
  .PIECEWISE_BEZIER_KNOTS.);
#6754 = CARTESIAN_POINT('',(-4.878454692094,-3.355,4.29236772063));
#6755 = CARTESIAN_POINT('',(-4.878454692094,-3.345,4.29236772063));
#6756 = CARTESIAN_POINT('',(-4.911120419965,-3.355,4.259095467308));
#6757 = CARTESIAN_POINT('',(-4.911120419965,-3.345,4.259095467308));
#6758 = CARTESIAN_POINT('',(-4.927409960654,-3.355,4.215252341836));
#6759 = CARTESIAN_POINT('',(-4.927409960654,-3.345,4.215252341836));
#6760 = CARTESIAN_POINT('',(-4.927409960654,-3.355,4.160665051229));
#6761 = CARTESIAN_POINT('',(-4.927409960654,-3.345,4.160665051229));
#6762 = ADVANCED_FACE('',(#6763),#6781,.F.);
#6763 = FACE_BOUND('',#6764,.F.);
#6764 = EDGE_LOOP('',(#6765,#6766,#6775,#6780));
#6765 = ORIENTED_EDGE('',*,*,#6748,.F.);
#6766 = ORIENTED_EDGE('',*,*,#6767,.T.);
#6767 = EDGE_CURVE('',#6740,#6768,#6770,.T.);
#6768 = VERTEX_POINT('',#6769);
#6769 = CARTESIAN_POINT('',(-4.883913421155,-3.355,4.038146910091));
#6770 = B_SPLINE_CURVE_WITH_KNOTS('',3,(#6771,#6772,#6773,#6774),
  .UNSPECIFIED.,.F.,.F.,(4,4),(2.,3.),.PIECEWISE_BEZIER_KNOTS.);
#6771 = CARTESIAN_POINT('',(-4.927409960654,-3.355,4.160665051229));
#6772 = CARTESIAN_POINT('',(-4.927409960654,-3.355,4.109890206316));
#6773 = CARTESIAN_POINT('',(-4.912939996319,-3.355,4.068993061608));
#6774 = CARTESIAN_POINT('',(-4.883913421155,-3.355,4.038146910091));
#6775 = ORIENTED_EDGE('',*,*,#6776,.T.);
#6776 = EDGE_CURVE('',#6768,#592,#6777,.T.);
#6777 = B_SPLINE_CURVE_WITH_KNOTS('',1,(#6778,#6779),.UNSPECIFIED.,.F.,
  .F.,(2,2),(0.,1.E-02),.PIECEWISE_BEZIER_KNOTS.);
#6778 = CARTESIAN_POINT('',(-4.883913421155,-3.355,4.038146910091));
#6779 = CARTESIAN_POINT('',(-4.883913421155,-3.345,4.038146910091));
#6780 = ORIENTED_EDGE('',*,*,#600,.F.);
#6781 = B_SPLINE_SURFACE_WITH_KNOTS('',3,1,(
    (#6782,#6783)
    ,(#6784,#6785)
    ,(#6786,#6787)
    ,(#6788,#6789
    )),.UNSPECIFIED.,.F.,.F.,.F.,(4,4),(2,2),(2.,3.),(0.,1.),
  .PIECEWISE_BEZIER_KNOTS.);
#6782 = CARTESIAN_POINT('',(-4.927409960654,-3.355,4.160665051229));
#6783 = CARTESIAN_POINT('',(-4.927409960654,-3.345,4.160665051229));
#6784 = CARTESIAN_POINT('',(-4.927409960654,-3.355,4.109890206316));
#6785 = CARTESIAN_POINT('',(-4.927409960654,-3.345,4.109890206316));
#6786 = CARTESIAN_POINT('',(-4.912939996319,-3.355,4.068993061608));
#6787 = CARTESIAN_POINT('',(-4.912939996319,-3.345,4.068993061608));
#6788 = CARTESIAN_POINT('',(-4.883913421155,-3.355,4.038146910091));
#6789 = CARTESIAN_POINT('',(-4.883913421155,-3.345,4.038146910091));
#6790 = ADVANCED_FACE('',(#6791),#6803,.F.);
#6791 = FACE_BOUND('',#6792,.F.);
#6792 = EDGE_LOOP('',(#6793,#6794,#6801,#6802));
#6793 = ORIENTED_EDGE('',*,*,#6776,.F.);
#6794 = ORIENTED_EDGE('',*,*,#6795,.T.);
#6795 = EDGE_CURVE('',#6768,#6437,#6796,.T.);
#6796 = B_SPLINE_CURVE_WITH_KNOTS('',3,(#6797,#6798,#6799,#6800),
  .UNSPECIFIED.,.F.,.F.,(4,4),(1.,2.),.PIECEWISE_BEZIER_KNOTS.);
#6797 = CARTESIAN_POINT('',(-4.883913421155,-3.355,4.038146910091));
#6798 = CARTESIAN_POINT('',(-4.85488684599,-3.355,4.007300758574));
#6799 = CARTESIAN_POINT('',(-4.816069217115,-3.355,3.991877682814));
#6800 = CARTESIAN_POINT('',(-4.767460534527,-3.355,3.991877682814));
#6801 = ORIENTED_EDGE('',*,*,#6436,.T.);
#6802 = ORIENTED_EDGE('',*,*,#591,.F.);
#6803 = B_SPLINE_SURFACE_WITH_KNOTS('',3,1,(
    (#6804,#6805)
    ,(#6806,#6807)
    ,(#6808,#6809)
    ,(#6810,#6811
    )),.UNSPECIFIED.,.F.,.F.,.F.,(4,4),(2,2),(1.,2.),(0.,1.),
  .PIECEWISE_BEZIER_KNOTS.);
#6804 = CARTESIAN_POINT('',(-4.883913421155,-3.355,4.038146910091));
#6805 = CARTESIAN_POINT('',(-4.883913421155,-3.345,4.038146910091));
#6806 = CARTESIAN_POINT('',(-4.85488684599,-3.355,4.007300758574));
#6807 = CARTESIAN_POINT('',(-4.85488684599,-3.345,4.007300758574));
#6808 = CARTESIAN_POINT('',(-4.816069217115,-3.355,3.991877682814));
#6809 = CARTESIAN_POINT('',(-4.816069217115,-3.345,3.991877682814));
#6810 = CARTESIAN_POINT('',(-4.767460534527,-3.355,3.991877682814));
#6811 = CARTESIAN_POINT('',(-4.767460534527,-3.345,3.991877682814));
#6812 = ADVANCED_FACE('',(#6813),#6829,.T.);
#6813 = FACE_BOUND('',#6814,.T.);
#6814 = EDGE_LOOP('',(#6815,#6816,#6817,#6818,#6819,#6820,#6821,#6822,
    #6823,#6824,#6825,#6826,#6827,#6828));
#6815 = ORIENTED_EDGE('',*,*,#6443,.T.);
#6816 = ORIENTED_EDGE('',*,*,#6478,.T.);
#6817 = ORIENTED_EDGE('',*,*,#6493,.T.);
#6818 = ORIENTED_EDGE('',*,*,#6521,.T.);
#6819 = ORIENTED_EDGE('',*,*,#6549,.T.);
#6820 = ORIENTED_EDGE('',*,*,#6577,.T.);
#6821 = ORIENTED_EDGE('',*,*,#6605,.T.);
#6822 = ORIENTED_EDGE('',*,*,#6633,.T.);
#6823 = ORIENTED_EDGE('',*,*,#6668,.T.);
#6824 = ORIENTED_EDGE('',*,*,#6683,.T.);
#6825 = ORIENTED_EDGE('',*,*,#6711,.T.);
#6826 = ORIENTED_EDGE('',*,*,#6739,.T.);
#6827 = ORIENTED_EDGE('',*,*,#6767,.T.);
#6828 = ORIENTED_EDGE('',*,*,#6795,.T.);
#6829 = B_SPLINE_SURFACE_WITH_KNOTS('',1,1,(
    (#6830,#6831)
    ,(#6832,#6833
    )),.UNSPECIFIED.,.F.,.F.,.F.,(2,2),(2,2),(-0.345459567697,
    4.938850102365E-03),(-0.211612397594,4.217518048106E-02),
  .PIECEWISE_BEZIER_KNOTS.);
#6830 = CARTESIAN_POINT('',(-4.927409960654,-3.355,4.342276100614));
#6831 = CARTESIAN_POINT('',(-4.673622382579,-3.355,4.342276100614));
#6832 = CARTESIAN_POINT('',(-4.927409960654,-3.355,3.991877682814));
#6833 = CARTESIAN_POINT('',(-4.673622382579,-3.355,3.991877682814));
#6834 = ADVANCED_FACE('',(#6835),#6857,.F.);
#6835 = FACE_BOUND('',#6836,.T.);
#6836 = EDGE_LOOP('',(#6837,#6838,#6845,#6852));
#6837 = ORIENTED_EDGE('',*,*,#778,.T.);
#6838 = ORIENTED_EDGE('',*,*,#6839,.F.);
#6839 = EDGE_CURVE('',#6840,#781,#6842,.T.);
#6840 = VERTEX_POINT('',#6841);
#6841 = CARTESIAN_POINT('',(-4.423473957213,-3.355,4.036240687244));
#6842 = B_SPLINE_CURVE_WITH_KNOTS('',1,(#6843,#6844),.UNSPECIFIED.,.F.,
  .F.,(2,2),(0.,1.E-02),.PIECEWISE_BEZIER_KNOTS.);
#6843 = CARTESIAN_POINT('',(-4.423473957213,-3.355,4.036240687244));
#6844 = CARTESIAN_POINT('',(-4.423473957213,-3.345,4.036240687244));
#6845 = ORIENTED_EDGE('',*,*,#6846,.F.);
#6846 = EDGE_CURVE('',#6847,#6840,#6849,.T.);
#6847 = VERTEX_POINT('',#6848);
#6848 = CARTESIAN_POINT('',(-4.423473957213,-3.355,3.997596351355));
#6849 = B_SPLINE_CURVE_WITH_KNOTS('',1,(#6850,#6851),.UNSPECIFIED.,.F.,
  .F.,(2,2),(-3.864433588964E-02,0.),.PIECEWISE_BEZIER_KNOTS.);
#6850 = CARTESIAN_POINT('',(-4.423473957213,-3.355,3.997596351355));
#6851 = CARTESIAN_POINT('',(-4.423473957213,-3.355,4.036240687244));
#6852 = ORIENTED_EDGE('',*,*,#6853,.T.);
#6853 = EDGE_CURVE('',#6847,#779,#6854,.T.);
#6854 = B_SPLINE_CURVE_WITH_KNOTS('',1,(#6855,#6856),.UNSPECIFIED.,.F.,
  .F.,(2,2),(0.,1.E-02),.PIECEWISE_BEZIER_KNOTS.);
#6855 = CARTESIAN_POINT('',(-4.423473957213,-3.355,3.997596351355));
#6856 = CARTESIAN_POINT('',(-4.423473957213,-3.345,3.997596351355));
#6857 = B_SPLINE_SURFACE_WITH_KNOTS('',1,1,(
    (#6858,#6859)
    ,(#6860,#6861
    )),.UNSPECIFIED.,.F.,.F.,.F.,(2,2),(2,2),(-3.864433588964E-02,0.),(
    0.,1.E-02),.PIECEWISE_BEZIER_KNOTS.);
#6858 = CARTESIAN_POINT('',(-4.423473957213,-3.355,3.997596351355));
#6859 = CARTESIAN_POINT('',(-4.423473957213,-3.345,3.997596351355));
#6860 = CARTESIAN_POINT('',(-4.423473957213,-3.355,4.036240687244));
#6861 = CARTESIAN_POINT('',(-4.423473957213,-3.345,4.036240687244));
#6862 = ADVANCED_FACE('',(#6863),#6879,.F.);
#6863 = FACE_BOUND('',#6864,.T.);
#6864 = EDGE_LOOP('',(#6865,#6866,#6873,#6878));
#6865 = ORIENTED_EDGE('',*,*,#857,.T.);
#6866 = ORIENTED_EDGE('',*,*,#6867,.F.);
#6867 = EDGE_CURVE('',#6868,#851,#6870,.T.);
#6868 = VERTEX_POINT('',#6869);
#6869 = CARTESIAN_POINT('',(-4.562021699561,-3.355,4.036240687244));
#6870 = B_SPLINE_CURVE_WITH_KNOTS('',1,(#6871,#6872),.UNSPECIFIED.,.F.,
  .F.,(2,2),(0.,1.E-02),.PIECEWISE_BEZIER_KNOTS.);
#6871 = CARTESIAN_POINT('',(-4.562021699561,-3.355,4.036240687244));
#6872 = CARTESIAN_POINT('',(-4.562021699561,-3.345,4.036240687244));
#6873 = ORIENTED_EDGE('',*,*,#6874,.F.);
#6874 = EDGE_CURVE('',#6840,#6868,#6875,.T.);
#6875 = B_SPLINE_CURVE_WITH_KNOTS('',1,(#6876,#6877),.UNSPECIFIED.,.F.,
  .F.,(2,2),(-0.138547742348,-0.),.PIECEWISE_BEZIER_KNOTS.);
#6876 = CARTESIAN_POINT('',(-4.423473957213,-3.355,4.036240687244));
#6877 = CARTESIAN_POINT('',(-4.562021699561,-3.355,4.036240687244));
#6878 = ORIENTED_EDGE('',*,*,#6839,.T.);
#6879 = B_SPLINE_SURFACE_WITH_KNOTS('',1,1,(
    (#6880,#6881)
    ,(#6882,#6883
    )),.UNSPECIFIED.,.F.,.F.,.F.,(2,2),(2,2),(-0.138547742348,0.),(0.,
    1.E-02),.PIECEWISE_BEZIER_KNOTS.);
#6880 = CARTESIAN_POINT('',(-4.423473957213,-3.355,4.036240687244));
#6881 = CARTESIAN_POINT('',(-4.423473957213,-3.345,4.036240687244));
#6882 = CARTESIAN_POINT('',(-4.562021699561,-3.355,4.036240687244));
#6883 = CARTESIAN_POINT('',(-4.562021699561,-3.345,4.036240687244));
#6884 = ADVANCED_FACE('',(#6885),#6901,.F.);
#6885 = FACE_BOUND('',#6886,.T.);
#6886 = EDGE_LOOP('',(#6887,#6888,#6895,#6900));
#6887 = ORIENTED_EDGE('',*,*,#850,.T.);
#6888 = ORIENTED_EDGE('',*,*,#6889,.F.);
#6889 = EDGE_CURVE('',#6890,#844,#6892,.T.);
#6890 = VERTEX_POINT('',#6891);
#6891 = CARTESIAN_POINT('',(-4.562021699561,-3.355,4.150267472066));
#6892 = B_SPLINE_CURVE_WITH_KNOTS('',1,(#6893,#6894),.UNSPECIFIED.,.F.,
  .F.,(2,2),(0.,1.E-02),.PIECEWISE_BEZIER_KNOTS.);
#6893 = CARTESIAN_POINT('',(-4.562021699561,-3.355,4.150267472066));
#6894 = CARTESIAN_POINT('',(-4.562021699561,-3.345,4.150267472066));
#6895 = ORIENTED_EDGE('',*,*,#6896,.F.);
#6896 = EDGE_CURVE('',#6868,#6890,#6897,.T.);
#6897 = B_SPLINE_CURVE_WITH_KNOTS('',1,(#6898,#6899),.UNSPECIFIED.,.F.,
  .F.,(2,2),(-0.114026784822,0.),.PIECEWISE_BEZIER_KNOTS.);
#6898 = CARTESIAN_POINT('',(-4.562021699561,-3.355,4.036240687244));
#6899 = CARTESIAN_POINT('',(-4.562021699561,-3.355,4.150267472066));
#6900 = ORIENTED_EDGE('',*,*,#6867,.T.);
#6901 = B_SPLINE_SURFACE_WITH_KNOTS('',1,1,(
    (#6902,#6903)
    ,(#6904,#6905
    )),.UNSPECIFIED.,.F.,.F.,.F.,(2,2),(2,2),(-0.114026784822,
    4.440892098501E-16),(0.,1.E-02),.PIECEWISE_BEZIER_KNOTS.);
#6902 = CARTESIAN_POINT('',(-4.562021699561,-3.355,4.036240687244));
#6903 = CARTESIAN_POINT('',(-4.562021699561,-3.345,4.036240687244));
#6904 = CARTESIAN_POINT('',(-4.562021699561,-3.355,4.150267472066));
#6905 = CARTESIAN_POINT('',(-4.562021699561,-3.345,4.150267472066));
#6906 = ADVANCED_FACE('',(#6907),#6923,.F.);
#6907 = FACE_BOUND('',#6908,.T.);
#6908 = EDGE_LOOP('',(#6909,#6910,#6917,#6922));
#6909 = ORIENTED_EDGE('',*,*,#843,.T.);
#6910 = ORIENTED_EDGE('',*,*,#6911,.F.);
#6911 = EDGE_CURVE('',#6912,#837,#6914,.T.);
#6912 = VERTEX_POINT('',#6913);
#6913 = CARTESIAN_POINT('',(-4.440803255818,-3.355,4.150267472066));
#6914 = B_SPLINE_CURVE_WITH_KNOTS('',1,(#6915,#6916),.UNSPECIFIED.,.F.,
  .F.,(2,2),(0.,1.E-02),.PIECEWISE_BEZIER_KNOTS.);
#6915 = CARTESIAN_POINT('',(-4.440803255818,-3.355,4.150267472066));
#6916 = CARTESIAN_POINT('',(-4.440803255818,-3.345,4.150267472066));
#6917 = ORIENTED_EDGE('',*,*,#6918,.F.);
#6918 = EDGE_CURVE('',#6890,#6912,#6919,.T.);
#6919 = B_SPLINE_CURVE_WITH_KNOTS('',1,(#6920,#6921),.UNSPECIFIED.,.F.,
  .F.,(2,2),(-0.121218443743,0.),.PIECEWISE_BEZIER_KNOTS.);
#6920 = CARTESIAN_POINT('',(-4.562021699561,-3.355,4.150267472066));
#6921 = CARTESIAN_POINT('',(-4.440803255818,-3.355,4.150267472066));
#6922 = ORIENTED_EDGE('',*,*,#6889,.T.);
#6923 = B_SPLINE_SURFACE_WITH_KNOTS('',1,1,(
    (#6924,#6925)
    ,(#6926,#6927
    )),.UNSPECIFIED.,.F.,.F.,.F.,(2,2),(2,2),(-0.121218443743,0.),(0.,
    1.E-02),.PIECEWISE_BEZIER_KNOTS.);
#6924 = CARTESIAN_POINT('',(-4.562021699561,-3.355,4.150267472066));
#6925 = CARTESIAN_POINT('',(-4.562021699561,-3.345,4.150267472066));
#6926 = CARTESIAN_POINT('',(-4.440803255818,-3.355,4.150267472066));
#6927 = CARTESIAN_POINT('',(-4.440803255818,-3.345,4.150267472066));
#6928 = ADVANCED_FACE('',(#6929),#6945,.F.);
#6929 = FACE_BOUND('',#6930,.T.);
#6930 = EDGE_LOOP('',(#6931,#6932,#6939,#6944));
#6931 = ORIENTED_EDGE('',*,*,#836,.T.);
#6932 = ORIENTED_EDGE('',*,*,#6933,.F.);
#6933 = EDGE_CURVE('',#6934,#830,#6936,.T.);
#6934 = VERTEX_POINT('',#6935);
#6935 = CARTESIAN_POINT('',(-4.440803255818,-3.355,4.189085100942));
#6936 = B_SPLINE_CURVE_WITH_KNOTS('',1,(#6937,#6938),.UNSPECIFIED.,.F.,
  .F.,(2,2),(0.,1.E-02),.PIECEWISE_BEZIER_KNOTS.);
#6937 = CARTESIAN_POINT('',(-4.440803255818,-3.355,4.189085100942));
#6938 = CARTESIAN_POINT('',(-4.440803255818,-3.345,4.189085100942));
#6939 = ORIENTED_EDGE('',*,*,#6940,.F.);
#6940 = EDGE_CURVE('',#6912,#6934,#6941,.T.);
#6941 = B_SPLINE_CURVE_WITH_KNOTS('',1,(#6942,#6943),.UNSPECIFIED.,.F.,
  .F.,(2,2),(-3.881762887549E-02,0.),.PIECEWISE_BEZIER_KNOTS.);
#6942 = CARTESIAN_POINT('',(-4.440803255818,-3.355,4.150267472066));
#6943 = CARTESIAN_POINT('',(-4.440803255818,-3.355,4.189085100942));
#6944 = ORIENTED_EDGE('',*,*,#6911,.T.);
#6945 = B_SPLINE_SURFACE_WITH_KNOTS('',1,1,(
    (#6946,#6947)
    ,(#6948,#6949
    )),.UNSPECIFIED.,.F.,.F.,.F.,(2,2),(2,2),(-3.88176288755E-02,0.),(0.
    ,1.E-02),.PIECEWISE_BEZIER_KNOTS.);
#6946 = CARTESIAN_POINT('',(-4.440803255818,-3.355,4.150267472066));
#6947 = CARTESIAN_POINT('',(-4.440803255818,-3.345,4.150267472066));
#6948 = CARTESIAN_POINT('',(-4.440803255818,-3.355,4.189085100942));
#6949 = CARTESIAN_POINT('',(-4.440803255818,-3.345,4.189085100942));
#6950 = ADVANCED_FACE('',(#6951),#6967,.F.);
#6951 = FACE_BOUND('',#6952,.T.);
#6952 = EDGE_LOOP('',(#6953,#6954,#6961,#6966));
#6953 = ORIENTED_EDGE('',*,*,#829,.T.);
#6954 = ORIENTED_EDGE('',*,*,#6955,.F.);
#6955 = EDGE_CURVE('',#6956,#823,#6958,.T.);
#6956 = VERTEX_POINT('',#6957);
#6957 = CARTESIAN_POINT('',(-4.562021699561,-3.355,4.189085100942));
#6958 = B_SPLINE_CURVE_WITH_KNOTS('',1,(#6959,#6960),.UNSPECIFIED.,.F.,
  .F.,(2,2),(0.,1.E-02),.PIECEWISE_BEZIER_KNOTS.);
#6959 = CARTESIAN_POINT('',(-4.562021699561,-3.355,4.189085100942));
#6960 = CARTESIAN_POINT('',(-4.562021699561,-3.345,4.189085100942));
#6961 = ORIENTED_EDGE('',*,*,#6962,.F.);
#6962 = EDGE_CURVE('',#6934,#6956,#6963,.T.);
#6963 = B_SPLINE_CURVE_WITH_KNOTS('',1,(#6964,#6965),.UNSPECIFIED.,.F.,
  .F.,(2,2),(-0.121218443743,-0.),.PIECEWISE_BEZIER_KNOTS.);
#6964 = CARTESIAN_POINT('',(-4.440803255818,-3.355,4.189085100942));
#6965 = CARTESIAN_POINT('',(-4.562021699561,-3.355,4.189085100942));
#6966 = ORIENTED_EDGE('',*,*,#6933,.T.);
#6967 = B_SPLINE_SURFACE_WITH_KNOTS('',1,1,(
    (#6968,#6969)
    ,(#6970,#6971
    )),.UNSPECIFIED.,.F.,.F.,.F.,(2,2),(2,2),(-0.121218443743,0.),(0.,
    1.E-02),.PIECEWISE_BEZIER_KNOTS.);
#6968 = CARTESIAN_POINT('',(-4.440803255818,-3.355,4.189085100942));
#6969 = CARTESIAN_POINT('',(-4.440803255818,-3.345,4.189085100942));
#6970 = CARTESIAN_POINT('',(-4.562021699561,-3.355,4.189085100942));
#6971 = CARTESIAN_POINT('',(-4.562021699561,-3.345,4.189085100942));
#6972 = ADVANCED_FACE('',(#6973),#6989,.F.);
#6973 = FACE_BOUND('',#6974,.T.);
#6974 = EDGE_LOOP('',(#6975,#6976,#6983,#6988));
#6975 = ORIENTED_EDGE('',*,*,#822,.T.);
#6976 = ORIENTED_EDGE('',*,*,#6977,.F.);
#6977 = EDGE_CURVE('',#6978,#816,#6980,.T.);
#6978 = VERTEX_POINT('',#6979);
#6979 = CARTESIAN_POINT('',(-4.562021699561,-3.355,4.297566510212));
#6980 = B_SPLINE_CURVE_WITH_KNOTS('',1,(#6981,#6982),.UNSPECIFIED.,.F.,
  .F.,(2,2),(0.,1.E-02),.PIECEWISE_BEZIER_KNOTS.);
#6981 = CARTESIAN_POINT('',(-4.562021699561,-3.355,4.297566510212));
#6982 = CARTESIAN_POINT('',(-4.562021699561,-3.345,4.297566510212));
#6983 = ORIENTED_EDGE('',*,*,#6984,.F.);
#6984 = EDGE_CURVE('',#6956,#6978,#6985,.T.);
#6985 = B_SPLINE_CURVE_WITH_KNOTS('',1,(#6986,#6987),.UNSPECIFIED.,.F.,
  .F.,(2,2),(-0.10848140927,0.),.PIECEWISE_BEZIER_KNOTS.);
#6986 = CARTESIAN_POINT('',(-4.562021699561,-3.355,4.189085100942));
#6987 = CARTESIAN_POINT('',(-4.562021699561,-3.355,4.297566510212));
#6988 = ORIENTED_EDGE('',*,*,#6955,.T.);
#6989 = B_SPLINE_SURFACE_WITH_KNOTS('',1,1,(
    (#6990,#6991)
    ,(#6992,#6993
    )),.UNSPECIFIED.,.F.,.F.,.F.,(2,2),(2,2),(-0.10848140927,
    4.440892098501E-16),(0.,1.E-02),.PIECEWISE_BEZIER_KNOTS.);
#6990 = CARTESIAN_POINT('',(-4.562021699561,-3.355,4.189085100942));
#6991 = CARTESIAN_POINT('',(-4.562021699561,-3.345,4.189085100942));
#6992 = CARTESIAN_POINT('',(-4.562021699561,-3.355,4.297566510212));
#6993 = CARTESIAN_POINT('',(-4.562021699561,-3.345,4.297566510212));
#6994 = ADVANCED_FACE('',(#6995),#7011,.F.);
#6995 = FACE_BOUND('',#6996,.T.);
#6996 = EDGE_LOOP('',(#6997,#6998,#7005,#7010));
#6997 = ORIENTED_EDGE('',*,*,#815,.T.);
#6998 = ORIENTED_EDGE('',*,*,#6999,.F.);
#6999 = EDGE_CURVE('',#7000,#809,#7002,.T.);
#7000 = VERTEX_POINT('',#7001);
#7001 = CARTESIAN_POINT('',(-4.431185495091,-3.355,4.297566510212));
#7002 = B_SPLINE_CURVE_WITH_KNOTS('',1,(#7003,#7004),.UNSPECIFIED.,.F.,
  .F.,(2,2),(0.,1.E-02),.PIECEWISE_BEZIER_KNOTS.);
#7003 = CARTESIAN_POINT('',(-4.431185495091,-3.355,4.297566510212));
#7004 = CARTESIAN_POINT('',(-4.431185495091,-3.345,4.297566510212));
#7005 = ORIENTED_EDGE('',*,*,#7006,.F.);
#7006 = EDGE_CURVE('',#6978,#7000,#7007,.T.);
#7007 = B_SPLINE_CURVE_WITH_KNOTS('',1,(#7008,#7009),.UNSPECIFIED.,.F.,
  .F.,(2,2),(-0.13083620447,0.),.PIECEWISE_BEZIER_KNOTS.);
#7008 = CARTESIAN_POINT('',(-4.562021699561,-3.355,4.297566510212));
#7009 = CARTESIAN_POINT('',(-4.431185495091,-3.355,4.297566510212));
#7010 = ORIENTED_EDGE('',*,*,#6977,.T.);
#7011 = B_SPLINE_SURFACE_WITH_KNOTS('',1,1,(
    (#7012,#7013)
    ,(#7014,#7015
    )),.UNSPECIFIED.,.F.,.F.,.F.,(2,2),(2,2),(-0.13083620447,0.),(0.,
    1.E-02),.PIECEWISE_BEZIER_KNOTS.);
#7012 = CARTESIAN_POINT('',(-4.562021699561,-3.355,4.297566510212));
#7013 = CARTESIAN_POINT('',(-4.562021699561,-3.345,4.297566510212));
#7014 = CARTESIAN_POINT('',(-4.431185495091,-3.355,4.297566510212));
#7015 = CARTESIAN_POINT('',(-4.431185495091,-3.345,4.297566510212));
#7016 = ADVANCED_FACE('',(#7017),#7033,.F.);
#7017 = FACE_BOUND('',#7018,.T.);
#7018 = EDGE_LOOP('',(#7019,#7020,#7027,#7032));
#7019 = ORIENTED_EDGE('',*,*,#808,.T.);
#7020 = ORIENTED_EDGE('',*,*,#7021,.F.);
#7021 = EDGE_CURVE('',#7022,#802,#7024,.T.);
#7022 = VERTEX_POINT('',#7023);
#7023 = CARTESIAN_POINT('',(-4.431185495091,-3.355,4.336557432074));
#7024 = B_SPLINE_CURVE_WITH_KNOTS('',1,(#7025,#7026),.UNSPECIFIED.,.F.,
  .F.,(2,2),(0.,1.E-02),.PIECEWISE_BEZIER_KNOTS.);
#7025 = CARTESIAN_POINT('',(-4.431185495091,-3.355,4.336557432074));
#7026 = CARTESIAN_POINT('',(-4.431185495091,-3.345,4.336557432074));
#7027 = ORIENTED_EDGE('',*,*,#7028,.F.);
#7028 = EDGE_CURVE('',#7000,#7022,#7029,.T.);
#7029 = B_SPLINE_CURVE_WITH_KNOTS('',1,(#7030,#7031),.UNSPECIFIED.,.F.,
  .F.,(2,2),(-3.899092186135E-02,0.),.PIECEWISE_BEZIER_KNOTS.);
#7030 = CARTESIAN_POINT('',(-4.431185495091,-3.355,4.297566510212));
#7031 = CARTESIAN_POINT('',(-4.431185495091,-3.355,4.336557432074));
#7032 = ORIENTED_EDGE('',*,*,#6999,.T.);
#7033 = B_SPLINE_SURFACE_WITH_KNOTS('',1,1,(
    (#7034,#7035)
    ,(#7036,#7037
    )),.UNSPECIFIED.,.F.,.F.,.F.,(2,2),(2,2),(-3.899092186135E-02,
    4.440892098501E-16),(0.,1.E-02),.PIECEWISE_BEZIER_KNOTS.);
#7034 = CARTESIAN_POINT('',(-4.431185495091,-3.355,4.297566510212));
#7035 = CARTESIAN_POINT('',(-4.431185495091,-3.345,4.297566510212));
#7036 = CARTESIAN_POINT('',(-4.431185495091,-3.355,4.336557432074));
#7037 = CARTESIAN_POINT('',(-4.431185495091,-3.345,4.336557432074));
#7038 = ADVANCED_FACE('',(#7039),#7055,.F.);
#7039 = FACE_BOUND('',#7040,.T.);
#7040 = EDGE_LOOP('',(#7041,#7042,#7049,#7054));
#7041 = ORIENTED_EDGE('',*,*,#801,.T.);
#7042 = ORIENTED_EDGE('',*,*,#7043,.F.);
#7043 = EDGE_CURVE('',#7044,#795,#7046,.T.);
#7044 = VERTEX_POINT('',#7045);
#7045 = CARTESIAN_POINT('',(-4.605778178539,-3.355,4.336557432074));
#7046 = B_SPLINE_CURVE_WITH_KNOTS('',1,(#7047,#7048),.UNSPECIFIED.,.F.,
  .F.,(2,2),(0.,1.E-02),.PIECEWISE_BEZIER_KNOTS.);
#7047 = CARTESIAN_POINT('',(-4.605778178539,-3.355,4.336557432074));
#7048 = CARTESIAN_POINT('',(-4.605778178539,-3.345,4.336557432074));
#7049 = ORIENTED_EDGE('',*,*,#7050,.F.);
#7050 = EDGE_CURVE('',#7022,#7044,#7051,.T.);
#7051 = B_SPLINE_CURVE_WITH_KNOTS('',1,(#7052,#7053),.UNSPECIFIED.,.F.,
  .F.,(2,2),(-0.174592683448,-0.),.PIECEWISE_BEZIER_KNOTS.);
#7052 = CARTESIAN_POINT('',(-4.431185495091,-3.355,4.336557432074));
#7053 = CARTESIAN_POINT('',(-4.605778178539,-3.355,4.336557432074));
#7054 = ORIENTED_EDGE('',*,*,#7021,.T.);
#7055 = B_SPLINE_SURFACE_WITH_KNOTS('',1,1,(
    (#7056,#7057)
    ,(#7058,#7059
    )),.UNSPECIFIED.,.F.,.F.,.F.,(2,2),(2,2),(-0.174592683448,0.),(0.,
    1.E-02),.PIECEWISE_BEZIER_KNOTS.);
#7056 = CARTESIAN_POINT('',(-4.431185495091,-3.355,4.336557432074));
#7057 = CARTESIAN_POINT('',(-4.431185495091,-3.345,4.336557432074));
#7058 = CARTESIAN_POINT('',(-4.605778178539,-3.355,4.336557432074));
#7059 = CARTESIAN_POINT('',(-4.605778178539,-3.345,4.336557432074));
#7060 = ADVANCED_FACE('',(#7061),#7077,.F.);
#7061 = FACE_BOUND('',#7062,.T.);
#7062 = EDGE_LOOP('',(#7063,#7064,#7071,#7076));
#7063 = ORIENTED_EDGE('',*,*,#794,.T.);
#7064 = ORIENTED_EDGE('',*,*,#7065,.F.);
#7065 = EDGE_CURVE('',#7066,#788,#7068,.T.);
#7066 = VERTEX_POINT('',#7067);
#7067 = CARTESIAN_POINT('',(-4.605778178539,-3.355,3.997596351355));
#7068 = B_SPLINE_CURVE_WITH_KNOTS('',1,(#7069,#7070),.UNSPECIFIED.,.F.,
  .F.,(2,2),(0.,1.E-02),.PIECEWISE_BEZIER_KNOTS.);
#7069 = CARTESIAN_POINT('',(-4.605778178539,-3.355,3.997596351355));
#7070 = CARTESIAN_POINT('',(-4.605778178539,-3.345,3.997596351355));
#7071 = ORIENTED_EDGE('',*,*,#7072,.F.);
#7072 = EDGE_CURVE('',#7044,#7066,#7073,.T.);
#7073 = B_SPLINE_CURVE_WITH_KNOTS('',1,(#7074,#7075),.UNSPECIFIED.,.F.,
  .F.,(2,2),(-0.338961080719,-0.),.PIECEWISE_BEZIER_KNOTS.);
#7074 = CARTESIAN_POINT('',(-4.605778178539,-3.355,4.336557432074));
#7075 = CARTESIAN_POINT('',(-4.605778178539,-3.355,3.997596351355));
#7076 = ORIENTED_EDGE('',*,*,#7043,.T.);
#7077 = B_SPLINE_SURFACE_WITH_KNOTS('',1,1,(
    (#7078,#7079)
    ,(#7080,#7081
    )),.UNSPECIFIED.,.F.,.F.,.F.,(2,2),(2,2),(-0.338961080719,0.),(0.,
    1.E-02),.PIECEWISE_BEZIER_KNOTS.);
#7078 = CARTESIAN_POINT('',(-4.605778178539,-3.355,4.336557432074));
#7079 = CARTESIAN_POINT('',(-4.605778178539,-3.345,4.336557432074));
#7080 = CARTESIAN_POINT('',(-4.605778178539,-3.355,3.997596351355));
#7081 = CARTESIAN_POINT('',(-4.605778178539,-3.345,3.997596351355));
#7082 = ADVANCED_FACE('',(#7083),#7093,.F.);
#7083 = FACE_BOUND('',#7084,.T.);
#7084 = EDGE_LOOP('',(#7085,#7086,#7087,#7092));
#7085 = ORIENTED_EDGE('',*,*,#787,.T.);
#7086 = ORIENTED_EDGE('',*,*,#6853,.F.);
#7087 = ORIENTED_EDGE('',*,*,#7088,.F.);
#7088 = EDGE_CURVE('',#7066,#6847,#7089,.T.);
#7089 = B_SPLINE_CURVE_WITH_KNOTS('',1,(#7090,#7091),.UNSPECIFIED.,.F.,
  .F.,(2,2),(-0.182304221327,0.),.PIECEWISE_BEZIER_KNOTS.);
#7090 = CARTESIAN_POINT('',(-4.605778178539,-3.355,3.997596351355));
#7091 = CARTESIAN_POINT('',(-4.423473957213,-3.355,3.997596351355));
#7092 = ORIENTED_EDGE('',*,*,#7065,.T.);
#7093 = B_SPLINE_SURFACE_WITH_KNOTS('',1,1,(
    (#7094,#7095)
    ,(#7096,#7097
    )),.UNSPECIFIED.,.F.,.F.,.F.,(2,2),(2,2),(-0.182304221327,0.),(0.,
    1.E-02),.PIECEWISE_BEZIER_KNOTS.);
#7094 = CARTESIAN_POINT('',(-4.605778178539,-3.355,3.997596351355));
#7095 = CARTESIAN_POINT('',(-4.605778178539,-3.345,3.997596351355));
#7096 = CARTESIAN_POINT('',(-4.423473957213,-3.355,3.997596351355));
#7097 = CARTESIAN_POINT('',(-4.423473957213,-3.345,3.997596351355));
#7098 = ADVANCED_FACE('',(#7099),#7113,.F.);
#7099 = FACE_BOUND('',#7100,.T.);
#7100 = EDGE_LOOP('',(#7101,#7102,#7103,#7104,#7105,#7106,#7107,#7108,
    #7109,#7110,#7111,#7112));
#7101 = ORIENTED_EDGE('',*,*,#6846,.T.);
#7102 = ORIENTED_EDGE('',*,*,#6874,.T.);
#7103 = ORIENTED_EDGE('',*,*,#6896,.T.);
#7104 = ORIENTED_EDGE('',*,*,#6918,.T.);
#7105 = ORIENTED_EDGE('',*,*,#6940,.T.);
#7106 = ORIENTED_EDGE('',*,*,#6962,.T.);
#7107 = ORIENTED_EDGE('',*,*,#6984,.T.);
#7108 = ORIENTED_EDGE('',*,*,#7006,.T.);
#7109 = ORIENTED_EDGE('',*,*,#7028,.T.);
#7110 = ORIENTED_EDGE('',*,*,#7050,.T.);
#7111 = ORIENTED_EDGE('',*,*,#7072,.T.);
#7112 = ORIENTED_EDGE('',*,*,#7088,.T.);
#7113 = B_SPLINE_SURFACE_WITH_KNOTS('',1,1,(
    (#7114,#7115)
    ,(#7116,#7117
    )),.UNSPECIFIED.,.F.,.F.,.F.,(2,2),(2,2),(1.147596251355,
    1.486557332074),(-4.605778178539,-4.423473957213),
  .PIECEWISE_BEZIER_KNOTS.);
#7114 = CARTESIAN_POINT('',(-4.605778178539,-3.355,3.997596351355));
#7115 = CARTESIAN_POINT('',(-4.423473957213,-3.355,3.997596351355));
#7116 = CARTESIAN_POINT('',(-4.605778178539,-3.355,4.336557432074));
#7117 = CARTESIAN_POINT('',(-4.423473957213,-3.355,4.336557432074));
#7118 = ADVANCED_FACE('',(#7119,#7178),#7237,.T.);
#7119 = FACE_BOUND('',#7120,.T.);
#7120 = EDGE_LOOP('',(#7121,#7130,#7139,#7148,#7157,#7166,#7173));
#7121 = ORIENTED_EDGE('',*,*,#7122,.T.);
#7122 = EDGE_CURVE('',#7123,#7125,#7127,.T.);
#7123 = VERTEX_POINT('',#7124);
#7124 = CARTESIAN_POINT('',(-4.359442198865,-3.355,3.997596351355));
#7125 = VERTEX_POINT('',#7126);
#7126 = CARTESIAN_POINT('',(-4.266210572369,-3.355,3.997596351355));
#7127 = B_SPLINE_CURVE_WITH_KNOTS('',1,(#7128,#7129),.UNSPECIFIED.,.F.,
  .F.,(2,2),(-9.323162649646E-02,8.881784197001E-16),
  .PIECEWISE_BEZIER_KNOTS.);
#7128 = CARTESIAN_POINT('',(-4.359442198865,-3.355,3.997596351355));
#7129 = CARTESIAN_POINT('',(-4.266210572369,-3.355,3.997596351355));
#7130 = ORIENTED_EDGE('',*,*,#7131,.T.);
#7131 = EDGE_CURVE('',#7125,#7132,#7134,.T.);
#7132 = VERTEX_POINT('',#7133);
#7133 = CARTESIAN_POINT('',(-4.134594549461,-3.355,4.045078629532));
#7134 = B_SPLINE_CURVE_WITH_KNOTS('',3,(#7135,#7136,#7137,#7138),
  .UNSPECIFIED.,.F.,.F.,(4,4),(5.,6.),.PIECEWISE_BEZIER_KNOTS.);
#7135 = CARTESIAN_POINT('',(-4.266210572369,-3.355,3.997596351355));
#7136 = CARTESIAN_POINT('',(-4.212576393186,-3.355,3.997596351355));
#7137 = CARTESIAN_POINT('',(-4.168646621221,-3.355,4.013366013086));
#7138 = CARTESIAN_POINT('',(-4.134594549461,-3.355,4.045078629532));
#7139 = ORIENTED_EDGE('',*,*,#7140,.T.);
#7140 = EDGE_CURVE('',#7132,#7141,#7143,.T.);
#7141 = VERTEX_POINT('',#7142);
#7142 = CARTESIAN_POINT('',(-4.083473118576,-3.355,4.171409216366));
#7143 = B_SPLINE_CURVE_WITH_KNOTS('',3,(#7144,#7145,#7146,#7147),
  .UNSPECIFIED.,.F.,.F.,(4,4),(4.,5.),.PIECEWISE_BEZIER_KNOTS.);
#7144 = CARTESIAN_POINT('',(-4.134594549461,-3.355,4.045078629532));
#7145 = CARTESIAN_POINT('',(-4.100542477701,-3.355,4.076791245981));
#7146 = CARTESIAN_POINT('',(-4.083473118576,-3.355,4.118901441592));
#7147 = CARTESIAN_POINT('',(-4.083473118576,-3.355,4.171409216366));
#7148 = ORIENTED_EDGE('',*,*,#7149,.T.);
#7149 = EDGE_CURVE('',#7141,#7150,#7152,.T.);
#7150 = VERTEX_POINT('',#7151);
#7151 = CARTESIAN_POINT('',(-4.134594549461,-3.355,4.291674548686));
#7152 = B_SPLINE_CURVE_WITH_KNOTS('',3,(#7153,#7154,#7155,#7156),
  .UNSPECIFIED.,.F.,.F.,(4,4),(3.,4.),.PIECEWISE_BEZIER_KNOTS.);
#7153 = CARTESIAN_POINT('',(-4.083473118576,-3.355,4.171409216366));
#7154 = CARTESIAN_POINT('',(-4.083473118576,-3.355,4.22166418232));
#7155 = CARTESIAN_POINT('',(-4.100542477701,-3.355,4.261694862099));
#7156 = CARTESIAN_POINT('',(-4.134594549461,-3.355,4.291674548686));
#7157 = ORIENTED_EDGE('',*,*,#7158,.T.);
#7158 = EDGE_CURVE('',#7150,#7159,#7161,.T.);
#7159 = VERTEX_POINT('',#7160);
#7160 = CARTESIAN_POINT('',(-4.262744712647,-3.355,4.336557432074));
#7161 = B_SPLINE_CURVE_WITH_KNOTS('',3,(#7162,#7163,#7164,#7165),
  .UNSPECIFIED.,.F.,.F.,(4,4),(2.,3.),.PIECEWISE_BEZIER_KNOTS.);
#7162 = CARTESIAN_POINT('',(-4.134594549461,-3.355,4.291674548686));
#7163 = CARTESIAN_POINT('',(-4.168646621221,-3.355,4.321654235274));
#7164 = CARTESIAN_POINT('',(-4.211363342283,-3.355,4.336557432074));
#7165 = CARTESIAN_POINT('',(-4.262744712647,-3.355,4.336557432074));
#7166 = ORIENTED_EDGE('',*,*,#7167,.T.);
#7167 = EDGE_CURVE('',#7159,#7168,#7170,.T.);
#7168 = VERTEX_POINT('',#7169);
#7169 = CARTESIAN_POINT('',(-4.359442198865,-3.355,4.336557432074));
#7170 = B_SPLINE_CURVE_WITH_KNOTS('',1,(#7171,#7172),.UNSPECIFIED.,.F.,
  .F.,(2,2),(-9.669748621818E-02,-0.),.PIECEWISE_BEZIER_KNOTS.);
#7171 = CARTESIAN_POINT('',(-4.262744712647,-3.355,4.336557432074));
#7172 = CARTESIAN_POINT('',(-4.359442198865,-3.355,4.336557432074));
#7173 = ORIENTED_EDGE('',*,*,#7174,.T.);
#7174 = EDGE_CURVE('',#7168,#7123,#7175,.T.);
#7175 = B_SPLINE_CURVE_WITH_KNOTS('',1,(#7176,#7177),.UNSPECIFIED.,.F.,
  .F.,(2,2),(-0.338961080719,-0.),.PIECEWISE_BEZIER_KNOTS.);
#7176 = CARTESIAN_POINT('',(-4.359442198865,-3.355,4.336557432074));
#7177 = CARTESIAN_POINT('',(-4.359442198865,-3.355,3.997596351355));
#7178 = FACE_BOUND('',#7179,.T.);
#7179 = EDGE_LOOP('',(#7180,#7189,#7196,#7205,#7214,#7223,#7232));
#7180 = ORIENTED_EDGE('',*,*,#7181,.F.);
#7181 = EDGE_CURVE('',#7182,#7184,#7186,.T.);
#7182 = VERTEX_POINT('',#7183);
#7183 = CARTESIAN_POINT('',(-4.315685719886,-3.355,4.297566510212));
#7184 = VERTEX_POINT('',#7185);
#7185 = CARTESIAN_POINT('',(-4.315685719886,-3.355,4.036240687244));
#7186 = B_SPLINE_CURVE_WITH_KNOTS('',1,(#7187,#7188),.UNSPECIFIED.,.F.,
  .F.,(2,2),(0.,0.261325822968),.PIECEWISE_BEZIER_KNOTS.);
#7187 = CARTESIAN_POINT('',(-4.315685719886,-3.355,4.297566510212));
#7188 = CARTESIAN_POINT('',(-4.315685719886,-3.355,4.036240687244));
#7189 = ORIENTED_EDGE('',*,*,#7190,.F.);
#7190 = EDGE_CURVE('',#7191,#7182,#7193,.T.);
#7191 = VERTEX_POINT('',#7192);
#7192 = CARTESIAN_POINT('',(-4.26447764251,-3.355,4.297566510212));
#7193 = B_SPLINE_CURVE_WITH_KNOTS('',1,(#7194,#7195),.UNSPECIFIED.,.F.,
  .F.,(2,2),(0.,5.12080773757E-02),.PIECEWISE_BEZIER_KNOTS.);
#7194 = CARTESIAN_POINT('',(-4.26447764251,-3.355,4.297566510212));
#7195 = CARTESIAN_POINT('',(-4.315685719886,-3.355,4.297566510212));
#7196 = ORIENTED_EDGE('',*,*,#7197,.F.);
#7197 = EDGE_CURVE('',#7198,#7191,#7200,.T.);
#7198 = VERTEX_POINT('',#7199);
#7199 = CARTESIAN_POINT('',(-4.166653751882,-3.355,4.265680600778));
#7200 = B_SPLINE_CURVE_WITH_KNOTS('',3,(#7201,#7202,#7203,#7204),
  .UNSPECIFIED.,.F.,.F.,(4,4),(5.,6.),.PIECEWISE_BEZIER_KNOTS.);
#7201 = CARTESIAN_POINT('',(-4.166653751882,-3.355,4.265680600778));
#7202 = CARTESIAN_POINT('',(-4.191434648889,-3.355,4.286995638063));
#7203 = CARTESIAN_POINT('',(-4.22410037676,-3.355,4.297566510212));
#7204 = CARTESIAN_POINT('',(-4.26447764251,-3.355,4.297566510212));
#7205 = ORIENTED_EDGE('',*,*,#7206,.F.);
#7206 = EDGE_CURVE('',#7207,#7198,#7209,.T.);
#7207 = VERTEX_POINT('',#7208);
#7208 = CARTESIAN_POINT('',(-4.129482406372,-3.355,4.170196165463));
#7209 = B_SPLINE_CURVE_WITH_KNOTS('',3,(#7210,#7211,#7212,#7213),
  .UNSPECIFIED.,.F.,.F.,(4,4),(4.,5.),.PIECEWISE_BEZIER_KNOTS.);
#7210 = CARTESIAN_POINT('',(-4.129482406372,-3.355,4.170196165463));
#7211 = CARTESIAN_POINT('',(-4.129482406372,-3.355,4.21247965406));
#7212 = CARTESIAN_POINT('',(-4.141872854876,-3.355,4.244365563494));
#7213 = CARTESIAN_POINT('',(-4.166653751882,-3.355,4.265680600778));
#7214 = ORIENTED_EDGE('',*,*,#7215,.F.);
#7215 = EDGE_CURVE('',#7216,#7207,#7218,.T.);
#7216 = VERTEX_POINT('',#7217);
#7217 = CARTESIAN_POINT('',(-4.165700640457,-3.355,4.071592456398));
#7218 = B_SPLINE_CURVE_WITH_KNOTS('',3,(#7219,#7220,#7221,#7222),
  .UNSPECIFIED.,.F.,.F.,(4,4),(3.,4.),.PIECEWISE_BEZIER_KNOTS.);
#7219 = CARTESIAN_POINT('',(-4.165700640457,-3.355,4.071592456398));
#7220 = CARTESIAN_POINT('',(-4.141526268902,-3.355,4.094987009516));
#7221 = CARTESIAN_POINT('',(-4.129482406372,-3.355,4.127912676866));
#7222 = CARTESIAN_POINT('',(-4.129482406372,-3.355,4.170196165463));
#7223 = ORIENTED_EDGE('',*,*,#7224,.F.);
#7224 = EDGE_CURVE('',#7225,#7216,#7227,.T.);
#7225 = VERTEX_POINT('',#7226);
#7226 = CARTESIAN_POINT('',(-4.266470511847,-3.355,4.036240687244));
#7227 = B_SPLINE_CURVE_WITH_KNOTS('',3,(#7228,#7229,#7230,#7231),
  .UNSPECIFIED.,.F.,.F.,(4,4),(2.,3.),.PIECEWISE_BEZIER_KNOTS.);
#7228 = CARTESIAN_POINT('',(-4.266470511847,-3.355,4.036240687244));
#7229 = CARTESIAN_POINT('',(-4.223407204814,-3.355,4.036240687244));
#7230 = CARTESIAN_POINT('',(-4.189788365519,-3.355,4.048024610296));
#7231 = CARTESIAN_POINT('',(-4.165700640457,-3.355,4.071592456398));
#7232 = ORIENTED_EDGE('',*,*,#7233,.F.);
#7233 = EDGE_CURVE('',#7184,#7225,#7234,.T.);
#7234 = B_SPLINE_CURVE_WITH_KNOTS('',1,(#7235,#7236),.UNSPECIFIED.,.F.,
  .F.,(2,2),(0.,4.921520803836E-02),.PIECEWISE_BEZIER_KNOTS.);
#7235 = CARTESIAN_POINT('',(-4.315685719886,-3.355,4.036240687244));
#7236 = CARTESIAN_POINT('',(-4.266470511847,-3.355,4.036240687244));
#7237 = B_SPLINE_SURFACE_WITH_KNOTS('',1,1,(
    (#7238,#7239)
    ,(#7240,#7241
    )),.UNSPECIFIED.,.F.,.F.,.F.,(2,2),(2,2),(-1.119905922332E-02,
    0.327762021496),(-0.167271054787,0.108698025501),
  .PIECEWISE_BEZIER_KNOTS.);
#7238 = CARTESIAN_POINT('',(-4.359442198865,-3.355,4.336557432074));
#7239 = CARTESIAN_POINT('',(-4.083473118576,-3.355,4.336557432074));
#7240 = CARTESIAN_POINT('',(-4.359442198865,-3.355,3.997596351355));
#7241 = CARTESIAN_POINT('',(-4.083473118576,-3.355,3.997596351355));
#7242 = ADVANCED_FACE('',(#7243),#7257,.F.);
#7243 = FACE_BOUND('',#7244,.T.);
#7244 = EDGE_LOOP('',(#7245,#7246,#7251,#7252));
#7245 = ORIENTED_EDGE('',*,*,#864,.T.);
#7246 = ORIENTED_EDGE('',*,*,#7247,.F.);
#7247 = EDGE_CURVE('',#7125,#867,#7248,.T.);
#7248 = B_SPLINE_CURVE_WITH_KNOTS('',1,(#7249,#7250),.UNSPECIFIED.,.F.,
  .F.,(2,2),(0.,1.E-02),.PIECEWISE_BEZIER_KNOTS.);
#7249 = CARTESIAN_POINT('',(-4.266210572369,-3.355,3.997596351355));
#7250 = CARTESIAN_POINT('',(-4.266210572369,-3.345,3.997596351355));
#7251 = ORIENTED_EDGE('',*,*,#7122,.F.);
#7252 = ORIENTED_EDGE('',*,*,#7253,.T.);
#7253 = EDGE_CURVE('',#7123,#865,#7254,.T.);
#7254 = B_SPLINE_CURVE_WITH_KNOTS('',1,(#7255,#7256),.UNSPECIFIED.,.F.,
  .F.,(2,2),(0.,1.E-02),.PIECEWISE_BEZIER_KNOTS.);
#7255 = CARTESIAN_POINT('',(-4.359442198865,-3.355,3.997596351355));
#7256 = CARTESIAN_POINT('',(-4.359442198865,-3.345,3.997596351355));
#7257 = B_SPLINE_SURFACE_WITH_KNOTS('',1,1,(
    (#7258,#7259)
    ,(#7260,#7261
    )),.UNSPECIFIED.,.F.,.F.,.F.,(2,2),(2,2),(-9.323162649646E-02,
    8.881784197001E-16),(-4.440892098501E-16,1.E-02),
  .PIECEWISE_BEZIER_KNOTS.);
#7258 = CARTESIAN_POINT('',(-4.359442198865,-3.355,3.997596351355));
#7259 = CARTESIAN_POINT('',(-4.359442198865,-3.345,3.997596351355));
#7260 = CARTESIAN_POINT('',(-4.266210572369,-3.355,3.997596351355));
#7261 = CARTESIAN_POINT('',(-4.266210572369,-3.345,3.997596351355));
#7262 = ADVANCED_FACE('',(#7263),#7273,.F.);
#7263 = FACE_BOUND('',#7264,.F.);
#7264 = EDGE_LOOP('',(#7265,#7266,#7267,#7272));
#7265 = ORIENTED_EDGE('',*,*,#7247,.F.);
#7266 = ORIENTED_EDGE('',*,*,#7131,.T.);
#7267 = ORIENTED_EDGE('',*,*,#7268,.T.);
#7268 = EDGE_CURVE('',#7132,#906,#7269,.T.);
#7269 = B_SPLINE_CURVE_WITH_KNOTS('',1,(#7270,#7271),.UNSPECIFIED.,.F.,
  .F.,(2,2),(0.,1.E-02),.PIECEWISE_BEZIER_KNOTS.);
#7270 = CARTESIAN_POINT('',(-4.134594549461,-3.355,4.045078629532));
#7271 = CARTESIAN_POINT('',(-4.134594549461,-3.345,4.045078629532));
#7272 = ORIENTED_EDGE('',*,*,#914,.F.);
#7273 = B_SPLINE_SURFACE_WITH_KNOTS('',3,1,(
    (#7274,#7275)
    ,(#7276,#7277)
    ,(#7278,#7279)
    ,(#7280,#7281
    )),.UNSPECIFIED.,.F.,.F.,.F.,(4,4),(2,2),(5.,6.),(0.,1.),
  .PIECEWISE_BEZIER_KNOTS.);
#7274 = CARTESIAN_POINT('',(-4.266210572369,-3.355,3.997596351355));
#7275 = CARTESIAN_POINT('',(-4.266210572369,-3.345,3.997596351355));
#7276 = CARTESIAN_POINT('',(-4.212576393186,-3.355,3.997596351355));
#7277 = CARTESIAN_POINT('',(-4.212576393186,-3.345,3.997596351355));
#7278 = CARTESIAN_POINT('',(-4.168646621221,-3.355,4.013366013086));
#7279 = CARTESIAN_POINT('',(-4.168646621221,-3.345,4.013366013086));
#7280 = CARTESIAN_POINT('',(-4.134594549461,-3.355,4.045078629532));
#7281 = CARTESIAN_POINT('',(-4.134594549461,-3.345,4.045078629532));
#7282 = ADVANCED_FACE('',(#7283),#7293,.F.);
#7283 = FACE_BOUND('',#7284,.F.);
#7284 = EDGE_LOOP('',(#7285,#7286,#7287,#7292));
#7285 = ORIENTED_EDGE('',*,*,#7268,.F.);
#7286 = ORIENTED_EDGE('',*,*,#7140,.T.);
#7287 = ORIENTED_EDGE('',*,*,#7288,.T.);
#7288 = EDGE_CURVE('',#7141,#897,#7289,.T.);
#7289 = B_SPLINE_CURVE_WITH_KNOTS('',1,(#7290,#7291),.UNSPECIFIED.,.F.,
  .F.,(2,2),(0.,1.E-02),.PIECEWISE_BEZIER_KNOTS.);
#7290 = CARTESIAN_POINT('',(-4.083473118576,-3.355,4.171409216366));
#7291 = CARTESIAN_POINT('',(-4.083473118576,-3.345,4.171409216366));
#7292 = ORIENTED_EDGE('',*,*,#905,.F.);
#7293 = B_SPLINE_SURFACE_WITH_KNOTS('',3,1,(
    (#7294,#7295)
    ,(#7296,#7297)
    ,(#7298,#7299)
    ,(#7300,#7301
    )),.UNSPECIFIED.,.F.,.F.,.F.,(4,4),(2,2),(4.,5.),(0.,1.),
  .PIECEWISE_BEZIER_KNOTS.);
#7294 = CARTESIAN_POINT('',(-4.134594549461,-3.355,4.045078629532));
#7295 = CARTESIAN_POINT('',(-4.134594549461,-3.345,4.045078629532));
#7296 = CARTESIAN_POINT('',(-4.100542477701,-3.355,4.076791245981));
#7297 = CARTESIAN_POINT('',(-4.100542477701,-3.345,4.076791245981));
#7298 = CARTESIAN_POINT('',(-4.083473118576,-3.355,4.118901441592));
#7299 = CARTESIAN_POINT('',(-4.083473118576,-3.345,4.118901441592));
#7300 = CARTESIAN_POINT('',(-4.083473118576,-3.355,4.171409216366));
#7301 = CARTESIAN_POINT('',(-4.083473118576,-3.345,4.171409216366));
#7302 = ADVANCED_FACE('',(#7303),#7313,.F.);
#7303 = FACE_BOUND('',#7304,.F.);
#7304 = EDGE_LOOP('',(#7305,#7306,#7307,#7312));
#7305 = ORIENTED_EDGE('',*,*,#7288,.F.);
#7306 = ORIENTED_EDGE('',*,*,#7149,.T.);
#7307 = ORIENTED_EDGE('',*,*,#7308,.T.);
#7308 = EDGE_CURVE('',#7150,#888,#7309,.T.);
#7309 = B_SPLINE_CURVE_WITH_KNOTS('',1,(#7310,#7311),.UNSPECIFIED.,.F.,
  .F.,(2,2),(0.,1.E-02),.PIECEWISE_BEZIER_KNOTS.);
#7310 = CARTESIAN_POINT('',(-4.134594549461,-3.355,4.291674548686));
#7311 = CARTESIAN_POINT('',(-4.134594549461,-3.345,4.291674548686));
#7312 = ORIENTED_EDGE('',*,*,#896,.F.);
#7313 = B_SPLINE_SURFACE_WITH_KNOTS('',3,1,(
    (#7314,#7315)
    ,(#7316,#7317)
    ,(#7318,#7319)
    ,(#7320,#7321
    )),.UNSPECIFIED.,.F.,.F.,.F.,(4,4),(2,2),(3.,4.),(0.,1.),
  .PIECEWISE_BEZIER_KNOTS.);
#7314 = CARTESIAN_POINT('',(-4.083473118576,-3.355,4.171409216366));
#7315 = CARTESIAN_POINT('',(-4.083473118576,-3.345,4.171409216366));
#7316 = CARTESIAN_POINT('',(-4.083473118576,-3.355,4.22166418232));
#7317 = CARTESIAN_POINT('',(-4.083473118576,-3.345,4.22166418232));
#7318 = CARTESIAN_POINT('',(-4.100542477701,-3.355,4.261694862099));
#7319 = CARTESIAN_POINT('',(-4.100542477701,-3.345,4.261694862099));
#7320 = CARTESIAN_POINT('',(-4.134594549461,-3.355,4.291674548686));
#7321 = CARTESIAN_POINT('',(-4.134594549461,-3.345,4.291674548686));
#7322 = ADVANCED_FACE('',(#7323),#7333,.F.);
#7323 = FACE_BOUND('',#7324,.F.);
#7324 = EDGE_LOOP('',(#7325,#7326,#7327,#7332));
#7325 = ORIENTED_EDGE('',*,*,#7308,.F.);
#7326 = ORIENTED_EDGE('',*,*,#7158,.T.);
#7327 = ORIENTED_EDGE('',*,*,#7328,.T.);
#7328 = EDGE_CURVE('',#7159,#881,#7329,.T.);
#7329 = B_SPLINE_CURVE_WITH_KNOTS('',1,(#7330,#7331),.UNSPECIFIED.,.F.,
  .F.,(2,2),(0.,1.E-02),.PIECEWISE_BEZIER_KNOTS.);
#7330 = CARTESIAN_POINT('',(-4.262744712647,-3.355,4.336557432074));
#7331 = CARTESIAN_POINT('',(-4.262744712647,-3.345,4.336557432074));
#7332 = ORIENTED_EDGE('',*,*,#887,.F.);
#7333 = B_SPLINE_SURFACE_WITH_KNOTS('',3,1,(
    (#7334,#7335)
    ,(#7336,#7337)
    ,(#7338,#7339)
    ,(#7340,#7341
    )),.UNSPECIFIED.,.F.,.F.,.F.,(4,4),(2,2),(2.,3.),(0.,1.),
  .PIECEWISE_BEZIER_KNOTS.);
#7334 = CARTESIAN_POINT('',(-4.134594549461,-3.355,4.291674548686));
#7335 = CARTESIAN_POINT('',(-4.134594549461,-3.345,4.291674548686));
#7336 = CARTESIAN_POINT('',(-4.168646621221,-3.355,4.321654235274));
#7337 = CARTESIAN_POINT('',(-4.168646621221,-3.345,4.321654235274));
#7338 = CARTESIAN_POINT('',(-4.211363342283,-3.355,4.336557432074));
#7339 = CARTESIAN_POINT('',(-4.211363342283,-3.345,4.336557432074));
#7340 = CARTESIAN_POINT('',(-4.262744712647,-3.355,4.336557432074));
#7341 = CARTESIAN_POINT('',(-4.262744712647,-3.345,4.336557432074));
#7342 = ADVANCED_FACE('',(#7343),#7353,.F.);
#7343 = FACE_BOUND('',#7344,.T.);
#7344 = EDGE_LOOP('',(#7345,#7346,#7351,#7352));
#7345 = ORIENTED_EDGE('',*,*,#880,.T.);
#7346 = ORIENTED_EDGE('',*,*,#7347,.F.);
#7347 = EDGE_CURVE('',#7168,#874,#7348,.T.);
#7348 = B_SPLINE_CURVE_WITH_KNOTS('',1,(#7349,#7350),.UNSPECIFIED.,.F.,
  .F.,(2,2),(0.,1.E-02),.PIECEWISE_BEZIER_KNOTS.);
#7349 = CARTESIAN_POINT('',(-4.359442198865,-3.355,4.336557432074));
#7350 = CARTESIAN_POINT('',(-4.359442198865,-3.345,4.336557432074));
#7351 = ORIENTED_EDGE('',*,*,#7167,.F.);
#7352 = ORIENTED_EDGE('',*,*,#7328,.T.);
#7353 = B_SPLINE_SURFACE_WITH_KNOTS('',1,1,(
    (#7354,#7355)
    ,(#7356,#7357
    )),.UNSPECIFIED.,.F.,.F.,.F.,(2,2),(2,2),(-9.669748621818E-02,0.),(
    0.,1.E-02),.PIECEWISE_BEZIER_KNOTS.);
#7354 = CARTESIAN_POINT('',(-4.262744712647,-3.355,4.336557432074));
#7355 = CARTESIAN_POINT('',(-4.262744712647,-3.345,4.336557432074));
#7356 = CARTESIAN_POINT('',(-4.359442198865,-3.355,4.336557432074));
#7357 = CARTESIAN_POINT('',(-4.359442198865,-3.345,4.336557432074));
#7358 = ADVANCED_FACE('',(#7359),#7365,.F.);
#7359 = FACE_BOUND('',#7360,.T.);
#7360 = EDGE_LOOP('',(#7361,#7362,#7363,#7364));
#7361 = ORIENTED_EDGE('',*,*,#873,.T.);
#7362 = ORIENTED_EDGE('',*,*,#7253,.F.);
#7363 = ORIENTED_EDGE('',*,*,#7174,.F.);
#7364 = ORIENTED_EDGE('',*,*,#7347,.T.);
#7365 = B_SPLINE_SURFACE_WITH_KNOTS('',1,1,(
    (#7366,#7367)
    ,(#7368,#7369
    )),.UNSPECIFIED.,.F.,.F.,.F.,(2,2),(2,2),(-0.338961080719,0.),(0.,
    1.E-02),.PIECEWISE_BEZIER_KNOTS.);
#7366 = CARTESIAN_POINT('',(-4.359442198865,-3.355,4.336557432074));
#7367 = CARTESIAN_POINT('',(-4.359442198865,-3.345,4.336557432074));
#7368 = CARTESIAN_POINT('',(-4.359442198865,-3.355,3.997596351355));
#7369 = CARTESIAN_POINT('',(-4.359442198865,-3.345,3.997596351355));
#7370 = ADVANCED_FACE('',(#7371),#7393,.T.);
#7371 = FACE_BOUND('',#7372,.T.);
#7372 = EDGE_LOOP('',(#7373,#7382,#7387,#7388));
#7373 = ORIENTED_EDGE('',*,*,#7374,.F.);
#7374 = EDGE_CURVE('',#7375,#7377,#7379,.T.);
#7375 = VERTEX_POINT('',#7376);
#7376 = CARTESIAN_POINT('',(-4.26447764251,-3.345,4.297566510212));
#7377 = VERTEX_POINT('',#7378);
#7378 = CARTESIAN_POINT('',(-4.315685719886,-3.345,4.297566510212));
#7379 = B_SPLINE_CURVE_WITH_KNOTS('',1,(#7380,#7381),.UNSPECIFIED.,.F.,
  .F.,(2,2),(0.,5.12080773757E-02),.PIECEWISE_BEZIER_KNOTS.);
#7380 = CARTESIAN_POINT('',(-4.26447764251,-3.345,4.297566510212));
#7381 = CARTESIAN_POINT('',(-4.315685719886,-3.345,4.297566510212));
#7382 = ORIENTED_EDGE('',*,*,#7383,.F.);
#7383 = EDGE_CURVE('',#7191,#7375,#7384,.T.);
#7384 = B_SPLINE_CURVE_WITH_KNOTS('',1,(#7385,#7386),.UNSPECIFIED.,.F.,
  .F.,(2,2),(0.,1.E-02),.PIECEWISE_BEZIER_KNOTS.);
#7385 = CARTESIAN_POINT('',(-4.26447764251,-3.355,4.297566510212));
#7386 = CARTESIAN_POINT('',(-4.26447764251,-3.345,4.297566510212));
#7387 = ORIENTED_EDGE('',*,*,#7190,.T.);
#7388 = ORIENTED_EDGE('',*,*,#7389,.T.);
#7389 = EDGE_CURVE('',#7182,#7377,#7390,.T.);
#7390 = B_SPLINE_CURVE_WITH_KNOTS('',1,(#7391,#7392),.UNSPECIFIED.,.F.,
  .F.,(2,2),(0.,1.E-02),.PIECEWISE_BEZIER_KNOTS.);
#7391 = CARTESIAN_POINT('',(-4.315685719886,-3.355,4.297566510212));
#7392 = CARTESIAN_POINT('',(-4.315685719886,-3.345,4.297566510212));
#7393 = B_SPLINE_SURFACE_WITH_KNOTS('',1,1,(
    (#7394,#7395)
    ,(#7396,#7397
    )),.UNSPECIFIED.,.F.,.F.,.F.,(2,2),(2,2),(0.,5.12080773757E-02),(
    -4.440892098501E-16,1.E-02),.PIECEWISE_BEZIER_KNOTS.);
#7394 = CARTESIAN_POINT('',(-4.26447764251,-3.355,4.297566510212));
#7395 = CARTESIAN_POINT('',(-4.26447764251,-3.345,4.297566510212));
#7396 = CARTESIAN_POINT('',(-4.315685719886,-3.355,4.297566510212));
#7397 = CARTESIAN_POINT('',(-4.315685719886,-3.345,4.297566510212));
#7398 = ADVANCED_FACE('',(#7399),#7415,.T.);
#7399 = FACE_BOUND('',#7400,.T.);
#7400 = EDGE_LOOP('',(#7401,#7408,#7409,#7410));
#7401 = ORIENTED_EDGE('',*,*,#7402,.F.);
#7402 = EDGE_CURVE('',#7377,#7403,#7405,.T.);
#7403 = VERTEX_POINT('',#7404);
#7404 = CARTESIAN_POINT('',(-4.315685719886,-3.345,4.036240687244));
#7405 = B_SPLINE_CURVE_WITH_KNOTS('',1,(#7406,#7407),.UNSPECIFIED.,.F.,
  .F.,(2,2),(0.,0.261325822968),.PIECEWISE_BEZIER_KNOTS.);
#7406 = CARTESIAN_POINT('',(-4.315685719886,-3.345,4.297566510212));
#7407 = CARTESIAN_POINT('',(-4.315685719886,-3.345,4.036240687244));
#7408 = ORIENTED_EDGE('',*,*,#7389,.F.);
#7409 = ORIENTED_EDGE('',*,*,#7181,.T.);
#7410 = ORIENTED_EDGE('',*,*,#7411,.T.);
#7411 = EDGE_CURVE('',#7184,#7403,#7412,.T.);
#7412 = B_SPLINE_CURVE_WITH_KNOTS('',1,(#7413,#7414),.UNSPECIFIED.,.F.,
  .F.,(2,2),(0.,1.E-02),.PIECEWISE_BEZIER_KNOTS.);
#7413 = CARTESIAN_POINT('',(-4.315685719886,-3.355,4.036240687244));
#7414 = CARTESIAN_POINT('',(-4.315685719886,-3.345,4.036240687244));
#7415 = B_SPLINE_SURFACE_WITH_KNOTS('',1,1,(
    (#7416,#7417)
    ,(#7418,#7419
    )),.UNSPECIFIED.,.F.,.F.,.F.,(2,2),(2,2),(0.,0.261325822968),(0.,
    1.E-02),.PIECEWISE_BEZIER_KNOTS.);
#7416 = CARTESIAN_POINT('',(-4.315685719886,-3.355,4.297566510212));
#7417 = CARTESIAN_POINT('',(-4.315685719886,-3.345,4.297566510212));
#7418 = CARTESIAN_POINT('',(-4.315685719886,-3.355,4.036240687244));
#7419 = CARTESIAN_POINT('',(-4.315685719886,-3.345,4.036240687244));
#7420 = ADVANCED_FACE('',(#7421),#7437,.T.);
#7421 = FACE_BOUND('',#7422,.T.);
#7422 = EDGE_LOOP('',(#7423,#7430,#7431,#7432));
#7423 = ORIENTED_EDGE('',*,*,#7424,.F.);
#7424 = EDGE_CURVE('',#7403,#7425,#7427,.T.);
#7425 = VERTEX_POINT('',#7426);
#7426 = CARTESIAN_POINT('',(-4.266470511847,-3.345,4.036240687244));
#7427 = B_SPLINE_CURVE_WITH_KNOTS('',1,(#7428,#7429),.UNSPECIFIED.,.F.,
  .F.,(2,2),(0.,4.921520803836E-02),.PIECEWISE_BEZIER_KNOTS.);
#7428 = CARTESIAN_POINT('',(-4.315685719886,-3.345,4.036240687244));
#7429 = CARTESIAN_POINT('',(-4.266470511847,-3.345,4.036240687244));
#7430 = ORIENTED_EDGE('',*,*,#7411,.F.);
#7431 = ORIENTED_EDGE('',*,*,#7233,.T.);
#7432 = ORIENTED_EDGE('',*,*,#7433,.T.);
#7433 = EDGE_CURVE('',#7225,#7425,#7434,.T.);
#7434 = B_SPLINE_CURVE_WITH_KNOTS('',1,(#7435,#7436),.UNSPECIFIED.,.F.,
  .F.,(2,2),(0.,1.E-02),.PIECEWISE_BEZIER_KNOTS.);
#7435 = CARTESIAN_POINT('',(-4.266470511847,-3.355,4.036240687244));
#7436 = CARTESIAN_POINT('',(-4.266470511847,-3.345,4.036240687244));
#7437 = B_SPLINE_SURFACE_WITH_KNOTS('',1,1,(
    (#7438,#7439)
    ,(#7440,#7441
    )),.UNSPECIFIED.,.F.,.F.,.F.,(2,2),(2,2),(0.,4.921520803836E-02),(0.
    ,1.E-02),.PIECEWISE_BEZIER_KNOTS.);
#7438 = CARTESIAN_POINT('',(-4.315685719886,-3.355,4.036240687244));
#7439 = CARTESIAN_POINT('',(-4.315685719886,-3.345,4.036240687244));
#7440 = CARTESIAN_POINT('',(-4.266470511847,-3.355,4.036240687244));
#7441 = CARTESIAN_POINT('',(-4.266470511847,-3.345,4.036240687244));
#7442 = ADVANCED_FACE('',(#7443),#7461,.T.);
#7443 = FACE_BOUND('',#7444,.T.);
#7444 = EDGE_LOOP('',(#7445,#7454,#7455,#7456));
#7445 = ORIENTED_EDGE('',*,*,#7446,.F.);
#7446 = EDGE_CURVE('',#7425,#7447,#7449,.T.);
#7447 = VERTEX_POINT('',#7448);
#7448 = CARTESIAN_POINT('',(-4.165700640457,-3.345,4.071592456398));
#7449 = B_SPLINE_CURVE_WITH_KNOTS('',3,(#7450,#7451,#7452,#7453),
  .UNSPECIFIED.,.F.,.F.,(4,4),(2.,3.),.PIECEWISE_BEZIER_KNOTS.);
#7450 = CARTESIAN_POINT('',(-4.266470511847,-3.345,4.036240687244));
#7451 = CARTESIAN_POINT('',(-4.223407204814,-3.345,4.036240687244));
#7452 = CARTESIAN_POINT('',(-4.189788365519,-3.345,4.048024610296));
#7453 = CARTESIAN_POINT('',(-4.165700640457,-3.345,4.071592456398));
#7454 = ORIENTED_EDGE('',*,*,#7433,.F.);
#7455 = ORIENTED_EDGE('',*,*,#7224,.T.);
#7456 = ORIENTED_EDGE('',*,*,#7457,.T.);
#7457 = EDGE_CURVE('',#7216,#7447,#7458,.T.);
#7458 = B_SPLINE_CURVE_WITH_KNOTS('',1,(#7459,#7460),.UNSPECIFIED.,.F.,
  .F.,(2,2),(0.,1.E-02),.PIECEWISE_BEZIER_KNOTS.);
#7459 = CARTESIAN_POINT('',(-4.165700640457,-3.355,4.071592456398));
#7460 = CARTESIAN_POINT('',(-4.165700640457,-3.345,4.071592456398));
#7461 = B_SPLINE_SURFACE_WITH_KNOTS('',3,1,(
    (#7462,#7463)
    ,(#7464,#7465)
    ,(#7466,#7467)
    ,(#7468,#7469
    )),.UNSPECIFIED.,.F.,.F.,.F.,(4,4),(2,2),(2.,3.),(0.,1.),
  .PIECEWISE_BEZIER_KNOTS.);
#7462 = CARTESIAN_POINT('',(-4.266470511847,-3.355,4.036240687244));
#7463 = CARTESIAN_POINT('',(-4.266470511847,-3.345,4.036240687244));
#7464 = CARTESIAN_POINT('',(-4.223407204814,-3.355,4.036240687244));
#7465 = CARTESIAN_POINT('',(-4.223407204814,-3.345,4.036240687244));
#7466 = CARTESIAN_POINT('',(-4.189788365519,-3.355,4.048024610296));
#7467 = CARTESIAN_POINT('',(-4.189788365519,-3.345,4.048024610296));
#7468 = CARTESIAN_POINT('',(-4.165700640457,-3.355,4.071592456398));
#7469 = CARTESIAN_POINT('',(-4.165700640457,-3.345,4.071592456398));
#7470 = ADVANCED_FACE('',(#7471),#7489,.T.);
#7471 = FACE_BOUND('',#7472,.T.);
#7472 = EDGE_LOOP('',(#7473,#7482,#7483,#7484));
#7473 = ORIENTED_EDGE('',*,*,#7474,.F.);
#7474 = EDGE_CURVE('',#7447,#7475,#7477,.T.);
#7475 = VERTEX_POINT('',#7476);
#7476 = CARTESIAN_POINT('',(-4.129482406372,-3.345,4.170196165463));
#7477 = B_SPLINE_CURVE_WITH_KNOTS('',3,(#7478,#7479,#7480,#7481),
  .UNSPECIFIED.,.F.,.F.,(4,4),(3.,4.),.PIECEWISE_BEZIER_KNOTS.);
#7478 = CARTESIAN_POINT('',(-4.165700640457,-3.345,4.071592456398));
#7479 = CARTESIAN_POINT('',(-4.141526268902,-3.345,4.094987009516));
#7480 = CARTESIAN_POINT('',(-4.129482406372,-3.345,4.127912676866));
#7481 = CARTESIAN_POINT('',(-4.129482406372,-3.345,4.170196165463));
#7482 = ORIENTED_EDGE('',*,*,#7457,.F.);
#7483 = ORIENTED_EDGE('',*,*,#7215,.T.);
#7484 = ORIENTED_EDGE('',*,*,#7485,.T.);
#7485 = EDGE_CURVE('',#7207,#7475,#7486,.T.);
#7486 = B_SPLINE_CURVE_WITH_KNOTS('',1,(#7487,#7488),.UNSPECIFIED.,.F.,
  .F.,(2,2),(0.,1.E-02),.PIECEWISE_BEZIER_KNOTS.);
#7487 = CARTESIAN_POINT('',(-4.129482406372,-3.355,4.170196165463));
#7488 = CARTESIAN_POINT('',(-4.129482406372,-3.345,4.170196165463));
#7489 = B_SPLINE_SURFACE_WITH_KNOTS('',3,1,(
    (#7490,#7491)
    ,(#7492,#7493)
    ,(#7494,#7495)
    ,(#7496,#7497
    )),.UNSPECIFIED.,.F.,.F.,.F.,(4,4),(2,2),(3.,4.),(0.,1.),
  .PIECEWISE_BEZIER_KNOTS.);
#7490 = CARTESIAN_POINT('',(-4.165700640457,-3.355,4.071592456398));
#7491 = CARTESIAN_POINT('',(-4.165700640457,-3.345,4.071592456398));
#7492 = CARTESIAN_POINT('',(-4.141526268902,-3.355,4.094987009516));
#7493 = CARTESIAN_POINT('',(-4.141526268902,-3.345,4.094987009516));
#7494 = CARTESIAN_POINT('',(-4.129482406372,-3.355,4.127912676866));
#7495 = CARTESIAN_POINT('',(-4.129482406372,-3.345,4.127912676866));
#7496 = CARTESIAN_POINT('',(-4.129482406372,-3.355,4.170196165463));
#7497 = CARTESIAN_POINT('',(-4.129482406372,-3.345,4.170196165463));
#7498 = ADVANCED_FACE('',(#7499),#7517,.T.);
#7499 = FACE_BOUND('',#7500,.T.);
#7500 = EDGE_LOOP('',(#7501,#7510,#7511,#7512));
#7501 = ORIENTED_EDGE('',*,*,#7502,.F.);
#7502 = EDGE_CURVE('',#7475,#7503,#7505,.T.);
#7503 = VERTEX_POINT('',#7504);
#7504 = CARTESIAN_POINT('',(-4.166653751882,-3.345,4.265680600778));
#7505 = B_SPLINE_CURVE_WITH_KNOTS('',3,(#7506,#7507,#7508,#7509),
  .UNSPECIFIED.,.F.,.F.,(4,4),(4.,5.),.PIECEWISE_BEZIER_KNOTS.);
#7506 = CARTESIAN_POINT('',(-4.129482406372,-3.345,4.170196165463));
#7507 = CARTESIAN_POINT('',(-4.129482406372,-3.345,4.21247965406));
#7508 = CARTESIAN_POINT('',(-4.141872854876,-3.345,4.244365563494));
#7509 = CARTESIAN_POINT('',(-4.166653751882,-3.345,4.265680600778));
#7510 = ORIENTED_EDGE('',*,*,#7485,.F.);
#7511 = ORIENTED_EDGE('',*,*,#7206,.T.);
#7512 = ORIENTED_EDGE('',*,*,#7513,.T.);
#7513 = EDGE_CURVE('',#7198,#7503,#7514,.T.);
#7514 = B_SPLINE_CURVE_WITH_KNOTS('',1,(#7515,#7516),.UNSPECIFIED.,.F.,
  .F.,(2,2),(0.,1.E-02),.PIECEWISE_BEZIER_KNOTS.);
#7515 = CARTESIAN_POINT('',(-4.166653751882,-3.355,4.265680600778));
#7516 = CARTESIAN_POINT('',(-4.166653751882,-3.345,4.265680600778));
#7517 = B_SPLINE_SURFACE_WITH_KNOTS('',3,1,(
    (#7518,#7519)
    ,(#7520,#7521)
    ,(#7522,#7523)
    ,(#7524,#7525
    )),.UNSPECIFIED.,.F.,.F.,.F.,(4,4),(2,2),(4.,5.),(0.,1.),
  .PIECEWISE_BEZIER_KNOTS.);
#7518 = CARTESIAN_POINT('',(-4.129482406372,-3.355,4.170196165463));
#7519 = CARTESIAN_POINT('',(-4.129482406372,-3.345,4.170196165463));
#7520 = CARTESIAN_POINT('',(-4.129482406372,-3.355,4.21247965406));
#7521 = CARTESIAN_POINT('',(-4.129482406372,-3.345,4.21247965406));
#7522 = CARTESIAN_POINT('',(-4.141872854876,-3.355,4.244365563494));
#7523 = CARTESIAN_POINT('',(-4.141872854876,-3.345,4.244365563494));
#7524 = CARTESIAN_POINT('',(-4.166653751882,-3.355,4.265680600778));
#7525 = CARTESIAN_POINT('',(-4.166653751882,-3.345,4.265680600778));
#7526 = ADVANCED_FACE('',(#7527),#7539,.T.);
#7527 = FACE_BOUND('',#7528,.T.);
#7528 = EDGE_LOOP('',(#7529,#7536,#7537,#7538));
#7529 = ORIENTED_EDGE('',*,*,#7530,.F.);
#7530 = EDGE_CURVE('',#7503,#7375,#7531,.T.);
#7531 = B_SPLINE_CURVE_WITH_KNOTS('',3,(#7532,#7533,#7534,#7535),
  .UNSPECIFIED.,.F.,.F.,(4,4),(5.,6.),.PIECEWISE_BEZIER_KNOTS.);
#7532 = CARTESIAN_POINT('',(-4.166653751882,-3.345,4.265680600778));
#7533 = CARTESIAN_POINT('',(-4.191434648889,-3.345,4.286995638063));
#7534 = CARTESIAN_POINT('',(-4.22410037676,-3.345,4.297566510212));
#7535 = CARTESIAN_POINT('',(-4.26447764251,-3.345,4.297566510212));
#7536 = ORIENTED_EDGE('',*,*,#7513,.F.);
#7537 = ORIENTED_EDGE('',*,*,#7197,.T.);
#7538 = ORIENTED_EDGE('',*,*,#7383,.T.);
#7539 = B_SPLINE_SURFACE_WITH_KNOTS('',3,1,(
    (#7540,#7541)
    ,(#7542,#7543)
    ,(#7544,#7545)
    ,(#7546,#7547
    )),.UNSPECIFIED.,.F.,.F.,.F.,(4,4),(2,2),(5.,6.),(0.,1.),
  .PIECEWISE_BEZIER_KNOTS.);
#7540 = CARTESIAN_POINT('',(-4.166653751882,-3.355,4.265680600778));
#7541 = CARTESIAN_POINT('',(-4.166653751882,-3.345,4.265680600778));
#7542 = CARTESIAN_POINT('',(-4.191434648889,-3.355,4.286995638063));
#7543 = CARTESIAN_POINT('',(-4.191434648889,-3.345,4.286995638063));
#7544 = CARTESIAN_POINT('',(-4.22410037676,-3.355,4.297566510212));
#7545 = CARTESIAN_POINT('',(-4.22410037676,-3.345,4.297566510212));
#7546 = CARTESIAN_POINT('',(-4.26447764251,-3.355,4.297566510212));
#7547 = CARTESIAN_POINT('',(-4.26447764251,-3.345,4.297566510212));
#7548 = ADVANCED_FACE('',(#7549),#7558,.F.);
#7549 = FACE_BOUND('',#7550,.T.);
#7550 = EDGE_LOOP('',(#7551,#7552,#7553,#7554,#7555,#7556,#7557));
#7551 = ORIENTED_EDGE('',*,*,#7530,.T.);
#7552 = ORIENTED_EDGE('',*,*,#7374,.T.);
#7553 = ORIENTED_EDGE('',*,*,#7402,.T.);
#7554 = ORIENTED_EDGE('',*,*,#7424,.T.);
#7555 = ORIENTED_EDGE('',*,*,#7446,.T.);
#7556 = ORIENTED_EDGE('',*,*,#7474,.T.);
#7557 = ORIENTED_EDGE('',*,*,#7502,.T.);
#7558 = B_SPLINE_SURFACE_WITH_KNOTS('',1,1,(
    (#7559,#7560)
    ,(#7561,#7562
    )),.UNSPECIFIED.,.F.,.F.,.F.,(2,2),(2,2),(-6.163759412756,
    -5.902433589788),(3.184314280114,3.370517593628),
  .PIECEWISE_BEZIER_KNOTS.);
#7559 = CARTESIAN_POINT('',(-4.315685719886,-3.345,4.036240687244));
#7560 = CARTESIAN_POINT('',(-4.129482406372,-3.345,4.036240687244));
#7561 = CARTESIAN_POINT('',(-4.315685719886,-3.345,4.297566510212));
#7562 = CARTESIAN_POINT('',(-4.129482406372,-3.345,4.297566510212));
#7563 = ADVANCED_FACE('',(#7564,#7622),#7670,.F.);
#7564 = FACE_BOUND('',#7565,.T.);
#7565 = EDGE_LOOP('',(#7566,#7575,#7582,#7589,#7596,#7603,#7610,#7617));
#7566 = ORIENTED_EDGE('',*,*,#7567,.T.);
#7567 = EDGE_CURVE('',#7568,#7570,#7572,.T.);
#7568 = VERTEX_POINT('',#7569);
#7569 = CARTESIAN_POINT('',(-3.759675174136,-3.355,3.997596351355));
#7570 = VERTEX_POINT('',#7571);
#7571 = CARTESIAN_POINT('',(-3.888778448746,-3.355,4.336557432074));
#7572 = B_SPLINE_CURVE_WITH_KNOTS('',1,(#7573,#7574),.UNSPECIFIED.,.F.,
  .F.,(2,2),(-0.362715135826,0.),.PIECEWISE_BEZIER_KNOTS.);
#7573 = CARTESIAN_POINT('',(-3.759675174136,-3.355,3.997596351355));
#7574 = CARTESIAN_POINT('',(-3.888778448746,-3.355,4.336557432074));
#7575 = ORIENTED_EDGE('',*,*,#7576,.T.);
#7576 = EDGE_CURVE('',#7570,#7577,#7579,.T.);
#7577 = VERTEX_POINT('',#7578);
#7578 = CARTESIAN_POINT('',(-3.93556755498,-3.355,4.336557432074));
#7579 = B_SPLINE_CURVE_WITH_KNOTS('',1,(#7580,#7581),.UNSPECIFIED.,.F.,
  .F.,(2,2),(-4.678910623408E-02,-0.),.PIECEWISE_BEZIER_KNOTS.);
#7580 = CARTESIAN_POINT('',(-3.888778448746,-3.355,4.336557432074));
#7581 = CARTESIAN_POINT('',(-3.93556755498,-3.355,4.336557432074));
#7582 = ORIENTED_EDGE('',*,*,#7583,.T.);
#7583 = EDGE_CURVE('',#7577,#7584,#7586,.T.);
#7584 = VERTEX_POINT('',#7585);
#7585 = CARTESIAN_POINT('',(-4.064670829588,-3.355,3.997596351355));
#7586 = B_SPLINE_CURVE_WITH_KNOTS('',1,(#7587,#7588),.UNSPECIFIED.,.F.,
  .F.,(2,2),(-0.362715135825,-0.),.PIECEWISE_BEZIER_KNOTS.);
#7587 = CARTESIAN_POINT('',(-3.93556755498,-3.355,4.336557432074));
#7588 = CARTESIAN_POINT('',(-4.064670829588,-3.355,3.997596351355));
#7589 = ORIENTED_EDGE('',*,*,#7590,.T.);
#7590 = EDGE_CURVE('',#7584,#7591,#7593,.T.);
#7591 = VERTEX_POINT('',#7592);
#7592 = CARTESIAN_POINT('',(-4.016322086481,-3.355,3.997596351355));
#7593 = B_SPLINE_CURVE_WITH_KNOTS('',1,(#7594,#7595),.UNSPECIFIED.,.F.,
  .F.,(2,2),(-4.834874310678E-02,0.),.PIECEWISE_BEZIER_KNOTS.);
#7594 = CARTESIAN_POINT('',(-4.064670829588,-3.355,3.997596351355));
#7595 = CARTESIAN_POINT('',(-4.016322086481,-3.355,3.997596351355));
#7596 = ORIENTED_EDGE('',*,*,#7597,.T.);
#7597 = EDGE_CURVE('',#7591,#7598,#7600,.T.);
#7598 = VERTEX_POINT('',#7599);
#7599 = CARTESIAN_POINT('',(-3.983743005103,-3.355,4.090308098894));
#7600 = B_SPLINE_CURVE_WITH_KNOTS('',1,(#7601,#7602),.UNSPECIFIED.,.F.,
  .F.,(2,2),(-9.826934758679E-02,0.),.PIECEWISE_BEZIER_KNOTS.);
#7601 = CARTESIAN_POINT('',(-4.016322086481,-3.355,3.997596351355));
#7602 = CARTESIAN_POINT('',(-3.983743005103,-3.355,4.090308098894));
#7603 = ORIENTED_EDGE('',*,*,#7604,.T.);
#7604 = EDGE_CURVE('',#7598,#7605,#7607,.T.);
#7605 = VERTEX_POINT('',#7606);
#7606 = CARTESIAN_POINT('',(-3.842595867962,-3.355,4.090308098894));
#7607 = B_SPLINE_CURVE_WITH_KNOTS('',1,(#7608,#7609),.UNSPECIFIED.,.F.,
  .F.,(2,2),(-0.141147137141,0.),.PIECEWISE_BEZIER_KNOTS.);
#7608 = CARTESIAN_POINT('',(-3.983743005103,-3.355,4.090308098894));
#7609 = CARTESIAN_POINT('',(-3.842595867962,-3.355,4.090308098894));
#7610 = ORIENTED_EDGE('',*,*,#7611,.T.);
#7611 = EDGE_CURVE('',#7605,#7612,#7614,.T.);
#7612 = VERTEX_POINT('',#7613);
#7613 = CARTESIAN_POINT('',(-3.808023917245,-3.355,3.997596351355));
#7614 = B_SPLINE_CURVE_WITH_KNOTS('',1,(#7615,#7616),.UNSPECIFIED.,.F.,
  .F.,(2,2),(-9.894790502139E-02,0.),.PIECEWISE_BEZIER_KNOTS.);
#7615 = CARTESIAN_POINT('',(-3.842595867962,-3.355,4.090308098894));
#7616 = CARTESIAN_POINT('',(-3.808023917245,-3.355,3.997596351355));
#7617 = ORIENTED_EDGE('',*,*,#7618,.T.);
#7618 = EDGE_CURVE('',#7612,#7568,#7619,.T.);
#7619 = B_SPLINE_CURVE_WITH_KNOTS('',1,(#7620,#7621),.UNSPECIFIED.,.F.,
  .F.,(2,2),(-4.834874310909E-02,0.),.PIECEWISE_BEZIER_KNOTS.);
#7620 = CARTESIAN_POINT('',(-3.808023917245,-3.355,3.997596351355));
#7621 = CARTESIAN_POINT('',(-3.759675174136,-3.355,3.997596351355));
#7622 = FACE_BOUND('',#7623,.T.);
#7623 = EDGE_LOOP('',(#7624,#7633,#7640,#7649,#7656,#7665));
#7624 = ORIENTED_EDGE('',*,*,#7625,.F.);
#7625 = EDGE_CURVE('',#7626,#7628,#7630,.T.);
#7626 = VERTEX_POINT('',#7627);
#7627 = CARTESIAN_POINT('',(-3.969879566219,-3.355,4.128605848811));
#7628 = VERTEX_POINT('',#7629);
#7629 = CARTESIAN_POINT('',(-3.856112720875,-3.355,4.128605848811));
#7630 = B_SPLINE_CURVE_WITH_KNOTS('',1,(#7631,#7632),.UNSPECIFIED.,.F.,
  .F.,(2,2),(0.,0.113766845343),.PIECEWISE_BEZIER_KNOTS.);
#7631 = CARTESIAN_POINT('',(-3.969879566219,-3.355,4.128605848811));
#7632 = CARTESIAN_POINT('',(-3.856112720875,-3.355,4.128605848811));
#7633 = ORIENTED_EDGE('',*,*,#7634,.F.);
#7634 = EDGE_CURVE('',#7635,#7626,#7637,.T.);
#7635 = VERTEX_POINT('',#7636);
#7636 = CARTESIAN_POINT('',(-3.919191367798,-3.355,4.269493046471));
#7637 = B_SPLINE_CURVE_WITH_KNOTS('',1,(#7638,#7639),.UNSPECIFIED.,.F.,
  .F.,(2,2),(3.006795117903E-16,0.149728073265),
  .PIECEWISE_BEZIER_KNOTS.);
#7638 = CARTESIAN_POINT('',(-3.919191367798,-3.355,4.269493046471));
#7639 = CARTESIAN_POINT('',(-3.969879566219,-3.355,4.128605848811));
#7640 = ORIENTED_EDGE('',*,*,#7641,.F.);
#7641 = EDGE_CURVE('',#7642,#7635,#7644,.T.);
#7642 = VERTEX_POINT('',#7643);
#7643 = CARTESIAN_POINT('',(-3.913645992244,-3.355,4.293234185561));
#7644 = B_SPLINE_CURVE_WITH_KNOTS('',3,(#7645,#7646,#7647,#7648),
  .UNSPECIFIED.,.F.,.F.,(4,4),(3.,4.),.PIECEWISE_BEZIER_KNOTS.);
#7645 = CARTESIAN_POINT('',(-3.913645992244,-3.355,4.293234185561));
#7646 = CARTESIAN_POINT('',(-3.915292275612,-3.355,4.283009899384));
#7647 = CARTESIAN_POINT('',(-3.917111851966,-3.355,4.275038422026));
#7648 = CARTESIAN_POINT('',(-3.919191367798,-3.355,4.269493046471));
#7649 = ORIENTED_EDGE('',*,*,#7650,.F.);
#7650 = EDGE_CURVE('',#7651,#7642,#7653,.T.);
#7651 = VERTEX_POINT('',#7652);
#7652 = CARTESIAN_POINT('',(-3.912606234329,-3.355,4.293234185561));
#7653 = B_SPLINE_CURVE_WITH_KNOTS('',1,(#7654,#7655),.UNSPECIFIED.,.F.,
  .F.,(2,2),(0.,1.039757915132E-03),.PIECEWISE_BEZIER_KNOTS.);
#7654 = CARTESIAN_POINT('',(-3.912606234329,-3.355,4.293234185561));
#7655 = CARTESIAN_POINT('',(-3.913645992244,-3.355,4.293234185561));
#7656 = ORIENTED_EDGE('',*,*,#7657,.F.);
#7657 = EDGE_CURVE('',#7658,#7651,#7660,.T.);
#7658 = VERTEX_POINT('',#7659);
#7659 = CARTESIAN_POINT('',(-3.907320798253,-3.355,4.269493046471));
#7660 = B_SPLINE_CURVE_WITH_KNOTS('',3,(#7661,#7662,#7663,#7664),
  .UNSPECIFIED.,.F.,.F.,(4,4),(1.,2.),.PIECEWISE_BEZIER_KNOTS.);
#7661 = CARTESIAN_POINT('',(-3.907320798253,-3.355,4.269493046471));
#7662 = CARTESIAN_POINT('',(-3.908967081621,-3.355,4.274171957094));
#7663 = CARTESIAN_POINT('',(-3.910700011482,-3.355,4.281970141467));
#7664 = CARTESIAN_POINT('',(-3.912606234329,-3.355,4.293234185561));
#7665 = ORIENTED_EDGE('',*,*,#7666,.F.);
#7666 = EDGE_CURVE('',#7628,#7658,#7667,.T.);
#7667 = B_SPLINE_CURVE_WITH_KNOTS('',1,(#7668,#7669),.UNSPECIFIED.,.F.,
  .F.,(2,2),(0.,0.149904868677),.PIECEWISE_BEZIER_KNOTS.);
#7668 = CARTESIAN_POINT('',(-3.856112720875,-3.355,4.128605848811));
#7669 = CARTESIAN_POINT('',(-3.907320798253,-3.355,4.269493046471));
#7670 = B_SPLINE_SURFACE_WITH_KNOTS('',1,1,(
    (#7671,#7672)
    ,(#7673,#7674
    )),.UNSPECIFIED.,.F.,.F.,.F.,(2,2),(2,2),(1.147596251355,
    1.486557332074),(-4.064670829588,-3.759675174136),
  .PIECEWISE_BEZIER_KNOTS.);
#7671 = CARTESIAN_POINT('',(-4.064670829588,-3.355,3.997596351355));
#7672 = CARTESIAN_POINT('',(-3.759675174136,-3.355,3.997596351355));
#7673 = CARTESIAN_POINT('',(-4.064670829588,-3.355,4.336557432074));
#7674 = CARTESIAN_POINT('',(-3.759675174136,-3.355,4.336557432074));
#7675 = ADVANCED_FACE('',(#7676),#7690,.F.);
#7676 = FACE_BOUND('',#7677,.T.);
#7677 = EDGE_LOOP('',(#7678,#7679,#7684,#7685));
#7678 = ORIENTED_EDGE('',*,*,#923,.T.);
#7679 = ORIENTED_EDGE('',*,*,#7680,.F.);
#7680 = EDGE_CURVE('',#7570,#926,#7681,.T.);
#7681 = B_SPLINE_CURVE_WITH_KNOTS('',1,(#7682,#7683),.UNSPECIFIED.,.F.,
  .F.,(2,2),(0.,1.E-02),.PIECEWISE_BEZIER_KNOTS.);
#7682 = CARTESIAN_POINT('',(-3.888778448746,-3.355,4.336557432074));
#7683 = CARTESIAN_POINT('',(-3.888778448746,-3.345,4.336557432074));
#7684 = ORIENTED_EDGE('',*,*,#7567,.F.);
#7685 = ORIENTED_EDGE('',*,*,#7686,.T.);
#7686 = EDGE_CURVE('',#7568,#924,#7687,.T.);
#7687 = B_SPLINE_CURVE_WITH_KNOTS('',1,(#7688,#7689),.UNSPECIFIED.,.F.,
  .F.,(2,2),(0.,1.E-02),.PIECEWISE_BEZIER_KNOTS.);
#7688 = CARTESIAN_POINT('',(-3.759675174136,-3.355,3.997596351355));
#7689 = CARTESIAN_POINT('',(-3.759675174136,-3.345,3.997596351355));
#7690 = B_SPLINE_SURFACE_WITH_KNOTS('',1,1,(
    (#7691,#7692)
    ,(#7693,#7694
    )),.UNSPECIFIED.,.F.,.F.,.F.,(2,2),(2,2),(-0.362715135826,
    4.150060023375E-16),(0.,1.E-02),.PIECEWISE_BEZIER_KNOTS.);
#7691 = CARTESIAN_POINT('',(-3.759675174136,-3.355,3.997596351355));
#7692 = CARTESIAN_POINT('',(-3.759675174136,-3.345,3.997596351355));
#7693 = CARTESIAN_POINT('',(-3.888778448746,-3.355,4.336557432074));
#7694 = CARTESIAN_POINT('',(-3.888778448746,-3.345,4.336557432074));
#7695 = ADVANCED_FACE('',(#7696),#7706,.F.);
#7696 = FACE_BOUND('',#7697,.T.);
#7697 = EDGE_LOOP('',(#7698,#7699,#7704,#7705));
#7698 = ORIENTED_EDGE('',*,*,#974,.T.);
#7699 = ORIENTED_EDGE('',*,*,#7700,.F.);
#7700 = EDGE_CURVE('',#7577,#968,#7701,.T.);
#7701 = B_SPLINE_CURVE_WITH_KNOTS('',1,(#7702,#7703),.UNSPECIFIED.,.F.,
  .F.,(2,2),(0.,1.E-02),.PIECEWISE_BEZIER_KNOTS.);
#7702 = CARTESIAN_POINT('',(-3.93556755498,-3.355,4.336557432074));
#7703 = CARTESIAN_POINT('',(-3.93556755498,-3.345,4.336557432074));
#7704 = ORIENTED_EDGE('',*,*,#7576,.F.);
#7705 = ORIENTED_EDGE('',*,*,#7680,.T.);
#7706 = B_SPLINE_SURFACE_WITH_KNOTS('',1,1,(
    (#7707,#7708)
    ,(#7709,#7710
    )),.UNSPECIFIED.,.F.,.F.,.F.,(2,2),(2,2),(-4.678910623408E-02,0.),(
    0.,1.E-02),.PIECEWISE_BEZIER_KNOTS.);
#7707 = CARTESIAN_POINT('',(-3.888778448746,-3.355,4.336557432074));
#7708 = CARTESIAN_POINT('',(-3.888778448746,-3.345,4.336557432074));
#7709 = CARTESIAN_POINT('',(-3.93556755498,-3.355,4.336557432074));
#7710 = CARTESIAN_POINT('',(-3.93556755498,-3.345,4.336557432074));
#7711 = ADVANCED_FACE('',(#7712),#7722,.F.);
#7712 = FACE_BOUND('',#7713,.T.);
#7713 = EDGE_LOOP('',(#7714,#7715,#7720,#7721));
#7714 = ORIENTED_EDGE('',*,*,#967,.T.);
#7715 = ORIENTED_EDGE('',*,*,#7716,.F.);
#7716 = EDGE_CURVE('',#7584,#961,#7717,.T.);
#7717 = B_SPLINE_CURVE_WITH_KNOTS('',1,(#7718,#7719),.UNSPECIFIED.,.F.,
  .F.,(2,2),(0.,1.E-02),.PIECEWISE_BEZIER_KNOTS.);
#7718 = CARTESIAN_POINT('',(-4.064670829588,-3.355,3.997596351355));
#7719 = CARTESIAN_POINT('',(-4.064670829588,-3.345,3.997596351355));
#7720 = ORIENTED_EDGE('',*,*,#7583,.F.);
#7721 = ORIENTED_EDGE('',*,*,#7700,.T.);
#7722 = B_SPLINE_SURFACE_WITH_KNOTS('',1,1,(
    (#7723,#7724)
    ,(#7725,#7726
    )),.UNSPECIFIED.,.F.,.F.,.F.,(2,2),(2,2),(-0.362715135825,0.),(0.,
    1.E-02),.PIECEWISE_BEZIER_KNOTS.);
#7723 = CARTESIAN_POINT('',(-3.93556755498,-3.355,4.336557432074));
#7724 = CARTESIAN_POINT('',(-3.93556755498,-3.345,4.336557432074));
#7725 = CARTESIAN_POINT('',(-4.064670829588,-3.355,3.997596351355));
#7726 = CARTESIAN_POINT('',(-4.064670829588,-3.345,3.997596351355));
#7727 = ADVANCED_FACE('',(#7728),#7738,.F.);
#7728 = FACE_BOUND('',#7729,.T.);
#7729 = EDGE_LOOP('',(#7730,#7731,#7736,#7737));
#7730 = ORIENTED_EDGE('',*,*,#960,.T.);
#7731 = ORIENTED_EDGE('',*,*,#7732,.F.);
#7732 = EDGE_CURVE('',#7591,#954,#7733,.T.);
#7733 = B_SPLINE_CURVE_WITH_KNOTS('',1,(#7734,#7735),.UNSPECIFIED.,.F.,
  .F.,(2,2),(0.,1.E-02),.PIECEWISE_BEZIER_KNOTS.);
#7734 = CARTESIAN_POINT('',(-4.016322086481,-3.355,3.997596351355));
#7735 = CARTESIAN_POINT('',(-4.016322086481,-3.345,3.997596351355));
#7736 = ORIENTED_EDGE('',*,*,#7590,.F.);
#7737 = ORIENTED_EDGE('',*,*,#7716,.T.);
#7738 = B_SPLINE_SURFACE_WITH_KNOTS('',1,1,(
    (#7739,#7740)
    ,(#7741,#7742
    )),.UNSPECIFIED.,.F.,.F.,.F.,(2,2),(2,2),(-4.834874310678E-02,
    8.881784197001E-16),(0.,1.E-02),.PIECEWISE_BEZIER_KNOTS.);
#7739 = CARTESIAN_POINT('',(-4.064670829588,-3.355,3.997596351355));
#7740 = CARTESIAN_POINT('',(-4.064670829588,-3.345,3.997596351355));
#7741 = CARTESIAN_POINT('',(-4.016322086481,-3.355,3.997596351355));
#7742 = CARTESIAN_POINT('',(-4.016322086481,-3.345,3.997596351355));
#7743 = ADVANCED_FACE('',(#7744),#7754,.F.);
#7744 = FACE_BOUND('',#7745,.T.);
#7745 = EDGE_LOOP('',(#7746,#7747,#7752,#7753));
#7746 = ORIENTED_EDGE('',*,*,#953,.T.);
#7747 = ORIENTED_EDGE('',*,*,#7748,.F.);
#7748 = EDGE_CURVE('',#7598,#947,#7749,.T.);
#7749 = B_SPLINE_CURVE_WITH_KNOTS('',1,(#7750,#7751),.UNSPECIFIED.,.F.,
  .F.,(2,2),(0.,1.E-02),.PIECEWISE_BEZIER_KNOTS.);
#7750 = CARTESIAN_POINT('',(-3.983743005103,-3.355,4.090308098894));
#7751 = CARTESIAN_POINT('',(-3.983743005103,-3.345,4.090308098894));
#7752 = ORIENTED_EDGE('',*,*,#7597,.F.);
#7753 = ORIENTED_EDGE('',*,*,#7732,.T.);
#7754 = B_SPLINE_SURFACE_WITH_KNOTS('',1,1,(
    (#7755,#7756)
    ,(#7757,#7758
    )),.UNSPECIFIED.,.F.,.F.,.F.,(2,2),(2,2),(-9.826934758679E-02,
    4.189738480964E-16),(0.,1.E-02),.PIECEWISE_BEZIER_KNOTS.);
#7755 = CARTESIAN_POINT('',(-4.016322086481,-3.355,3.997596351355));
#7756 = CARTESIAN_POINT('',(-4.016322086481,-3.345,3.997596351355));
#7757 = CARTESIAN_POINT('',(-3.983743005103,-3.355,4.090308098894));
#7758 = CARTESIAN_POINT('',(-3.983743005103,-3.345,4.090308098894));
#7759 = ADVANCED_FACE('',(#7760),#7770,.F.);
#7760 = FACE_BOUND('',#7761,.T.);
#7761 = EDGE_LOOP('',(#7762,#7763,#7768,#7769));
#7762 = ORIENTED_EDGE('',*,*,#946,.T.);
#7763 = ORIENTED_EDGE('',*,*,#7764,.F.);
#7764 = EDGE_CURVE('',#7605,#940,#7765,.T.);
#7765 = B_SPLINE_CURVE_WITH_KNOTS('',1,(#7766,#7767),.UNSPECIFIED.,.F.,
  .F.,(2,2),(0.,1.E-02),.PIECEWISE_BEZIER_KNOTS.);
#7766 = CARTESIAN_POINT('',(-3.842595867962,-3.355,4.090308098894));
#7767 = CARTESIAN_POINT('',(-3.842595867962,-3.345,4.090308098894));
#7768 = ORIENTED_EDGE('',*,*,#7604,.F.);
#7769 = ORIENTED_EDGE('',*,*,#7748,.T.);
#7770 = B_SPLINE_SURFACE_WITH_KNOTS('',1,1,(
    (#7771,#7772)
    ,(#7773,#7774
    )),.UNSPECIFIED.,.F.,.F.,.F.,(2,2),(2,2),(-0.141147137141,
    4.440892098501E-16),(0.,1.E-02),.PIECEWISE_BEZIER_KNOTS.);
#7771 = CARTESIAN_POINT('',(-3.983743005103,-3.355,4.090308098894));
#7772 = CARTESIAN_POINT('',(-3.983743005103,-3.345,4.090308098894));
#7773 = CARTESIAN_POINT('',(-3.842595867962,-3.355,4.090308098894));
#7774 = CARTESIAN_POINT('',(-3.842595867962,-3.345,4.090308098894));
#7775 = ADVANCED_FACE('',(#7776),#7786,.F.);
#7776 = FACE_BOUND('',#7777,.T.);
#7777 = EDGE_LOOP('',(#7778,#7779,#7784,#7785));
#7778 = ORIENTED_EDGE('',*,*,#939,.T.);
#7779 = ORIENTED_EDGE('',*,*,#7780,.F.);
#7780 = EDGE_CURVE('',#7612,#933,#7781,.T.);
#7781 = B_SPLINE_CURVE_WITH_KNOTS('',1,(#7782,#7783),.UNSPECIFIED.,.F.,
  .F.,(2,2),(0.,1.E-02),.PIECEWISE_BEZIER_KNOTS.);
#7782 = CARTESIAN_POINT('',(-3.808023917245,-3.355,3.997596351355));
#7783 = CARTESIAN_POINT('',(-3.808023917245,-3.345,3.997596351355));
#7784 = ORIENTED_EDGE('',*,*,#7611,.F.);
#7785 = ORIENTED_EDGE('',*,*,#7764,.T.);
#7786 = B_SPLINE_SURFACE_WITH_KNOTS('',1,1,(
    (#7787,#7788)
    ,(#7789,#7790
    )),.UNSPECIFIED.,.F.,.F.,.F.,(2,2),(2,2),(-9.894790502139E-02,0.),(
    0.,1.E-02),.PIECEWISE_BEZIER_KNOTS.);
#7787 = CARTESIAN_POINT('',(-3.842595867962,-3.355,4.090308098894));
#7788 = CARTESIAN_POINT('',(-3.842595867962,-3.345,4.090308098894));
#7789 = CARTESIAN_POINT('',(-3.808023917245,-3.355,3.997596351355));
#7790 = CARTESIAN_POINT('',(-3.808023917245,-3.345,3.997596351355));
#7791 = ADVANCED_FACE('',(#7792),#7798,.F.);
#7792 = FACE_BOUND('',#7793,.T.);
#7793 = EDGE_LOOP('',(#7794,#7795,#7796,#7797));
#7794 = ORIENTED_EDGE('',*,*,#932,.T.);
#7795 = ORIENTED_EDGE('',*,*,#7686,.F.);
#7796 = ORIENTED_EDGE('',*,*,#7618,.F.);
#7797 = ORIENTED_EDGE('',*,*,#7780,.T.);
#7798 = B_SPLINE_SURFACE_WITH_KNOTS('',1,1,(
    (#7799,#7800)
    ,(#7801,#7802
    )),.UNSPECIFIED.,.F.,.F.,.F.,(2,2),(2,2),(-4.834874310909E-02,0.),(
    0.,1.E-02),.PIECEWISE_BEZIER_KNOTS.);
#7799 = CARTESIAN_POINT('',(-3.808023917245,-3.355,3.997596351355));
#7800 = CARTESIAN_POINT('',(-3.808023917245,-3.345,3.997596351355));
#7801 = CARTESIAN_POINT('',(-3.759675174136,-3.355,3.997596351355));
#7802 = CARTESIAN_POINT('',(-3.759675174136,-3.345,3.997596351355));
#7803 = ADVANCED_FACE('',(#7804),#7826,.T.);
#7804 = FACE_BOUND('',#7805,.T.);
#7805 = EDGE_LOOP('',(#7806,#7815,#7820,#7821));
#7806 = ORIENTED_EDGE('',*,*,#7807,.F.);
#7807 = EDGE_CURVE('',#7808,#7810,#7812,.T.);
#7808 = VERTEX_POINT('',#7809);
#7809 = CARTESIAN_POINT('',(-3.969879566219,-3.345,4.128605848811));
#7810 = VERTEX_POINT('',#7811);
#7811 = CARTESIAN_POINT('',(-3.856112720875,-3.345,4.128605848811));
#7812 = B_SPLINE_CURVE_WITH_KNOTS('',1,(#7813,#7814),.UNSPECIFIED.,.F.,
  .F.,(2,2),(8.881784197001E-16,0.113766845343),
  .PIECEWISE_BEZIER_KNOTS.);
#7813 = CARTESIAN_POINT('',(-3.969879566219,-3.345,4.128605848811));
#7814 = CARTESIAN_POINT('',(-3.856112720875,-3.345,4.128605848811));
#7815 = ORIENTED_EDGE('',*,*,#7816,.F.);
#7816 = EDGE_CURVE('',#7626,#7808,#7817,.T.);
#7817 = B_SPLINE_CURVE_WITH_KNOTS('',1,(#7818,#7819),.UNSPECIFIED.,.F.,
  .F.,(2,2),(0.,1.E-02),.PIECEWISE_BEZIER_KNOTS.);
#7818 = CARTESIAN_POINT('',(-3.969879566219,-3.355,4.128605848811));
#7819 = CARTESIAN_POINT('',(-3.969879566219,-3.345,4.128605848811));
#7820 = ORIENTED_EDGE('',*,*,#7625,.T.);
#7821 = ORIENTED_EDGE('',*,*,#7822,.T.);
#7822 = EDGE_CURVE('',#7628,#7810,#7823,.T.);
#7823 = B_SPLINE_CURVE_WITH_KNOTS('',1,(#7824,#7825),.UNSPECIFIED.,.F.,
  .F.,(2,2),(0.,1.E-02),.PIECEWISE_BEZIER_KNOTS.);
#7824 = CARTESIAN_POINT('',(-3.856112720875,-3.355,4.128605848811));
#7825 = CARTESIAN_POINT('',(-3.856112720875,-3.345,4.128605848811));
#7826 = B_SPLINE_SURFACE_WITH_KNOTS('',1,1,(
    (#7827,#7828)
    ,(#7829,#7830
    )),.UNSPECIFIED.,.F.,.F.,.F.,(2,2),(2,2),(0.,0.113766845343),(0.,
    1.E-02),.PIECEWISE_BEZIER_KNOTS.);
#7827 = CARTESIAN_POINT('',(-3.969879566219,-3.355,4.128605848811));
#7828 = CARTESIAN_POINT('',(-3.969879566219,-3.345,4.128605848811));
#7829 = CARTESIAN_POINT('',(-3.856112720875,-3.355,4.128605848811));
#7830 = CARTESIAN_POINT('',(-3.856112720875,-3.345,4.128605848811));
#7831 = ADVANCED_FACE('',(#7832),#7848,.T.);
#7832 = FACE_BOUND('',#7833,.T.);
#7833 = EDGE_LOOP('',(#7834,#7841,#7842,#7843));
#7834 = ORIENTED_EDGE('',*,*,#7835,.F.);
#7835 = EDGE_CURVE('',#7810,#7836,#7838,.T.);
#7836 = VERTEX_POINT('',#7837);
#7837 = CARTESIAN_POINT('',(-3.907320798253,-3.345,4.269493046471));
#7838 = B_SPLINE_CURVE_WITH_KNOTS('',1,(#7839,#7840),.UNSPECIFIED.,.F.,
  .F.,(2,2),(0.,0.149904868677),.PIECEWISE_BEZIER_KNOTS.);
#7839 = CARTESIAN_POINT('',(-3.856112720875,-3.345,4.128605848811));
#7840 = CARTESIAN_POINT('',(-3.907320798253,-3.345,4.269493046471));
#7841 = ORIENTED_EDGE('',*,*,#7822,.F.);
#7842 = ORIENTED_EDGE('',*,*,#7666,.T.);
#7843 = ORIENTED_EDGE('',*,*,#7844,.T.);
#7844 = EDGE_CURVE('',#7658,#7836,#7845,.T.);
#7845 = B_SPLINE_CURVE_WITH_KNOTS('',1,(#7846,#7847),.UNSPECIFIED.,.F.,
  .F.,(2,2),(0.,1.E-02),.PIECEWISE_BEZIER_KNOTS.);
#7846 = CARTESIAN_POINT('',(-3.907320798253,-3.355,4.269493046471));
#7847 = CARTESIAN_POINT('',(-3.907320798253,-3.345,4.269493046471));
#7848 = B_SPLINE_SURFACE_WITH_KNOTS('',1,1,(
    (#7849,#7850)
    ,(#7851,#7852
    )),.UNSPECIFIED.,.F.,.F.,.F.,(2,2),(2,2),(0.,0.149904868677),(0.,
    1.E-02),.PIECEWISE_BEZIER_KNOTS.);
#7849 = CARTESIAN_POINT('',(-3.856112720875,-3.355,4.128605848811));
#7850 = CARTESIAN_POINT('',(-3.856112720875,-3.345,4.128605848811));
#7851 = CARTESIAN_POINT('',(-3.907320798253,-3.355,4.269493046471));
#7852 = CARTESIAN_POINT('',(-3.907320798253,-3.345,4.269493046471));
#7853 = ADVANCED_FACE('',(#7854),#7872,.T.);
#7854 = FACE_BOUND('',#7855,.T.);
#7855 = EDGE_LOOP('',(#7856,#7865,#7866,#7867));
#7856 = ORIENTED_EDGE('',*,*,#7857,.F.);
#7857 = EDGE_CURVE('',#7836,#7858,#7860,.T.);
#7858 = VERTEX_POINT('',#7859);
#7859 = CARTESIAN_POINT('',(-3.912606234329,-3.345,4.293234185561));
#7860 = B_SPLINE_CURVE_WITH_KNOTS('',3,(#7861,#7862,#7863,#7864),
  .UNSPECIFIED.,.F.,.F.,(4,4),(1.,2.),.PIECEWISE_BEZIER_KNOTS.);
#7861 = CARTESIAN_POINT('',(-3.907320798253,-3.345,4.269493046471));
#7862 = CARTESIAN_POINT('',(-3.908967081621,-3.345,4.274171957094));
#7863 = CARTESIAN_POINT('',(-3.910700011482,-3.345,4.281970141467));
#7864 = CARTESIAN_POINT('',(-3.912606234329,-3.345,4.293234185561));
#7865 = ORIENTED_EDGE('',*,*,#7844,.F.);
#7866 = ORIENTED_EDGE('',*,*,#7657,.T.);
#7867 = ORIENTED_EDGE('',*,*,#7868,.T.);
#7868 = EDGE_CURVE('',#7651,#7858,#7869,.T.);
#7869 = B_SPLINE_CURVE_WITH_KNOTS('',1,(#7870,#7871),.UNSPECIFIED.,.F.,
  .F.,(2,2),(0.,1.E-02),.PIECEWISE_BEZIER_KNOTS.);
#7870 = CARTESIAN_POINT('',(-3.912606234329,-3.355,4.293234185561));
#7871 = CARTESIAN_POINT('',(-3.912606234329,-3.345,4.293234185561));
#7872 = B_SPLINE_SURFACE_WITH_KNOTS('',3,1,(
    (#7873,#7874)
    ,(#7875,#7876)
    ,(#7877,#7878)
    ,(#7879,#7880
    )),.UNSPECIFIED.,.F.,.F.,.F.,(4,4),(2,2),(1.,2.),(0.,1.),
  .PIECEWISE_BEZIER_KNOTS.);
#7873 = CARTESIAN_POINT('',(-3.907320798253,-3.355,4.269493046471));
#7874 = CARTESIAN_POINT('',(-3.907320798253,-3.345,4.269493046471));
#7875 = CARTESIAN_POINT('',(-3.908967081621,-3.355,4.274171957094));
#7876 = CARTESIAN_POINT('',(-3.908967081621,-3.345,4.274171957094));
#7877 = CARTESIAN_POINT('',(-3.910700011482,-3.355,4.281970141467));
#7878 = CARTESIAN_POINT('',(-3.910700011482,-3.345,4.281970141467));
#7879 = CARTESIAN_POINT('',(-3.912606234329,-3.355,4.293234185561));
#7880 = CARTESIAN_POINT('',(-3.912606234329,-3.345,4.293234185561));
#7881 = ADVANCED_FACE('',(#7882),#7898,.T.);
#7882 = FACE_BOUND('',#7883,.T.);
#7883 = EDGE_LOOP('',(#7884,#7891,#7892,#7893));
#7884 = ORIENTED_EDGE('',*,*,#7885,.F.);
#7885 = EDGE_CURVE('',#7858,#7886,#7888,.T.);
#7886 = VERTEX_POINT('',#7887);
#7887 = CARTESIAN_POINT('',(-3.913645992244,-3.345,4.293234185561));
#7888 = B_SPLINE_CURVE_WITH_KNOTS('',1,(#7889,#7890),.UNSPECIFIED.,.F.,
  .F.,(2,2),(0.,1.039757915132E-03),.PIECEWISE_BEZIER_KNOTS.);
#7889 = CARTESIAN_POINT('',(-3.912606234329,-3.345,4.293234185561));
#7890 = CARTESIAN_POINT('',(-3.913645992244,-3.345,4.293234185561));
#7891 = ORIENTED_EDGE('',*,*,#7868,.F.);
#7892 = ORIENTED_EDGE('',*,*,#7650,.T.);
#7893 = ORIENTED_EDGE('',*,*,#7894,.T.);
#7894 = EDGE_CURVE('',#7642,#7886,#7895,.T.);
#7895 = B_SPLINE_CURVE_WITH_KNOTS('',1,(#7896,#7897),.UNSPECIFIED.,.F.,
  .F.,(2,2),(0.,1.E-02),.PIECEWISE_BEZIER_KNOTS.);
#7896 = CARTESIAN_POINT('',(-3.913645992244,-3.355,4.293234185561));
#7897 = CARTESIAN_POINT('',(-3.913645992244,-3.345,4.293234185561));
#7898 = B_SPLINE_SURFACE_WITH_KNOTS('',1,1,(
    (#7899,#7900)
    ,(#7901,#7902
    )),.UNSPECIFIED.,.F.,.F.,.F.,(2,2),(2,2),(0.,1.039757915132E-03),(
    -4.440892098501E-16,1.E-02),.PIECEWISE_BEZIER_KNOTS.);
#7899 = CARTESIAN_POINT('',(-3.912606234329,-3.355,4.293234185561));
#7900 = CARTESIAN_POINT('',(-3.912606234329,-3.345,4.293234185561));
#7901 = CARTESIAN_POINT('',(-3.913645992244,-3.355,4.293234185561));
#7902 = CARTESIAN_POINT('',(-3.913645992244,-3.345,4.293234185561));
#7903 = ADVANCED_FACE('',(#7904),#7922,.T.);
#7904 = FACE_BOUND('',#7905,.T.);
#7905 = EDGE_LOOP('',(#7906,#7915,#7916,#7917));
#7906 = ORIENTED_EDGE('',*,*,#7907,.F.);
#7907 = EDGE_CURVE('',#7886,#7908,#7910,.T.);
#7908 = VERTEX_POINT('',#7909);
#7909 = CARTESIAN_POINT('',(-3.919191367798,-3.345,4.269493046471));
#7910 = B_SPLINE_CURVE_WITH_KNOTS('',3,(#7911,#7912,#7913,#7914),
  .UNSPECIFIED.,.F.,.F.,(4,4),(3.,4.),.PIECEWISE_BEZIER_KNOTS.);
#7911 = CARTESIAN_POINT('',(-3.913645992244,-3.345,4.293234185561));
#7912 = CARTESIAN_POINT('',(-3.915292275612,-3.345,4.283009899384));
#7913 = CARTESIAN_POINT('',(-3.917111851966,-3.345,4.275038422026));
#7914 = CARTESIAN_POINT('',(-3.919191367798,-3.345,4.269493046471));
#7915 = ORIENTED_EDGE('',*,*,#7894,.F.);
#7916 = ORIENTED_EDGE('',*,*,#7641,.T.);
#7917 = ORIENTED_EDGE('',*,*,#7918,.T.);
#7918 = EDGE_CURVE('',#7635,#7908,#7919,.T.);
#7919 = B_SPLINE_CURVE_WITH_KNOTS('',1,(#7920,#7921),.UNSPECIFIED.,.F.,
  .F.,(2,2),(4.440892098501E-16,1.E-02),.PIECEWISE_BEZIER_KNOTS.);
#7920 = CARTESIAN_POINT('',(-3.919191367798,-3.355,4.269493046471));
#7921 = CARTESIAN_POINT('',(-3.919191367798,-3.345,4.269493046471));
#7922 = B_SPLINE_SURFACE_WITH_KNOTS('',3,1,(
    (#7923,#7924)
    ,(#7925,#7926)
    ,(#7927,#7928)
    ,(#7929,#7930
    )),.UNSPECIFIED.,.F.,.F.,.F.,(4,4),(2,2),(3.,4.),(0.,1.),
  .PIECEWISE_BEZIER_KNOTS.);
#7923 = CARTESIAN_POINT('',(-3.913645992244,-3.355,4.293234185561));
#7924 = CARTESIAN_POINT('',(-3.913645992244,-3.345,4.293234185561));
#7925 = CARTESIAN_POINT('',(-3.915292275612,-3.355,4.283009899384));
#7926 = CARTESIAN_POINT('',(-3.915292275612,-3.345,4.283009899384));
#7927 = CARTESIAN_POINT('',(-3.917111851966,-3.355,4.275038422026));
#7928 = CARTESIAN_POINT('',(-3.917111851966,-3.345,4.275038422026));
#7929 = CARTESIAN_POINT('',(-3.919191367798,-3.355,4.269493046471));
#7930 = CARTESIAN_POINT('',(-3.919191367798,-3.345,4.269493046471));
#7931 = ADVANCED_FACE('',(#7932),#7942,.T.);
#7932 = FACE_BOUND('',#7933,.T.);
#7933 = EDGE_LOOP('',(#7934,#7939,#7940,#7941));
#7934 = ORIENTED_EDGE('',*,*,#7935,.F.);
#7935 = EDGE_CURVE('',#7908,#7808,#7936,.T.);
#7936 = B_SPLINE_CURVE_WITH_KNOTS('',1,(#7937,#7938),.UNSPECIFIED.,.F.,
  .F.,(2,2),(-0.,0.149728073265),.PIECEWISE_BEZIER_KNOTS.);
#7937 = CARTESIAN_POINT('',(-3.919191367798,-3.345,4.269493046471));
#7938 = CARTESIAN_POINT('',(-3.969879566219,-3.345,4.128605848811));
#7939 = ORIENTED_EDGE('',*,*,#7918,.F.);
#7940 = ORIENTED_EDGE('',*,*,#7634,.T.);
#7941 = ORIENTED_EDGE('',*,*,#7816,.T.);
#7942 = B_SPLINE_SURFACE_WITH_KNOTS('',1,1,(
    (#7943,#7944)
    ,(#7945,#7946
    )),.UNSPECIFIED.,.F.,.F.,.F.,(2,2),(2,2),(0.,0.149728073265),(0.,
    1.E-02),.PIECEWISE_BEZIER_KNOTS.);
#7943 = CARTESIAN_POINT('',(-3.919191367798,-3.355,4.269493046471));
#7944 = CARTESIAN_POINT('',(-3.919191367798,-3.345,4.269493046471));
#7945 = CARTESIAN_POINT('',(-3.969879566219,-3.355,4.128605848811));
#7946 = CARTESIAN_POINT('',(-3.969879566219,-3.345,4.128605848811));
#7947 = ADVANCED_FACE('',(#7948),#7956,.F.);
#7948 = FACE_BOUND('',#7949,.T.);
#7949 = EDGE_LOOP('',(#7950,#7951,#7952,#7953,#7954,#7955));
#7950 = ORIENTED_EDGE('',*,*,#7935,.T.);
#7951 = ORIENTED_EDGE('',*,*,#7807,.T.);
#7952 = ORIENTED_EDGE('',*,*,#7835,.T.);
#7953 = ORIENTED_EDGE('',*,*,#7857,.T.);
#7954 = ORIENTED_EDGE('',*,*,#7885,.T.);
#7955 = ORIENTED_EDGE('',*,*,#7907,.T.);
#7956 = B_SPLINE_SURFACE_WITH_KNOTS('',1,1,(
    (#7957,#7958)
    ,(#7959,#7960
    )),.UNSPECIFIED.,.F.,.F.,.F.,(2,2),(2,2),(-6.071394251189,
    -5.906765914439),(3.530120433781,3.643887279125),
  .PIECEWISE_BEZIER_KNOTS.);
#7957 = CARTESIAN_POINT('',(-3.969879566219,-3.345,4.128605848811));
#7958 = CARTESIAN_POINT('',(-3.856112720875,-3.345,4.128605848811));
#7959 = CARTESIAN_POINT('',(-3.969879566219,-3.345,4.293234185561));
#7960 = CARTESIAN_POINT('',(-3.856112720875,-3.345,4.293234185561));
#7961 = ADVANCED_FACE('',(#7962),#7984,.F.);
#7962 = FACE_BOUND('',#7963,.T.);
#7963 = EDGE_LOOP('',(#7964,#7965,#7972,#7979));
#7964 = ORIENTED_EDGE('',*,*,#494,.T.);
#7965 = ORIENTED_EDGE('',*,*,#7966,.F.);
#7966 = EDGE_CURVE('',#7967,#497,#7969,.T.);
#7967 = VERTEX_POINT('',#7968);
#7968 = CARTESIAN_POINT('',(-4.937720893324,-3.355,3.498512551523));
#7969 = B_SPLINE_CURVE_WITH_KNOTS('',1,(#7970,#7971),.UNSPECIFIED.,.F.,
  .F.,(2,2),(0.,1.E-02),.PIECEWISE_BEZIER_KNOTS.);
#7970 = CARTESIAN_POINT('',(-4.937720893324,-3.355,3.498512551523));
#7971 = CARTESIAN_POINT('',(-4.937720893324,-3.345,3.498512551523));
#7972 = ORIENTED_EDGE('',*,*,#7973,.F.);
#7973 = EDGE_CURVE('',#7974,#7967,#7976,.T.);
#7974 = VERTEX_POINT('',#7975);
#7975 = CARTESIAN_POINT('',(-4.937720893324,-3.355,3.459868215633));
#7976 = B_SPLINE_CURVE_WITH_KNOTS('',1,(#7977,#7978),.UNSPECIFIED.,.F.,
  .F.,(2,2),(-3.864433588965E-02,0.),.PIECEWISE_BEZIER_KNOTS.);
#7977 = CARTESIAN_POINT('',(-4.937720893324,-3.355,3.459868215633));
#7978 = CARTESIAN_POINT('',(-4.937720893324,-3.355,3.498512551523));
#7979 = ORIENTED_EDGE('',*,*,#7980,.T.);
#7980 = EDGE_CURVE('',#7974,#495,#7981,.T.);
#7981 = B_SPLINE_CURVE_WITH_KNOTS('',1,(#7982,#7983),.UNSPECIFIED.,.F.,
  .F.,(2,2),(0.,1.E-02),.PIECEWISE_BEZIER_KNOTS.);
#7982 = CARTESIAN_POINT('',(-4.937720893324,-3.355,3.459868215633));
#7983 = CARTESIAN_POINT('',(-4.937720893324,-3.345,3.459868215633));
#7984 = B_SPLINE_SURFACE_WITH_KNOTS('',1,1,(
    (#7985,#7986)
    ,(#7987,#7988
    )),.UNSPECIFIED.,.F.,.F.,.F.,(2,2),(2,2),(-3.864433588965E-02,0.),(
    0.,1.E-02),.PIECEWISE_BEZIER_KNOTS.);
#7985 = CARTESIAN_POINT('',(-4.937720893324,-3.355,3.459868215633));
#7986 = CARTESIAN_POINT('',(-4.937720893324,-3.345,3.459868215633));
#7987 = CARTESIAN_POINT('',(-4.937720893324,-3.355,3.498512551523));
#7988 = CARTESIAN_POINT('',(-4.937720893324,-3.345,3.498512551523));
#7989 = ADVANCED_FACE('',(#7990),#8006,.F.);
#7990 = FACE_BOUND('',#7991,.T.);
#7991 = EDGE_LOOP('',(#7992,#7993,#8000,#8005));
#7992 = ORIENTED_EDGE('',*,*,#573,.T.);
#7993 = ORIENTED_EDGE('',*,*,#7994,.F.);
#7994 = EDGE_CURVE('',#7995,#567,#7997,.T.);
#7995 = VERTEX_POINT('',#7996);
#7996 = CARTESIAN_POINT('',(-5.076268635674,-3.355,3.498512551523));
#7997 = B_SPLINE_CURVE_WITH_KNOTS('',1,(#7998,#7999),.UNSPECIFIED.,.F.,
  .F.,(2,2),(0.,1.E-02),.PIECEWISE_BEZIER_KNOTS.);
#7998 = CARTESIAN_POINT('',(-5.076268635674,-3.355,3.498512551523));
#7999 = CARTESIAN_POINT('',(-5.076268635674,-3.345,3.498512551523));
#8000 = ORIENTED_EDGE('',*,*,#8001,.F.);
#8001 = EDGE_CURVE('',#7967,#7995,#8002,.T.);
#8002 = B_SPLINE_CURVE_WITH_KNOTS('',1,(#8003,#8004),.UNSPECIFIED.,.F.,
  .F.,(2,2),(-0.13854774235,-0.),.PIECEWISE_BEZIER_KNOTS.);
#8003 = CARTESIAN_POINT('',(-4.937720893324,-3.355,3.498512551523));
#8004 = CARTESIAN_POINT('',(-5.076268635674,-3.355,3.498512551523));
#8005 = ORIENTED_EDGE('',*,*,#7966,.T.);
#8006 = B_SPLINE_SURFACE_WITH_KNOTS('',1,1,(
    (#8007,#8008)
    ,(#8009,#8010
    )),.UNSPECIFIED.,.F.,.F.,.F.,(2,2),(2,2),(-0.13854774235,0.),(0.,
    1.E-02),.PIECEWISE_BEZIER_KNOTS.);
#8007 = CARTESIAN_POINT('',(-4.937720893324,-3.355,3.498512551523));
#8008 = CARTESIAN_POINT('',(-4.937720893324,-3.345,3.498512551523));
#8009 = CARTESIAN_POINT('',(-5.076268635674,-3.355,3.498512551523));
#8010 = CARTESIAN_POINT('',(-5.076268635674,-3.345,3.498512551523));
#8011 = ADVANCED_FACE('',(#8012),#8028,.F.);
#8012 = FACE_BOUND('',#8013,.T.);
#8013 = EDGE_LOOP('',(#8014,#8015,#8022,#8027));
#8014 = ORIENTED_EDGE('',*,*,#566,.T.);
#8015 = ORIENTED_EDGE('',*,*,#8016,.F.);
#8016 = EDGE_CURVE('',#8017,#560,#8019,.T.);
#8017 = VERTEX_POINT('',#8018);
#8018 = CARTESIAN_POINT('',(-5.076268635674,-3.355,3.612539336345));
#8019 = B_SPLINE_CURVE_WITH_KNOTS('',1,(#8020,#8021),.UNSPECIFIED.,.F.,
  .F.,(2,2),(0.,1.E-02),.PIECEWISE_BEZIER_KNOTS.);
#8020 = CARTESIAN_POINT('',(-5.076268635674,-3.355,3.612539336345));
#8021 = CARTESIAN_POINT('',(-5.076268635674,-3.345,3.612539336345));
#8022 = ORIENTED_EDGE('',*,*,#8023,.F.);
#8023 = EDGE_CURVE('',#7995,#8017,#8024,.T.);
#8024 = B_SPLINE_CURVE_WITH_KNOTS('',1,(#8025,#8026),.UNSPECIFIED.,.F.,
  .F.,(2,2),(-0.114026784822,0.),.PIECEWISE_BEZIER_KNOTS.);
#8025 = CARTESIAN_POINT('',(-5.076268635674,-3.355,3.498512551523));
#8026 = CARTESIAN_POINT('',(-5.076268635674,-3.355,3.612539336345));
#8027 = ORIENTED_EDGE('',*,*,#7994,.T.);
#8028 = B_SPLINE_SURFACE_WITH_KNOTS('',1,1,(
    (#8029,#8030)
    ,(#8031,#8032
    )),.UNSPECIFIED.,.F.,.F.,.F.,(2,2),(2,2),(-0.114026784822,0.),(0.,
    1.E-02),.PIECEWISE_BEZIER_KNOTS.);
#8029 = CARTESIAN_POINT('',(-5.076268635674,-3.355,3.498512551523));
#8030 = CARTESIAN_POINT('',(-5.076268635674,-3.345,3.498512551523));
#8031 = CARTESIAN_POINT('',(-5.076268635674,-3.355,3.612539336345));
#8032 = CARTESIAN_POINT('',(-5.076268635674,-3.345,3.612539336345));
#8033 = ADVANCED_FACE('',(#8034),#8050,.F.);
#8034 = FACE_BOUND('',#8035,.T.);
#8035 = EDGE_LOOP('',(#8036,#8037,#8044,#8049));
#8036 = ORIENTED_EDGE('',*,*,#559,.T.);
#8037 = ORIENTED_EDGE('',*,*,#8038,.F.);
#8038 = EDGE_CURVE('',#8039,#553,#8041,.T.);
#8039 = VERTEX_POINT('',#8040);
#8040 = CARTESIAN_POINT('',(-4.955050191929,-3.355,3.612539336345));
#8041 = B_SPLINE_CURVE_WITH_KNOTS('',1,(#8042,#8043),.UNSPECIFIED.,.F.,
  .F.,(2,2),(0.,1.E-02),.PIECEWISE_BEZIER_KNOTS.);
#8042 = CARTESIAN_POINT('',(-4.955050191929,-3.355,3.612539336345));
#8043 = CARTESIAN_POINT('',(-4.955050191929,-3.345,3.612539336345));
#8044 = ORIENTED_EDGE('',*,*,#8045,.F.);
#8045 = EDGE_CURVE('',#8017,#8039,#8046,.T.);
#8046 = B_SPLINE_CURVE_WITH_KNOTS('',1,(#8047,#8048),.UNSPECIFIED.,.F.,
  .F.,(2,2),(-0.121218443744,0.),.PIECEWISE_BEZIER_KNOTS.);
#8047 = CARTESIAN_POINT('',(-5.076268635674,-3.355,3.612539336345));
#8048 = CARTESIAN_POINT('',(-4.955050191929,-3.355,3.612539336345));
#8049 = ORIENTED_EDGE('',*,*,#8016,.T.);
#8050 = B_SPLINE_SURFACE_WITH_KNOTS('',1,1,(
    (#8051,#8052)
    ,(#8053,#8054
    )),.UNSPECIFIED.,.F.,.F.,.F.,(2,2),(2,2),(-0.121218443744,0.),(0.,
    1.E-02),.PIECEWISE_BEZIER_KNOTS.);
#8051 = CARTESIAN_POINT('',(-5.076268635674,-3.355,3.612539336345));
#8052 = CARTESIAN_POINT('',(-5.076268635674,-3.345,3.612539336345));
#8053 = CARTESIAN_POINT('',(-4.955050191929,-3.355,3.612539336345));
#8054 = CARTESIAN_POINT('',(-4.955050191929,-3.345,3.612539336345));
#8055 = ADVANCED_FACE('',(#8056),#8072,.F.);
#8056 = FACE_BOUND('',#8057,.T.);
#8057 = EDGE_LOOP('',(#8058,#8059,#8066,#8071));
#8058 = ORIENTED_EDGE('',*,*,#552,.T.);
#8059 = ORIENTED_EDGE('',*,*,#8060,.F.);
#8060 = EDGE_CURVE('',#8061,#546,#8063,.T.);
#8061 = VERTEX_POINT('',#8062);
#8062 = CARTESIAN_POINT('',(-4.955050191929,-3.355,3.651356965221));
#8063 = B_SPLINE_CURVE_WITH_KNOTS('',1,(#8064,#8065),.UNSPECIFIED.,.F.,
  .F.,(2,2),(0.,1.E-02),.PIECEWISE_BEZIER_KNOTS.);
#8064 = CARTESIAN_POINT('',(-4.955050191929,-3.355,3.651356965221));
#8065 = CARTESIAN_POINT('',(-4.955050191929,-3.345,3.651356965221));
#8066 = ORIENTED_EDGE('',*,*,#8067,.F.);
#8067 = EDGE_CURVE('',#8039,#8061,#8068,.T.);
#8068 = B_SPLINE_CURVE_WITH_KNOTS('',1,(#8069,#8070),.UNSPECIFIED.,.F.,
  .F.,(2,2),(-3.881762887549E-02,0.),.PIECEWISE_BEZIER_KNOTS.);
#8069 = CARTESIAN_POINT('',(-4.955050191929,-3.355,3.612539336345));
#8070 = CARTESIAN_POINT('',(-4.955050191929,-3.355,3.651356965221));
#8071 = ORIENTED_EDGE('',*,*,#8038,.T.);
#8072 = B_SPLINE_SURFACE_WITH_KNOTS('',1,1,(
    (#8073,#8074)
    ,(#8075,#8076
    )),.UNSPECIFIED.,.F.,.F.,.F.,(2,2),(2,2),(-3.88176288755E-02,0.),(0.
    ,1.E-02),.PIECEWISE_BEZIER_KNOTS.);
#8073 = CARTESIAN_POINT('',(-4.955050191929,-3.355,3.612539336345));
#8074 = CARTESIAN_POINT('',(-4.955050191929,-3.345,3.612539336345));
#8075 = CARTESIAN_POINT('',(-4.955050191929,-3.355,3.651356965221));
#8076 = CARTESIAN_POINT('',(-4.955050191929,-3.345,3.651356965221));
#8077 = ADVANCED_FACE('',(#8078),#8094,.F.);
#8078 = FACE_BOUND('',#8079,.T.);
#8079 = EDGE_LOOP('',(#8080,#8081,#8088,#8093));
#8080 = ORIENTED_EDGE('',*,*,#545,.T.);
#8081 = ORIENTED_EDGE('',*,*,#8082,.F.);
#8082 = EDGE_CURVE('',#8083,#539,#8085,.T.);
#8083 = VERTEX_POINT('',#8084);
#8084 = CARTESIAN_POINT('',(-5.076268635674,-3.355,3.651356965221));
#8085 = B_SPLINE_CURVE_WITH_KNOTS('',1,(#8086,#8087),.UNSPECIFIED.,.F.,
  .F.,(2,2),(0.,1.E-02),.PIECEWISE_BEZIER_KNOTS.);
#8086 = CARTESIAN_POINT('',(-5.076268635674,-3.355,3.651356965221));
#8087 = CARTESIAN_POINT('',(-5.076268635674,-3.345,3.651356965221));
#8088 = ORIENTED_EDGE('',*,*,#8089,.F.);
#8089 = EDGE_CURVE('',#8061,#8083,#8090,.T.);
#8090 = B_SPLINE_CURVE_WITH_KNOTS('',1,(#8091,#8092),.UNSPECIFIED.,.F.,
  .F.,(2,2),(-0.121218443744,-0.),.PIECEWISE_BEZIER_KNOTS.);
#8091 = CARTESIAN_POINT('',(-4.955050191929,-3.355,3.651356965221));
#8092 = CARTESIAN_POINT('',(-5.076268635674,-3.355,3.651356965221));
#8093 = ORIENTED_EDGE('',*,*,#8060,.T.);
#8094 = B_SPLINE_SURFACE_WITH_KNOTS('',1,1,(
    (#8095,#8096)
    ,(#8097,#8098
    )),.UNSPECIFIED.,.F.,.F.,.F.,(2,2),(2,2),(-0.121218443744,0.),(0.,
    1.E-02),.PIECEWISE_BEZIER_KNOTS.);
#8095 = CARTESIAN_POINT('',(-4.955050191929,-3.355,3.651356965221));
#8096 = CARTESIAN_POINT('',(-4.955050191929,-3.345,3.651356965221));
#8097 = CARTESIAN_POINT('',(-5.076268635674,-3.355,3.651356965221));
#8098 = CARTESIAN_POINT('',(-5.076268635674,-3.345,3.651356965221));
#8099 = ADVANCED_FACE('',(#8100),#8116,.F.);
#8100 = FACE_BOUND('',#8101,.T.);
#8101 = EDGE_LOOP('',(#8102,#8103,#8110,#8115));
#8102 = ORIENTED_EDGE('',*,*,#538,.T.);
#8103 = ORIENTED_EDGE('',*,*,#8104,.F.);
#8104 = EDGE_CURVE('',#8105,#532,#8107,.T.);
#8105 = VERTEX_POINT('',#8106);
#8106 = CARTESIAN_POINT('',(-5.076268635674,-3.355,3.759838374491));
#8107 = B_SPLINE_CURVE_WITH_KNOTS('',1,(#8108,#8109),.UNSPECIFIED.,.F.,
  .F.,(2,2),(0.,1.E-02),.PIECEWISE_BEZIER_KNOTS.);
#8108 = CARTESIAN_POINT('',(-5.076268635674,-3.355,3.759838374491));
#8109 = CARTESIAN_POINT('',(-5.076268635674,-3.345,3.759838374491));
#8110 = ORIENTED_EDGE('',*,*,#8111,.F.);
#8111 = EDGE_CURVE('',#8083,#8105,#8112,.T.);
#8112 = B_SPLINE_CURVE_WITH_KNOTS('',1,(#8113,#8114),.UNSPECIFIED.,.F.,
  .F.,(2,2),(-0.10848140927,0.),.PIECEWISE_BEZIER_KNOTS.);
#8113 = CARTESIAN_POINT('',(-5.076268635674,-3.355,3.651356965221));
#8114 = CARTESIAN_POINT('',(-5.076268635674,-3.355,3.759838374491));
#8115 = ORIENTED_EDGE('',*,*,#8082,.T.);
#8116 = B_SPLINE_SURFACE_WITH_KNOTS('',1,1,(
    (#8117,#8118)
    ,(#8119,#8120
    )),.UNSPECIFIED.,.F.,.F.,.F.,(2,2),(2,2),(-0.10848140927,
    2.22044604925E-16),(0.,1.E-02),.PIECEWISE_BEZIER_KNOTS.);
#8117 = CARTESIAN_POINT('',(-5.076268635674,-3.355,3.651356965221));
#8118 = CARTESIAN_POINT('',(-5.076268635674,-3.345,3.651356965221));
#8119 = CARTESIAN_POINT('',(-5.076268635674,-3.355,3.759838374491));
#8120 = CARTESIAN_POINT('',(-5.076268635674,-3.345,3.759838374491));
#8121 = ADVANCED_FACE('',(#8122),#8138,.F.);
#8122 = FACE_BOUND('',#8123,.T.);
#8123 = EDGE_LOOP('',(#8124,#8125,#8132,#8137));
#8124 = ORIENTED_EDGE('',*,*,#531,.T.);
#8125 = ORIENTED_EDGE('',*,*,#8126,.F.);
#8126 = EDGE_CURVE('',#8127,#525,#8129,.T.);
#8127 = VERTEX_POINT('',#8128);
#8128 = CARTESIAN_POINT('',(-4.945432431204,-3.355,3.759838374491));
#8129 = B_SPLINE_CURVE_WITH_KNOTS('',1,(#8130,#8131),.UNSPECIFIED.,.F.,
  .F.,(2,2),(0.,1.E-02),.PIECEWISE_BEZIER_KNOTS.);
#8130 = CARTESIAN_POINT('',(-4.945432431204,-3.355,3.759838374491));
#8131 = CARTESIAN_POINT('',(-4.945432431204,-3.345,3.759838374491));
#8132 = ORIENTED_EDGE('',*,*,#8133,.F.);
#8133 = EDGE_CURVE('',#8105,#8127,#8134,.T.);
#8134 = B_SPLINE_CURVE_WITH_KNOTS('',1,(#8135,#8136),.UNSPECIFIED.,.F.,
  .F.,(2,2),(-0.13083620447,0.),.PIECEWISE_BEZIER_KNOTS.);
#8135 = CARTESIAN_POINT('',(-5.076268635674,-3.355,3.759838374491));
#8136 = CARTESIAN_POINT('',(-4.945432431204,-3.355,3.759838374491));
#8137 = ORIENTED_EDGE('',*,*,#8104,.T.);
#8138 = B_SPLINE_SURFACE_WITH_KNOTS('',1,1,(
    (#8139,#8140)
    ,(#8141,#8142
    )),.UNSPECIFIED.,.F.,.F.,.F.,(2,2),(2,2),(-0.13083620447,0.),(0.,
    1.E-02),.PIECEWISE_BEZIER_KNOTS.);
#8139 = CARTESIAN_POINT('',(-5.076268635674,-3.355,3.759838374491));
#8140 = CARTESIAN_POINT('',(-5.076268635674,-3.345,3.759838374491));
#8141 = CARTESIAN_POINT('',(-4.945432431204,-3.355,3.759838374491));
#8142 = CARTESIAN_POINT('',(-4.945432431204,-3.345,3.759838374491));
#8143 = ADVANCED_FACE('',(#8144),#8160,.F.);
#8144 = FACE_BOUND('',#8145,.T.);
#8145 = EDGE_LOOP('',(#8146,#8147,#8154,#8159));
#8146 = ORIENTED_EDGE('',*,*,#524,.T.);
#8147 = ORIENTED_EDGE('',*,*,#8148,.F.);
#8148 = EDGE_CURVE('',#8149,#518,#8151,.T.);
#8149 = VERTEX_POINT('',#8150);
#8150 = CARTESIAN_POINT('',(-4.945432431204,-3.355,3.798829296352));
#8151 = B_SPLINE_CURVE_WITH_KNOTS('',1,(#8152,#8153),.UNSPECIFIED.,.F.,
  .F.,(2,2),(0.,1.E-02),.PIECEWISE_BEZIER_KNOTS.);
#8152 = CARTESIAN_POINT('',(-4.945432431204,-3.355,3.798829296352));
#8153 = CARTESIAN_POINT('',(-4.945432431204,-3.345,3.798829296352));
#8154 = ORIENTED_EDGE('',*,*,#8155,.F.);
#8155 = EDGE_CURVE('',#8127,#8149,#8156,.T.);
#8156 = B_SPLINE_CURVE_WITH_KNOTS('',1,(#8157,#8158),.UNSPECIFIED.,.F.,
  .F.,(2,2),(-3.899092186135E-02,0.),.PIECEWISE_BEZIER_KNOTS.);
#8157 = CARTESIAN_POINT('',(-4.945432431204,-3.355,3.759838374491));
#8158 = CARTESIAN_POINT('',(-4.945432431204,-3.355,3.798829296352));
#8159 = ORIENTED_EDGE('',*,*,#8126,.T.);
#8160 = B_SPLINE_SURFACE_WITH_KNOTS('',1,1,(
    (#8161,#8162)
    ,(#8163,#8164
    )),.UNSPECIFIED.,.F.,.F.,.F.,(2,2),(2,2),(-3.899092186135E-02,0.),(
    0.,1.E-02),.PIECEWISE_BEZIER_KNOTS.);
#8161 = CARTESIAN_POINT('',(-4.945432431204,-3.355,3.759838374491));
#8162 = CARTESIAN_POINT('',(-4.945432431204,-3.345,3.759838374491));
#8163 = CARTESIAN_POINT('',(-4.945432431204,-3.355,3.798829296352));
#8164 = CARTESIAN_POINT('',(-4.945432431204,-3.345,3.798829296352));
#8165 = ADVANCED_FACE('',(#8166),#8182,.F.);
#8166 = FACE_BOUND('',#8167,.T.);
#8167 = EDGE_LOOP('',(#8168,#8169,#8176,#8181));
#8168 = ORIENTED_EDGE('',*,*,#517,.T.);
#8169 = ORIENTED_EDGE('',*,*,#8170,.F.);
#8170 = EDGE_CURVE('',#8171,#511,#8173,.T.);
#8171 = VERTEX_POINT('',#8172);
#8172 = CARTESIAN_POINT('',(-5.120025114652,-3.355,3.798829296352));
#8173 = B_SPLINE_CURVE_WITH_KNOTS('',1,(#8174,#8175),.UNSPECIFIED.,.F.,
  .F.,(2,2),(0.,1.E-02),.PIECEWISE_BEZIER_KNOTS.);
#8174 = CARTESIAN_POINT('',(-5.120025114652,-3.355,3.798829296352));
#8175 = CARTESIAN_POINT('',(-5.120025114652,-3.345,3.798829296352));
#8176 = ORIENTED_EDGE('',*,*,#8177,.F.);
#8177 = EDGE_CURVE('',#8149,#8171,#8178,.T.);
#8178 = B_SPLINE_CURVE_WITH_KNOTS('',1,(#8179,#8180),.UNSPECIFIED.,.F.,
  .F.,(2,2),(-0.174592683448,-0.),.PIECEWISE_BEZIER_KNOTS.);
#8179 = CARTESIAN_POINT('',(-4.945432431204,-3.355,3.798829296352));
#8180 = CARTESIAN_POINT('',(-5.120025114652,-3.355,3.798829296352));
#8181 = ORIENTED_EDGE('',*,*,#8148,.T.);
#8182 = B_SPLINE_SURFACE_WITH_KNOTS('',1,1,(
    (#8183,#8184)
    ,(#8185,#8186
    )),.UNSPECIFIED.,.F.,.F.,.F.,(2,2),(2,2),(-0.174592683448,0.),(0.,
    1.E-02),.PIECEWISE_BEZIER_KNOTS.);
#8183 = CARTESIAN_POINT('',(-4.945432431204,-3.355,3.798829296352));
#8184 = CARTESIAN_POINT('',(-4.945432431204,-3.345,3.798829296352));
#8185 = CARTESIAN_POINT('',(-5.120025114652,-3.355,3.798829296352));
#8186 = CARTESIAN_POINT('',(-5.120025114652,-3.345,3.798829296352));
#8187 = ADVANCED_FACE('',(#8188),#8204,.F.);
#8188 = FACE_BOUND('',#8189,.T.);
#8189 = EDGE_LOOP('',(#8190,#8191,#8198,#8203));
#8190 = ORIENTED_EDGE('',*,*,#510,.T.);
#8191 = ORIENTED_EDGE('',*,*,#8192,.F.);
#8192 = EDGE_CURVE('',#8193,#504,#8195,.T.);
#8193 = VERTEX_POINT('',#8194);
#8194 = CARTESIAN_POINT('',(-5.120025114652,-3.355,3.459868215633));
#8195 = B_SPLINE_CURVE_WITH_KNOTS('',1,(#8196,#8197),.UNSPECIFIED.,.F.,
  .F.,(2,2),(0.,1.E-02),.PIECEWISE_BEZIER_KNOTS.);
#8196 = CARTESIAN_POINT('',(-5.120025114652,-3.355,3.459868215633));
#8197 = CARTESIAN_POINT('',(-5.120025114652,-3.345,3.459868215633));
#8198 = ORIENTED_EDGE('',*,*,#8199,.F.);
#8199 = EDGE_CURVE('',#8171,#8193,#8200,.T.);
#8200 = B_SPLINE_CURVE_WITH_KNOTS('',1,(#8201,#8202),.UNSPECIFIED.,.F.,
  .F.,(2,2),(-0.338961080719,-0.),.PIECEWISE_BEZIER_KNOTS.);
#8201 = CARTESIAN_POINT('',(-5.120025114652,-3.355,3.798829296352));
#8202 = CARTESIAN_POINT('',(-5.120025114652,-3.355,3.459868215633));
#8203 = ORIENTED_EDGE('',*,*,#8170,.T.);
#8204 = B_SPLINE_SURFACE_WITH_KNOTS('',1,1,(
    (#8205,#8206)
    ,(#8207,#8208
    )),.UNSPECIFIED.,.F.,.F.,.F.,(2,2),(2,2),(-0.338961080719,0.),(0.,
    1.E-02),.PIECEWISE_BEZIER_KNOTS.);
#8205 = CARTESIAN_POINT('',(-5.120025114652,-3.355,3.798829296352));
#8206 = CARTESIAN_POINT('',(-5.120025114652,-3.345,3.798829296352));
#8207 = CARTESIAN_POINT('',(-5.120025114652,-3.355,3.459868215633));
#8208 = CARTESIAN_POINT('',(-5.120025114652,-3.345,3.459868215633));
#8209 = ADVANCED_FACE('',(#8210),#8220,.F.);
#8210 = FACE_BOUND('',#8211,.T.);
#8211 = EDGE_LOOP('',(#8212,#8213,#8214,#8219));
#8212 = ORIENTED_EDGE('',*,*,#503,.T.);
#8213 = ORIENTED_EDGE('',*,*,#7980,.F.);
#8214 = ORIENTED_EDGE('',*,*,#8215,.F.);
#8215 = EDGE_CURVE('',#8193,#7974,#8216,.T.);
#8216 = B_SPLINE_CURVE_WITH_KNOTS('',1,(#8217,#8218),.UNSPECIFIED.,.F.,
  .F.,(2,2),(-0.182304221328,0.),.PIECEWISE_BEZIER_KNOTS.);
#8217 = CARTESIAN_POINT('',(-5.120025114652,-3.355,3.459868215633));
#8218 = CARTESIAN_POINT('',(-4.937720893324,-3.355,3.459868215633));
#8219 = ORIENTED_EDGE('',*,*,#8192,.T.);
#8220 = B_SPLINE_SURFACE_WITH_KNOTS('',1,1,(
    (#8221,#8222)
    ,(#8223,#8224
    )),.UNSPECIFIED.,.F.,.F.,.F.,(2,2),(2,2),(-0.182304221328,0.),(0.,
    1.E-02),.PIECEWISE_BEZIER_KNOTS.);
#8221 = CARTESIAN_POINT('',(-5.120025114652,-3.355,3.459868215633));
#8222 = CARTESIAN_POINT('',(-5.120025114652,-3.345,3.459868215633));
#8223 = CARTESIAN_POINT('',(-4.937720893324,-3.355,3.459868215633));
#8224 = CARTESIAN_POINT('',(-4.937720893324,-3.345,3.459868215633));
#8225 = ADVANCED_FACE('',(#8226),#8240,.F.);
#8226 = FACE_BOUND('',#8227,.T.);
#8227 = EDGE_LOOP('',(#8228,#8229,#8230,#8231,#8232,#8233,#8234,#8235,
    #8236,#8237,#8238,#8239));
#8228 = ORIENTED_EDGE('',*,*,#7973,.T.);
#8229 = ORIENTED_EDGE('',*,*,#8001,.T.);
#8230 = ORIENTED_EDGE('',*,*,#8023,.T.);
#8231 = ORIENTED_EDGE('',*,*,#8045,.T.);
#8232 = ORIENTED_EDGE('',*,*,#8067,.T.);
#8233 = ORIENTED_EDGE('',*,*,#8089,.T.);
#8234 = ORIENTED_EDGE('',*,*,#8111,.T.);
#8235 = ORIENTED_EDGE('',*,*,#8133,.T.);
#8236 = ORIENTED_EDGE('',*,*,#8155,.T.);
#8237 = ORIENTED_EDGE('',*,*,#8177,.T.);
#8238 = ORIENTED_EDGE('',*,*,#8199,.T.);
#8239 = ORIENTED_EDGE('',*,*,#8215,.T.);
#8240 = B_SPLINE_SURFACE_WITH_KNOTS('',1,1,(
    (#8241,#8242)
    ,(#8243,#8244
    )),.UNSPECIFIED.,.F.,.F.,.F.,(2,2),(2,2),(0.609868115633,
    0.948829196352),(-5.120025114652,-4.937720893324),
  .PIECEWISE_BEZIER_KNOTS.);
#8241 = CARTESIAN_POINT('',(-5.120025114652,-3.355,3.459868215633));
#8242 = CARTESIAN_POINT('',(-4.937720893324,-3.355,3.459868215633));
#8243 = CARTESIAN_POINT('',(-5.120025114652,-3.355,3.798829296352));
#8244 = CARTESIAN_POINT('',(-4.937720893324,-3.355,3.798829296352));
#8245 = ADVANCED_FACE('',(#8246,#8362),#8432,.T.);
#8246 = FACE_BOUND('',#8247,.T.);
#8247 = EDGE_LOOP('',(#8248,#8259,#8266,#8275,#8284,#8291,#8300,#8309,
    #8318,#8327,#8334,#8341,#8348,#8355));
#8248 = ORIENTED_EDGE('',*,*,#8249,.T.);
#8249 = EDGE_CURVE('',#8250,#8252,#8254,.T.);
#8250 = VERTEX_POINT('',#8251);
#8251 = CARTESIAN_POINT('',(-4.790075269207,-3.355,3.707503892702));
#8252 = VERTEX_POINT('',#8253);
#8253 = CARTESIAN_POINT('',(-4.873429195499,-3.355,3.684975804516));
#8254 = B_SPLINE_CURVE_WITH_KNOTS('',3,(#8255,#8256,#8257,#8258),
  .UNSPECIFIED.,.F.,.F.,(4,4),(0.,1.),.PIECEWISE_BEZIER_KNOTS.);
#8255 = CARTESIAN_POINT('',(-4.790075269207,-3.355,3.707503892702));
#8256 = CARTESIAN_POINT('',(-4.821614592668,-3.355,3.707503892702));
#8257 = CARTESIAN_POINT('',(-4.84942811693,-3.355,3.700052294301));
#8258 = CARTESIAN_POINT('',(-4.873429195499,-3.355,3.684975804516));
#8259 = ORIENTED_EDGE('',*,*,#8260,.T.);
#8260 = EDGE_CURVE('',#8252,#8261,#8263,.T.);
#8261 = VERTEX_POINT('',#8262);
#8262 = CARTESIAN_POINT('',(-4.873429195499,-3.355,3.643732073834));
#8263 = B_SPLINE_CURVE_WITH_KNOTS('',1,(#8264,#8265),.UNSPECIFIED.,.F.,
  .F.,(2,2),(-4.12437306821E-02,-0.),.PIECEWISE_BEZIER_KNOTS.);
#8264 = CARTESIAN_POINT('',(-4.873429195499,-3.355,3.684975804516));
#8265 = CARTESIAN_POINT('',(-4.873429195499,-3.355,3.643732073834));
#8266 = ORIENTED_EDGE('',*,*,#8267,.T.);
#8267 = EDGE_CURVE('',#8261,#8268,#8270,.T.);
#8268 = VERTEX_POINT('',#8269);
#8269 = CARTESIAN_POINT('',(-4.794061007886,-3.355,3.673018588478));
#8270 = B_SPLINE_CURVE_WITH_KNOTS('',3,(#8271,#8272,#8273,#8274),
  .UNSPECIFIED.,.F.,.F.,(4,4),(12.,13.),.PIECEWISE_BEZIER_KNOTS.);
#8271 = CARTESIAN_POINT('',(-4.873429195499,-3.355,3.643732073834));
#8272 = CARTESIAN_POINT('',(-4.849514763423,-3.355,3.663140888273));
#8273 = CARTESIAN_POINT('',(-4.82308758305,-3.355,3.673018588478));
#8274 = CARTESIAN_POINT('',(-4.794061007886,-3.355,3.673018588478));
#8275 = ORIENTED_EDGE('',*,*,#8276,.T.);
#8276 = EDGE_CURVE('',#8268,#8277,#8279,.T.);
#8277 = VERTEX_POINT('',#8278);
#8278 = CARTESIAN_POINT('',(-4.745019092833,-3.355,3.613752387248));
#8279 = B_SPLINE_CURVE_WITH_KNOTS('',3,(#8280,#8281,#8282,#8283),
  .UNSPECIFIED.,.F.,.F.,(4,4),(11.,12.),.PIECEWISE_BEZIER_KNOTS.);
#8280 = CARTESIAN_POINT('',(-4.794061007886,-3.355,3.673018588478));
#8281 = CARTESIAN_POINT('',(-4.761395280015,-3.355,3.673018588478));
#8282 = CARTESIAN_POINT('',(-4.745019092833,-3.355,3.653263188067));
#8283 = CARTESIAN_POINT('',(-4.745019092833,-3.355,3.613752387248));
#8284 = ORIENTED_EDGE('',*,*,#8285,.T.);
#8285 = EDGE_CURVE('',#8277,#8286,#8288,.T.);
#8286 = VERTEX_POINT('',#8287);
#8287 = CARTESIAN_POINT('',(-4.816762389059,-3.355,3.603701394057));
#8288 = B_SPLINE_CURVE_WITH_KNOTS('',1,(#8289,#8290),.UNSPECIFIED.,.F.,
  .F.,(2,2),(-7.24439301634E-02,-0.),.PIECEWISE_BEZIER_KNOTS.);
#8289 = CARTESIAN_POINT('',(-4.745019092833,-3.355,3.613752387248));
#8290 = CARTESIAN_POINT('',(-4.816762389059,-3.355,3.603701394057));
#8291 = ORIENTED_EDGE('',*,*,#8292,.T.);
#8292 = EDGE_CURVE('',#8286,#8293,#8295,.T.);
#8293 = VERTEX_POINT('',#8294);
#8294 = CARTESIAN_POINT('',(-4.897083688095,-3.355,3.524679792417));
#8295 = B_SPLINE_CURVE_WITH_KNOTS('',3,(#8296,#8297,#8298,#8299),
  .UNSPECIFIED.,.F.,.F.,(4,4),(9.,10.),.PIECEWISE_BEZIER_KNOTS.);
#8296 = CARTESIAN_POINT('',(-4.816762389059,-3.355,3.603701394057));
#8297 = CARTESIAN_POINT('',(-4.870309921749,-3.355,3.596249795656));
#8298 = CARTESIAN_POINT('',(-4.897083688095,-3.355,3.569909261776));
#8299 = CARTESIAN_POINT('',(-4.897083688095,-3.355,3.524679792417));
#8300 = ORIENTED_EDGE('',*,*,#8301,.T.);
#8301 = EDGE_CURVE('',#8293,#8302,#8304,.T.);
#8302 = VERTEX_POINT('',#8303);
#8303 = CARTESIAN_POINT('',(-4.876288529768,-3.355,3.473211775558));
#8304 = B_SPLINE_CURVE_WITH_KNOTS('',3,(#8305,#8306,#8307,#8308),
  .UNSPECIFIED.,.F.,.F.,(4,4),(8.,9.),.PIECEWISE_BEZIER_KNOTS.);
#8305 = CARTESIAN_POINT('',(-4.897083688095,-3.355,3.524679792417));
#8306 = CARTESIAN_POINT('',(-4.897083688095,-3.355,3.50301816916));
#8307 = CARTESIAN_POINT('',(-4.890151968652,-3.355,3.485862163539));
#8308 = CARTESIAN_POINT('',(-4.876288529768,-3.355,3.473211775558));
#8309 = ORIENTED_EDGE('',*,*,#8310,.T.);
#8310 = EDGE_CURVE('',#8302,#8311,#8313,.T.);
#8311 = VERTEX_POINT('',#8312);
#8312 = CARTESIAN_POINT('',(-4.820314895273,-3.355,3.454149547093));
#8313 = B_SPLINE_CURVE_WITH_KNOTS('',3,(#8314,#8315,#8316,#8317),
  .UNSPECIFIED.,.F.,.F.,(4,4),(7.,8.),.PIECEWISE_BEZIER_KNOTS.);
#8314 = CARTESIAN_POINT('',(-4.876288529768,-3.355,3.473211775558));
#8315 = CARTESIAN_POINT('',(-4.862425090884,-3.355,3.460561387577));
#8316 = CARTESIAN_POINT('',(-4.843796094883,-3.355,3.454149547093));
#8317 = CARTESIAN_POINT('',(-4.820314895273,-3.355,3.454149547093));
#8318 = ORIENTED_EDGE('',*,*,#8319,.T.);
#8319 = EDGE_CURVE('',#8311,#8320,#8322,.T.);
#8320 = VERTEX_POINT('',#8321);
#8321 = CARTESIAN_POINT('',(-4.746145497243,-3.355,3.49729950062));
#8322 = B_SPLINE_CURVE_WITH_KNOTS('',3,(#8323,#8324,#8325,#8326),
  .UNSPECIFIED.,.F.,.F.,(4,4),(6.,7.),.PIECEWISE_BEZIER_KNOTS.);
#8323 = CARTESIAN_POINT('',(-4.820314895273,-3.355,3.454149547093));
#8324 = CARTESIAN_POINT('',(-4.787649167402,-3.355,3.454149547093));
#8325 = CARTESIAN_POINT('',(-4.762868270396,-3.355,3.468532864935));
#8326 = CARTESIAN_POINT('',(-4.746145497243,-3.355,3.49729950062));
#8327 = ORIENTED_EDGE('',*,*,#8328,.T.);
#8328 = EDGE_CURVE('',#8320,#8329,#8331,.T.);
#8329 = VERTEX_POINT('',#8330);
#8330 = CARTESIAN_POINT('',(-4.745019092833,-3.355,3.49729950062));
#8331 = B_SPLINE_CURVE_WITH_KNOTS('',1,(#8332,#8333),.UNSPECIFIED.,.F.,
  .F.,(2,2),(-1.126404409212E-03,0.),.PIECEWISE_BEZIER_KNOTS.);
#8332 = CARTESIAN_POINT('',(-4.746145497243,-3.355,3.49729950062));
#8333 = CARTESIAN_POINT('',(-4.745019092833,-3.355,3.49729950062));
#8334 = ORIENTED_EDGE('',*,*,#8335,.T.);
#8335 = EDGE_CURVE('',#8329,#8336,#8338,.T.);
#8336 = VERTEX_POINT('',#8337);
#8337 = CARTESIAN_POINT('',(-4.745019092833,-3.355,3.459868215633));
#8338 = B_SPLINE_CURVE_WITH_KNOTS('',1,(#8339,#8340),.UNSPECIFIED.,.F.,
  .F.,(2,2),(-3.743128498634E-02,-0.),.PIECEWISE_BEZIER_KNOTS.);
#8339 = CARTESIAN_POINT('',(-4.745019092833,-3.355,3.49729950062));
#8340 = CARTESIAN_POINT('',(-4.745019092833,-3.355,3.459868215633));
#8341 = ORIENTED_EDGE('',*,*,#8342,.T.);
#8342 = EDGE_CURVE('',#8336,#8343,#8345,.T.);
#8343 = VERTEX_POINT('',#8344);
#8344 = CARTESIAN_POINT('',(-4.70256231125,-3.355,3.459868215633));
#8345 = B_SPLINE_CURVE_WITH_KNOTS('',1,(#8346,#8347),.UNSPECIFIED.,.F.,
  .F.,(2,2),(-4.245678158308E-02,0.),.PIECEWISE_BEZIER_KNOTS.);
#8346 = CARTESIAN_POINT('',(-4.745019092833,-3.355,3.459868215633));
#8347 = CARTESIAN_POINT('',(-4.70256231125,-3.355,3.459868215633));
#8348 = ORIENTED_EDGE('',*,*,#8349,.T.);
#8349 = EDGE_CURVE('',#8343,#8350,#8352,.T.);
#8350 = VERTEX_POINT('',#8351);
#8351 = CARTESIAN_POINT('',(-4.70256231125,-3.355,3.615658610093));
#8352 = B_SPLINE_CURVE_WITH_KNOTS('',1,(#8353,#8354),.UNSPECIFIED.,.F.,
  .F.,(2,2),(-0.15579039446,0.),.PIECEWISE_BEZIER_KNOTS.);
#8353 = CARTESIAN_POINT('',(-4.70256231125,-3.355,3.459868215633));
#8354 = CARTESIAN_POINT('',(-4.70256231125,-3.355,3.615658610093));
#8355 = ORIENTED_EDGE('',*,*,#8356,.T.);
#8356 = EDGE_CURVE('',#8350,#8250,#8357,.T.);
#8357 = B_SPLINE_CURVE_WITH_KNOTS('',3,(#8358,#8359,#8360,#8361),
  .UNSPECIFIED.,.F.,.F.,(4,4),(1.,2.),.PIECEWISE_BEZIER_KNOTS.);
#8358 = CARTESIAN_POINT('',(-4.70256231125,-3.355,3.615658610093));
#8359 = CARTESIAN_POINT('',(-4.70256231125,-3.355,3.677004327157));
#8360 = CARTESIAN_POINT('',(-4.7317621794,-3.355,3.707503892702));
#8361 = CARTESIAN_POINT('',(-4.790075269207,-3.355,3.707503892702));
#8362 = FACE_BOUND('',#8363,.T.);
#8363 = EDGE_LOOP('',(#8364,#8375,#8384,#8391,#8398,#8407,#8416,#8425));
#8364 = ORIENTED_EDGE('',*,*,#8365,.F.);
#8365 = EDGE_CURVE('',#8366,#8368,#8370,.T.);
#8366 = VERTEX_POINT('',#8367);
#8367 = CARTESIAN_POINT('',(-4.842756336967,-3.355,3.558818510668));
#8368 = VERTEX_POINT('',#8369);
#8369 = CARTESIAN_POINT('',(-4.85402038106,-3.355,3.528145652136));
#8370 = B_SPLINE_CURVE_WITH_KNOTS('',3,(#8371,#8372,#8373,#8374),
  .UNSPECIFIED.,.F.,.F.,(4,4),(1.,2.),.PIECEWISE_BEZIER_KNOTS.);
#8371 = CARTESIAN_POINT('',(-4.842756336967,-3.355,3.558818510668));
#8372 = CARTESIAN_POINT('',(-4.850207935368,-3.355,3.551540205255));
#8373 = CARTESIAN_POINT('',(-4.85402038106,-3.355,3.541315919078));
#8374 = CARTESIAN_POINT('',(-4.85402038106,-3.355,3.528145652136));
#8375 = ORIENTED_EDGE('',*,*,#8376,.F.);
#8376 = EDGE_CURVE('',#8377,#8366,#8379,.T.);
#8377 = VERTEX_POINT('',#8378);
#8378 = CARTESIAN_POINT('',(-4.801685899273,-3.355,3.57372170747));
#8379 = B_SPLINE_CURVE_WITH_KNOTS('',3,(#8380,#8381,#8382,#8383),
  .UNSPECIFIED.,.F.,.F.,(4,4),(0.,1.),.PIECEWISE_BEZIER_KNOTS.);
#8380 = CARTESIAN_POINT('',(-4.801685899273,-3.355,3.57372170747));
#8381 = CARTESIAN_POINT('',(-4.821527946175,-3.355,3.570949019691));
#8382 = CARTESIAN_POINT('',(-4.835218092074,-3.355,3.566096816083));
#8383 = CARTESIAN_POINT('',(-4.842756336967,-3.355,3.558818510668));
#8384 = ORIENTED_EDGE('',*,*,#8385,.F.);
#8385 = EDGE_CURVE('',#8386,#8377,#8388,.T.);
#8386 = VERTEX_POINT('',#8387);
#8387 = CARTESIAN_POINT('',(-4.745019092833,-3.355,3.581346598856));
#8388 = B_SPLINE_CURVE_WITH_KNOTS('',1,(#8389,#8390),.UNSPECIFIED.,.F.,
  .F.,(2,2),(-0.,5.717749487955E-02),.PIECEWISE_BEZIER_KNOTS.);
#8389 = CARTESIAN_POINT('',(-4.745019092833,-3.355,3.581346598856));
#8390 = CARTESIAN_POINT('',(-4.801685899273,-3.355,3.57372170747));
#8391 = ORIENTED_EDGE('',*,*,#8392,.F.);
#8392 = EDGE_CURVE('',#8393,#8386,#8395,.T.);
#8393 = VERTEX_POINT('',#8394);
#8394 = CARTESIAN_POINT('',(-4.745019092833,-3.355,3.558125338724));
#8395 = B_SPLINE_CURVE_WITH_KNOTS('',1,(#8396,#8397),.UNSPECIFIED.,.F.,
  .F.,(2,2),(0.,2.322126013233E-02),.PIECEWISE_BEZIER_KNOTS.);
#8396 = CARTESIAN_POINT('',(-4.745019092833,-3.355,3.558125338724));
#8397 = CARTESIAN_POINT('',(-4.745019092833,-3.355,3.581346598856));
#8398 = ORIENTED_EDGE('',*,*,#8399,.F.);
#8399 = EDGE_CURVE('',#8400,#8393,#8402,.T.);
#8400 = VERTEX_POINT('',#8401);
#8401 = CARTESIAN_POINT('',(-4.763214856369,-3.355,3.5087368377));
#8402 = B_SPLINE_CURVE_WITH_KNOTS('',3,(#8403,#8404,#8405,#8406),
  .UNSPECIFIED.,.F.,.F.,(4,4),(5.,6.),.PIECEWISE_BEZIER_KNOTS.);
#8403 = CARTESIAN_POINT('',(-4.763214856369,-3.355,3.5087368377));
#8404 = CARTESIAN_POINT('',(-4.751084347345,-3.355,3.521733811653));
#8405 = CARTESIAN_POINT('',(-4.745019092833,-3.355,3.538196645328));
#8406 = CARTESIAN_POINT('',(-4.745019092833,-3.355,3.558125338724));
#8407 = ORIENTED_EDGE('',*,*,#8408,.F.);
#8408 = EDGE_CURVE('',#8409,#8400,#8411,.T.);
#8409 = VERTEX_POINT('',#8410);
#8410 = CARTESIAN_POINT('',(-4.809310790658,-3.355,3.488981437289));
#8411 = B_SPLINE_CURVE_WITH_KNOTS('',3,(#8412,#8413,#8414,#8415),
  .UNSPECIFIED.,.F.,.F.,(4,4),(4.,5.),.PIECEWISE_BEZIER_KNOTS.);
#8412 = CARTESIAN_POINT('',(-4.809310790658,-3.355,3.488981437289));
#8413 = CARTESIAN_POINT('',(-4.790681794658,-3.355,3.488981437289));
#8414 = CARTESIAN_POINT('',(-4.7752587189,-3.355,3.495566570759));
#8415 = CARTESIAN_POINT('',(-4.763214856369,-3.355,3.5087368377));
#8416 = ORIENTED_EDGE('',*,*,#8417,.F.);
#8417 = EDGE_CURVE('',#8418,#8409,#8420,.T.);
#8418 = VERTEX_POINT('',#8419);
#8419 = CARTESIAN_POINT('',(-4.84171657905,-3.355,3.49989889541));
#8420 = B_SPLINE_CURVE_WITH_KNOTS('',3,(#8421,#8422,#8423,#8424),
  .UNSPECIFIED.,.F.,.F.,(4,4),(3.,4.),.PIECEWISE_BEZIER_KNOTS.);
#8421 = CARTESIAN_POINT('',(-4.84171657905,-3.355,3.49989889541));
#8422 = CARTESIAN_POINT('',(-4.833571808706,-3.355,3.492620589997));
#8423 = CARTESIAN_POINT('',(-4.822740997078,-3.355,3.488981437289));
#8424 = CARTESIAN_POINT('',(-4.809310790658,-3.355,3.488981437289));
#8425 = ORIENTED_EDGE('',*,*,#8426,.F.);
#8426 = EDGE_CURVE('',#8368,#8418,#8427,.T.);
#8427 = B_SPLINE_CURVE_WITH_KNOTS('',3,(#8428,#8429,#8430,#8431),
  .UNSPECIFIED.,.F.,.F.,(4,4),(2.,3.),.PIECEWISE_BEZIER_KNOTS.);
#8428 = CARTESIAN_POINT('',(-4.85402038106,-3.355,3.528145652136));
#8429 = CARTESIAN_POINT('',(-4.85402038106,-3.355,3.516535022073));
#8430 = CARTESIAN_POINT('',(-4.849947995888,-3.355,3.507177200825));
#8431 = CARTESIAN_POINT('',(-4.84171657905,-3.355,3.49989889541));
#8432 = B_SPLINE_SURFACE_WITH_KNOTS('',1,1,(
    (#8433,#8434)
    ,(#8435,#8436
    )),.UNSPECIFIED.,.F.,.F.,.F.,(2,2),(2,2),(-5.610360423712E-03,
    0.247743985186),(-6.250461390718E-02,0.132016762937),
  .PIECEWISE_BEZIER_KNOTS.);
#8433 = CARTESIAN_POINT('',(-4.897083688095,-3.355,3.707503892702));
#8434 = CARTESIAN_POINT('',(-4.70256231125,-3.355,3.707503892702));
#8435 = CARTESIAN_POINT('',(-4.897083688095,-3.355,3.454149547093));
#8436 = CARTESIAN_POINT('',(-4.70256231125,-3.355,3.454149547093));
#8437 = ADVANCED_FACE('',(#8438),#8452,.F.);
#8438 = FACE_BOUND('',#8439,.F.);
#8439 = EDGE_LOOP('',(#8440,#8445,#8446,#8451));
#8440 = ORIENTED_EDGE('',*,*,#8441,.F.);
#8441 = EDGE_CURVE('',#8250,#379,#8442,.T.);
#8442 = B_SPLINE_CURVE_WITH_KNOTS('',1,(#8443,#8444),.UNSPECIFIED.,.F.,
  .F.,(2,2),(0.,1.E-02),.PIECEWISE_BEZIER_KNOTS.);
#8443 = CARTESIAN_POINT('',(-4.790075269207,-3.355,3.707503892702));
#8444 = CARTESIAN_POINT('',(-4.790075269207,-3.345,3.707503892702));
#8445 = ORIENTED_EDGE('',*,*,#8249,.T.);
#8446 = ORIENTED_EDGE('',*,*,#8447,.T.);
#8447 = EDGE_CURVE('',#8252,#381,#8448,.T.);
#8448 = B_SPLINE_CURVE_WITH_KNOTS('',1,(#8449,#8450),.UNSPECIFIED.,.F.,
  .F.,(2,2),(0.,1.E-02),.PIECEWISE_BEZIER_KNOTS.);
#8449 = CARTESIAN_POINT('',(-4.873429195499,-3.355,3.684975804516));
#8450 = CARTESIAN_POINT('',(-4.873429195499,-3.345,3.684975804516));
#8451 = ORIENTED_EDGE('',*,*,#378,.F.);
#8452 = B_SPLINE_SURFACE_WITH_KNOTS('',3,1,(
    (#8453,#8454)
    ,(#8455,#8456)
    ,(#8457,#8458)
    ,(#8459,#8460
    )),.UNSPECIFIED.,.F.,.F.,.F.,(4,4),(2,2),(0.,1.),(0.,1.),
  .PIECEWISE_BEZIER_KNOTS.);
#8453 = CARTESIAN_POINT('',(-4.790075269207,-3.355,3.707503892702));
#8454 = CARTESIAN_POINT('',(-4.790075269207,-3.345,3.707503892702));
#8455 = CARTESIAN_POINT('',(-4.821614592668,-3.355,3.707503892702));
#8456 = CARTESIAN_POINT('',(-4.821614592668,-3.345,3.707503892702));
#8457 = CARTESIAN_POINT('',(-4.84942811693,-3.355,3.700052294301));
#8458 = CARTESIAN_POINT('',(-4.84942811693,-3.345,3.700052294301));
#8459 = CARTESIAN_POINT('',(-4.873429195499,-3.355,3.684975804516));
#8460 = CARTESIAN_POINT('',(-4.873429195499,-3.345,3.684975804516));
#8461 = ADVANCED_FACE('',(#8462),#8472,.F.);
#8462 = FACE_BOUND('',#8463,.T.);
#8463 = EDGE_LOOP('',(#8464,#8465,#8470,#8471));
#8464 = ORIENTED_EDGE('',*,*,#487,.T.);
#8465 = ORIENTED_EDGE('',*,*,#8466,.F.);
#8466 = EDGE_CURVE('',#8261,#479,#8467,.T.);
#8467 = B_SPLINE_CURVE_WITH_KNOTS('',1,(#8468,#8469),.UNSPECIFIED.,.F.,
  .F.,(2,2),(0.,1.E-02),.PIECEWISE_BEZIER_KNOTS.);
#8468 = CARTESIAN_POINT('',(-4.873429195499,-3.355,3.643732073834));
#8469 = CARTESIAN_POINT('',(-4.873429195499,-3.345,3.643732073834));
#8470 = ORIENTED_EDGE('',*,*,#8260,.F.);
#8471 = ORIENTED_EDGE('',*,*,#8447,.T.);
#8472 = B_SPLINE_SURFACE_WITH_KNOTS('',1,1,(
    (#8473,#8474)
    ,(#8475,#8476
    )),.UNSPECIFIED.,.F.,.F.,.F.,(2,2),(2,2),(-4.12437306821E-02,0.),(0.
    ,1.E-02),.PIECEWISE_BEZIER_KNOTS.);
#8473 = CARTESIAN_POINT('',(-4.873429195499,-3.355,3.684975804516));
#8474 = CARTESIAN_POINT('',(-4.873429195499,-3.345,3.684975804516));
#8475 = CARTESIAN_POINT('',(-4.873429195499,-3.355,3.643732073834));
#8476 = CARTESIAN_POINT('',(-4.873429195499,-3.345,3.643732073834));
#8477 = ADVANCED_FACE('',(#8478),#8488,.F.);
#8478 = FACE_BOUND('',#8479,.F.);
#8479 = EDGE_LOOP('',(#8480,#8481,#8482,#8487));
#8480 = ORIENTED_EDGE('',*,*,#8466,.F.);
#8481 = ORIENTED_EDGE('',*,*,#8267,.T.);
#8482 = ORIENTED_EDGE('',*,*,#8483,.T.);
#8483 = EDGE_CURVE('',#8268,#470,#8484,.T.);
#8484 = B_SPLINE_CURVE_WITH_KNOTS('',1,(#8485,#8486),.UNSPECIFIED.,.F.,
  .F.,(2,2),(0.,1.E-02),.PIECEWISE_BEZIER_KNOTS.);
#8485 = CARTESIAN_POINT('',(-4.794061007886,-3.355,3.673018588478));
#8486 = CARTESIAN_POINT('',(-4.794061007886,-3.345,3.673018588478));
#8487 = ORIENTED_EDGE('',*,*,#478,.F.);
#8488 = B_SPLINE_SURFACE_WITH_KNOTS('',3,1,(
    (#8489,#8490)
    ,(#8491,#8492)
    ,(#8493,#8494)
    ,(#8495,#8496
    )),.UNSPECIFIED.,.F.,.F.,.F.,(4,4),(2,2),(12.,13.),(0.,1.),
  .PIECEWISE_BEZIER_KNOTS.);
#8489 = CARTESIAN_POINT('',(-4.873429195499,-3.355,3.643732073834));
#8490 = CARTESIAN_POINT('',(-4.873429195499,-3.345,3.643732073834));
#8491 = CARTESIAN_POINT('',(-4.849514763423,-3.355,3.663140888273));
#8492 = CARTESIAN_POINT('',(-4.849514763423,-3.345,3.663140888273));
#8493 = CARTESIAN_POINT('',(-4.82308758305,-3.355,3.673018588478));
#8494 = CARTESIAN_POINT('',(-4.82308758305,-3.345,3.673018588478));
#8495 = CARTESIAN_POINT('',(-4.794061007886,-3.355,3.673018588478));
#8496 = CARTESIAN_POINT('',(-4.794061007886,-3.345,3.673018588478));
#8497 = ADVANCED_FACE('',(#8498),#8508,.F.);
#8498 = FACE_BOUND('',#8499,.F.);
#8499 = EDGE_LOOP('',(#8500,#8501,#8502,#8507));
#8500 = ORIENTED_EDGE('',*,*,#8483,.F.);
#8501 = ORIENTED_EDGE('',*,*,#8276,.T.);
#8502 = ORIENTED_EDGE('',*,*,#8503,.T.);
#8503 = EDGE_CURVE('',#8277,#463,#8504,.T.);
#8504 = B_SPLINE_CURVE_WITH_KNOTS('',1,(#8505,#8506),.UNSPECIFIED.,.F.,
  .F.,(2,2),(0.,1.E-02),.PIECEWISE_BEZIER_KNOTS.);
#8505 = CARTESIAN_POINT('',(-4.745019092833,-3.355,3.613752387248));
#8506 = CARTESIAN_POINT('',(-4.745019092833,-3.345,3.613752387248));
#8507 = ORIENTED_EDGE('',*,*,#469,.F.);
#8508 = B_SPLINE_SURFACE_WITH_KNOTS('',3,1,(
    (#8509,#8510)
    ,(#8511,#8512)
    ,(#8513,#8514)
    ,(#8515,#8516
    )),.UNSPECIFIED.,.F.,.F.,.F.,(4,4),(2,2),(11.,12.),(0.,1.),
  .PIECEWISE_BEZIER_KNOTS.);
#8509 = CARTESIAN_POINT('',(-4.794061007886,-3.355,3.673018588478));
#8510 = CARTESIAN_POINT('',(-4.794061007886,-3.345,3.673018588478));
#8511 = CARTESIAN_POINT('',(-4.761395280015,-3.355,3.673018588478));
#8512 = CARTESIAN_POINT('',(-4.761395280015,-3.345,3.673018588478));
#8513 = CARTESIAN_POINT('',(-4.745019092833,-3.355,3.653263188067));
#8514 = CARTESIAN_POINT('',(-4.745019092833,-3.345,3.653263188067));
#8515 = CARTESIAN_POINT('',(-4.745019092833,-3.355,3.613752387248));
#8516 = CARTESIAN_POINT('',(-4.745019092833,-3.345,3.613752387248));
#8517 = ADVANCED_FACE('',(#8518),#8528,.F.);
#8518 = FACE_BOUND('',#8519,.T.);
#8519 = EDGE_LOOP('',(#8520,#8521,#8526,#8527));
#8520 = ORIENTED_EDGE('',*,*,#462,.T.);
#8521 = ORIENTED_EDGE('',*,*,#8522,.F.);
#8522 = EDGE_CURVE('',#8286,#454,#8523,.T.);
#8523 = B_SPLINE_CURVE_WITH_KNOTS('',1,(#8524,#8525),.UNSPECIFIED.,.F.,
  .F.,(2,2),(0.,1.E-02),.PIECEWISE_BEZIER_KNOTS.);
#8524 = CARTESIAN_POINT('',(-4.816762389059,-3.355,3.603701394057));
#8525 = CARTESIAN_POINT('',(-4.816762389059,-3.345,3.603701394057));
#8526 = ORIENTED_EDGE('',*,*,#8285,.F.);
#8527 = ORIENTED_EDGE('',*,*,#8503,.T.);
#8528 = B_SPLINE_SURFACE_WITH_KNOTS('',1,1,(
    (#8529,#8530)
    ,(#8531,#8532
    )),.UNSPECIFIED.,.F.,.F.,.F.,(2,2),(2,2),(-7.24439301634E-02,0.),(
    -4.440892098501E-16,1.E-02),.PIECEWISE_BEZIER_KNOTS.);
#8529 = CARTESIAN_POINT('',(-4.745019092833,-3.355,3.613752387248));
#8530 = CARTESIAN_POINT('',(-4.745019092833,-3.345,3.613752387248));
#8531 = CARTESIAN_POINT('',(-4.816762389059,-3.355,3.603701394057));
#8532 = CARTESIAN_POINT('',(-4.816762389059,-3.345,3.603701394057));
#8533 = ADVANCED_FACE('',(#8534),#8544,.F.);
#8534 = FACE_BOUND('',#8535,.F.);
#8535 = EDGE_LOOP('',(#8536,#8537,#8538,#8543));
#8536 = ORIENTED_EDGE('',*,*,#8522,.F.);
#8537 = ORIENTED_EDGE('',*,*,#8292,.T.);
#8538 = ORIENTED_EDGE('',*,*,#8539,.T.);
#8539 = EDGE_CURVE('',#8293,#445,#8540,.T.);
#8540 = B_SPLINE_CURVE_WITH_KNOTS('',1,(#8541,#8542),.UNSPECIFIED.,.F.,
  .F.,(2,2),(0.,1.E-02),.PIECEWISE_BEZIER_KNOTS.);
#8541 = CARTESIAN_POINT('',(-4.897083688095,-3.355,3.524679792417));
#8542 = CARTESIAN_POINT('',(-4.897083688095,-3.345,3.524679792417));
#8543 = ORIENTED_EDGE('',*,*,#453,.F.);
#8544 = B_SPLINE_SURFACE_WITH_KNOTS('',3,1,(
    (#8545,#8546)
    ,(#8547,#8548)
    ,(#8549,#8550)
    ,(#8551,#8552
    )),.UNSPECIFIED.,.F.,.F.,.F.,(4,4),(2,2),(9.,10.),(0.,1.),
  .PIECEWISE_BEZIER_KNOTS.);
#8545 = CARTESIAN_POINT('',(-4.816762389059,-3.355,3.603701394057));
#8546 = CARTESIAN_POINT('',(-4.816762389059,-3.345,3.603701394057));
#8547 = CARTESIAN_POINT('',(-4.870309921749,-3.355,3.596249795656));
#8548 = CARTESIAN_POINT('',(-4.870309921749,-3.345,3.596249795656));
#8549 = CARTESIAN_POINT('',(-4.897083688095,-3.355,3.569909261776));
#8550 = CARTESIAN_POINT('',(-4.897083688095,-3.345,3.569909261776));
#8551 = CARTESIAN_POINT('',(-4.897083688095,-3.355,3.524679792417));
#8552 = CARTESIAN_POINT('',(-4.897083688095,-3.345,3.524679792417));
#8553 = ADVANCED_FACE('',(#8554),#8564,.F.);
#8554 = FACE_BOUND('',#8555,.F.);
#8555 = EDGE_LOOP('',(#8556,#8557,#8558,#8563));
#8556 = ORIENTED_EDGE('',*,*,#8539,.F.);
#8557 = ORIENTED_EDGE('',*,*,#8301,.T.);
#8558 = ORIENTED_EDGE('',*,*,#8559,.T.);
#8559 = EDGE_CURVE('',#8302,#436,#8560,.T.);
#8560 = B_SPLINE_CURVE_WITH_KNOTS('',1,(#8561,#8562),.UNSPECIFIED.,.F.,
  .F.,(2,2),(0.,1.E-02),.PIECEWISE_BEZIER_KNOTS.);
#8561 = CARTESIAN_POINT('',(-4.876288529768,-3.355,3.473211775558));
#8562 = CARTESIAN_POINT('',(-4.876288529768,-3.345,3.473211775558));
#8563 = ORIENTED_EDGE('',*,*,#444,.F.);
#8564 = B_SPLINE_SURFACE_WITH_KNOTS('',3,1,(
    (#8565,#8566)
    ,(#8567,#8568)
    ,(#8569,#8570)
    ,(#8571,#8572
    )),.UNSPECIFIED.,.F.,.F.,.F.,(4,4),(2,2),(8.,9.),(0.,1.),
  .PIECEWISE_BEZIER_KNOTS.);
#8565 = CARTESIAN_POINT('',(-4.897083688095,-3.355,3.524679792417));
#8566 = CARTESIAN_POINT('',(-4.897083688095,-3.345,3.524679792417));
#8567 = CARTESIAN_POINT('',(-4.897083688095,-3.355,3.50301816916));
#8568 = CARTESIAN_POINT('',(-4.897083688095,-3.345,3.50301816916));
#8569 = CARTESIAN_POINT('',(-4.890151968652,-3.355,3.485862163539));
#8570 = CARTESIAN_POINT('',(-4.890151968652,-3.345,3.485862163539));
#8571 = CARTESIAN_POINT('',(-4.876288529768,-3.355,3.473211775558));
#8572 = CARTESIAN_POINT('',(-4.876288529768,-3.345,3.473211775558));
#8573 = ADVANCED_FACE('',(#8574),#8584,.F.);
#8574 = FACE_BOUND('',#8575,.F.);
#8575 = EDGE_LOOP('',(#8576,#8577,#8578,#8583));
#8576 = ORIENTED_EDGE('',*,*,#8559,.F.);
#8577 = ORIENTED_EDGE('',*,*,#8310,.T.);
#8578 = ORIENTED_EDGE('',*,*,#8579,.T.);
#8579 = EDGE_CURVE('',#8311,#427,#8580,.T.);
#8580 = B_SPLINE_CURVE_WITH_KNOTS('',1,(#8581,#8582),.UNSPECIFIED.,.F.,
  .F.,(2,2),(0.,1.E-02),.PIECEWISE_BEZIER_KNOTS.);
#8581 = CARTESIAN_POINT('',(-4.820314895273,-3.355,3.454149547093));
#8582 = CARTESIAN_POINT('',(-4.820314895273,-3.345,3.454149547093));
#8583 = ORIENTED_EDGE('',*,*,#435,.F.);
#8584 = B_SPLINE_SURFACE_WITH_KNOTS('',3,1,(
    (#8585,#8586)
    ,(#8587,#8588)
    ,(#8589,#8590)
    ,(#8591,#8592
    )),.UNSPECIFIED.,.F.,.F.,.F.,(4,4),(2,2),(7.,8.),(0.,1.),
  .PIECEWISE_BEZIER_KNOTS.);
#8585 = CARTESIAN_POINT('',(-4.876288529768,-3.355,3.473211775558));
#8586 = CARTESIAN_POINT('',(-4.876288529768,-3.345,3.473211775558));
#8587 = CARTESIAN_POINT('',(-4.862425090884,-3.355,3.460561387577));
#8588 = CARTESIAN_POINT('',(-4.862425090884,-3.345,3.460561387577));
#8589 = CARTESIAN_POINT('',(-4.843796094883,-3.355,3.454149547093));
#8590 = CARTESIAN_POINT('',(-4.843796094883,-3.345,3.454149547093));
#8591 = CARTESIAN_POINT('',(-4.820314895273,-3.355,3.454149547093));
#8592 = CARTESIAN_POINT('',(-4.820314895273,-3.345,3.454149547093));
#8593 = ADVANCED_FACE('',(#8594),#8604,.F.);
#8594 = FACE_BOUND('',#8595,.F.);
#8595 = EDGE_LOOP('',(#8596,#8597,#8598,#8603));
#8596 = ORIENTED_EDGE('',*,*,#8579,.F.);
#8597 = ORIENTED_EDGE('',*,*,#8319,.T.);
#8598 = ORIENTED_EDGE('',*,*,#8599,.T.);
#8599 = EDGE_CURVE('',#8320,#420,#8600,.T.);
#8600 = B_SPLINE_CURVE_WITH_KNOTS('',1,(#8601,#8602),.UNSPECIFIED.,.F.,
  .F.,(2,2),(0.,1.E-02),.PIECEWISE_BEZIER_KNOTS.);
#8601 = CARTESIAN_POINT('',(-4.746145497243,-3.355,3.49729950062));
#8602 = CARTESIAN_POINT('',(-4.746145497243,-3.345,3.49729950062));
#8603 = ORIENTED_EDGE('',*,*,#426,.F.);
#8604 = B_SPLINE_SURFACE_WITH_KNOTS('',3,1,(
    (#8605,#8606)
    ,(#8607,#8608)
    ,(#8609,#8610)
    ,(#8611,#8612
    )),.UNSPECIFIED.,.F.,.F.,.F.,(4,4),(2,2),(6.,7.),(0.,1.),
  .PIECEWISE_BEZIER_KNOTS.);
#8605 = CARTESIAN_POINT('',(-4.820314895273,-3.355,3.454149547093));
#8606 = CARTESIAN_POINT('',(-4.820314895273,-3.345,3.454149547093));
#8607 = CARTESIAN_POINT('',(-4.787649167402,-3.355,3.454149547093));
#8608 = CARTESIAN_POINT('',(-4.787649167402,-3.345,3.454149547093));
#8609 = CARTESIAN_POINT('',(-4.762868270396,-3.355,3.468532864935));
#8610 = CARTESIAN_POINT('',(-4.762868270396,-3.345,3.468532864935));
#8611 = CARTESIAN_POINT('',(-4.746145497243,-3.355,3.49729950062));
#8612 = CARTESIAN_POINT('',(-4.746145497243,-3.345,3.49729950062));
#8613 = ADVANCED_FACE('',(#8614),#8624,.F.);
#8614 = FACE_BOUND('',#8615,.T.);
#8615 = EDGE_LOOP('',(#8616,#8617,#8622,#8623));
#8616 = ORIENTED_EDGE('',*,*,#419,.T.);
#8617 = ORIENTED_EDGE('',*,*,#8618,.F.);
#8618 = EDGE_CURVE('',#8329,#413,#8619,.T.);
#8619 = B_SPLINE_CURVE_WITH_KNOTS('',1,(#8620,#8621),.UNSPECIFIED.,.F.,
  .F.,(2,2),(0.,1.E-02),.PIECEWISE_BEZIER_KNOTS.);
#8620 = CARTESIAN_POINT('',(-4.745019092833,-3.355,3.49729950062));
#8621 = CARTESIAN_POINT('',(-4.745019092833,-3.345,3.49729950062));
#8622 = ORIENTED_EDGE('',*,*,#8328,.F.);
#8623 = ORIENTED_EDGE('',*,*,#8599,.T.);
#8624 = B_SPLINE_SURFACE_WITH_KNOTS('',1,1,(
    (#8625,#8626)
    ,(#8627,#8628
    )),.UNSPECIFIED.,.F.,.F.,.F.,(2,2),(2,2),(-1.126404409212E-03,0.),(
    -4.440892098501E-16,1.E-02),.PIECEWISE_BEZIER_KNOTS.);
#8625 = CARTESIAN_POINT('',(-4.746145497243,-3.355,3.49729950062));
#8626 = CARTESIAN_POINT('',(-4.746145497243,-3.345,3.49729950062));
#8627 = CARTESIAN_POINT('',(-4.745019092833,-3.355,3.49729950062));
#8628 = CARTESIAN_POINT('',(-4.745019092833,-3.345,3.49729950062));
#8629 = ADVANCED_FACE('',(#8630),#8640,.F.);
#8630 = FACE_BOUND('',#8631,.T.);
#8631 = EDGE_LOOP('',(#8632,#8633,#8638,#8639));
#8632 = ORIENTED_EDGE('',*,*,#412,.T.);
#8633 = ORIENTED_EDGE('',*,*,#8634,.F.);
#8634 = EDGE_CURVE('',#8336,#406,#8635,.T.);
#8635 = B_SPLINE_CURVE_WITH_KNOTS('',1,(#8636,#8637),.UNSPECIFIED.,.F.,
  .F.,(2,2),(0.,1.E-02),.PIECEWISE_BEZIER_KNOTS.);
#8636 = CARTESIAN_POINT('',(-4.745019092833,-3.355,3.459868215633));
#8637 = CARTESIAN_POINT('',(-4.745019092833,-3.345,3.459868215633));
#8638 = ORIENTED_EDGE('',*,*,#8335,.F.);
#8639 = ORIENTED_EDGE('',*,*,#8618,.T.);
#8640 = B_SPLINE_SURFACE_WITH_KNOTS('',1,1,(
    (#8641,#8642)
    ,(#8643,#8644
    )),.UNSPECIFIED.,.F.,.F.,.F.,(2,2),(2,2),(-3.743128498634E-02,0.),(
    0.,1.E-02),.PIECEWISE_BEZIER_KNOTS.);
#8641 = CARTESIAN_POINT('',(-4.745019092833,-3.355,3.49729950062));
#8642 = CARTESIAN_POINT('',(-4.745019092833,-3.345,3.49729950062));
#8643 = CARTESIAN_POINT('',(-4.745019092833,-3.355,3.459868215633));
#8644 = CARTESIAN_POINT('',(-4.745019092833,-3.345,3.459868215633));
#8645 = ADVANCED_FACE('',(#8646),#8656,.F.);
#8646 = FACE_BOUND('',#8647,.T.);
#8647 = EDGE_LOOP('',(#8648,#8649,#8654,#8655));
#8648 = ORIENTED_EDGE('',*,*,#405,.T.);
#8649 = ORIENTED_EDGE('',*,*,#8650,.F.);
#8650 = EDGE_CURVE('',#8343,#399,#8651,.T.);
#8651 = B_SPLINE_CURVE_WITH_KNOTS('',1,(#8652,#8653),.UNSPECIFIED.,.F.,
  .F.,(2,2),(0.,1.E-02),.PIECEWISE_BEZIER_KNOTS.);
#8652 = CARTESIAN_POINT('',(-4.70256231125,-3.355,3.459868215633));
#8653 = CARTESIAN_POINT('',(-4.70256231125,-3.345,3.459868215633));
#8654 = ORIENTED_EDGE('',*,*,#8342,.F.);
#8655 = ORIENTED_EDGE('',*,*,#8634,.T.);
#8656 = B_SPLINE_SURFACE_WITH_KNOTS('',1,1,(
    (#8657,#8658)
    ,(#8659,#8660
    )),.UNSPECIFIED.,.F.,.F.,.F.,(2,2),(2,2),(-4.245678158308E-02,0.),(
    0.,1.E-02),.PIECEWISE_BEZIER_KNOTS.);
#8657 = CARTESIAN_POINT('',(-4.745019092833,-3.355,3.459868215633));
#8658 = CARTESIAN_POINT('',(-4.745019092833,-3.345,3.459868215633));
#8659 = CARTESIAN_POINT('',(-4.70256231125,-3.355,3.459868215633));
#8660 = CARTESIAN_POINT('',(-4.70256231125,-3.345,3.459868215633));
#8661 = ADVANCED_FACE('',(#8662),#8672,.F.);
#8662 = FACE_BOUND('',#8663,.T.);
#8663 = EDGE_LOOP('',(#8664,#8665,#8670,#8671));
#8664 = ORIENTED_EDGE('',*,*,#398,.T.);
#8665 = ORIENTED_EDGE('',*,*,#8666,.F.);
#8666 = EDGE_CURVE('',#8350,#390,#8667,.T.);
#8667 = B_SPLINE_CURVE_WITH_KNOTS('',1,(#8668,#8669),.UNSPECIFIED.,.F.,
  .F.,(2,2),(0.,1.E-02),.PIECEWISE_BEZIER_KNOTS.);
#8668 = CARTESIAN_POINT('',(-4.70256231125,-3.355,3.615658610093));
#8669 = CARTESIAN_POINT('',(-4.70256231125,-3.345,3.615658610093));
#8670 = ORIENTED_EDGE('',*,*,#8349,.F.);
#8671 = ORIENTED_EDGE('',*,*,#8650,.T.);
#8672 = B_SPLINE_SURFACE_WITH_KNOTS('',1,1,(
    (#8673,#8674)
    ,(#8675,#8676
    )),.UNSPECIFIED.,.F.,.F.,.F.,(2,2),(2,2),(-0.15579039446,0.),(0.,
    1.E-02),.PIECEWISE_BEZIER_KNOTS.);
#8673 = CARTESIAN_POINT('',(-4.70256231125,-3.355,3.459868215633));
#8674 = CARTESIAN_POINT('',(-4.70256231125,-3.345,3.459868215633));
#8675 = CARTESIAN_POINT('',(-4.70256231125,-3.355,3.615658610093));
#8676 = CARTESIAN_POINT('',(-4.70256231125,-3.345,3.615658610093));
#8677 = ADVANCED_FACE('',(#8678),#8684,.F.);
#8678 = FACE_BOUND('',#8679,.F.);
#8679 = EDGE_LOOP('',(#8680,#8681,#8682,#8683));
#8680 = ORIENTED_EDGE('',*,*,#8666,.F.);
#8681 = ORIENTED_EDGE('',*,*,#8356,.T.);
#8682 = ORIENTED_EDGE('',*,*,#8441,.T.);
#8683 = ORIENTED_EDGE('',*,*,#389,.F.);
#8684 = B_SPLINE_SURFACE_WITH_KNOTS('',3,1,(
    (#8685,#8686)
    ,(#8687,#8688)
    ,(#8689,#8690)
    ,(#8691,#8692
    )),.UNSPECIFIED.,.F.,.F.,.F.,(4,4),(2,2),(1.,2.),(0.,1.),
  .PIECEWISE_BEZIER_KNOTS.);
#8685 = CARTESIAN_POINT('',(-4.70256231125,-3.355,3.615658610093));
#8686 = CARTESIAN_POINT('',(-4.70256231125,-3.345,3.615658610093));
#8687 = CARTESIAN_POINT('',(-4.70256231125,-3.355,3.677004327157));
#8688 = CARTESIAN_POINT('',(-4.70256231125,-3.345,3.677004327157));
#8689 = CARTESIAN_POINT('',(-4.7317621794,-3.355,3.707503892702));
#8690 = CARTESIAN_POINT('',(-4.7317621794,-3.345,3.707503892702));
#8691 = CARTESIAN_POINT('',(-4.790075269207,-3.355,3.707503892702));
#8692 = CARTESIAN_POINT('',(-4.790075269207,-3.345,3.707503892702));
#8693 = ADVANCED_FACE('',(#8694),#8718,.T.);
#8694 = FACE_BOUND('',#8695,.T.);
#8695 = EDGE_LOOP('',(#8696,#8707,#8712,#8713));
#8696 = ORIENTED_EDGE('',*,*,#8697,.F.);
#8697 = EDGE_CURVE('',#8698,#8700,#8702,.T.);
#8698 = VERTEX_POINT('',#8699);
#8699 = CARTESIAN_POINT('',(-4.801685899273,-3.345,3.57372170747));
#8700 = VERTEX_POINT('',#8701);
#8701 = CARTESIAN_POINT('',(-4.842756336967,-3.345,3.558818510668));
#8702 = B_SPLINE_CURVE_WITH_KNOTS('',3,(#8703,#8704,#8705,#8706),
  .UNSPECIFIED.,.F.,.F.,(4,4),(0.,1.),.PIECEWISE_BEZIER_KNOTS.);
#8703 = CARTESIAN_POINT('',(-4.801685899273,-3.345,3.57372170747));
#8704 = CARTESIAN_POINT('',(-4.821527946175,-3.345,3.570949019691));
#8705 = CARTESIAN_POINT('',(-4.835218092074,-3.345,3.566096816083));
#8706 = CARTESIAN_POINT('',(-4.842756336967,-3.345,3.558818510668));
#8707 = ORIENTED_EDGE('',*,*,#8708,.F.);
#8708 = EDGE_CURVE('',#8377,#8698,#8709,.T.);
#8709 = B_SPLINE_CURVE_WITH_KNOTS('',1,(#8710,#8711),.UNSPECIFIED.,.F.,
  .F.,(2,2),(0.,1.E-02),.PIECEWISE_BEZIER_KNOTS.);
#8710 = CARTESIAN_POINT('',(-4.801685899273,-3.355,3.57372170747));
#8711 = CARTESIAN_POINT('',(-4.801685899273,-3.345,3.57372170747));
#8712 = ORIENTED_EDGE('',*,*,#8376,.T.);
#8713 = ORIENTED_EDGE('',*,*,#8714,.T.);
#8714 = EDGE_CURVE('',#8366,#8700,#8715,.T.);
#8715 = B_SPLINE_CURVE_WITH_KNOTS('',1,(#8716,#8717),.UNSPECIFIED.,.F.,
  .F.,(2,2),(0.,1.E-02),.PIECEWISE_BEZIER_KNOTS.);
#8716 = CARTESIAN_POINT('',(-4.842756336967,-3.355,3.558818510668));
#8717 = CARTESIAN_POINT('',(-4.842756336967,-3.345,3.558818510668));
#8718 = B_SPLINE_SURFACE_WITH_KNOTS('',3,1,(
    (#8719,#8720)
    ,(#8721,#8722)
    ,(#8723,#8724)
    ,(#8725,#8726
    )),.UNSPECIFIED.,.F.,.F.,.F.,(4,4),(2,2),(0.,1.),(0.,1.),
  .PIECEWISE_BEZIER_KNOTS.);
#8719 = CARTESIAN_POINT('',(-4.801685899273,-3.355,3.57372170747));
#8720 = CARTESIAN_POINT('',(-4.801685899273,-3.345,3.57372170747));
#8721 = CARTESIAN_POINT('',(-4.821527946175,-3.355,3.570949019691));
#8722 = CARTESIAN_POINT('',(-4.821527946175,-3.345,3.570949019691));
#8723 = CARTESIAN_POINT('',(-4.835218092074,-3.355,3.566096816083));
#8724 = CARTESIAN_POINT('',(-4.835218092074,-3.345,3.566096816083));
#8725 = CARTESIAN_POINT('',(-4.842756336967,-3.355,3.558818510668));
#8726 = CARTESIAN_POINT('',(-4.842756336967,-3.345,3.558818510668));
#8727 = ADVANCED_FACE('',(#8728),#8746,.T.);
#8728 = FACE_BOUND('',#8729,.T.);
#8729 = EDGE_LOOP('',(#8730,#8739,#8740,#8741));
#8730 = ORIENTED_EDGE('',*,*,#8731,.F.);
#8731 = EDGE_CURVE('',#8700,#8732,#8734,.T.);
#8732 = VERTEX_POINT('',#8733);
#8733 = CARTESIAN_POINT('',(-4.85402038106,-3.345,3.528145652136));
#8734 = B_SPLINE_CURVE_WITH_KNOTS('',3,(#8735,#8736,#8737,#8738),
  .UNSPECIFIED.,.F.,.F.,(4,4),(1.,2.),.PIECEWISE_BEZIER_KNOTS.);
#8735 = CARTESIAN_POINT('',(-4.842756336967,-3.345,3.558818510668));
#8736 = CARTESIAN_POINT('',(-4.850207935368,-3.345,3.551540205255));
#8737 = CARTESIAN_POINT('',(-4.85402038106,-3.345,3.541315919078));
#8738 = CARTESIAN_POINT('',(-4.85402038106,-3.345,3.528145652136));
#8739 = ORIENTED_EDGE('',*,*,#8714,.F.);
#8740 = ORIENTED_EDGE('',*,*,#8365,.T.);
#8741 = ORIENTED_EDGE('',*,*,#8742,.T.);
#8742 = EDGE_CURVE('',#8368,#8732,#8743,.T.);
#8743 = B_SPLINE_CURVE_WITH_KNOTS('',1,(#8744,#8745),.UNSPECIFIED.,.F.,
  .F.,(2,2),(0.,1.E-02),.PIECEWISE_BEZIER_KNOTS.);
#8744 = CARTESIAN_POINT('',(-4.85402038106,-3.355,3.528145652136));
#8745 = CARTESIAN_POINT('',(-4.85402038106,-3.345,3.528145652136));
#8746 = B_SPLINE_SURFACE_WITH_KNOTS('',3,1,(
    (#8747,#8748)
    ,(#8749,#8750)
    ,(#8751,#8752)
    ,(#8753,#8754
    )),.UNSPECIFIED.,.F.,.F.,.F.,(4,4),(2,2),(1.,2.),(0.,1.),
  .PIECEWISE_BEZIER_KNOTS.);
#8747 = CARTESIAN_POINT('',(-4.842756336967,-3.355,3.558818510668));
#8748 = CARTESIAN_POINT('',(-4.842756336967,-3.345,3.558818510668));
#8749 = CARTESIAN_POINT('',(-4.850207935368,-3.355,3.551540205255));
#8750 = CARTESIAN_POINT('',(-4.850207935368,-3.345,3.551540205255));
#8751 = CARTESIAN_POINT('',(-4.85402038106,-3.355,3.541315919078));
#8752 = CARTESIAN_POINT('',(-4.85402038106,-3.345,3.541315919078));
#8753 = CARTESIAN_POINT('',(-4.85402038106,-3.355,3.528145652136));
#8754 = CARTESIAN_POINT('',(-4.85402038106,-3.345,3.528145652136));
#8755 = ADVANCED_FACE('',(#8756),#8774,.T.);
#8756 = FACE_BOUND('',#8757,.T.);
#8757 = EDGE_LOOP('',(#8758,#8767,#8768,#8769));
#8758 = ORIENTED_EDGE('',*,*,#8759,.F.);
#8759 = EDGE_CURVE('',#8732,#8760,#8762,.T.);
#8760 = VERTEX_POINT('',#8761);
#8761 = CARTESIAN_POINT('',(-4.84171657905,-3.345,3.49989889541));
#8762 = B_SPLINE_CURVE_WITH_KNOTS('',3,(#8763,#8764,#8765,#8766),
  .UNSPECIFIED.,.F.,.F.,(4,4),(2.,3.),.PIECEWISE_BEZIER_KNOTS.);
#8763 = CARTESIAN_POINT('',(-4.85402038106,-3.345,3.528145652136));
#8764 = CARTESIAN_POINT('',(-4.85402038106,-3.345,3.516535022073));
#8765 = CARTESIAN_POINT('',(-4.849947995888,-3.345,3.507177200825));
#8766 = CARTESIAN_POINT('',(-4.84171657905,-3.345,3.49989889541));
#8767 = ORIENTED_EDGE('',*,*,#8742,.F.);
#8768 = ORIENTED_EDGE('',*,*,#8426,.T.);
#8769 = ORIENTED_EDGE('',*,*,#8770,.T.);
#8770 = EDGE_CURVE('',#8418,#8760,#8771,.T.);
#8771 = B_SPLINE_CURVE_WITH_KNOTS('',1,(#8772,#8773),.UNSPECIFIED.,.F.,
  .F.,(2,2),(0.,1.E-02),.PIECEWISE_BEZIER_KNOTS.);
#8772 = CARTESIAN_POINT('',(-4.84171657905,-3.355,3.49989889541));
#8773 = CARTESIAN_POINT('',(-4.84171657905,-3.345,3.49989889541));
#8774 = B_SPLINE_SURFACE_WITH_KNOTS('',3,1,(
    (#8775,#8776)
    ,(#8777,#8778)
    ,(#8779,#8780)
    ,(#8781,#8782
    )),.UNSPECIFIED.,.F.,.F.,.F.,(4,4),(2,2),(2.,3.),(0.,1.),
  .PIECEWISE_BEZIER_KNOTS.);
#8775 = CARTESIAN_POINT('',(-4.85402038106,-3.355,3.528145652136));
#8776 = CARTESIAN_POINT('',(-4.85402038106,-3.345,3.528145652136));
#8777 = CARTESIAN_POINT('',(-4.85402038106,-3.355,3.516535022073));
#8778 = CARTESIAN_POINT('',(-4.85402038106,-3.345,3.516535022073));
#8779 = CARTESIAN_POINT('',(-4.849947995888,-3.355,3.507177200825));
#8780 = CARTESIAN_POINT('',(-4.849947995888,-3.345,3.507177200825));
#8781 = CARTESIAN_POINT('',(-4.84171657905,-3.355,3.49989889541));
#8782 = CARTESIAN_POINT('',(-4.84171657905,-3.345,3.49989889541));
#8783 = ADVANCED_FACE('',(#8784),#8802,.T.);
#8784 = FACE_BOUND('',#8785,.T.);
#8785 = EDGE_LOOP('',(#8786,#8795,#8796,#8797));
#8786 = ORIENTED_EDGE('',*,*,#8787,.F.);
#8787 = EDGE_CURVE('',#8760,#8788,#8790,.T.);
#8788 = VERTEX_POINT('',#8789);
#8789 = CARTESIAN_POINT('',(-4.809310790658,-3.345,3.488981437289));
#8790 = B_SPLINE_CURVE_WITH_KNOTS('',3,(#8791,#8792,#8793,#8794),
  .UNSPECIFIED.,.F.,.F.,(4,4),(3.,4.),.PIECEWISE_BEZIER_KNOTS.);
#8791 = CARTESIAN_POINT('',(-4.84171657905,-3.345,3.49989889541));
#8792 = CARTESIAN_POINT('',(-4.833571808706,-3.345,3.492620589997));
#8793 = CARTESIAN_POINT('',(-4.822740997078,-3.345,3.488981437289));
#8794 = CARTESIAN_POINT('',(-4.809310790658,-3.345,3.488981437289));
#8795 = ORIENTED_EDGE('',*,*,#8770,.F.);
#8796 = ORIENTED_EDGE('',*,*,#8417,.T.);
#8797 = ORIENTED_EDGE('',*,*,#8798,.T.);
#8798 = EDGE_CURVE('',#8409,#8788,#8799,.T.);
#8799 = B_SPLINE_CURVE_WITH_KNOTS('',1,(#8800,#8801),.UNSPECIFIED.,.F.,
  .F.,(2,2),(0.,1.E-02),.PIECEWISE_BEZIER_KNOTS.);
#8800 = CARTESIAN_POINT('',(-4.809310790658,-3.355,3.488981437289));
#8801 = CARTESIAN_POINT('',(-4.809310790658,-3.345,3.488981437289));
#8802 = B_SPLINE_SURFACE_WITH_KNOTS('',3,1,(
    (#8803,#8804)
    ,(#8805,#8806)
    ,(#8807,#8808)
    ,(#8809,#8810
    )),.UNSPECIFIED.,.F.,.F.,.F.,(4,4),(2,2),(3.,4.),(0.,1.),
  .PIECEWISE_BEZIER_KNOTS.);
#8803 = CARTESIAN_POINT('',(-4.84171657905,-3.355,3.49989889541));
#8804 = CARTESIAN_POINT('',(-4.84171657905,-3.345,3.49989889541));
#8805 = CARTESIAN_POINT('',(-4.833571808706,-3.355,3.492620589997));
#8806 = CARTESIAN_POINT('',(-4.833571808706,-3.345,3.492620589997));
#8807 = CARTESIAN_POINT('',(-4.822740997078,-3.355,3.488981437289));
#8808 = CARTESIAN_POINT('',(-4.822740997078,-3.345,3.488981437289));
#8809 = CARTESIAN_POINT('',(-4.809310790658,-3.355,3.488981437289));
#8810 = CARTESIAN_POINT('',(-4.809310790658,-3.345,3.488981437289));
#8811 = ADVANCED_FACE('',(#8812),#8830,.T.);
#8812 = FACE_BOUND('',#8813,.T.);
#8813 = EDGE_LOOP('',(#8814,#8823,#8824,#8825));
#8814 = ORIENTED_EDGE('',*,*,#8815,.F.);
#8815 = EDGE_CURVE('',#8788,#8816,#8818,.T.);
#8816 = VERTEX_POINT('',#8817);
#8817 = CARTESIAN_POINT('',(-4.763214856369,-3.345,3.5087368377));
#8818 = B_SPLINE_CURVE_WITH_KNOTS('',3,(#8819,#8820,#8821,#8822),
  .UNSPECIFIED.,.F.,.F.,(4,4),(4.,5.),.PIECEWISE_BEZIER_KNOTS.);
#8819 = CARTESIAN_POINT('',(-4.809310790658,-3.345,3.488981437289));
#8820 = CARTESIAN_POINT('',(-4.790681794658,-3.345,3.488981437289));
#8821 = CARTESIAN_POINT('',(-4.7752587189,-3.345,3.495566570759));
#8822 = CARTESIAN_POINT('',(-4.763214856369,-3.345,3.5087368377));
#8823 = ORIENTED_EDGE('',*,*,#8798,.F.);
#8824 = ORIENTED_EDGE('',*,*,#8408,.T.);
#8825 = ORIENTED_EDGE('',*,*,#8826,.T.);
#8826 = EDGE_CURVE('',#8400,#8816,#8827,.T.);
#8827 = B_SPLINE_CURVE_WITH_KNOTS('',1,(#8828,#8829),.UNSPECIFIED.,.F.,
  .F.,(2,2),(0.,1.E-02),.PIECEWISE_BEZIER_KNOTS.);
#8828 = CARTESIAN_POINT('',(-4.763214856369,-3.355,3.5087368377));
#8829 = CARTESIAN_POINT('',(-4.763214856369,-3.345,3.5087368377));
#8830 = B_SPLINE_SURFACE_WITH_KNOTS('',3,1,(
    (#8831,#8832)
    ,(#8833,#8834)
    ,(#8835,#8836)
    ,(#8837,#8838
    )),.UNSPECIFIED.,.F.,.F.,.F.,(4,4),(2,2),(4.,5.),(0.,1.),
  .PIECEWISE_BEZIER_KNOTS.);
#8831 = CARTESIAN_POINT('',(-4.809310790658,-3.355,3.488981437289));
#8832 = CARTESIAN_POINT('',(-4.809310790658,-3.345,3.488981437289));
#8833 = CARTESIAN_POINT('',(-4.790681794658,-3.355,3.488981437289));
#8834 = CARTESIAN_POINT('',(-4.790681794658,-3.345,3.488981437289));
#8835 = CARTESIAN_POINT('',(-4.7752587189,-3.355,3.495566570759));
#8836 = CARTESIAN_POINT('',(-4.7752587189,-3.345,3.495566570759));
#8837 = CARTESIAN_POINT('',(-4.763214856369,-3.355,3.5087368377));
#8838 = CARTESIAN_POINT('',(-4.763214856369,-3.345,3.5087368377));
#8839 = ADVANCED_FACE('',(#8840),#8858,.T.);
#8840 = FACE_BOUND('',#8841,.T.);
#8841 = EDGE_LOOP('',(#8842,#8851,#8852,#8853));
#8842 = ORIENTED_EDGE('',*,*,#8843,.F.);
#8843 = EDGE_CURVE('',#8816,#8844,#8846,.T.);
#8844 = VERTEX_POINT('',#8845);
#8845 = CARTESIAN_POINT('',(-4.745019092833,-3.345,3.558125338724));
#8846 = B_SPLINE_CURVE_WITH_KNOTS('',3,(#8847,#8848,#8849,#8850),
  .UNSPECIFIED.,.F.,.F.,(4,4),(5.,6.),.PIECEWISE_BEZIER_KNOTS.);
#8847 = CARTESIAN_POINT('',(-4.763214856369,-3.345,3.5087368377));
#8848 = CARTESIAN_POINT('',(-4.751084347345,-3.345,3.521733811653));
#8849 = CARTESIAN_POINT('',(-4.745019092833,-3.345,3.538196645328));
#8850 = CARTESIAN_POINT('',(-4.745019092833,-3.345,3.558125338724));
#8851 = ORIENTED_EDGE('',*,*,#8826,.F.);
#8852 = ORIENTED_EDGE('',*,*,#8399,.T.);
#8853 = ORIENTED_EDGE('',*,*,#8854,.T.);
#8854 = EDGE_CURVE('',#8393,#8844,#8855,.T.);
#8855 = B_SPLINE_CURVE_WITH_KNOTS('',1,(#8856,#8857),.UNSPECIFIED.,.F.,
  .F.,(2,2),(0.,1.E-02),.PIECEWISE_BEZIER_KNOTS.);
#8856 = CARTESIAN_POINT('',(-4.745019092833,-3.355,3.558125338724));
#8857 = CARTESIAN_POINT('',(-4.745019092833,-3.345,3.558125338724));
#8858 = B_SPLINE_SURFACE_WITH_KNOTS('',3,1,(
    (#8859,#8860)
    ,(#8861,#8862)
    ,(#8863,#8864)
    ,(#8865,#8866
    )),.UNSPECIFIED.,.F.,.F.,.F.,(4,4),(2,2),(5.,6.),(0.,1.),
  .PIECEWISE_BEZIER_KNOTS.);
#8859 = CARTESIAN_POINT('',(-4.763214856369,-3.355,3.5087368377));
#8860 = CARTESIAN_POINT('',(-4.763214856369,-3.345,3.5087368377));
#8861 = CARTESIAN_POINT('',(-4.751084347345,-3.355,3.521733811653));
#8862 = CARTESIAN_POINT('',(-4.751084347345,-3.345,3.521733811653));
#8863 = CARTESIAN_POINT('',(-4.745019092833,-3.355,3.538196645328));
#8864 = CARTESIAN_POINT('',(-4.745019092833,-3.345,3.538196645328));
#8865 = CARTESIAN_POINT('',(-4.745019092833,-3.355,3.558125338724));
#8866 = CARTESIAN_POINT('',(-4.745019092833,-3.345,3.558125338724));
#8867 = ADVANCED_FACE('',(#8868),#8884,.T.);
#8868 = FACE_BOUND('',#8869,.T.);
#8869 = EDGE_LOOP('',(#8870,#8877,#8878,#8879));
#8870 = ORIENTED_EDGE('',*,*,#8871,.F.);
#8871 = EDGE_CURVE('',#8844,#8872,#8874,.T.);
#8872 = VERTEX_POINT('',#8873);
#8873 = CARTESIAN_POINT('',(-4.745019092833,-3.345,3.581346598856));
#8874 = B_SPLINE_CURVE_WITH_KNOTS('',1,(#8875,#8876),.UNSPECIFIED.,.F.,
  .F.,(2,2),(0.,2.322126013233E-02),.PIECEWISE_BEZIER_KNOTS.);
#8875 = CARTESIAN_POINT('',(-4.745019092833,-3.345,3.558125338724));
#8876 = CARTESIAN_POINT('',(-4.745019092833,-3.345,3.581346598856));
#8877 = ORIENTED_EDGE('',*,*,#8854,.F.);
#8878 = ORIENTED_EDGE('',*,*,#8392,.T.);
#8879 = ORIENTED_EDGE('',*,*,#8880,.T.);
#8880 = EDGE_CURVE('',#8386,#8872,#8881,.T.);
#8881 = B_SPLINE_CURVE_WITH_KNOTS('',1,(#8882,#8883),.UNSPECIFIED.,.F.,
  .F.,(2,2),(-4.440892098501E-16,1.E-02),.PIECEWISE_BEZIER_KNOTS.);
#8882 = CARTESIAN_POINT('',(-4.745019092833,-3.355,3.581346598856));
#8883 = CARTESIAN_POINT('',(-4.745019092833,-3.345,3.581346598856));
#8884 = B_SPLINE_SURFACE_WITH_KNOTS('',1,1,(
    (#8885,#8886)
    ,(#8887,#8888
    )),.UNSPECIFIED.,.F.,.F.,.F.,(2,2),(2,2),(0.,2.322126013233E-02),(
    -4.440892098501E-16,1.E-02),.PIECEWISE_BEZIER_KNOTS.);
#8885 = CARTESIAN_POINT('',(-4.745019092833,-3.355,3.558125338724));
#8886 = CARTESIAN_POINT('',(-4.745019092833,-3.345,3.558125338724));
#8887 = CARTESIAN_POINT('',(-4.745019092833,-3.355,3.581346598856));
#8888 = CARTESIAN_POINT('',(-4.745019092833,-3.345,3.581346598856));
#8889 = ADVANCED_FACE('',(#8890),#8900,.T.);
#8890 = FACE_BOUND('',#8891,.T.);
#8891 = EDGE_LOOP('',(#8892,#8897,#8898,#8899));
#8892 = ORIENTED_EDGE('',*,*,#8893,.F.);
#8893 = EDGE_CURVE('',#8872,#8698,#8894,.T.);
#8894 = B_SPLINE_CURVE_WITH_KNOTS('',1,(#8895,#8896),.UNSPECIFIED.,.F.,
  .F.,(2,2),(0.,5.717749487955E-02),.PIECEWISE_BEZIER_KNOTS.);
#8895 = CARTESIAN_POINT('',(-4.745019092833,-3.345,3.581346598856));
#8896 = CARTESIAN_POINT('',(-4.801685899273,-3.345,3.57372170747));
#8897 = ORIENTED_EDGE('',*,*,#8880,.F.);
#8898 = ORIENTED_EDGE('',*,*,#8385,.T.);
#8899 = ORIENTED_EDGE('',*,*,#8708,.T.);
#8900 = B_SPLINE_SURFACE_WITH_KNOTS('',1,1,(
    (#8901,#8902)
    ,(#8903,#8904
    )),.UNSPECIFIED.,.F.,.F.,.F.,(2,2),(2,2),(0.,5.717749487955E-02),(
    -4.440892098501E-16,1.E-02),.PIECEWISE_BEZIER_KNOTS.);
#8901 = CARTESIAN_POINT('',(-4.745019092833,-3.355,3.581346598856));
#8902 = CARTESIAN_POINT('',(-4.745019092833,-3.345,3.581346598856));
#8903 = CARTESIAN_POINT('',(-4.801685899273,-3.355,3.57372170747));
#8904 = CARTESIAN_POINT('',(-4.801685899273,-3.345,3.57372170747));
#8905 = ADVANCED_FACE('',(#8906),#8916,.F.);
#8906 = FACE_BOUND('',#8907,.T.);
#8907 = EDGE_LOOP('',(#8908,#8909,#8910,#8911,#8912,#8913,#8914,#8915));
#8908 = ORIENTED_EDGE('',*,*,#8893,.T.);
#8909 = ORIENTED_EDGE('',*,*,#8697,.T.);
#8910 = ORIENTED_EDGE('',*,*,#8731,.T.);
#8911 = ORIENTED_EDGE('',*,*,#8759,.T.);
#8912 = ORIENTED_EDGE('',*,*,#8787,.T.);
#8913 = ORIENTED_EDGE('',*,*,#8815,.T.);
#8914 = ORIENTED_EDGE('',*,*,#8843,.T.);
#8915 = ORIENTED_EDGE('',*,*,#8871,.T.);
#8916 = B_SPLINE_SURFACE_WITH_KNOTS('',1,1,(
    (#8917,#8918)
    ,(#8919,#8920
    )),.UNSPECIFIED.,.F.,.F.,.F.,(2,2),(2,2),(-6.711018662711,
    -6.618653501144),(2.64597961894,2.754980907167),
  .PIECEWISE_BEZIER_KNOTS.);
#8917 = CARTESIAN_POINT('',(-4.85402038106,-3.345,3.488981437289));
#8918 = CARTESIAN_POINT('',(-4.745019092833,-3.345,3.488981437289));
#8919 = CARTESIAN_POINT('',(-4.85402038106,-3.345,3.581346598856));
#8920 = CARTESIAN_POINT('',(-4.745019092833,-3.345,3.581346598856));
#8921 = ADVANCED_FACE('',(#8922),#8946,.F.);
#8922 = FACE_BOUND('',#8923,.F.);
#8923 = EDGE_LOOP('',(#8924,#8931,#8940,#8945));
#8924 = ORIENTED_EDGE('',*,*,#8925,.F.);
#8925 = EDGE_CURVE('',#8926,#982,#8928,.T.);
#8926 = VERTEX_POINT('',#8927);
#8927 = CARTESIAN_POINT('',(-4.575191966501,-3.355,3.488808144303));
#8928 = B_SPLINE_CURVE_WITH_KNOTS('',1,(#8929,#8930),.UNSPECIFIED.,.F.,
  .F.,(2,2),(0.,1.E-02),.PIECEWISE_BEZIER_KNOTS.);
#8929 = CARTESIAN_POINT('',(-4.575191966501,-3.355,3.488808144303));
#8930 = CARTESIAN_POINT('',(-4.575191966501,-3.345,3.488808144303));
#8931 = ORIENTED_EDGE('',*,*,#8932,.T.);
#8932 = EDGE_CURVE('',#8926,#8933,#8935,.T.);
#8933 = VERTEX_POINT('',#8934);
#8934 = CARTESIAN_POINT('',(-4.64502903988,-3.355,3.512202697419));
#8935 = B_SPLINE_CURVE_WITH_KNOTS('',3,(#8936,#8937,#8938,#8939),
  .UNSPECIFIED.,.F.,.F.,(4,4),(0.,1.),.PIECEWISE_BEZIER_KNOTS.);
#8936 = CARTESIAN_POINT('',(-4.575191966501,-3.355,3.488808144303));
#8937 = CARTESIAN_POINT('',(-4.600146156493,-3.355,3.488808144303));
#8938 = CARTESIAN_POINT('',(-4.623367416624,-3.355,3.496606328676));
#8939 = CARTESIAN_POINT('',(-4.64502903988,-3.355,3.512202697419));
#8940 = ORIENTED_EDGE('',*,*,#8941,.T.);
#8941 = EDGE_CURVE('',#8933,#984,#8942,.T.);
#8942 = B_SPLINE_CURVE_WITH_KNOTS('',1,(#8943,#8944),.UNSPECIFIED.,.F.,
  .F.,(2,2),(0.,1.E-02),.PIECEWISE_BEZIER_KNOTS.);
#8943 = CARTESIAN_POINT('',(-4.64502903988,-3.355,3.512202697419));
#8944 = CARTESIAN_POINT('',(-4.64502903988,-3.345,3.512202697419));
#8945 = ORIENTED_EDGE('',*,*,#981,.F.);
#8946 = B_SPLINE_SURFACE_WITH_KNOTS('',3,1,(
    (#8947,#8948)
    ,(#8949,#8950)
    ,(#8951,#8952)
    ,(#8953,#8954
    )),.UNSPECIFIED.,.F.,.F.,.F.,(4,4),(2,2),(0.,1.),(0.,1.),
  .PIECEWISE_BEZIER_KNOTS.);
#8947 = CARTESIAN_POINT('',(-4.575191966501,-3.355,3.488808144303));
#8948 = CARTESIAN_POINT('',(-4.575191966501,-3.345,3.488808144303));
#8949 = CARTESIAN_POINT('',(-4.600146156493,-3.355,3.488808144303));
#8950 = CARTESIAN_POINT('',(-4.600146156493,-3.345,3.488808144303));
#8951 = CARTESIAN_POINT('',(-4.623367416624,-3.355,3.496606328676));
#8952 = CARTESIAN_POINT('',(-4.623367416624,-3.345,3.496606328676));
#8953 = CARTESIAN_POINT('',(-4.64502903988,-3.355,3.512202697419));
#8954 = CARTESIAN_POINT('',(-4.64502903988,-3.345,3.512202697419));
#8955 = ADVANCED_FACE('',(#8956),#8972,.F.);
#8956 = FACE_BOUND('',#8957,.T.);
#8957 = EDGE_LOOP('',(#8958,#8959,#8966,#8971));
#8958 = ORIENTED_EDGE('',*,*,#1161,.T.);
#8959 = ORIENTED_EDGE('',*,*,#8960,.F.);
#8960 = EDGE_CURVE('',#8961,#1153,#8963,.T.);
#8961 = VERTEX_POINT('',#8962);
#8962 = CARTESIAN_POINT('',(-4.64502903988,-3.355,3.468359571949));
#8963 = B_SPLINE_CURVE_WITH_KNOTS('',1,(#8964,#8965),.UNSPECIFIED.,.F.,
  .F.,(2,2),(0.,1.E-02),.PIECEWISE_BEZIER_KNOTS.);
#8964 = CARTESIAN_POINT('',(-4.64502903988,-3.355,3.468359571949));
#8965 = CARTESIAN_POINT('',(-4.64502903988,-3.345,3.468359571949));
#8966 = ORIENTED_EDGE('',*,*,#8967,.F.);
#8967 = EDGE_CURVE('',#8933,#8961,#8968,.T.);
#8968 = B_SPLINE_CURVE_WITH_KNOTS('',1,(#8969,#8970),.UNSPECIFIED.,.F.,
  .F.,(2,2),(-4.384312546991E-02,-0.),.PIECEWISE_BEZIER_KNOTS.);
#8969 = CARTESIAN_POINT('',(-4.64502903988,-3.355,3.512202697419));
#8970 = CARTESIAN_POINT('',(-4.64502903988,-3.355,3.468359571949));
#8971 = ORIENTED_EDGE('',*,*,#8941,.T.);
#8972 = B_SPLINE_SURFACE_WITH_KNOTS('',1,1,(
    (#8973,#8974)
    ,(#8975,#8976
    )),.UNSPECIFIED.,.F.,.F.,.F.,(2,2),(2,2),(-4.384312546991E-02,0.),(
    0.,1.E-02),.PIECEWISE_BEZIER_KNOTS.);
#8973 = CARTESIAN_POINT('',(-4.64502903988,-3.355,3.512202697419));
#8974 = CARTESIAN_POINT('',(-4.64502903988,-3.345,3.512202697419));
#8975 = CARTESIAN_POINT('',(-4.64502903988,-3.355,3.468359571949));
#8976 = CARTESIAN_POINT('',(-4.64502903988,-3.345,3.468359571949));
#8977 = ADVANCED_FACE('',(#8978),#8996,.F.);
#8978 = FACE_BOUND('',#8979,.F.);
#8979 = EDGE_LOOP('',(#8980,#8981,#8990,#8995));
#8980 = ORIENTED_EDGE('',*,*,#8960,.F.);
#8981 = ORIENTED_EDGE('',*,*,#8982,.T.);
#8982 = EDGE_CURVE('',#8961,#8983,#8985,.T.);
#8983 = VERTEX_POINT('',#8984);
#8984 = CARTESIAN_POINT('',(-4.579350998166,-3.355,3.454149547093));
#8985 = B_SPLINE_CURVE_WITH_KNOTS('',3,(#8986,#8987,#8988,#8989),
  .UNSPECIFIED.,.F.,.F.,(4,4),(19.,20.),.PIECEWISE_BEZIER_KNOTS.);
#8986 = CARTESIAN_POINT('',(-4.64502903988,-3.355,3.468359571949));
#8987 = CARTESIAN_POINT('',(-4.626313397387,-3.355,3.459001750702));
#8988 = CARTESIAN_POINT('',(-4.604478481144,-3.355,3.454149547093));
#8989 = CARTESIAN_POINT('',(-4.579350998166,-3.355,3.454149547093));
#8990 = ORIENTED_EDGE('',*,*,#8991,.T.);
#8991 = EDGE_CURVE('',#8983,#1144,#8992,.T.);
#8992 = B_SPLINE_CURVE_WITH_KNOTS('',1,(#8993,#8994),.UNSPECIFIED.,.F.,
  .F.,(2,2),(0.,1.E-02),.PIECEWISE_BEZIER_KNOTS.);
#8993 = CARTESIAN_POINT('',(-4.579350998166,-3.355,3.454149547093));
#8994 = CARTESIAN_POINT('',(-4.579350998166,-3.345,3.454149547093));
#8995 = ORIENTED_EDGE('',*,*,#1152,.F.);
#8996 = B_SPLINE_SURFACE_WITH_KNOTS('',3,1,(
    (#8997,#8998)
    ,(#8999,#9000)
    ,(#9001,#9002)
    ,(#9003,#9004
    )),.UNSPECIFIED.,.F.,.F.,.F.,(4,4),(2,2),(19.,20.),(0.,1.),
  .PIECEWISE_BEZIER_KNOTS.);
#8997 = CARTESIAN_POINT('',(-4.64502903988,-3.355,3.468359571949));
#8998 = CARTESIAN_POINT('',(-4.64502903988,-3.345,3.468359571949));
#8999 = CARTESIAN_POINT('',(-4.626313397387,-3.355,3.459001750702));
#9000 = CARTESIAN_POINT('',(-4.626313397387,-3.345,3.459001750702));
#9001 = CARTESIAN_POINT('',(-4.604478481144,-3.355,3.454149547093));
#9002 = CARTESIAN_POINT('',(-4.604478481144,-3.345,3.454149547093));
#9003 = CARTESIAN_POINT('',(-4.579350998166,-3.355,3.454149547093));
#9004 = CARTESIAN_POINT('',(-4.579350998166,-3.345,3.454149547093));
#9005 = ADVANCED_FACE('',(#9006),#9024,.F.);
#9006 = FACE_BOUND('',#9007,.F.);
#9007 = EDGE_LOOP('',(#9008,#9009,#9018,#9023));
#9008 = ORIENTED_EDGE('',*,*,#8991,.F.);
#9009 = ORIENTED_EDGE('',*,*,#9010,.T.);
#9010 = EDGE_CURVE('',#8983,#9011,#9013,.T.);
#9011 = VERTEX_POINT('',#9012);
#9012 = CARTESIAN_POINT('',(-4.508820752843,-3.355,3.473385068544));
#9013 = B_SPLINE_CURVE_WITH_KNOTS('',3,(#9014,#9015,#9016,#9017),
  .UNSPECIFIED.,.F.,.F.,(4,4),(18.,19.),.PIECEWISE_BEZIER_KNOTS.);
#9014 = CARTESIAN_POINT('',(-4.579350998166,-3.355,3.454149547093));
#9015 = CARTESIAN_POINT('',(-4.550497715989,-3.355,3.454149547093));
#9016 = CARTESIAN_POINT('',(-4.526929869886,-3.355,3.460561387577));
#9017 = CARTESIAN_POINT('',(-4.508820752843,-3.355,3.473385068544));
#9018 = ORIENTED_EDGE('',*,*,#9019,.T.);
#9019 = EDGE_CURVE('',#9011,#1135,#9020,.T.);
#9020 = B_SPLINE_CURVE_WITH_KNOTS('',1,(#9021,#9022),.UNSPECIFIED.,.F.,
  .F.,(2,2),(0.,1.E-02),.PIECEWISE_BEZIER_KNOTS.);
#9021 = CARTESIAN_POINT('',(-4.508820752843,-3.355,3.473385068544));
#9022 = CARTESIAN_POINT('',(-4.508820752843,-3.345,3.473385068544));
#9023 = ORIENTED_EDGE('',*,*,#1143,.F.);
#9024 = B_SPLINE_SURFACE_WITH_KNOTS('',3,1,(
    (#9025,#9026)
    ,(#9027,#9028)
    ,(#9029,#9030)
    ,(#9031,#9032
    )),.UNSPECIFIED.,.F.,.F.,.F.,(4,4),(2,2),(18.,19.),(0.,1.),
  .PIECEWISE_BEZIER_KNOTS.);
#9025 = CARTESIAN_POINT('',(-4.579350998166,-3.355,3.454149547093));
#9026 = CARTESIAN_POINT('',(-4.579350998166,-3.345,3.454149547093));
#9027 = CARTESIAN_POINT('',(-4.550497715989,-3.355,3.454149547093));
#9028 = CARTESIAN_POINT('',(-4.550497715989,-3.345,3.454149547093));
#9029 = CARTESIAN_POINT('',(-4.526929869886,-3.355,3.460561387577));
#9030 = CARTESIAN_POINT('',(-4.526929869886,-3.345,3.460561387577));
#9031 = CARTESIAN_POINT('',(-4.508820752843,-3.355,3.473385068544));
#9032 = CARTESIAN_POINT('',(-4.508820752843,-3.345,3.473385068544));
#9033 = ADVANCED_FACE('',(#9034),#9052,.F.);
#9034 = FACE_BOUND('',#9035,.F.);
#9035 = EDGE_LOOP('',(#9036,#9037,#9046,#9051));
#9036 = ORIENTED_EDGE('',*,*,#9019,.F.);
#9037 = ORIENTED_EDGE('',*,*,#9038,.T.);
#9038 = EDGE_CURVE('',#9011,#9039,#9041,.T.);
#9039 = VERTEX_POINT('',#9040);
#9040 = CARTESIAN_POINT('',(-4.48152710754,-3.355,3.525719550332));
#9041 = B_SPLINE_CURVE_WITH_KNOTS('',3,(#9042,#9043,#9044,#9045),
  .UNSPECIFIED.,.F.,.F.,(4,4),(17.,18.),.PIECEWISE_BEZIER_KNOTS.);
#9042 = CARTESIAN_POINT('',(-4.508820752843,-3.355,3.473385068544));
#9043 = CARTESIAN_POINT('',(-4.490624989308,-3.355,3.486035456527));
#9044 = CARTESIAN_POINT('',(-4.48152710754,-3.355,3.503538048117));
#9045 = CARTESIAN_POINT('',(-4.48152710754,-3.355,3.525719550332));
#9046 = ORIENTED_EDGE('',*,*,#9047,.T.);
#9047 = EDGE_CURVE('',#9039,#1126,#9048,.T.);
#9048 = B_SPLINE_CURVE_WITH_KNOTS('',1,(#9049,#9050),.UNSPECIFIED.,.F.,
  .F.,(2,2),(0.,1.E-02),.PIECEWISE_BEZIER_KNOTS.);
#9049 = CARTESIAN_POINT('',(-4.48152710754,-3.355,3.525719550332));
#9050 = CARTESIAN_POINT('',(-4.48152710754,-3.345,3.525719550332));
#9051 = ORIENTED_EDGE('',*,*,#1134,.F.);
#9052 = B_SPLINE_SURFACE_WITH_KNOTS('',3,1,(
    (#9053,#9054)
    ,(#9055,#9056)
    ,(#9057,#9058)
    ,(#9059,#9060
    )),.UNSPECIFIED.,.F.,.F.,.F.,(4,4),(2,2),(17.,18.),(0.,1.),
  .PIECEWISE_BEZIER_KNOTS.);
#9053 = CARTESIAN_POINT('',(-4.508820752843,-3.355,3.473385068544));
#9054 = CARTESIAN_POINT('',(-4.508820752843,-3.345,3.473385068544));
#9055 = CARTESIAN_POINT('',(-4.490624989308,-3.355,3.486035456527));
#9056 = CARTESIAN_POINT('',(-4.490624989308,-3.345,3.486035456527));
#9057 = CARTESIAN_POINT('',(-4.48152710754,-3.355,3.503538048117));
#9058 = CARTESIAN_POINT('',(-4.48152710754,-3.345,3.503538048117));
#9059 = CARTESIAN_POINT('',(-4.48152710754,-3.355,3.525719550332));
#9060 = CARTESIAN_POINT('',(-4.48152710754,-3.345,3.525719550332));
#9061 = ADVANCED_FACE('',(#9062),#9080,.F.);
#9062 = FACE_BOUND('',#9063,.F.);
#9063 = EDGE_LOOP('',(#9064,#9065,#9074,#9079));
#9064 = ORIENTED_EDGE('',*,*,#9047,.F.);
#9065 = ORIENTED_EDGE('',*,*,#9066,.T.);
#9066 = EDGE_CURVE('',#9039,#9067,#9069,.T.);
#9067 = VERTEX_POINT('',#9068);
#9068 = CARTESIAN_POINT('',(-4.495737132396,-3.355,3.565750230111));
#9069 = B_SPLINE_CURVE_WITH_KNOTS('',3,(#9070,#9071,#9072,#9073),
  .UNSPECIFIED.,.F.,.F.,(4,4),(16.,17.),.PIECEWISE_BEZIER_KNOTS.);
#9070 = CARTESIAN_POINT('',(-4.48152710754,-3.355,3.525719550332));
#9071 = CARTESIAN_POINT('',(-4.48152710754,-3.355,3.541662505049));
#9072 = CARTESIAN_POINT('',(-4.486292664657,-3.355,3.555006064976));
#9073 = CARTESIAN_POINT('',(-4.495737132396,-3.355,3.565750230111));
#9074 = ORIENTED_EDGE('',*,*,#9075,.T.);
#9075 = EDGE_CURVE('',#9067,#1117,#9076,.T.);
#9076 = B_SPLINE_CURVE_WITH_KNOTS('',1,(#9077,#9078),.UNSPECIFIED.,.F.,
  .F.,(2,2),(0.,1.E-02),.PIECEWISE_BEZIER_KNOTS.);
#9077 = CARTESIAN_POINT('',(-4.495737132396,-3.355,3.565750230111));
#9078 = CARTESIAN_POINT('',(-4.495737132396,-3.345,3.565750230111));
#9079 = ORIENTED_EDGE('',*,*,#1125,.F.);
#9080 = B_SPLINE_SURFACE_WITH_KNOTS('',3,1,(
    (#9081,#9082)
    ,(#9083,#9084)
    ,(#9085,#9086)
    ,(#9087,#9088
    )),.UNSPECIFIED.,.F.,.F.,.F.,(4,4),(2,2),(16.,17.),(0.,1.),
  .PIECEWISE_BEZIER_KNOTS.);
#9081 = CARTESIAN_POINT('',(-4.48152710754,-3.355,3.525719550332));
#9082 = CARTESIAN_POINT('',(-4.48152710754,-3.345,3.525719550332));
#9083 = CARTESIAN_POINT('',(-4.48152710754,-3.355,3.541662505049));
#9084 = CARTESIAN_POINT('',(-4.48152710754,-3.345,3.541662505049));
#9085 = CARTESIAN_POINT('',(-4.486292664657,-3.355,3.555006064976));
#9086 = CARTESIAN_POINT('',(-4.486292664657,-3.345,3.555006064976));
#9087 = CARTESIAN_POINT('',(-4.495737132396,-3.355,3.565750230111));
#9088 = CARTESIAN_POINT('',(-4.495737132396,-3.345,3.565750230111));
#9089 = ADVANCED_FACE('',(#9090),#9108,.F.);
#9090 = FACE_BOUND('',#9091,.F.);
#9091 = EDGE_LOOP('',(#9092,#9093,#9102,#9107));
#9092 = ORIENTED_EDGE('',*,*,#9075,.F.);
#9093 = ORIENTED_EDGE('',*,*,#9094,.T.);
#9094 = EDGE_CURVE('',#9067,#9095,#9097,.T.);
#9095 = VERTEX_POINT('',#9096);
#9096 = CARTESIAN_POINT('',(-4.550497715989,-3.355,3.597116260585));
#9097 = B_SPLINE_CURVE_WITH_KNOTS('',3,(#9098,#9099,#9100,#9101),
  .UNSPECIFIED.,.F.,.F.,(4,4),(15.,16.),.PIECEWISE_BEZIER_KNOTS.);
#9098 = CARTESIAN_POINT('',(-4.495737132396,-3.355,3.565750230111));
#9099 = CARTESIAN_POINT('',(-4.505268246629,-3.355,3.576494395246));
#9100 = CARTESIAN_POINT('',(-4.523464010164,-3.355,3.587065267394));
#9101 = CARTESIAN_POINT('',(-4.550497715989,-3.355,3.597116260585));
#9102 = ORIENTED_EDGE('',*,*,#9103,.T.);
#9103 = EDGE_CURVE('',#9095,#1108,#9104,.T.);
#9104 = B_SPLINE_CURVE_WITH_KNOTS('',1,(#9105,#9106),.UNSPECIFIED.,.F.,
  .F.,(2,2),(0.,1.E-02),.PIECEWISE_BEZIER_KNOTS.);
#9105 = CARTESIAN_POINT('',(-4.550497715989,-3.355,3.597116260585));
#9106 = CARTESIAN_POINT('',(-4.550497715989,-3.345,3.597116260585));
#9107 = ORIENTED_EDGE('',*,*,#1116,.F.);
#9108 = B_SPLINE_SURFACE_WITH_KNOTS('',3,1,(
    (#9109,#9110)
    ,(#9111,#9112)
    ,(#9113,#9114)
    ,(#9115,#9116
    )),.UNSPECIFIED.,.F.,.F.,.F.,(4,4),(2,2),(15.,16.),(0.,1.),
  .PIECEWISE_BEZIER_KNOTS.);
#9109 = CARTESIAN_POINT('',(-4.495737132396,-3.355,3.565750230111));
#9110 = CARTESIAN_POINT('',(-4.495737132396,-3.345,3.565750230111));
#9111 = CARTESIAN_POINT('',(-4.505268246629,-3.355,3.576494395246));
#9112 = CARTESIAN_POINT('',(-4.505268246629,-3.345,3.576494395246));
#9113 = CARTESIAN_POINT('',(-4.523464010164,-3.355,3.587065267394));
#9114 = CARTESIAN_POINT('',(-4.523464010164,-3.345,3.587065267394));
#9115 = CARTESIAN_POINT('',(-4.550497715989,-3.355,3.597116260585));
#9116 = CARTESIAN_POINT('',(-4.550497715989,-3.345,3.597116260585));
#9117 = ADVANCED_FACE('',(#9118),#9136,.F.);
#9118 = FACE_BOUND('',#9119,.F.);
#9119 = EDGE_LOOP('',(#9120,#9121,#9130,#9135));
#9120 = ORIENTED_EDGE('',*,*,#9103,.F.);
#9121 = ORIENTED_EDGE('',*,*,#9122,.T.);
#9122 = EDGE_CURVE('',#9095,#9123,#9125,.T.);
#9123 = VERTEX_POINT('',#9124);
#9124 = CARTESIAN_POINT('',(-4.59174144667,-3.355,3.617911418914));
#9125 = B_SPLINE_CURVE_WITH_KNOTS('',3,(#9126,#9127,#9128,#9129),
  .UNSPECIFIED.,.F.,.F.,(4,4),(14.,15.),.PIECEWISE_BEZIER_KNOTS.);
#9126 = CARTESIAN_POINT('',(-4.550497715989,-3.355,3.597116260585));
#9127 = CARTESIAN_POINT('',(-4.571812753273,-3.355,3.605434323916));
#9128 = CARTESIAN_POINT('',(-4.585502899171,-3.355,3.612366043359));
#9129 = CARTESIAN_POINT('',(-4.59174144667,-3.355,3.617911418914));
#9130 = ORIENTED_EDGE('',*,*,#9131,.T.);
#9131 = EDGE_CURVE('',#9123,#1099,#9132,.T.);
#9132 = B_SPLINE_CURVE_WITH_KNOTS('',1,(#9133,#9134),.UNSPECIFIED.,.F.,
  .F.,(2,2),(0.,1.E-02),.PIECEWISE_BEZIER_KNOTS.);
#9133 = CARTESIAN_POINT('',(-4.59174144667,-3.355,3.617911418914));
#9134 = CARTESIAN_POINT('',(-4.59174144667,-3.345,3.617911418914));
#9135 = ORIENTED_EDGE('',*,*,#1107,.F.);
#9136 = B_SPLINE_SURFACE_WITH_KNOTS('',3,1,(
    (#9137,#9138)
    ,(#9139,#9140)
    ,(#9141,#9142)
    ,(#9143,#9144
    )),.UNSPECIFIED.,.F.,.F.,.F.,(4,4),(2,2),(14.,15.),(0.,1.),
  .PIECEWISE_BEZIER_KNOTS.);
#9137 = CARTESIAN_POINT('',(-4.550497715989,-3.355,3.597116260585));
#9138 = CARTESIAN_POINT('',(-4.550497715989,-3.345,3.597116260585));
#9139 = CARTESIAN_POINT('',(-4.571812753273,-3.355,3.605434323916));
#9140 = CARTESIAN_POINT('',(-4.571812753273,-3.345,3.605434323916));
#9141 = CARTESIAN_POINT('',(-4.585502899171,-3.355,3.612366043359));
#9142 = CARTESIAN_POINT('',(-4.585502899171,-3.345,3.612366043359));
#9143 = CARTESIAN_POINT('',(-4.59174144667,-3.355,3.617911418914));
#9144 = CARTESIAN_POINT('',(-4.59174144667,-3.345,3.617911418914));
#9145 = ADVANCED_FACE('',(#9146),#9164,.F.);
#9146 = FACE_BOUND('',#9147,.F.);
#9147 = EDGE_LOOP('',(#9148,#9149,#9158,#9163));
#9148 = ORIENTED_EDGE('',*,*,#9131,.F.);
#9149 = ORIENTED_EDGE('',*,*,#9150,.T.);
#9150 = EDGE_CURVE('',#9123,#9151,#9153,.T.);
#9151 = VERTEX_POINT('',#9152);
#9152 = CARTESIAN_POINT('',(-4.601012621424,-3.355,3.6404395071));
#9153 = B_SPLINE_CURVE_WITH_KNOTS('',3,(#9154,#9155,#9156,#9157),
  .UNSPECIFIED.,.F.,.F.,(4,4),(13.,14.),.PIECEWISE_BEZIER_KNOTS.);
#9154 = CARTESIAN_POINT('',(-4.59174144667,-3.355,3.617911418914));
#9155 = CARTESIAN_POINT('',(-4.597893347675,-3.355,3.62328350148));
#9156 = CARTESIAN_POINT('',(-4.601012621424,-3.355,3.630735099881));
#9157 = CARTESIAN_POINT('',(-4.601012621424,-3.355,3.6404395071));
#9158 = ORIENTED_EDGE('',*,*,#9159,.T.);
#9159 = EDGE_CURVE('',#9151,#1090,#9160,.T.);
#9160 = B_SPLINE_CURVE_WITH_KNOTS('',1,(#9161,#9162),.UNSPECIFIED.,.F.,
  .F.,(2,2),(0.,1.E-02),.PIECEWISE_BEZIER_KNOTS.);
#9161 = CARTESIAN_POINT('',(-4.601012621424,-3.355,3.6404395071));
#9162 = CARTESIAN_POINT('',(-4.601012621424,-3.345,3.6404395071));
#9163 = ORIENTED_EDGE('',*,*,#1098,.F.);
#9164 = B_SPLINE_SURFACE_WITH_KNOTS('',3,1,(
    (#9165,#9166)
    ,(#9167,#9168)
    ,(#9169,#9170)
    ,(#9171,#9172
    )),.UNSPECIFIED.,.F.,.F.,.F.,(4,4),(2,2),(13.,14.),(0.,1.),
  .PIECEWISE_BEZIER_KNOTS.);
#9165 = CARTESIAN_POINT('',(-4.59174144667,-3.355,3.617911418914));
#9166 = CARTESIAN_POINT('',(-4.59174144667,-3.345,3.617911418914));
#9167 = CARTESIAN_POINT('',(-4.597893347675,-3.355,3.62328350148));
#9168 = CARTESIAN_POINT('',(-4.597893347675,-3.345,3.62328350148));
#9169 = CARTESIAN_POINT('',(-4.601012621424,-3.355,3.630735099881));
#9170 = CARTESIAN_POINT('',(-4.601012621424,-3.345,3.630735099881));
#9171 = CARTESIAN_POINT('',(-4.601012621424,-3.355,3.6404395071));
#9172 = CARTESIAN_POINT('',(-4.601012621424,-3.345,3.6404395071));
#9173 = ADVANCED_FACE('',(#9174),#9192,.F.);
#9174 = FACE_BOUND('',#9175,.F.);
#9175 = EDGE_LOOP('',(#9176,#9177,#9186,#9191));
#9176 = ORIENTED_EDGE('',*,*,#9159,.F.);
#9177 = ORIENTED_EDGE('',*,*,#9178,.T.);
#9178 = EDGE_CURVE('',#9151,#9179,#9181,.T.);
#9179 = VERTEX_POINT('',#9180);
#9180 = CARTESIAN_POINT('',(-4.588102293962,-3.355,3.664007353202));
#9181 = B_SPLINE_CURVE_WITH_KNOTS('',3,(#9182,#9183,#9184,#9185),
  .UNSPECIFIED.,.F.,.F.,(4,4),(12.,13.),.PIECEWISE_BEZIER_KNOTS.);
#9182 = CARTESIAN_POINT('',(-4.601012621424,-3.355,3.6404395071));
#9183 = CARTESIAN_POINT('',(-4.601012621424,-3.355,3.650143914317));
#9184 = CARTESIAN_POINT('',(-4.596680296771,-3.355,3.658115391676));
#9185 = CARTESIAN_POINT('',(-4.588102293962,-3.355,3.664007353202));
#9186 = ORIENTED_EDGE('',*,*,#9187,.T.);
#9187 = EDGE_CURVE('',#9179,#1081,#9188,.T.);
#9188 = B_SPLINE_CURVE_WITH_KNOTS('',1,(#9189,#9190),.UNSPECIFIED.,.F.,
  .F.,(2,2),(0.,1.E-02),.PIECEWISE_BEZIER_KNOTS.);
#9189 = CARTESIAN_POINT('',(-4.588102293962,-3.355,3.664007353202));
#9190 = CARTESIAN_POINT('',(-4.588102293962,-3.345,3.664007353202));
#9191 = ORIENTED_EDGE('',*,*,#1089,.F.);
#9192 = B_SPLINE_SURFACE_WITH_KNOTS('',3,1,(
    (#9193,#9194)
    ,(#9195,#9196)
    ,(#9197,#9198)
    ,(#9199,#9200
    )),.UNSPECIFIED.,.F.,.F.,.F.,(4,4),(2,2),(12.,13.),(0.,1.),
  .PIECEWISE_BEZIER_KNOTS.);
#9193 = CARTESIAN_POINT('',(-4.601012621424,-3.355,3.6404395071));
#9194 = CARTESIAN_POINT('',(-4.601012621424,-3.345,3.6404395071));
#9195 = CARTESIAN_POINT('',(-4.601012621424,-3.355,3.650143914317));
#9196 = CARTESIAN_POINT('',(-4.601012621424,-3.345,3.650143914317));
#9197 = CARTESIAN_POINT('',(-4.596680296771,-3.355,3.658115391676));
#9198 = CARTESIAN_POINT('',(-4.596680296771,-3.345,3.658115391676));
#9199 = CARTESIAN_POINT('',(-4.588102293962,-3.355,3.664007353202));
#9200 = CARTESIAN_POINT('',(-4.588102293962,-3.345,3.664007353202));
#9201 = ADVANCED_FACE('',(#9202),#9220,.F.);
#9202 = FACE_BOUND('',#9203,.F.);
#9203 = EDGE_LOOP('',(#9204,#9205,#9214,#9219));
#9204 = ORIENTED_EDGE('',*,*,#9187,.F.);
#9205 = ORIENTED_EDGE('',*,*,#9206,.T.);
#9206 = EDGE_CURVE('',#9179,#9207,#9209,.T.);
#9207 = VERTEX_POINT('',#9208);
#9208 = CARTESIAN_POINT('',(-4.554656747654,-3.355,3.673018588478));
#9209 = B_SPLINE_CURVE_WITH_KNOTS('',3,(#9210,#9211,#9212,#9213),
  .UNSPECIFIED.,.F.,.F.,(4,4),(11.,12.),.PIECEWISE_BEZIER_KNOTS.);
#9210 = CARTESIAN_POINT('',(-4.588102293962,-3.355,3.664007353202));
#9211 = CARTESIAN_POINT('',(-4.579524291153,-3.355,3.670072607714));
#9212 = CARTESIAN_POINT('',(-4.568346893552,-3.355,3.673018588478));
#9213 = CARTESIAN_POINT('',(-4.554656747654,-3.355,3.673018588478));
#9214 = ORIENTED_EDGE('',*,*,#9215,.T.);
#9215 = EDGE_CURVE('',#9207,#1072,#9216,.T.);
#9216 = B_SPLINE_CURVE_WITH_KNOTS('',1,(#9217,#9218),.UNSPECIFIED.,.F.,
  .F.,(2,2),(0.,1.E-02),.PIECEWISE_BEZIER_KNOTS.);
#9217 = CARTESIAN_POINT('',(-4.554656747654,-3.355,3.673018588478));
#9218 = CARTESIAN_POINT('',(-4.554656747654,-3.345,3.673018588478));
#9219 = ORIENTED_EDGE('',*,*,#1080,.F.);
#9220 = B_SPLINE_SURFACE_WITH_KNOTS('',3,1,(
    (#9221,#9222)
    ,(#9223,#9224)
    ,(#9225,#9226)
    ,(#9227,#9228
    )),.UNSPECIFIED.,.F.,.F.,.F.,(4,4),(2,2),(11.,12.),(0.,1.),
  .PIECEWISE_BEZIER_KNOTS.);
#9221 = CARTESIAN_POINT('',(-4.588102293962,-3.355,3.664007353202));
#9222 = CARTESIAN_POINT('',(-4.588102293962,-3.345,3.664007353202));
#9223 = CARTESIAN_POINT('',(-4.579524291153,-3.355,3.670072607714));
#9224 = CARTESIAN_POINT('',(-4.579524291153,-3.345,3.670072607714));
#9225 = CARTESIAN_POINT('',(-4.568346893552,-3.355,3.673018588478));
#9226 = CARTESIAN_POINT('',(-4.568346893552,-3.345,3.673018588478));
#9227 = CARTESIAN_POINT('',(-4.554656747654,-3.355,3.673018588478));
#9228 = CARTESIAN_POINT('',(-4.554656747654,-3.345,3.673018588478));
#9229 = ADVANCED_FACE('',(#9230),#9248,.F.);
#9230 = FACE_BOUND('',#9231,.F.);
#9231 = EDGE_LOOP('',(#9232,#9233,#9242,#9247));
#9232 = ORIENTED_EDGE('',*,*,#9215,.F.);
#9233 = ORIENTED_EDGE('',*,*,#9234,.T.);
#9234 = EDGE_CURVE('',#9207,#9235,#9237,.T.);
#9235 = VERTEX_POINT('',#9236);
#9236 = CARTESIAN_POINT('',(-4.493137737605,-3.355,3.655515996886));
#9237 = B_SPLINE_CURVE_WITH_KNOTS('',3,(#9238,#9239,#9240,#9241),
  .UNSPECIFIED.,.F.,.F.,(4,4),(10.,11.),.PIECEWISE_BEZIER_KNOTS.);
#9238 = CARTESIAN_POINT('',(-4.554656747654,-3.355,3.673018588478));
#9239 = CARTESIAN_POINT('',(-4.531695427002,-3.355,3.673018588478));
#9240 = CARTESIAN_POINT('',(-4.511246854648,-3.355,3.667126626952));
#9241 = CARTESIAN_POINT('',(-4.493137737605,-3.355,3.655515996886));
#9242 = ORIENTED_EDGE('',*,*,#9243,.T.);
#9243 = EDGE_CURVE('',#9235,#1065,#9244,.T.);
#9244 = B_SPLINE_CURVE_WITH_KNOTS('',1,(#9245,#9246),.UNSPECIFIED.,.F.,
  .F.,(2,2),(0.,1.E-02),.PIECEWISE_BEZIER_KNOTS.);
#9245 = CARTESIAN_POINT('',(-4.493137737605,-3.355,3.655515996886));
#9246 = CARTESIAN_POINT('',(-4.493137737605,-3.345,3.655515996886));
#9247 = ORIENTED_EDGE('',*,*,#1071,.F.);
#9248 = B_SPLINE_SURFACE_WITH_KNOTS('',3,1,(
    (#9249,#9250)
    ,(#9251,#9252)
    ,(#9253,#9254)
    ,(#9255,#9256
    )),.UNSPECIFIED.,.F.,.F.,.F.,(4,4),(2,2),(10.,11.),(0.,1.),
  .PIECEWISE_BEZIER_KNOTS.);
#9249 = CARTESIAN_POINT('',(-4.554656747654,-3.355,3.673018588478));
#9250 = CARTESIAN_POINT('',(-4.554656747654,-3.345,3.673018588478));
#9251 = CARTESIAN_POINT('',(-4.531695427002,-3.355,3.673018588478));
#9252 = CARTESIAN_POINT('',(-4.531695427002,-3.345,3.673018588478));
#9253 = CARTESIAN_POINT('',(-4.511246854648,-3.355,3.667126626952));
#9254 = CARTESIAN_POINT('',(-4.511246854648,-3.345,3.667126626952));
#9255 = CARTESIAN_POINT('',(-4.493137737605,-3.355,3.655515996886));
#9256 = CARTESIAN_POINT('',(-4.493137737605,-3.345,3.655515996886));
#9257 = ADVANCED_FACE('',(#9258),#9274,.F.);
#9258 = FACE_BOUND('',#9259,.T.);
#9259 = EDGE_LOOP('',(#9260,#9261,#9268,#9273));
#9260 = ORIENTED_EDGE('',*,*,#1064,.T.);
#9261 = ORIENTED_EDGE('',*,*,#9262,.F.);
#9262 = EDGE_CURVE('',#9263,#1056,#9265,.T.);
#9263 = VERTEX_POINT('',#9264);
#9264 = CARTESIAN_POINT('',(-4.493137737605,-3.355,3.696759727565));
#9265 = B_SPLINE_CURVE_WITH_KNOTS('',1,(#9266,#9267),.UNSPECIFIED.,.F.,
  .F.,(2,2),(0.,1.E-02),.PIECEWISE_BEZIER_KNOTS.);
#9266 = CARTESIAN_POINT('',(-4.493137737605,-3.355,3.696759727565));
#9267 = CARTESIAN_POINT('',(-4.493137737605,-3.345,3.696759727565));
#9268 = ORIENTED_EDGE('',*,*,#9269,.F.);
#9269 = EDGE_CURVE('',#9235,#9263,#9270,.T.);
#9270 = B_SPLINE_CURVE_WITH_KNOTS('',1,(#9271,#9272),.UNSPECIFIED.,.F.,
  .F.,(2,2),(-4.124373067977E-02,0.),.PIECEWISE_BEZIER_KNOTS.);
#9271 = CARTESIAN_POINT('',(-4.493137737605,-3.355,3.655515996886));
#9272 = CARTESIAN_POINT('',(-4.493137737605,-3.355,3.696759727565));
#9273 = ORIENTED_EDGE('',*,*,#9243,.T.);
#9274 = B_SPLINE_SURFACE_WITH_KNOTS('',1,1,(
    (#9275,#9276)
    ,(#9277,#9278
    )),.UNSPECIFIED.,.F.,.F.,.F.,(2,2),(2,2),(-4.124373067977E-02,0.),(
    -4.440892098501E-16,1.E-02),.PIECEWISE_BEZIER_KNOTS.);
#9275 = CARTESIAN_POINT('',(-4.493137737605,-3.355,3.655515996886));
#9276 = CARTESIAN_POINT('',(-4.493137737605,-3.345,3.655515996886));
#9277 = CARTESIAN_POINT('',(-4.493137737605,-3.355,3.696759727565));
#9278 = CARTESIAN_POINT('',(-4.493137737605,-3.345,3.696759727565));
#9279 = ADVANCED_FACE('',(#9280),#9298,.F.);
#9280 = FACE_BOUND('',#9281,.F.);
#9281 = EDGE_LOOP('',(#9282,#9283,#9292,#9297));
#9282 = ORIENTED_EDGE('',*,*,#9262,.F.);
#9283 = ORIENTED_EDGE('',*,*,#9284,.T.);
#9284 = EDGE_CURVE('',#9263,#9285,#9287,.T.);
#9285 = VERTEX_POINT('',#9286);
#9286 = CARTESIAN_POINT('',(-4.550497715989,-3.355,3.707503892702));
#9287 = B_SPLINE_CURVE_WITH_KNOTS('',3,(#9288,#9289,#9290,#9291),
  .UNSPECIFIED.,.F.,.F.,(4,4),(8.,9.),.PIECEWISE_BEZIER_KNOTS.);
#9288 = CARTESIAN_POINT('',(-4.493137737605,-3.355,3.696759727565));
#9289 = CARTESIAN_POINT('',(-4.510813622183,-3.355,3.704038032981));
#9290 = CARTESIAN_POINT('',(-4.529875850649,-3.355,3.707503892702));
#9291 = CARTESIAN_POINT('',(-4.550497715989,-3.355,3.707503892702));
#9292 = ORIENTED_EDGE('',*,*,#9293,.T.);
#9293 = EDGE_CURVE('',#9285,#1047,#9294,.T.);
#9294 = B_SPLINE_CURVE_WITH_KNOTS('',1,(#9295,#9296),.UNSPECIFIED.,.F.,
  .F.,(2,2),(0.,1.E-02),.PIECEWISE_BEZIER_KNOTS.);
#9295 = CARTESIAN_POINT('',(-4.550497715989,-3.355,3.707503892702));
#9296 = CARTESIAN_POINT('',(-4.550497715989,-3.345,3.707503892702));
#9297 = ORIENTED_EDGE('',*,*,#1055,.F.);
#9298 = B_SPLINE_SURFACE_WITH_KNOTS('',3,1,(
    (#9299,#9300)
    ,(#9301,#9302)
    ,(#9303,#9304)
    ,(#9305,#9306
    )),.UNSPECIFIED.,.F.,.F.,.F.,(4,4),(2,2),(8.,9.),(0.,1.),
  .PIECEWISE_BEZIER_KNOTS.);
#9299 = CARTESIAN_POINT('',(-4.493137737605,-3.355,3.696759727565));
#9300 = CARTESIAN_POINT('',(-4.493137737605,-3.345,3.696759727565));
#9301 = CARTESIAN_POINT('',(-4.510813622183,-3.355,3.704038032981));
#9302 = CARTESIAN_POINT('',(-4.510813622183,-3.345,3.704038032981));
#9303 = CARTESIAN_POINT('',(-4.529875850649,-3.355,3.707503892702));
#9304 = CARTESIAN_POINT('',(-4.529875850649,-3.345,3.707503892702));
#9305 = CARTESIAN_POINT('',(-4.550497715989,-3.355,3.707503892702));
#9306 = CARTESIAN_POINT('',(-4.550497715989,-3.345,3.707503892702));
#9307 = ADVANCED_FACE('',(#9308),#9326,.F.);
#9308 = FACE_BOUND('',#9309,.F.);
#9309 = EDGE_LOOP('',(#9310,#9311,#9320,#9325));
#9310 = ORIENTED_EDGE('',*,*,#9293,.F.);
#9311 = ORIENTED_EDGE('',*,*,#9312,.T.);
#9312 = EDGE_CURVE('',#9285,#9313,#9315,.T.);
#9313 = VERTEX_POINT('',#9314);
#9314 = CARTESIAN_POINT('',(-4.617562101591,-3.355,3.688268371249));
#9315 = B_SPLINE_CURVE_WITH_KNOTS('',3,(#9316,#9317,#9318,#9319),
  .UNSPECIFIED.,.F.,.F.,(4,4),(7.,8.),.PIECEWISE_BEZIER_KNOTS.);
#9316 = CARTESIAN_POINT('',(-4.550497715989,-3.355,3.707503892702));
#9317 = CARTESIAN_POINT('',(-4.577011542855,-3.355,3.707503892702));
#9318 = CARTESIAN_POINT('',(-4.599366338056,-3.355,3.701092052219));
#9319 = CARTESIAN_POINT('',(-4.617562101591,-3.355,3.688268371249));
#9320 = ORIENTED_EDGE('',*,*,#9321,.T.);
#9321 = EDGE_CURVE('',#9313,#1038,#9322,.T.);
#9322 = B_SPLINE_CURVE_WITH_KNOTS('',1,(#9323,#9324),.UNSPECIFIED.,.F.,
  .F.,(2,2),(0.,1.E-02),.PIECEWISE_BEZIER_KNOTS.);
#9323 = CARTESIAN_POINT('',(-4.617562101591,-3.355,3.688268371249));
#9324 = CARTESIAN_POINT('',(-4.617562101591,-3.345,3.688268371249));
#9325 = ORIENTED_EDGE('',*,*,#1046,.F.);
#9326 = B_SPLINE_SURFACE_WITH_KNOTS('',3,1,(
    (#9327,#9328)
    ,(#9329,#9330)
    ,(#9331,#9332)
    ,(#9333,#9334
    )),.UNSPECIFIED.,.F.,.F.,.F.,(4,4),(2,2),(7.,8.),(0.,1.),
  .PIECEWISE_BEZIER_KNOTS.);
#9327 = CARTESIAN_POINT('',(-4.550497715989,-3.355,3.707503892702));
#9328 = CARTESIAN_POINT('',(-4.550497715989,-3.345,3.707503892702));
#9329 = CARTESIAN_POINT('',(-4.577011542855,-3.355,3.707503892702));
#9330 = CARTESIAN_POINT('',(-4.577011542855,-3.345,3.707503892702));
#9331 = CARTESIAN_POINT('',(-4.599366338056,-3.355,3.701092052219));
#9332 = CARTESIAN_POINT('',(-4.599366338056,-3.345,3.701092052219));
#9333 = CARTESIAN_POINT('',(-4.617562101591,-3.355,3.688268371249));
#9334 = CARTESIAN_POINT('',(-4.617562101591,-3.345,3.688268371249));
#9335 = ADVANCED_FACE('',(#9336),#9354,.F.);
#9336 = FACE_BOUND('',#9337,.F.);
#9337 = EDGE_LOOP('',(#9338,#9339,#9348,#9353));
#9338 = ORIENTED_EDGE('',*,*,#9321,.F.);
#9339 = ORIENTED_EDGE('',*,*,#9340,.T.);
#9340 = EDGE_CURVE('',#9313,#9341,#9343,.T.);
#9341 = VERTEX_POINT('',#9342);
#9342 = CARTESIAN_POINT('',(-4.644769100402,-3.355,3.636627061407));
#9343 = B_SPLINE_CURVE_WITH_KNOTS('',3,(#9344,#9345,#9346,#9347),
  .UNSPECIFIED.,.F.,.F.,(4,4),(6.,7.),.PIECEWISE_BEZIER_KNOTS.);
#9344 = CARTESIAN_POINT('',(-4.617562101591,-3.355,3.688268371249));
#9345 = CARTESIAN_POINT('',(-4.635671218634,-3.355,3.675271397296));
#9346 = CARTESIAN_POINT('',(-4.644769100402,-3.355,3.658115391676));
#9347 = CARTESIAN_POINT('',(-4.644769100402,-3.355,3.636627061407));
#9348 = ORIENTED_EDGE('',*,*,#9349,.T.);
#9349 = EDGE_CURVE('',#9341,#1029,#9350,.T.);
#9350 = B_SPLINE_CURVE_WITH_KNOTS('',1,(#9351,#9352),.UNSPECIFIED.,.F.,
  .F.,(2,2),(0.,1.E-02),.PIECEWISE_BEZIER_KNOTS.);
#9351 = CARTESIAN_POINT('',(-4.644769100402,-3.355,3.636627061407));
#9352 = CARTESIAN_POINT('',(-4.644769100402,-3.345,3.636627061407));
#9353 = ORIENTED_EDGE('',*,*,#1037,.F.);
#9354 = B_SPLINE_SURFACE_WITH_KNOTS('',3,1,(
    (#9355,#9356)
    ,(#9357,#9358)
    ,(#9359,#9360)
    ,(#9361,#9362
    )),.UNSPECIFIED.,.F.,.F.,.F.,(4,4),(2,2),(6.,7.),(0.,1.),
  .PIECEWISE_BEZIER_KNOTS.);
#9355 = CARTESIAN_POINT('',(-4.617562101591,-3.355,3.688268371249));
#9356 = CARTESIAN_POINT('',(-4.617562101591,-3.345,3.688268371249));
#9357 = CARTESIAN_POINT('',(-4.635671218634,-3.355,3.675271397296));
#9358 = CARTESIAN_POINT('',(-4.635671218634,-3.345,3.675271397296));
#9359 = CARTESIAN_POINT('',(-4.644769100402,-3.355,3.658115391676));
#9360 = CARTESIAN_POINT('',(-4.644769100402,-3.345,3.658115391676));
#9361 = CARTESIAN_POINT('',(-4.644769100402,-3.355,3.636627061407));
#9362 = CARTESIAN_POINT('',(-4.644769100402,-3.345,3.636627061407));
#9363 = ADVANCED_FACE('',(#9364),#9382,.F.);
#9364 = FACE_BOUND('',#9365,.F.);
#9365 = EDGE_LOOP('',(#9366,#9367,#9376,#9381));
#9366 = ORIENTED_EDGE('',*,*,#9349,.F.);
#9367 = ORIENTED_EDGE('',*,*,#9368,.T.);
#9368 = EDGE_CURVE('',#9341,#9369,#9371,.T.);
#9369 = VERTEX_POINT('',#9370);
#9370 = CARTESIAN_POINT('',(-4.632725237871,-3.355,3.598329311489));
#9371 = B_SPLINE_CURVE_WITH_KNOTS('',3,(#9372,#9373,#9374,#9375),
  .UNSPECIFIED.,.F.,.F.,(4,4),(5.,6.),.PIECEWISE_BEZIER_KNOTS.);
#9372 = CARTESIAN_POINT('',(-4.644769100402,-3.355,3.636627061407));
#9373 = CARTESIAN_POINT('',(-4.644769100402,-3.355,3.621723864605));
#9374 = CARTESIAN_POINT('',(-4.640783361722,-3.355,3.608900183637));
#9375 = CARTESIAN_POINT('',(-4.632725237871,-3.355,3.598329311489));
#9376 = ORIENTED_EDGE('',*,*,#9377,.T.);
#9377 = EDGE_CURVE('',#9369,#1020,#9378,.T.);
#9378 = B_SPLINE_CURVE_WITH_KNOTS('',1,(#9379,#9380),.UNSPECIFIED.,.F.,
  .F.,(2,2),(0.,1.E-02),.PIECEWISE_BEZIER_KNOTS.);
#9379 = CARTESIAN_POINT('',(-4.632725237871,-3.355,3.598329311489));
#9380 = CARTESIAN_POINT('',(-4.632725237871,-3.345,3.598329311489));
#9381 = ORIENTED_EDGE('',*,*,#1028,.F.);
#9382 = B_SPLINE_SURFACE_WITH_KNOTS('',3,1,(
    (#9383,#9384)
    ,(#9385,#9386)
    ,(#9387,#9388)
    ,(#9389,#9390
    )),.UNSPECIFIED.,.F.,.F.,.F.,(4,4),(2,2),(5.,6.),(0.,1.),
  .PIECEWISE_BEZIER_KNOTS.);
#9383 = CARTESIAN_POINT('',(-4.644769100402,-3.355,3.636627061407));
#9384 = CARTESIAN_POINT('',(-4.644769100402,-3.345,3.636627061407));
#9385 = CARTESIAN_POINT('',(-4.644769100402,-3.355,3.621723864605));
#9386 = CARTESIAN_POINT('',(-4.644769100402,-3.345,3.621723864605));
#9387 = CARTESIAN_POINT('',(-4.640783361722,-3.355,3.608900183637));
#9388 = CARTESIAN_POINT('',(-4.640783361722,-3.345,3.608900183637));
#9389 = CARTESIAN_POINT('',(-4.632725237871,-3.355,3.598329311489));
#9390 = CARTESIAN_POINT('',(-4.632725237871,-3.345,3.598329311489));
#9391 = ADVANCED_FACE('',(#9392),#9410,.F.);
#9392 = FACE_BOUND('',#9393,.F.);
#9393 = EDGE_LOOP('',(#9394,#9395,#9404,#9409));
#9394 = ORIENTED_EDGE('',*,*,#9377,.F.);
#9395 = ORIENTED_EDGE('',*,*,#9396,.T.);
#9396 = EDGE_CURVE('',#9369,#9397,#9399,.T.);
#9397 = VERTEX_POINT('',#9398);
#9398 = CARTESIAN_POINT('',(-4.580477402575,-3.355,3.566270109069));
#9399 = B_SPLINE_CURVE_WITH_KNOTS('',3,(#9400,#9401,#9402,#9403),
  .UNSPECIFIED.,.F.,.F.,(4,4),(4.,5.),.PIECEWISE_BEZIER_KNOTS.);
#9400 = CARTESIAN_POINT('',(-4.632725237871,-3.355,3.598329311489));
#9401 = CARTESIAN_POINT('',(-4.624753760512,-3.355,3.58775843934));
#9402 = CARTESIAN_POINT('',(-4.607251168921,-3.355,3.577014274203));
#9403 = CARTESIAN_POINT('',(-4.580477402575,-3.355,3.566270109069));
#9404 = ORIENTED_EDGE('',*,*,#9405,.T.);
#9405 = EDGE_CURVE('',#9397,#1011,#9406,.T.);
#9406 = B_SPLINE_CURVE_WITH_KNOTS('',1,(#9407,#9408),.UNSPECIFIED.,.F.,
  .F.,(2,2),(0.,1.E-02),.PIECEWISE_BEZIER_KNOTS.);
#9407 = CARTESIAN_POINT('',(-4.580477402575,-3.355,3.566270109069));
#9408 = CARTESIAN_POINT('',(-4.580477402575,-3.345,3.566270109069));
#9409 = ORIENTED_EDGE('',*,*,#1019,.F.);
#9410 = B_SPLINE_SURFACE_WITH_KNOTS('',3,1,(
    (#9411,#9412)
    ,(#9413,#9414)
    ,(#9415,#9416)
    ,(#9417,#9418
    )),.UNSPECIFIED.,.F.,.F.,.F.,(4,4),(2,2),(4.,5.),(0.,1.),
  .PIECEWISE_BEZIER_KNOTS.);
#9411 = CARTESIAN_POINT('',(-4.632725237871,-3.355,3.598329311489));
#9412 = CARTESIAN_POINT('',(-4.632725237871,-3.345,3.598329311489));
#9413 = CARTESIAN_POINT('',(-4.624753760512,-3.355,3.58775843934));
#9414 = CARTESIAN_POINT('',(-4.624753760512,-3.345,3.58775843934));
#9415 = CARTESIAN_POINT('',(-4.607251168921,-3.355,3.577014274203));
#9416 = CARTESIAN_POINT('',(-4.607251168921,-3.345,3.577014274203));
#9417 = CARTESIAN_POINT('',(-4.580477402575,-3.355,3.566270109069));
#9418 = CARTESIAN_POINT('',(-4.580477402575,-3.345,3.566270109069));
#9419 = ADVANCED_FACE('',(#9420),#9438,.F.);
#9420 = FACE_BOUND('',#9421,.F.);
#9421 = EDGE_LOOP('',(#9422,#9423,#9432,#9437));
#9422 = ORIENTED_EDGE('',*,*,#9405,.F.);
#9423 = ORIENTED_EDGE('',*,*,#9424,.T.);
#9424 = EDGE_CURVE('',#9397,#9425,#9427,.T.);
#9425 = VERTEX_POINT('',#9426);
#9426 = CARTESIAN_POINT('',(-4.536027751654,-3.355,3.544608485811));
#9427 = B_SPLINE_CURVE_WITH_KNOTS('',3,(#9428,#9429,#9430,#9431),
  .UNSPECIFIED.,.F.,.F.,(4,4),(3.,4.),.PIECEWISE_BEZIER_KNOTS.);
#9428 = CARTESIAN_POINT('',(-4.580477402575,-3.355,3.566270109069));
#9429 = CARTESIAN_POINT('',(-4.558122607375,-3.355,3.557952045738));
#9430 = CARTESIAN_POINT('',(-4.543306057068,-3.355,3.550673740323));
#9431 = CARTESIAN_POINT('',(-4.536027751654,-3.355,3.544608485811));
#9432 = ORIENTED_EDGE('',*,*,#9433,.T.);
#9433 = EDGE_CURVE('',#9425,#1002,#9434,.T.);
#9434 = B_SPLINE_CURVE_WITH_KNOTS('',1,(#9435,#9436),.UNSPECIFIED.,.F.,
  .F.,(2,2),(0.,1.E-02),.PIECEWISE_BEZIER_KNOTS.);
#9435 = CARTESIAN_POINT('',(-4.536027751654,-3.355,3.544608485811));
#9436 = CARTESIAN_POINT('',(-4.536027751654,-3.345,3.544608485811));
#9437 = ORIENTED_EDGE('',*,*,#1010,.F.);
#9438 = B_SPLINE_SURFACE_WITH_KNOTS('',3,1,(
    (#9439,#9440)
    ,(#9441,#9442)
    ,(#9443,#9444)
    ,(#9445,#9446
    )),.UNSPECIFIED.,.F.,.F.,.F.,(4,4),(2,2),(3.,4.),(0.,1.),
  .PIECEWISE_BEZIER_KNOTS.);
#9439 = CARTESIAN_POINT('',(-4.580477402575,-3.355,3.566270109069));
#9440 = CARTESIAN_POINT('',(-4.580477402575,-3.345,3.566270109069));
#9441 = CARTESIAN_POINT('',(-4.558122607375,-3.355,3.557952045738));
#9442 = CARTESIAN_POINT('',(-4.558122607375,-3.345,3.557952045738));
#9443 = CARTESIAN_POINT('',(-4.543306057068,-3.355,3.550673740323));
#9444 = CARTESIAN_POINT('',(-4.543306057068,-3.345,3.550673740323));
#9445 = CARTESIAN_POINT('',(-4.536027751654,-3.355,3.544608485811));
#9446 = CARTESIAN_POINT('',(-4.536027751654,-3.345,3.544608485811));
#9447 = ADVANCED_FACE('',(#9448),#9466,.F.);
#9448 = FACE_BOUND('',#9449,.F.);
#9449 = EDGE_LOOP('',(#9450,#9451,#9460,#9465));
#9450 = ORIENTED_EDGE('',*,*,#9433,.F.);
#9451 = ORIENTED_EDGE('',*,*,#9452,.T.);
#9452 = EDGE_CURVE('',#9425,#9453,#9455,.T.);
#9453 = VERTEX_POINT('',#9454);
#9454 = CARTESIAN_POINT('',(-4.525110293532,-3.355,3.521560518667));
#9455 = B_SPLINE_CURVE_WITH_KNOTS('',3,(#9456,#9457,#9458,#9459),
  .UNSPECIFIED.,.F.,.F.,(4,4),(2.,3.),.PIECEWISE_BEZIER_KNOTS.);
#9456 = CARTESIAN_POINT('',(-4.536027751654,-3.355,3.544608485811));
#9457 = CARTESIAN_POINT('',(-4.528749446239,-3.355,3.538543231299));
#9458 = CARTESIAN_POINT('',(-4.525110293532,-3.355,3.530918339915));
#9459 = CARTESIAN_POINT('',(-4.525110293532,-3.355,3.521560518667));
#9460 = ORIENTED_EDGE('',*,*,#9461,.T.);
#9461 = EDGE_CURVE('',#9453,#993,#9462,.T.);
#9462 = B_SPLINE_CURVE_WITH_KNOTS('',1,(#9463,#9464),.UNSPECIFIED.,.F.,
  .F.,(2,2),(0.,1.E-02),.PIECEWISE_BEZIER_KNOTS.);
#9463 = CARTESIAN_POINT('',(-4.525110293532,-3.355,3.521560518667));
#9464 = CARTESIAN_POINT('',(-4.525110293532,-3.345,3.521560518667));
#9465 = ORIENTED_EDGE('',*,*,#1001,.F.);
#9466 = B_SPLINE_SURFACE_WITH_KNOTS('',3,1,(
    (#9467,#9468)
    ,(#9469,#9470)
    ,(#9471,#9472)
    ,(#9473,#9474
    )),.UNSPECIFIED.,.F.,.F.,.F.,(4,4),(2,2),(2.,3.),(0.,1.),
  .PIECEWISE_BEZIER_KNOTS.);
#9467 = CARTESIAN_POINT('',(-4.536027751654,-3.355,3.544608485811));
#9468 = CARTESIAN_POINT('',(-4.536027751654,-3.345,3.544608485811));
#9469 = CARTESIAN_POINT('',(-4.528749446239,-3.355,3.538543231299));
#9470 = CARTESIAN_POINT('',(-4.528749446239,-3.345,3.538543231299));
#9471 = CARTESIAN_POINT('',(-4.525110293532,-3.355,3.530918339915));
#9472 = CARTESIAN_POINT('',(-4.525110293532,-3.345,3.530918339915));
#9473 = CARTESIAN_POINT('',(-4.525110293532,-3.355,3.521560518667));
#9474 = CARTESIAN_POINT('',(-4.525110293532,-3.345,3.521560518667));
#9475 = ADVANCED_FACE('',(#9476),#9488,.F.);
#9476 = FACE_BOUND('',#9477,.F.);
#9477 = EDGE_LOOP('',(#9478,#9479,#9486,#9487));
#9478 = ORIENTED_EDGE('',*,*,#9461,.F.);
#9479 = ORIENTED_EDGE('',*,*,#9480,.T.);
#9480 = EDGE_CURVE('',#9453,#8926,#9481,.T.);
#9481 = B_SPLINE_CURVE_WITH_KNOTS('',3,(#9482,#9483,#9484,#9485),
  .UNSPECIFIED.,.F.,.F.,(4,4),(1.,2.),.PIECEWISE_BEZIER_KNOTS.);
#9482 = CARTESIAN_POINT('',(-4.525110293532,-3.355,3.521560518667));
#9483 = CARTESIAN_POINT('',(-4.525110293532,-3.355,3.499725602424));
#9484 = CARTESIAN_POINT('',(-4.541833066686,-3.355,3.488808144303));
#9485 = CARTESIAN_POINT('',(-4.575191966501,-3.355,3.488808144303));
#9486 = ORIENTED_EDGE('',*,*,#8925,.T.);
#9487 = ORIENTED_EDGE('',*,*,#992,.F.);
#9488 = B_SPLINE_SURFACE_WITH_KNOTS('',3,1,(
    (#9489,#9490)
    ,(#9491,#9492)
    ,(#9493,#9494)
    ,(#9495,#9496
    )),.UNSPECIFIED.,.F.,.F.,.F.,(4,4),(2,2),(1.,2.),(0.,1.),
  .PIECEWISE_BEZIER_KNOTS.);
#9489 = CARTESIAN_POINT('',(-4.525110293532,-3.355,3.521560518667));
#9490 = CARTESIAN_POINT('',(-4.525110293532,-3.345,3.521560518667));
#9491 = CARTESIAN_POINT('',(-4.525110293532,-3.355,3.499725602424));
#9492 = CARTESIAN_POINT('',(-4.525110293532,-3.345,3.499725602424));
#9493 = CARTESIAN_POINT('',(-4.541833066686,-3.355,3.488808144303));
#9494 = CARTESIAN_POINT('',(-4.541833066686,-3.345,3.488808144303));
#9495 = CARTESIAN_POINT('',(-4.575191966501,-3.355,3.488808144303));
#9496 = CARTESIAN_POINT('',(-4.575191966501,-3.345,3.488808144303));
#9497 = ADVANCED_FACE('',(#9498),#9521,.F.);
#9498 = FACE_BOUND('',#9499,.T.);
#9499 = EDGE_LOOP('',(#9500,#9501,#9502,#9503,#9504,#9505,#9506,#9507,
    #9508,#9509,#9510,#9511,#9512,#9513,#9514,#9515,#9516,#9517,#9518,
    #9519,#9520));
#9500 = ORIENTED_EDGE('',*,*,#8932,.T.);
#9501 = ORIENTED_EDGE('',*,*,#8967,.T.);
#9502 = ORIENTED_EDGE('',*,*,#8982,.T.);
#9503 = ORIENTED_EDGE('',*,*,#9010,.T.);
#9504 = ORIENTED_EDGE('',*,*,#9038,.T.);
#9505 = ORIENTED_EDGE('',*,*,#9066,.T.);
#9506 = ORIENTED_EDGE('',*,*,#9094,.T.);
#9507 = ORIENTED_EDGE('',*,*,#9122,.T.);
#9508 = ORIENTED_EDGE('',*,*,#9150,.T.);
#9509 = ORIENTED_EDGE('',*,*,#9178,.T.);
#9510 = ORIENTED_EDGE('',*,*,#9206,.T.);
#9511 = ORIENTED_EDGE('',*,*,#9234,.T.);
#9512 = ORIENTED_EDGE('',*,*,#9269,.T.);
#9513 = ORIENTED_EDGE('',*,*,#9284,.T.);
#9514 = ORIENTED_EDGE('',*,*,#9312,.T.);
#9515 = ORIENTED_EDGE('',*,*,#9340,.T.);
#9516 = ORIENTED_EDGE('',*,*,#9368,.T.);
#9517 = ORIENTED_EDGE('',*,*,#9396,.T.);
#9518 = ORIENTED_EDGE('',*,*,#9424,.T.);
#9519 = ORIENTED_EDGE('',*,*,#9452,.T.);
#9520 = ORIENTED_EDGE('',*,*,#9480,.T.);
#9521 = B_SPLINE_SURFACE_WITH_KNOTS('',1,1,(
    (#9522,#9523)
    ,(#9524,#9525
    )),.UNSPECIFIED.,.F.,.F.,.F.,(2,2),(2,2),(-4.050723548961E-02,
    0.21284711012),(-3.368382416375E-02,0.129818108177),
  .PIECEWISE_BEZIER_KNOTS.);
#9522 = CARTESIAN_POINT('',(-4.64502903988,-3.355,3.454149547093));
#9523 = CARTESIAN_POINT('',(-4.48152710754,-3.355,3.454149547093));
#9524 = CARTESIAN_POINT('',(-4.64502903988,-3.355,3.707503892702));
#9525 = CARTESIAN_POINT('',(-4.48152710754,-3.355,3.707503892702));
#9526 = ADVANCED_FACE('',(#9527),#9549,.F.);
#9527 = FACE_BOUND('',#9528,.T.);
#9528 = EDGE_LOOP('',(#9529,#9530,#9537,#9544));
#9529 = ORIENTED_EDGE('',*,*,#261,.T.);
#9530 = ORIENTED_EDGE('',*,*,#9531,.F.);
#9531 = EDGE_CURVE('',#9532,#264,#9534,.T.);
#9532 = VERTEX_POINT('',#9533);
#9533 = CARTESIAN_POINT('',(-4.271062775977,-3.355,3.701958517148));
#9534 = B_SPLINE_CURVE_WITH_KNOTS('',1,(#9535,#9536),.UNSPECIFIED.,.F.,
  .F.,(2,2),(0.,1.E-02),.PIECEWISE_BEZIER_KNOTS.);
#9535 = CARTESIAN_POINT('',(-4.271062775977,-3.355,3.701958517148));
#9536 = CARTESIAN_POINT('',(-4.271062775977,-3.345,3.701958517148));
#9537 = ORIENTED_EDGE('',*,*,#9538,.F.);
#9538 = EDGE_CURVE('',#9539,#9532,#9541,.T.);
#9539 = VERTEX_POINT('',#9540);
#9540 = CARTESIAN_POINT('',(-4.227046357521,-3.355,3.701958517148));
#9541 = B_SPLINE_CURVE_WITH_KNOTS('',1,(#9542,#9543),.UNSPECIFIED.,.F.,
  .F.,(2,2),(-4.401641845579E-02,-0.),.PIECEWISE_BEZIER_KNOTS.);
#9542 = CARTESIAN_POINT('',(-4.227046357521,-3.355,3.701958517148));
#9543 = CARTESIAN_POINT('',(-4.271062775977,-3.355,3.701958517148));
#9544 = ORIENTED_EDGE('',*,*,#9545,.T.);
#9545 = EDGE_CURVE('',#9539,#262,#9546,.T.);
#9546 = B_SPLINE_CURVE_WITH_KNOTS('',1,(#9547,#9548),.UNSPECIFIED.,.F.,
  .F.,(2,2),(0.,1.E-02),.PIECEWISE_BEZIER_KNOTS.);
#9547 = CARTESIAN_POINT('',(-4.227046357521,-3.355,3.701958517148));
#9548 = CARTESIAN_POINT('',(-4.227046357521,-3.345,3.701958517148));
#9549 = B_SPLINE_SURFACE_WITH_KNOTS('',1,1,(
    (#9550,#9551)
    ,(#9552,#9553
    )),.UNSPECIFIED.,.F.,.F.,.F.,(2,2),(2,2),(-4.401641845579E-02,0.),(
    0.,1.E-02),.PIECEWISE_BEZIER_KNOTS.);
#9550 = CARTESIAN_POINT('',(-4.227046357521,-3.355,3.701958517148));
#9551 = CARTESIAN_POINT('',(-4.227046357521,-3.345,3.701958517148));
#9552 = CARTESIAN_POINT('',(-4.271062775977,-3.355,3.701958517148));
#9553 = CARTESIAN_POINT('',(-4.271062775977,-3.345,3.701958517148));
#9554 = ADVANCED_FACE('',(#9555),#9571,.F.);
#9555 = FACE_BOUND('',#9556,.T.);
#9556 = EDGE_LOOP('',(#9557,#9558,#9565,#9570));
#9557 = ORIENTED_EDGE('',*,*,#371,.T.);
#9558 = ORIENTED_EDGE('',*,*,#9559,.F.);
#9559 = EDGE_CURVE('',#9560,#363,#9562,.T.);
#9560 = VERTEX_POINT('',#9561);
#9561 = CARTESIAN_POINT('',(-4.337174050157,-3.355,3.51965429582));
#9562 = B_SPLINE_CURVE_WITH_KNOTS('',1,(#9563,#9564),.UNSPECIFIED.,.F.,
  .F.,(2,2),(0.,1.E-02),.PIECEWISE_BEZIER_KNOTS.);
#9563 = CARTESIAN_POINT('',(-4.337174050157,-3.355,3.51965429582));
#9564 = CARTESIAN_POINT('',(-4.337174050157,-3.345,3.51965429582));
#9565 = ORIENTED_EDGE('',*,*,#9566,.F.);
#9566 = EDGE_CURVE('',#9532,#9560,#9567,.T.);
#9567 = B_SPLINE_CURVE_WITH_KNOTS('',1,(#9568,#9569),.UNSPECIFIED.,.F.,
  .F.,(2,2),(-0.193921452366,0.),.PIECEWISE_BEZIER_KNOTS.);
#9568 = CARTESIAN_POINT('',(-4.271062775977,-3.355,3.701958517148));
#9569 = CARTESIAN_POINT('',(-4.337174050157,-3.355,3.51965429582));
#9570 = ORIENTED_EDGE('',*,*,#9531,.T.);
#9571 = B_SPLINE_SURFACE_WITH_KNOTS('',1,1,(
    (#9572,#9573)
    ,(#9574,#9575
    )),.UNSPECIFIED.,.F.,.F.,.F.,(2,2),(2,2),(-0.193921452366,0.),(
    -4.440892098501E-16,1.E-02),.PIECEWISE_BEZIER_KNOTS.);
#9572 = CARTESIAN_POINT('',(-4.271062775977,-3.355,3.701958517148));
#9573 = CARTESIAN_POINT('',(-4.271062775977,-3.345,3.701958517148));
#9574 = CARTESIAN_POINT('',(-4.337174050157,-3.355,3.51965429582));
#9575 = CARTESIAN_POINT('',(-4.337174050157,-3.345,3.51965429582));
#9576 = ADVANCED_FACE('',(#9577),#9595,.F.);
#9577 = FACE_BOUND('',#9578,.F.);
#9578 = EDGE_LOOP('',(#9579,#9580,#9589,#9594));
#9579 = ORIENTED_EDGE('',*,*,#9559,.F.);
#9580 = ORIENTED_EDGE('',*,*,#9581,.T.);
#9581 = EDGE_CURVE('',#9560,#9582,#9584,.T.);
#9582 = VERTEX_POINT('',#9583);
#9583 = CARTESIAN_POINT('',(-4.34237283974,-3.355,3.500072188396));
#9584 = B_SPLINE_CURVE_WITH_KNOTS('',3,(#9585,#9586,#9587,#9588),
  .UNSPECIFIED.,.F.,.F.,(4,4),(12.,13.),.PIECEWISE_BEZIER_KNOTS.);
#9585 = CARTESIAN_POINT('',(-4.337174050157,-3.355,3.51965429582));
#9586 = CARTESIAN_POINT('',(-4.339773444947,-3.355,3.511162939504));
#9587 = CARTESIAN_POINT('',(-4.341506374811,-3.355,3.504577806035));
#9588 = CARTESIAN_POINT('',(-4.34237283974,-3.355,3.500072188396));
#9589 = ORIENTED_EDGE('',*,*,#9590,.T.);
#9590 = EDGE_CURVE('',#9582,#356,#9591,.T.);
#9591 = B_SPLINE_CURVE_WITH_KNOTS('',1,(#9592,#9593),.UNSPECIFIED.,.F.,
  .F.,(2,2),(0.,1.E-02),.PIECEWISE_BEZIER_KNOTS.);
#9592 = CARTESIAN_POINT('',(-4.34237283974,-3.355,3.500072188396));
#9593 = CARTESIAN_POINT('',(-4.34237283974,-3.345,3.500072188396));
#9594 = ORIENTED_EDGE('',*,*,#362,.F.);
#9595 = B_SPLINE_SURFACE_WITH_KNOTS('',3,1,(
    (#9596,#9597)
    ,(#9598,#9599)
    ,(#9600,#9601)
    ,(#9602,#9603
    )),.UNSPECIFIED.,.F.,.F.,.F.,(4,4),(2,2),(12.,13.),(0.,1.),
  .PIECEWISE_BEZIER_KNOTS.);
#9596 = CARTESIAN_POINT('',(-4.337174050157,-3.355,3.51965429582));
#9597 = CARTESIAN_POINT('',(-4.337174050157,-3.345,3.51965429582));
#9598 = CARTESIAN_POINT('',(-4.339773444947,-3.355,3.511162939504));
#9599 = CARTESIAN_POINT('',(-4.339773444947,-3.345,3.511162939504));
#9600 = CARTESIAN_POINT('',(-4.341506374811,-3.355,3.504577806035));
#9601 = CARTESIAN_POINT('',(-4.341506374811,-3.345,3.504577806035));
#9602 = CARTESIAN_POINT('',(-4.34237283974,-3.355,3.500072188396));
#9603 = CARTESIAN_POINT('',(-4.34237283974,-3.345,3.500072188396));
#9604 = ADVANCED_FACE('',(#9605),#9621,.F.);
#9605 = FACE_BOUND('',#9606,.T.);
#9606 = EDGE_LOOP('',(#9607,#9608,#9615,#9620));
#9607 = ORIENTED_EDGE('',*,*,#355,.T.);
#9608 = ORIENTED_EDGE('',*,*,#9609,.F.);
#9609 = EDGE_CURVE('',#9610,#349,#9612,.T.);
#9610 = VERTEX_POINT('',#9611);
#9611 = CARTESIAN_POINT('',(-4.343499244148,-3.355,3.500072188396));
#9612 = B_SPLINE_CURVE_WITH_KNOTS('',1,(#9613,#9614),.UNSPECIFIED.,.F.,
  .F.,(2,2),(0.,1.E-02),.PIECEWISE_BEZIER_KNOTS.);
#9613 = CARTESIAN_POINT('',(-4.343499244148,-3.355,3.500072188396));
#9614 = CARTESIAN_POINT('',(-4.343499244148,-3.345,3.500072188396));
#9615 = ORIENTED_EDGE('',*,*,#9616,.F.);
#9616 = EDGE_CURVE('',#9582,#9610,#9617,.T.);
#9617 = B_SPLINE_CURVE_WITH_KNOTS('',1,(#9618,#9619),.UNSPECIFIED.,.F.,
  .F.,(2,2),(-1.126404408057E-03,-0.),.PIECEWISE_BEZIER_KNOTS.);
#9618 = CARTESIAN_POINT('',(-4.34237283974,-3.355,3.500072188396));
#9619 = CARTESIAN_POINT('',(-4.343499244148,-3.355,3.500072188396));
#9620 = ORIENTED_EDGE('',*,*,#9590,.T.);
#9621 = B_SPLINE_SURFACE_WITH_KNOTS('',1,1,(
    (#9622,#9623)
    ,(#9624,#9625
    )),.UNSPECIFIED.,.F.,.F.,.F.,(2,2),(2,2),(-1.126404408057E-03,0.),(
    0.,1.E-02),.PIECEWISE_BEZIER_KNOTS.);
#9622 = CARTESIAN_POINT('',(-4.34237283974,-3.355,3.500072188396));
#9623 = CARTESIAN_POINT('',(-4.34237283974,-3.345,3.500072188396));
#9624 = CARTESIAN_POINT('',(-4.343499244148,-3.355,3.500072188396));
#9625 = CARTESIAN_POINT('',(-4.343499244148,-3.345,3.500072188396));
#9626 = ADVANCED_FACE('',(#9627),#9643,.F.);
#9627 = FACE_BOUND('',#9628,.T.);
#9628 = EDGE_LOOP('',(#9629,#9630,#9637,#9642));
#9629 = ORIENTED_EDGE('',*,*,#348,.T.);
#9630 = ORIENTED_EDGE('',*,*,#9631,.F.);
#9631 = EDGE_CURVE('',#9632,#342,#9634,.T.);
#9632 = VERTEX_POINT('',#9633);
#9633 = CARTESIAN_POINT('',(-4.34869803373,-3.355,3.520000881792));
#9634 = B_SPLINE_CURVE_WITH_KNOTS('',1,(#9635,#9636),.UNSPECIFIED.,.F.,
  .F.,(2,2),(0.,1.E-02),.PIECEWISE_BEZIER_KNOTS.);
#9635 = CARTESIAN_POINT('',(-4.34869803373,-3.355,3.520000881792));
#9636 = CARTESIAN_POINT('',(-4.34869803373,-3.345,3.520000881792));
#9637 = ORIENTED_EDGE('',*,*,#9638,.F.);
#9638 = EDGE_CURVE('',#9610,#9632,#9639,.T.);
#9639 = B_SPLINE_CURVE_WITH_KNOTS('',1,(#9640,#9641),.UNSPECIFIED.,.F.,
  .F.,(2,2),(-2.059563627603E-02,0.),.PIECEWISE_BEZIER_KNOTS.);
#9640 = CARTESIAN_POINT('',(-4.343499244148,-3.355,3.500072188396));
#9641 = CARTESIAN_POINT('',(-4.34869803373,-3.355,3.520000881792));
#9642 = ORIENTED_EDGE('',*,*,#9609,.T.);
#9643 = B_SPLINE_SURFACE_WITH_KNOTS('',1,1,(
    (#9644,#9645)
    ,(#9646,#9647
    )),.UNSPECIFIED.,.F.,.F.,.F.,(2,2),(2,2),(-2.059563627603E-02,0.),(
    0.,1.E-02),.PIECEWISE_BEZIER_KNOTS.);
#9644 = CARTESIAN_POINT('',(-4.343499244148,-3.355,3.500072188396));
#9645 = CARTESIAN_POINT('',(-4.343499244148,-3.345,3.500072188396));
#9646 = CARTESIAN_POINT('',(-4.34869803373,-3.355,3.520000881792));
#9647 = CARTESIAN_POINT('',(-4.34869803373,-3.345,3.520000881792));
#9648 = ADVANCED_FACE('',(#9649),#9665,.F.);
#9649 = FACE_BOUND('',#9650,.T.);
#9650 = EDGE_LOOP('',(#9651,#9652,#9659,#9664));
#9651 = ORIENTED_EDGE('',*,*,#341,.T.);
#9652 = ORIENTED_EDGE('',*,*,#9653,.F.);
#9653 = EDGE_CURVE('',#9654,#335,#9656,.T.);
#9654 = VERTEX_POINT('',#9655);
#9655 = CARTESIAN_POINT('',(-4.411949973639,-3.355,3.701958517148));
#9656 = B_SPLINE_CURVE_WITH_KNOTS('',1,(#9657,#9658),.UNSPECIFIED.,.F.,
  .F.,(2,2),(0.,1.E-02),.PIECEWISE_BEZIER_KNOTS.);
#9657 = CARTESIAN_POINT('',(-4.411949973639,-3.355,3.701958517148));
#9658 = CARTESIAN_POINT('',(-4.411949973639,-3.345,3.701958517148));
#9659 = ORIENTED_EDGE('',*,*,#9660,.F.);
#9660 = EDGE_CURVE('',#9632,#9654,#9661,.T.);
#9661 = B_SPLINE_CURVE_WITH_KNOTS('',1,(#9662,#9663),.UNSPECIFIED.,.F.,
  .F.,(2,2),(-0.192637973844,0.),.PIECEWISE_BEZIER_KNOTS.);
#9662 = CARTESIAN_POINT('',(-4.34869803373,-3.355,3.520000881792));
#9663 = CARTESIAN_POINT('',(-4.411949973639,-3.355,3.701958517148));
#9664 = ORIENTED_EDGE('',*,*,#9631,.T.);
#9665 = B_SPLINE_SURFACE_WITH_KNOTS('',1,1,(
    (#9666,#9667)
    ,(#9668,#9669
    )),.UNSPECIFIED.,.F.,.F.,.F.,(2,2),(2,2),(-0.192637973844,0.),(0.,
    1.E-02),.PIECEWISE_BEZIER_KNOTS.);
#9666 = CARTESIAN_POINT('',(-4.34869803373,-3.355,3.520000881792));
#9667 = CARTESIAN_POINT('',(-4.34869803373,-3.345,3.520000881792));
#9668 = CARTESIAN_POINT('',(-4.411949973639,-3.355,3.701958517148));
#9669 = CARTESIAN_POINT('',(-4.411949973639,-3.345,3.701958517148));
#9670 = ADVANCED_FACE('',(#9671),#9687,.F.);
#9671 = FACE_BOUND('',#9672,.T.);
#9672 = EDGE_LOOP('',(#9673,#9674,#9681,#9686));
#9673 = ORIENTED_EDGE('',*,*,#334,.T.);
#9674 = ORIENTED_EDGE('',*,*,#9675,.F.);
#9675 = EDGE_CURVE('',#9676,#328,#9678,.T.);
#9676 = VERTEX_POINT('',#9677);
#9677 = CARTESIAN_POINT('',(-4.459432251818,-3.355,3.701958517148));
#9678 = B_SPLINE_CURVE_WITH_KNOTS('',1,(#9679,#9680),.UNSPECIFIED.,.F.,
  .F.,(2,2),(0.,1.E-02),.PIECEWISE_BEZIER_KNOTS.);
#9679 = CARTESIAN_POINT('',(-4.459432251818,-3.355,3.701958517148));
#9680 = CARTESIAN_POINT('',(-4.459432251818,-3.345,3.701958517148));
#9681 = ORIENTED_EDGE('',*,*,#9682,.F.);
#9682 = EDGE_CURVE('',#9654,#9676,#9683,.T.);
#9683 = B_SPLINE_CURVE_WITH_KNOTS('',1,(#9684,#9685),.UNSPECIFIED.,.F.,
  .F.,(2,2),(-4.748227817866E-02,-0.),.PIECEWISE_BEZIER_KNOTS.);
#9684 = CARTESIAN_POINT('',(-4.411949973639,-3.355,3.701958517148));
#9685 = CARTESIAN_POINT('',(-4.459432251818,-3.355,3.701958517148));
#9686 = ORIENTED_EDGE('',*,*,#9653,.T.);
#9687 = B_SPLINE_SURFACE_WITH_KNOTS('',1,1,(
    (#9688,#9689)
    ,(#9690,#9691
    )),.UNSPECIFIED.,.F.,.F.,.F.,(2,2),(2,2),(-4.748227817866E-02,0.),(
    0.,1.E-02),.PIECEWISE_BEZIER_KNOTS.);
#9688 = CARTESIAN_POINT('',(-4.411949973639,-3.355,3.701958517148));
#9689 = CARTESIAN_POINT('',(-4.411949973639,-3.345,3.701958517148));
#9690 = CARTESIAN_POINT('',(-4.459432251818,-3.355,3.701958517148));
#9691 = CARTESIAN_POINT('',(-4.459432251818,-3.345,3.701958517148));
#9692 = ADVANCED_FACE('',(#9693),#9709,.F.);
#9693 = FACE_BOUND('',#9694,.T.);
#9694 = EDGE_LOOP('',(#9695,#9696,#9703,#9708));
#9695 = ORIENTED_EDGE('',*,*,#327,.T.);
#9696 = ORIENTED_EDGE('',*,*,#9697,.F.);
#9697 = EDGE_CURVE('',#9698,#321,#9700,.T.);
#9698 = VERTEX_POINT('',#9699);
#9699 = CARTESIAN_POINT('',(-4.364467695461,-3.355,3.460388094591));
#9700 = B_SPLINE_CURVE_WITH_KNOTS('',1,(#9701,#9702),.UNSPECIFIED.,.F.,
  .F.,(2,2),(0.,1.E-02),.PIECEWISE_BEZIER_KNOTS.);
#9701 = CARTESIAN_POINT('',(-4.364467695461,-3.355,3.460388094591));
#9702 = CARTESIAN_POINT('',(-4.364467695461,-3.345,3.460388094591));
#9703 = ORIENTED_EDGE('',*,*,#9704,.F.);
#9704 = EDGE_CURVE('',#9676,#9698,#9705,.T.);
#9705 = B_SPLINE_CURVE_WITH_KNOTS('',1,(#9706,#9707),.UNSPECIFIED.,.F.,
  .F.,(2,2),(-0.259566053286,0.),.PIECEWISE_BEZIER_KNOTS.);
#9706 = CARTESIAN_POINT('',(-4.459432251818,-3.355,3.701958517148));
#9707 = CARTESIAN_POINT('',(-4.364467695461,-3.355,3.460388094591));
#9708 = ORIENTED_EDGE('',*,*,#9675,.T.);
#9709 = B_SPLINE_SURFACE_WITH_KNOTS('',1,1,(
    (#9710,#9711)
    ,(#9712,#9713
    )),.UNSPECIFIED.,.F.,.F.,.F.,(2,2),(2,2),(-0.259566053286,0.),(0.,
    1.E-02),.PIECEWISE_BEZIER_KNOTS.);
#9710 = CARTESIAN_POINT('',(-4.459432251818,-3.355,3.701958517148));
#9711 = CARTESIAN_POINT('',(-4.459432251818,-3.345,3.701958517148));
#9712 = CARTESIAN_POINT('',(-4.364467695461,-3.355,3.460388094591));
#9713 = CARTESIAN_POINT('',(-4.364467695461,-3.345,3.460388094591));
#9714 = ADVANCED_FACE('',(#9715),#9731,.F.);
#9715 = FACE_BOUND('',#9716,.T.);
#9716 = EDGE_LOOP('',(#9717,#9718,#9725,#9730));
#9717 = ORIENTED_EDGE('',*,*,#320,.T.);
#9718 = ORIENTED_EDGE('',*,*,#9719,.F.);
#9719 = EDGE_CURVE('',#9720,#312,#9722,.T.);
#9720 = VERTEX_POINT('',#9721);
#9721 = CARTESIAN_POINT('',(-4.383096691462,-3.355,3.416371676133));
#9722 = B_SPLINE_CURVE_WITH_KNOTS('',1,(#9723,#9724),.UNSPECIFIED.,.F.,
  .F.,(2,2),(0.,1.E-02),.PIECEWISE_BEZIER_KNOTS.);
#9723 = CARTESIAN_POINT('',(-4.383096691462,-3.355,3.416371676133));
#9724 = CARTESIAN_POINT('',(-4.383096691462,-3.345,3.416371676133));
#9725 = ORIENTED_EDGE('',*,*,#9726,.F.);
#9726 = EDGE_CURVE('',#9698,#9720,#9727,.T.);
#9727 = B_SPLINE_CURVE_WITH_KNOTS('',1,(#9728,#9729),.UNSPECIFIED.,.F.,
  .F.,(2,2),(-4.779628213468E-02,-3.461748799309E-16),
  .PIECEWISE_BEZIER_KNOTS.);
#9728 = CARTESIAN_POINT('',(-4.364467695461,-3.355,3.460388094591));
#9729 = CARTESIAN_POINT('',(-4.383096691462,-3.355,3.416371676133));
#9730 = ORIENTED_EDGE('',*,*,#9697,.T.);
#9731 = B_SPLINE_SURFACE_WITH_KNOTS('',1,1,(
    (#9732,#9733)
    ,(#9734,#9735
    )),.UNSPECIFIED.,.F.,.F.,.F.,(2,2),(2,2),(-4.779628213468E-02,
    -3.06727044769E-16),(-4.440892098501E-16,1.E-02),
  .PIECEWISE_BEZIER_KNOTS.);
#9732 = CARTESIAN_POINT('',(-4.364467695461,-3.355,3.460388094591));
#9733 = CARTESIAN_POINT('',(-4.364467695461,-3.345,3.460388094591));
#9734 = CARTESIAN_POINT('',(-4.383096691462,-3.355,3.416371676133));
#9735 = CARTESIAN_POINT('',(-4.383096691462,-3.345,3.416371676133));
#9736 = ADVANCED_FACE('',(#9737),#9755,.F.);
#9737 = FACE_BOUND('',#9738,.F.);
#9738 = EDGE_LOOP('',(#9739,#9740,#9749,#9754));
#9739 = ORIENTED_EDGE('',*,*,#9719,.F.);
#9740 = ORIENTED_EDGE('',*,*,#9741,.T.);
#9741 = EDGE_CURVE('',#9720,#9742,#9744,.T.);
#9742 = VERTEX_POINT('',#9743);
#9743 = CARTESIAN_POINT('',(-4.426593230961,-3.355,3.38223295788));
#9744 = B_SPLINE_CURVE_WITH_KNOTS('',3,(#9745,#9746,#9747,#9748),
  .UNSPECIFIED.,.F.,.F.,(4,4),(5.,6.),.PIECEWISE_BEZIER_KNOTS.);
#9745 = CARTESIAN_POINT('',(-4.383096691462,-3.355,3.416371676133));
#9746 = CARTESIAN_POINT('',(-4.392714452187,-3.355,3.393497001974));
#9747 = CARTESIAN_POINT('',(-4.407184416523,-3.355,3.38223295788));
#9748 = CARTESIAN_POINT('',(-4.426593230961,-3.355,3.38223295788));
#9749 = ORIENTED_EDGE('',*,*,#9750,.T.);
#9750 = EDGE_CURVE('',#9742,#303,#9751,.T.);
#9751 = B_SPLINE_CURVE_WITH_KNOTS('',1,(#9752,#9753),.UNSPECIFIED.,.F.,
  .F.,(2,2),(0.,1.E-02),.PIECEWISE_BEZIER_KNOTS.);
#9752 = CARTESIAN_POINT('',(-4.426593230961,-3.355,3.38223295788));
#9753 = CARTESIAN_POINT('',(-4.426593230961,-3.345,3.38223295788));
#9754 = ORIENTED_EDGE('',*,*,#311,.F.);
#9755 = B_SPLINE_SURFACE_WITH_KNOTS('',3,1,(
    (#9756,#9757)
    ,(#9758,#9759)
    ,(#9760,#9761)
    ,(#9762,#9763
    )),.UNSPECIFIED.,.F.,.F.,.F.,(4,4),(2,2),(5.,6.),(0.,1.),
  .PIECEWISE_BEZIER_KNOTS.);
#9756 = CARTESIAN_POINT('',(-4.383096691462,-3.355,3.416371676133));
#9757 = CARTESIAN_POINT('',(-4.383096691462,-3.345,3.416371676133));
#9758 = CARTESIAN_POINT('',(-4.392714452187,-3.355,3.393497001974));
#9759 = CARTESIAN_POINT('',(-4.392714452187,-3.345,3.393497001974));
#9760 = CARTESIAN_POINT('',(-4.407184416523,-3.355,3.38223295788));
#9761 = CARTESIAN_POINT('',(-4.407184416523,-3.345,3.38223295788));
#9762 = CARTESIAN_POINT('',(-4.426593230961,-3.355,3.38223295788));
#9763 = CARTESIAN_POINT('',(-4.426593230961,-3.345,3.38223295788));
#9764 = ADVANCED_FACE('',(#9765),#9783,.F.);
#9765 = FACE_BOUND('',#9766,.F.);
#9766 = EDGE_LOOP('',(#9767,#9768,#9777,#9782));
#9767 = ORIENTED_EDGE('',*,*,#9750,.F.);
#9768 = ORIENTED_EDGE('',*,*,#9769,.T.);
#9769 = EDGE_CURVE('',#9742,#9770,#9772,.T.);
#9770 = VERTEX_POINT('',#9771);
#9771 = CARTESIAN_POINT('',(-4.450680956022,-3.355,3.387085161491));
#9772 = B_SPLINE_CURVE_WITH_KNOTS('',3,(#9773,#9774,#9775,#9776),
  .UNSPECIFIED.,.F.,.F.,(4,4),(4.,5.),.PIECEWISE_BEZIER_KNOTS.);
#9773 = CARTESIAN_POINT('',(-4.426593230961,-3.355,3.38223295788));
#9774 = CARTESIAN_POINT('',(-4.434391415333,-3.355,3.38223295788));
#9775 = CARTESIAN_POINT('',(-4.442362892692,-3.355,3.383792594755));
#9776 = CARTESIAN_POINT('',(-4.450680956022,-3.355,3.387085161491));
#9777 = ORIENTED_EDGE('',*,*,#9778,.T.);
#9778 = EDGE_CURVE('',#9770,#296,#9779,.T.);
#9779 = B_SPLINE_CURVE_WITH_KNOTS('',1,(#9780,#9781),.UNSPECIFIED.,.F.,
  .F.,(2,2),(0.,1.E-02),.PIECEWISE_BEZIER_KNOTS.);
#9780 = CARTESIAN_POINT('',(-4.450680956022,-3.355,3.387085161491));
#9781 = CARTESIAN_POINT('',(-4.450680956022,-3.345,3.387085161491));
#9782 = ORIENTED_EDGE('',*,*,#302,.F.);
#9783 = B_SPLINE_SURFACE_WITH_KNOTS('',3,1,(
    (#9784,#9785)
    ,(#9786,#9787)
    ,(#9788,#9789)
    ,(#9790,#9791
    )),.UNSPECIFIED.,.F.,.F.,.F.,(4,4),(2,2),(4.,5.),(0.,1.),
  .PIECEWISE_BEZIER_KNOTS.);
#9784 = CARTESIAN_POINT('',(-4.426593230961,-3.355,3.38223295788));
#9785 = CARTESIAN_POINT('',(-4.426593230961,-3.345,3.38223295788));
#9786 = CARTESIAN_POINT('',(-4.434391415333,-3.355,3.38223295788));
#9787 = CARTESIAN_POINT('',(-4.434391415333,-3.345,3.38223295788));
#9788 = CARTESIAN_POINT('',(-4.442362892692,-3.355,3.383792594755));
#9789 = CARTESIAN_POINT('',(-4.442362892692,-3.345,3.383792594755));
#9790 = CARTESIAN_POINT('',(-4.450680956022,-3.355,3.387085161491));
#9791 = CARTESIAN_POINT('',(-4.450680956022,-3.345,3.387085161491));
#9792 = ADVANCED_FACE('',(#9793),#9809,.F.);
#9793 = FACE_BOUND('',#9794,.T.);
#9794 = EDGE_LOOP('',(#9795,#9796,#9803,#9808));
#9795 = ORIENTED_EDGE('',*,*,#295,.T.);
#9796 = ORIENTED_EDGE('',*,*,#9797,.F.);
#9797 = EDGE_CURVE('',#9798,#287,#9800,.T.);
#9798 = VERTEX_POINT('',#9799);
#9799 = CARTESIAN_POINT('',(-4.450680956022,-3.355,3.34930729053));
#9800 = B_SPLINE_CURVE_WITH_KNOTS('',1,(#9801,#9802),.UNSPECIFIED.,.F.,
  .F.,(2,2),(0.,1.E-02),.PIECEWISE_BEZIER_KNOTS.);
#9801 = CARTESIAN_POINT('',(-4.450680956022,-3.355,3.34930729053));
#9802 = CARTESIAN_POINT('',(-4.450680956022,-3.345,3.34930729053));
#9803 = ORIENTED_EDGE('',*,*,#9804,.F.);
#9804 = EDGE_CURVE('',#9770,#9798,#9805,.T.);
#9805 = B_SPLINE_CURVE_WITH_KNOTS('',1,(#9806,#9807),.UNSPECIFIED.,.F.,
  .F.,(2,2),(-3.777787096036E-02,0.),.PIECEWISE_BEZIER_KNOTS.);
#9806 = CARTESIAN_POINT('',(-4.450680956022,-3.355,3.387085161491));
#9807 = CARTESIAN_POINT('',(-4.450680956022,-3.355,3.34930729053));
#9808 = ORIENTED_EDGE('',*,*,#9778,.T.);
#9809 = B_SPLINE_SURFACE_WITH_KNOTS('',1,1,(
    (#9810,#9811)
    ,(#9812,#9813
    )),.UNSPECIFIED.,.F.,.F.,.F.,(2,2),(2,2),(-3.777787096036E-02,0.),(
    -4.440892098501E-16,1.E-02),.PIECEWISE_BEZIER_KNOTS.);
#9810 = CARTESIAN_POINT('',(-4.450680956022,-3.355,3.387085161491));
#9811 = CARTESIAN_POINT('',(-4.450680956022,-3.345,3.387085161491));
#9812 = CARTESIAN_POINT('',(-4.450680956022,-3.355,3.34930729053));
#9813 = CARTESIAN_POINT('',(-4.450680956022,-3.345,3.34930729053));
#9814 = ADVANCED_FACE('',(#9815),#9833,.F.);
#9815 = FACE_BOUND('',#9816,.F.);
#9816 = EDGE_LOOP('',(#9817,#9818,#9827,#9832));
#9817 = ORIENTED_EDGE('',*,*,#9797,.F.);
#9818 = ORIENTED_EDGE('',*,*,#9819,.T.);
#9819 = EDGE_CURVE('',#9798,#9820,#9822,.T.);
#9820 = VERTEX_POINT('',#9821);
#9821 = CARTESIAN_POINT('',(-4.423300664226,-3.355,3.345841430809));
#9822 = B_SPLINE_CURVE_WITH_KNOTS('',3,(#9823,#9824,#9825,#9826),
  .UNSPECIFIED.,.F.,.F.,(4,4),(2.,3.),.PIECEWISE_BEZIER_KNOTS.);
#9823 = CARTESIAN_POINT('',(-4.450680956022,-3.355,3.34930729053));
#9824 = CARTESIAN_POINT('',(-4.443142711129,-3.355,3.347054481712));
#9825 = CARTESIAN_POINT('',(-4.433958182868,-3.355,3.345841430809));
#9826 = CARTESIAN_POINT('',(-4.423300664226,-3.355,3.345841430809));
#9827 = ORIENTED_EDGE('',*,*,#9828,.T.);
#9828 = EDGE_CURVE('',#9820,#278,#9829,.T.);
#9829 = B_SPLINE_CURVE_WITH_KNOTS('',1,(#9830,#9831),.UNSPECIFIED.,.F.,
  .F.,(2,2),(0.,1.E-02),.PIECEWISE_BEZIER_KNOTS.);
#9830 = CARTESIAN_POINT('',(-4.423300664226,-3.355,3.345841430809));
#9831 = CARTESIAN_POINT('',(-4.423300664226,-3.345,3.345841430809));
#9832 = ORIENTED_EDGE('',*,*,#286,.F.);
#9833 = B_SPLINE_SURFACE_WITH_KNOTS('',3,1,(
    (#9834,#9835)
    ,(#9836,#9837)
    ,(#9838,#9839)
    ,(#9840,#9841
    )),.UNSPECIFIED.,.F.,.F.,.F.,(4,4),(2,2),(2.,3.),(0.,1.),
  .PIECEWISE_BEZIER_KNOTS.);
#9834 = CARTESIAN_POINT('',(-4.450680956022,-3.355,3.34930729053));
#9835 = CARTESIAN_POINT('',(-4.450680956022,-3.345,3.34930729053));
#9836 = CARTESIAN_POINT('',(-4.443142711129,-3.355,3.347054481712));
#9837 = CARTESIAN_POINT('',(-4.443142711129,-3.345,3.347054481712));
#9838 = CARTESIAN_POINT('',(-4.433958182868,-3.355,3.345841430809));
#9839 = CARTESIAN_POINT('',(-4.433958182868,-3.345,3.345841430809));
#9840 = CARTESIAN_POINT('',(-4.423300664226,-3.355,3.345841430809));
#9841 = CARTESIAN_POINT('',(-4.423300664226,-3.345,3.345841430809));
#9842 = ADVANCED_FACE('',(#9843),#9861,.F.);
#9843 = FACE_BOUND('',#9844,.F.);
#9844 = EDGE_LOOP('',(#9845,#9846,#9855,#9860));
#9845 = ORIENTED_EDGE('',*,*,#9828,.F.);
#9846 = ORIENTED_EDGE('',*,*,#9847,.T.);
#9847 = EDGE_CURVE('',#9820,#9848,#9850,.T.);
#9848 = VERTEX_POINT('',#9849);
#9849 = CARTESIAN_POINT('',(-4.336914110678,-3.355,3.423303395576));
#9850 = B_SPLINE_CURVE_WITH_KNOTS('',3,(#9851,#9852,#9853,#9854),
  .UNSPECIFIED.,.F.,.F.,(4,4),(1.,2.),.PIECEWISE_BEZIER_KNOTS.);
#9851 = CARTESIAN_POINT('',(-4.423300664226,-3.355,3.345841430809));
#9852 = CARTESIAN_POINT('',(-4.386129318718,-3.355,3.345841430809));
#9853 = CARTESIAN_POINT('',(-4.357362683033,-3.355,3.371662085731));
#9854 = CARTESIAN_POINT('',(-4.336914110678,-3.355,3.423303395576));
#9855 = ORIENTED_EDGE('',*,*,#9856,.T.);
#9856 = EDGE_CURVE('',#9848,#271,#9857,.T.);
#9857 = B_SPLINE_CURVE_WITH_KNOTS('',1,(#9858,#9859),.UNSPECIFIED.,.F.,
  .F.,(2,2),(0.,1.E-02),.PIECEWISE_BEZIER_KNOTS.);
#9858 = CARTESIAN_POINT('',(-4.336914110678,-3.355,3.423303395576));
#9859 = CARTESIAN_POINT('',(-4.336914110678,-3.345,3.423303395576));
#9860 = ORIENTED_EDGE('',*,*,#277,.F.);
#9861 = B_SPLINE_SURFACE_WITH_KNOTS('',3,1,(
    (#9862,#9863)
    ,(#9864,#9865)
    ,(#9866,#9867)
    ,(#9868,#9869
    )),.UNSPECIFIED.,.F.,.F.,.F.,(4,4),(2,2),(1.,2.),(0.,1.),
  .PIECEWISE_BEZIER_KNOTS.);
#9862 = CARTESIAN_POINT('',(-4.423300664226,-3.355,3.345841430809));
#9863 = CARTESIAN_POINT('',(-4.423300664226,-3.345,3.345841430809));
#9864 = CARTESIAN_POINT('',(-4.386129318718,-3.355,3.345841430809));
#9865 = CARTESIAN_POINT('',(-4.386129318718,-3.345,3.345841430809));
#9866 = CARTESIAN_POINT('',(-4.357362683033,-3.355,3.371662085731));
#9867 = CARTESIAN_POINT('',(-4.357362683033,-3.345,3.371662085731));
#9868 = CARTESIAN_POINT('',(-4.336914110678,-3.355,3.423303395576));
#9869 = CARTESIAN_POINT('',(-4.336914110678,-3.345,3.423303395576));
#9870 = ADVANCED_FACE('',(#9871),#9881,.F.);
#9871 = FACE_BOUND('',#9872,.T.);
#9872 = EDGE_LOOP('',(#9873,#9874,#9875,#9880));
#9873 = ORIENTED_EDGE('',*,*,#270,.T.);
#9874 = ORIENTED_EDGE('',*,*,#9545,.F.);
#9875 = ORIENTED_EDGE('',*,*,#9876,.F.);
#9876 = EDGE_CURVE('',#9848,#9539,#9877,.T.);
#9877 = B_SPLINE_CURVE_WITH_KNOTS('',1,(#9878,#9879),.UNSPECIFIED.,.F.,
  .F.,(2,2),(-0.299532302034,0.),.PIECEWISE_BEZIER_KNOTS.);
#9878 = CARTESIAN_POINT('',(-4.336914110678,-3.355,3.423303395576));
#9879 = CARTESIAN_POINT('',(-4.227046357521,-3.355,3.701958517148));
#9880 = ORIENTED_EDGE('',*,*,#9856,.T.);
#9881 = B_SPLINE_SURFACE_WITH_KNOTS('',1,1,(
    (#9882,#9883)
    ,(#9884,#9885
    )),.UNSPECIFIED.,.F.,.F.,.F.,(2,2),(2,2),(-0.299532302034,0.),(0.,
    1.E-02),.PIECEWISE_BEZIER_KNOTS.);
#9882 = CARTESIAN_POINT('',(-4.336914110678,-3.355,3.423303395576));
#9883 = CARTESIAN_POINT('',(-4.336914110678,-3.345,3.423303395576));
#9884 = CARTESIAN_POINT('',(-4.227046357521,-3.355,3.701958517148));
#9885 = CARTESIAN_POINT('',(-4.227046357521,-3.345,3.701958517148));
#9886 = ADVANCED_FACE('',(#9887),#9904,.T.);
#9887 = FACE_BOUND('',#9888,.T.);
#9888 = EDGE_LOOP('',(#9889,#9890,#9891,#9892,#9893,#9894,#9895,#9896,
    #9897,#9898,#9899,#9900,#9901,#9902,#9903));
#9889 = ORIENTED_EDGE('',*,*,#9538,.T.);
#9890 = ORIENTED_EDGE('',*,*,#9566,.T.);
#9891 = ORIENTED_EDGE('',*,*,#9581,.T.);
#9892 = ORIENTED_EDGE('',*,*,#9616,.T.);
#9893 = ORIENTED_EDGE('',*,*,#9638,.T.);
#9894 = ORIENTED_EDGE('',*,*,#9660,.T.);
#9895 = ORIENTED_EDGE('',*,*,#9682,.T.);
#9896 = ORIENTED_EDGE('',*,*,#9704,.T.);
#9897 = ORIENTED_EDGE('',*,*,#9726,.T.);
#9898 = ORIENTED_EDGE('',*,*,#9741,.T.);
#9899 = ORIENTED_EDGE('',*,*,#9769,.T.);
#9900 = ORIENTED_EDGE('',*,*,#9804,.T.);
#9901 = ORIENTED_EDGE('',*,*,#9819,.T.);
#9902 = ORIENTED_EDGE('',*,*,#9847,.T.);
#9903 = ORIENTED_EDGE('',*,*,#9876,.T.);
#9904 = B_SPLINE_SURFACE_WITH_KNOTS('',1,1,(
    (#9905,#9906)
    ,(#9907,#9908
    )),.UNSPECIFIED.,.F.,.F.,.F.,(2,2),(2,2),(-0.336751595148,
    1.936549119186E-02),(-8.559590429854E-02,0.146789989998),
  .PIECEWISE_BEZIER_KNOTS.);
#9905 = CARTESIAN_POINT('',(-4.459432251818,-3.355,3.701958517148));
#9906 = CARTESIAN_POINT('',(-4.227046357521,-3.355,3.701958517148));
#9907 = CARTESIAN_POINT('',(-4.459432251818,-3.355,3.345841430809));
#9908 = CARTESIAN_POINT('',(-4.227046357521,-3.355,3.345841430809));
#9909 = ADVANCED_FACE('',(#9910),#9932,.F.);
#9910 = FACE_BOUND('',#9911,.T.);
#9911 = EDGE_LOOP('',(#9912,#9913,#9920,#9927));
#9912 = ORIENTED_EDGE('',*,*,#1168,.T.);
#9913 = ORIENTED_EDGE('',*,*,#9914,.F.);
#9914 = EDGE_CURVE('',#9915,#1171,#9917,.T.);
#9915 = VERTEX_POINT('',#9916);
#9916 = CARTESIAN_POINT('',(-3.998992787875,-3.355,3.498512551523));
#9917 = B_SPLINE_CURVE_WITH_KNOTS('',1,(#9918,#9919),.UNSPECIFIED.,.F.,
  .F.,(2,2),(0.,1.E-02),.PIECEWISE_BEZIER_KNOTS.);
#9918 = CARTESIAN_POINT('',(-3.998992787875,-3.355,3.498512551523));
#9919 = CARTESIAN_POINT('',(-3.998992787875,-3.345,3.498512551523));
#9920 = ORIENTED_EDGE('',*,*,#9921,.F.);
#9921 = EDGE_CURVE('',#9922,#9915,#9924,.T.);
#9922 = VERTEX_POINT('',#9923);
#9923 = CARTESIAN_POINT('',(-3.998992787875,-3.355,3.459868215633));
#9924 = B_SPLINE_CURVE_WITH_KNOTS('',1,(#9925,#9926),.UNSPECIFIED.,.F.,
  .F.,(2,2),(-3.864433588965E-02,0.),.PIECEWISE_BEZIER_KNOTS.);
#9925 = CARTESIAN_POINT('',(-3.998992787875,-3.355,3.459868215633));
#9926 = CARTESIAN_POINT('',(-3.998992787875,-3.355,3.498512551523));
#9927 = ORIENTED_EDGE('',*,*,#9928,.T.);
#9928 = EDGE_CURVE('',#9922,#1169,#9929,.T.);
#9929 = B_SPLINE_CURVE_WITH_KNOTS('',1,(#9930,#9931),.UNSPECIFIED.,.F.,
  .F.,(2,2),(0.,1.E-02),.PIECEWISE_BEZIER_KNOTS.);
#9930 = CARTESIAN_POINT('',(-3.998992787875,-3.355,3.459868215633));
#9931 = CARTESIAN_POINT('',(-3.998992787875,-3.345,3.459868215633));
#9932 = B_SPLINE_SURFACE_WITH_KNOTS('',1,1,(
    (#9933,#9934)
    ,(#9935,#9936
    )),.UNSPECIFIED.,.F.,.F.,.F.,(2,2),(2,2),(-3.864433588965E-02,0.),(
    0.,1.E-02),.PIECEWISE_BEZIER_KNOTS.);
#9933 = CARTESIAN_POINT('',(-3.998992787875,-3.355,3.459868215633));
#9934 = CARTESIAN_POINT('',(-3.998992787875,-3.345,3.459868215633));
#9935 = CARTESIAN_POINT('',(-3.998992787875,-3.355,3.498512551523));
#9936 = CARTESIAN_POINT('',(-3.998992787875,-3.345,3.498512551523));
#9937 = ADVANCED_FACE('',(#9938),#9954,.F.);
#9938 = FACE_BOUND('',#9939,.T.);
#9939 = EDGE_LOOP('',(#9940,#9941,#9948,#9953));
#9940 = ORIENTED_EDGE('',*,*,#1247,.T.);
#9941 = ORIENTED_EDGE('',*,*,#9942,.F.);
#9942 = EDGE_CURVE('',#9943,#1241,#9945,.T.);
#9943 = VERTEX_POINT('',#9944);
#9944 = CARTESIAN_POINT('',(-4.137540530223,-3.355,3.498512551523));
#9945 = B_SPLINE_CURVE_WITH_KNOTS('',1,(#9946,#9947),.UNSPECIFIED.,.F.,
  .F.,(2,2),(0.,1.E-02),.PIECEWISE_BEZIER_KNOTS.);
#9946 = CARTESIAN_POINT('',(-4.137540530223,-3.355,3.498512551523));
#9947 = CARTESIAN_POINT('',(-4.137540530223,-3.345,3.498512551523));
#9948 = ORIENTED_EDGE('',*,*,#9949,.F.);
#9949 = EDGE_CURVE('',#9915,#9943,#9950,.T.);
#9950 = B_SPLINE_CURVE_WITH_KNOTS('',1,(#9951,#9952),.UNSPECIFIED.,.F.,
  .F.,(2,2),(-0.138547742348,-0.),.PIECEWISE_BEZIER_KNOTS.);
#9951 = CARTESIAN_POINT('',(-3.998992787875,-3.355,3.498512551523));
#9952 = CARTESIAN_POINT('',(-4.137540530223,-3.355,3.498512551523));
#9953 = ORIENTED_EDGE('',*,*,#9914,.T.);
#9954 = B_SPLINE_SURFACE_WITH_KNOTS('',1,1,(
    (#9955,#9956)
    ,(#9957,#9958
    )),.UNSPECIFIED.,.F.,.F.,.F.,(2,2),(2,2),(-0.138547742348,0.),(0.,
    1.E-02),.PIECEWISE_BEZIER_KNOTS.);
#9955 = CARTESIAN_POINT('',(-3.998992787875,-3.355,3.498512551523));
#9956 = CARTESIAN_POINT('',(-3.998992787875,-3.345,3.498512551523));
#9957 = CARTESIAN_POINT('',(-4.137540530223,-3.355,3.498512551523));
#9958 = CARTESIAN_POINT('',(-4.137540530223,-3.345,3.498512551523));
#9959 = ADVANCED_FACE('',(#9960),#9976,.F.);
#9960 = FACE_BOUND('',#9961,.T.);
#9961 = EDGE_LOOP('',(#9962,#9963,#9970,#9975));
#9962 = ORIENTED_EDGE('',*,*,#1240,.T.);
#9963 = ORIENTED_EDGE('',*,*,#9964,.F.);
#9964 = EDGE_CURVE('',#9965,#1234,#9967,.T.);
#9965 = VERTEX_POINT('',#9966);
#9966 = CARTESIAN_POINT('',(-4.137540530223,-3.355,3.612539336345));
#9967 = B_SPLINE_CURVE_WITH_KNOTS('',1,(#9968,#9969),.UNSPECIFIED.,.F.,
  .F.,(2,2),(0.,1.E-02),.PIECEWISE_BEZIER_KNOTS.);
#9968 = CARTESIAN_POINT('',(-4.137540530223,-3.355,3.612539336345));
#9969 = CARTESIAN_POINT('',(-4.137540530223,-3.345,3.612539336345));
#9970 = ORIENTED_EDGE('',*,*,#9971,.F.);
#9971 = EDGE_CURVE('',#9943,#9965,#9972,.T.);
#9972 = B_SPLINE_CURVE_WITH_KNOTS('',1,(#9973,#9974),.UNSPECIFIED.,.F.,
  .F.,(2,2),(-0.114026784822,0.),.PIECEWISE_BEZIER_KNOTS.);
#9973 = CARTESIAN_POINT('',(-4.137540530223,-3.355,3.498512551523));
#9974 = CARTESIAN_POINT('',(-4.137540530223,-3.355,3.612539336345));
#9975 = ORIENTED_EDGE('',*,*,#9942,.T.);
#9976 = B_SPLINE_SURFACE_WITH_KNOTS('',1,1,(
    (#9977,#9978)
    ,(#9979,#9980
    )),.UNSPECIFIED.,.F.,.F.,.F.,(2,2),(2,2),(-0.114026784822,0.),(0.,
    1.E-02),.PIECEWISE_BEZIER_KNOTS.);
#9977 = CARTESIAN_POINT('',(-4.137540530223,-3.355,3.498512551523));
#9978 = CARTESIAN_POINT('',(-4.137540530223,-3.345,3.498512551523));
#9979 = CARTESIAN_POINT('',(-4.137540530223,-3.355,3.612539336345));
#9980 = CARTESIAN_POINT('',(-4.137540530223,-3.345,3.612539336345));
#9981 = ADVANCED_FACE('',(#9982),#9998,.F.);
#9982 = FACE_BOUND('',#9983,.T.);
#9983 = EDGE_LOOP('',(#9984,#9985,#9992,#9997));
#9984 = ORIENTED_EDGE('',*,*,#1233,.T.);
#9985 = ORIENTED_EDGE('',*,*,#9986,.F.);
#9986 = EDGE_CURVE('',#9987,#1227,#9989,.T.);
#9987 = VERTEX_POINT('',#9988);
#9988 = CARTESIAN_POINT('',(-4.016322086481,-3.355,3.612539336345));
#9989 = B_SPLINE_CURVE_WITH_KNOTS('',1,(#9990,#9991),.UNSPECIFIED.,.F.,
  .F.,(2,2),(0.,1.E-02),.PIECEWISE_BEZIER_KNOTS.);
#9990 = CARTESIAN_POINT('',(-4.016322086481,-3.355,3.612539336345));
#9991 = CARTESIAN_POINT('',(-4.016322086481,-3.345,3.612539336345));
#9992 = ORIENTED_EDGE('',*,*,#9993,.F.);
#9993 = EDGE_CURVE('',#9965,#9987,#9994,.T.);
#9994 = B_SPLINE_CURVE_WITH_KNOTS('',1,(#9995,#9996),.UNSPECIFIED.,.F.,
  .F.,(2,2),(-0.121218443742,0.),.PIECEWISE_BEZIER_KNOTS.);
#9995 = CARTESIAN_POINT('',(-4.137540530223,-3.355,3.612539336345));
#9996 = CARTESIAN_POINT('',(-4.016322086481,-3.355,3.612539336345));
#9997 = ORIENTED_EDGE('',*,*,#9964,.T.);
#9998 = B_SPLINE_SURFACE_WITH_KNOTS('',1,1,(
    (#9999,#10000)
    ,(#10001,#10002
    )),.UNSPECIFIED.,.F.,.F.,.F.,(2,2),(2,2),(-0.121218443742,0.),(0.,
    1.E-02),.PIECEWISE_BEZIER_KNOTS.);
#9999 = CARTESIAN_POINT('',(-4.137540530223,-3.355,3.612539336345));
#10000 = CARTESIAN_POINT('',(-4.137540530223,-3.345,3.612539336345));
#10001 = CARTESIAN_POINT('',(-4.016322086481,-3.355,3.612539336345));
#10002 = CARTESIAN_POINT('',(-4.016322086481,-3.345,3.612539336345));
#10003 = ADVANCED_FACE('',(#10004),#10020,.F.);
#10004 = FACE_BOUND('',#10005,.T.);
#10005 = EDGE_LOOP('',(#10006,#10007,#10014,#10019));
#10006 = ORIENTED_EDGE('',*,*,#1226,.T.);
#10007 = ORIENTED_EDGE('',*,*,#10008,.F.);
#10008 = EDGE_CURVE('',#10009,#1220,#10011,.T.);
#10009 = VERTEX_POINT('',#10010);
#10010 = CARTESIAN_POINT('',(-4.016322086481,-3.355,3.651356965221));
#10011 = B_SPLINE_CURVE_WITH_KNOTS('',1,(#10012,#10013),.UNSPECIFIED.,
  .F.,.F.,(2,2),(0.,1.E-02),.PIECEWISE_BEZIER_KNOTS.);
#10012 = CARTESIAN_POINT('',(-4.016322086481,-3.355,3.651356965221));
#10013 = CARTESIAN_POINT('',(-4.016322086481,-3.345,3.651356965221));
#10014 = ORIENTED_EDGE('',*,*,#10015,.F.);
#10015 = EDGE_CURVE('',#9987,#10009,#10016,.T.);
#10016 = B_SPLINE_CURVE_WITH_KNOTS('',1,(#10017,#10018),.UNSPECIFIED.,
  .F.,.F.,(2,2),(-3.881762887549E-02,0.),.PIECEWISE_BEZIER_KNOTS.);
#10017 = CARTESIAN_POINT('',(-4.016322086481,-3.355,3.612539336345));
#10018 = CARTESIAN_POINT('',(-4.016322086481,-3.355,3.651356965221));
#10019 = ORIENTED_EDGE('',*,*,#9986,.T.);
#10020 = B_SPLINE_SURFACE_WITH_KNOTS('',1,1,(
    (#10021,#10022)
    ,(#10023,#10024
    )),.UNSPECIFIED.,.F.,.F.,.F.,(2,2),(2,2),(-3.88176288755E-02,0.),(0.
    ,1.E-02),.PIECEWISE_BEZIER_KNOTS.);
#10021 = CARTESIAN_POINT('',(-4.016322086481,-3.355,3.612539336345));
#10022 = CARTESIAN_POINT('',(-4.016322086481,-3.345,3.612539336345));
#10023 = CARTESIAN_POINT('',(-4.016322086481,-3.355,3.651356965221));
#10024 = CARTESIAN_POINT('',(-4.016322086481,-3.345,3.651356965221));
#10025 = ADVANCED_FACE('',(#10026),#10042,.F.);
#10026 = FACE_BOUND('',#10027,.T.);
#10027 = EDGE_LOOP('',(#10028,#10029,#10036,#10041));
#10028 = ORIENTED_EDGE('',*,*,#1219,.T.);
#10029 = ORIENTED_EDGE('',*,*,#10030,.F.);
#10030 = EDGE_CURVE('',#10031,#1213,#10033,.T.);
#10031 = VERTEX_POINT('',#10032);
#10032 = CARTESIAN_POINT('',(-4.137540530223,-3.355,3.651356965221));
#10033 = B_SPLINE_CURVE_WITH_KNOTS('',1,(#10034,#10035),.UNSPECIFIED.,
  .F.,.F.,(2,2),(0.,1.E-02),.PIECEWISE_BEZIER_KNOTS.);
#10034 = CARTESIAN_POINT('',(-4.137540530223,-3.355,3.651356965221));
#10035 = CARTESIAN_POINT('',(-4.137540530223,-3.345,3.651356965221));
#10036 = ORIENTED_EDGE('',*,*,#10037,.F.);
#10037 = EDGE_CURVE('',#10009,#10031,#10038,.T.);
#10038 = B_SPLINE_CURVE_WITH_KNOTS('',1,(#10039,#10040),.UNSPECIFIED.,
  .F.,.F.,(2,2),(-0.121218443742,-0.),.PIECEWISE_BEZIER_KNOTS.);
#10039 = CARTESIAN_POINT('',(-4.016322086481,-3.355,3.651356965221));
#10040 = CARTESIAN_POINT('',(-4.137540530223,-3.355,3.651356965221));
#10041 = ORIENTED_EDGE('',*,*,#10008,.T.);
#10042 = B_SPLINE_SURFACE_WITH_KNOTS('',1,1,(
    (#10043,#10044)
    ,(#10045,#10046
    )),.UNSPECIFIED.,.F.,.F.,.F.,(2,2),(2,2),(-0.121218443742,0.),(0.,
    1.E-02),.PIECEWISE_BEZIER_KNOTS.);
#10043 = CARTESIAN_POINT('',(-4.016322086481,-3.355,3.651356965221));
#10044 = CARTESIAN_POINT('',(-4.016322086481,-3.345,3.651356965221));
#10045 = CARTESIAN_POINT('',(-4.137540530223,-3.355,3.651356965221));
#10046 = CARTESIAN_POINT('',(-4.137540530223,-3.345,3.651356965221));
#10047 = ADVANCED_FACE('',(#10048),#10064,.F.);
#10048 = FACE_BOUND('',#10049,.T.);
#10049 = EDGE_LOOP('',(#10050,#10051,#10058,#10063));
#10050 = ORIENTED_EDGE('',*,*,#1212,.T.);
#10051 = ORIENTED_EDGE('',*,*,#10052,.F.);
#10052 = EDGE_CURVE('',#10053,#1206,#10055,.T.);
#10053 = VERTEX_POINT('',#10054);
#10054 = CARTESIAN_POINT('',(-4.137540530223,-3.355,3.759838374491));
#10055 = B_SPLINE_CURVE_WITH_KNOTS('',1,(#10056,#10057),.UNSPECIFIED.,
  .F.,.F.,(2,2),(0.,1.E-02),.PIECEWISE_BEZIER_KNOTS.);
#10056 = CARTESIAN_POINT('',(-4.137540530223,-3.355,3.759838374491));
#10057 = CARTESIAN_POINT('',(-4.137540530223,-3.345,3.759838374491));
#10058 = ORIENTED_EDGE('',*,*,#10059,.F.);
#10059 = EDGE_CURVE('',#10031,#10053,#10060,.T.);
#10060 = B_SPLINE_CURVE_WITH_KNOTS('',1,(#10061,#10062),.UNSPECIFIED.,
  .F.,.F.,(2,2),(-0.10848140927,0.),.PIECEWISE_BEZIER_KNOTS.);
#10061 = CARTESIAN_POINT('',(-4.137540530223,-3.355,3.651356965221));
#10062 = CARTESIAN_POINT('',(-4.137540530223,-3.355,3.759838374491));
#10063 = ORIENTED_EDGE('',*,*,#10030,.T.);
#10064 = B_SPLINE_SURFACE_WITH_KNOTS('',1,1,(
    (#10065,#10066)
    ,(#10067,#10068
    )),.UNSPECIFIED.,.F.,.F.,.F.,(2,2),(2,2),(-0.10848140927,
    2.22044604925E-16),(0.,1.E-02),.PIECEWISE_BEZIER_KNOTS.);
#10065 = CARTESIAN_POINT('',(-4.137540530223,-3.355,3.651356965221));
#10066 = CARTESIAN_POINT('',(-4.137540530223,-3.345,3.651356965221));
#10067 = CARTESIAN_POINT('',(-4.137540530223,-3.355,3.759838374491));
#10068 = CARTESIAN_POINT('',(-4.137540530223,-3.345,3.759838374491));
#10069 = ADVANCED_FACE('',(#10070),#10086,.F.);
#10070 = FACE_BOUND('',#10071,.T.);
#10071 = EDGE_LOOP('',(#10072,#10073,#10080,#10085));
#10072 = ORIENTED_EDGE('',*,*,#1205,.T.);
#10073 = ORIENTED_EDGE('',*,*,#10074,.F.);
#10074 = EDGE_CURVE('',#10075,#1199,#10077,.T.);
#10075 = VERTEX_POINT('',#10076);
#10076 = CARTESIAN_POINT('',(-4.006704325755,-3.355,3.759838374491));
#10077 = B_SPLINE_CURVE_WITH_KNOTS('',1,(#10078,#10079),.UNSPECIFIED.,
  .F.,.F.,(2,2),(0.,1.E-02),.PIECEWISE_BEZIER_KNOTS.);
#10078 = CARTESIAN_POINT('',(-4.006704325755,-3.355,3.759838374491));
#10079 = CARTESIAN_POINT('',(-4.006704325755,-3.345,3.759838374491));
#10080 = ORIENTED_EDGE('',*,*,#10081,.F.);
#10081 = EDGE_CURVE('',#10053,#10075,#10082,.T.);
#10082 = B_SPLINE_CURVE_WITH_KNOTS('',1,(#10083,#10084),.UNSPECIFIED.,
  .F.,.F.,(2,2),(-0.130836204469,0.),.PIECEWISE_BEZIER_KNOTS.);
#10083 = CARTESIAN_POINT('',(-4.137540530223,-3.355,3.759838374491));
#10084 = CARTESIAN_POINT('',(-4.006704325755,-3.355,3.759838374491));
#10085 = ORIENTED_EDGE('',*,*,#10052,.T.);
#10086 = B_SPLINE_SURFACE_WITH_KNOTS('',1,1,(
    (#10087,#10088)
    ,(#10089,#10090
    )),.UNSPECIFIED.,.F.,.F.,.F.,(2,2),(2,2),(-0.130836204469,0.),(0.,
    1.E-02),.PIECEWISE_BEZIER_KNOTS.);
#10087 = CARTESIAN_POINT('',(-4.137540530223,-3.355,3.759838374491));
#10088 = CARTESIAN_POINT('',(-4.137540530223,-3.345,3.759838374491));
#10089 = CARTESIAN_POINT('',(-4.006704325755,-3.355,3.759838374491));
#10090 = CARTESIAN_POINT('',(-4.006704325755,-3.345,3.759838374491));
#10091 = ADVANCED_FACE('',(#10092),#10108,.F.);
#10092 = FACE_BOUND('',#10093,.T.);
#10093 = EDGE_LOOP('',(#10094,#10095,#10102,#10107));
#10094 = ORIENTED_EDGE('',*,*,#1198,.T.);
#10095 = ORIENTED_EDGE('',*,*,#10096,.F.);
#10096 = EDGE_CURVE('',#10097,#1192,#10099,.T.);
#10097 = VERTEX_POINT('',#10098);
#10098 = CARTESIAN_POINT('',(-4.006704325755,-3.355,3.798829296352));
#10099 = B_SPLINE_CURVE_WITH_KNOTS('',1,(#10100,#10101),.UNSPECIFIED.,
  .F.,.F.,(2,2),(0.,1.E-02),.PIECEWISE_BEZIER_KNOTS.);
#10100 = CARTESIAN_POINT('',(-4.006704325755,-3.355,3.798829296352));
#10101 = CARTESIAN_POINT('',(-4.006704325755,-3.345,3.798829296352));
#10102 = ORIENTED_EDGE('',*,*,#10103,.F.);
#10103 = EDGE_CURVE('',#10075,#10097,#10104,.T.);
#10104 = B_SPLINE_CURVE_WITH_KNOTS('',1,(#10105,#10106),.UNSPECIFIED.,
  .F.,.F.,(2,2),(-3.899092186135E-02,0.),.PIECEWISE_BEZIER_KNOTS.);
#10105 = CARTESIAN_POINT('',(-4.006704325755,-3.355,3.759838374491));
#10106 = CARTESIAN_POINT('',(-4.006704325755,-3.355,3.798829296352));
#10107 = ORIENTED_EDGE('',*,*,#10074,.T.);
#10108 = B_SPLINE_SURFACE_WITH_KNOTS('',1,1,(
    (#10109,#10110)
    ,(#10111,#10112
    )),.UNSPECIFIED.,.F.,.F.,.F.,(2,2),(2,2),(-3.899092186135E-02,0.),(
    0.,1.E-02),.PIECEWISE_BEZIER_KNOTS.);
#10109 = CARTESIAN_POINT('',(-4.006704325755,-3.355,3.759838374491));
#10110 = CARTESIAN_POINT('',(-4.006704325755,-3.345,3.759838374491));
#10111 = CARTESIAN_POINT('',(-4.006704325755,-3.355,3.798829296352));
#10112 = CARTESIAN_POINT('',(-4.006704325755,-3.345,3.798829296352));
#10113 = ADVANCED_FACE('',(#10114),#10130,.F.);
#10114 = FACE_BOUND('',#10115,.T.);
#10115 = EDGE_LOOP('',(#10116,#10117,#10124,#10129));
#10116 = ORIENTED_EDGE('',*,*,#1191,.T.);
#10117 = ORIENTED_EDGE('',*,*,#10118,.F.);
#10118 = EDGE_CURVE('',#10119,#1185,#10121,.T.);
#10119 = VERTEX_POINT('',#10120);
#10120 = CARTESIAN_POINT('',(-4.181297009202,-3.355,3.798829296352));
#10121 = B_SPLINE_CURVE_WITH_KNOTS('',1,(#10122,#10123),.UNSPECIFIED.,
  .F.,.F.,(2,2),(0.,1.E-02),.PIECEWISE_BEZIER_KNOTS.);
#10122 = CARTESIAN_POINT('',(-4.181297009202,-3.355,3.798829296352));
#10123 = CARTESIAN_POINT('',(-4.181297009202,-3.345,3.798829296352));
#10124 = ORIENTED_EDGE('',*,*,#10125,.F.);
#10125 = EDGE_CURVE('',#10097,#10119,#10126,.T.);
#10126 = B_SPLINE_CURVE_WITH_KNOTS('',1,(#10127,#10128),.UNSPECIFIED.,
  .F.,.F.,(2,2),(-0.174592683448,-0.),.PIECEWISE_BEZIER_KNOTS.);
#10127 = CARTESIAN_POINT('',(-4.006704325755,-3.355,3.798829296352));
#10128 = CARTESIAN_POINT('',(-4.181297009202,-3.355,3.798829296352));
#10129 = ORIENTED_EDGE('',*,*,#10096,.T.);
#10130 = B_SPLINE_SURFACE_WITH_KNOTS('',1,1,(
    (#10131,#10132)
    ,(#10133,#10134
    )),.UNSPECIFIED.,.F.,.F.,.F.,(2,2),(2,2),(-0.174592683448,0.),(0.,
    1.E-02),.PIECEWISE_BEZIER_KNOTS.);
#10131 = CARTESIAN_POINT('',(-4.006704325755,-3.355,3.798829296352));
#10132 = CARTESIAN_POINT('',(-4.006704325755,-3.345,3.798829296352));
#10133 = CARTESIAN_POINT('',(-4.181297009202,-3.355,3.798829296352));
#10134 = CARTESIAN_POINT('',(-4.181297009202,-3.345,3.798829296352));
#10135 = ADVANCED_FACE('',(#10136),#10152,.F.);
#10136 = FACE_BOUND('',#10137,.T.);
#10137 = EDGE_LOOP('',(#10138,#10139,#10146,#10151));
#10138 = ORIENTED_EDGE('',*,*,#1184,.T.);
#10139 = ORIENTED_EDGE('',*,*,#10140,.F.);
#10140 = EDGE_CURVE('',#10141,#1178,#10143,.T.);
#10141 = VERTEX_POINT('',#10142);
#10142 = CARTESIAN_POINT('',(-4.181297009202,-3.355,3.459868215633));
#10143 = B_SPLINE_CURVE_WITH_KNOTS('',1,(#10144,#10145),.UNSPECIFIED.,
  .F.,.F.,(2,2),(0.,1.E-02),.PIECEWISE_BEZIER_KNOTS.);
#10144 = CARTESIAN_POINT('',(-4.181297009202,-3.355,3.459868215633));
#10145 = CARTESIAN_POINT('',(-4.181297009202,-3.345,3.459868215633));
#10146 = ORIENTED_EDGE('',*,*,#10147,.F.);
#10147 = EDGE_CURVE('',#10119,#10141,#10148,.T.);
#10148 = B_SPLINE_CURVE_WITH_KNOTS('',1,(#10149,#10150),.UNSPECIFIED.,
  .F.,.F.,(2,2),(-0.338961080719,-0.),.PIECEWISE_BEZIER_KNOTS.);
#10149 = CARTESIAN_POINT('',(-4.181297009202,-3.355,3.798829296352));
#10150 = CARTESIAN_POINT('',(-4.181297009202,-3.355,3.459868215633));
#10151 = ORIENTED_EDGE('',*,*,#10118,.T.);
#10152 = B_SPLINE_SURFACE_WITH_KNOTS('',1,1,(
    (#10153,#10154)
    ,(#10155,#10156
    )),.UNSPECIFIED.,.F.,.F.,.F.,(2,2),(2,2),(-0.338961080719,0.),(0.,
    1.E-02),.PIECEWISE_BEZIER_KNOTS.);
#10153 = CARTESIAN_POINT('',(-4.181297009202,-3.355,3.798829296352));
#10154 = CARTESIAN_POINT('',(-4.181297009202,-3.345,3.798829296352));
#10155 = CARTESIAN_POINT('',(-4.181297009202,-3.355,3.459868215633));
#10156 = CARTESIAN_POINT('',(-4.181297009202,-3.345,3.459868215633));
#10157 = ADVANCED_FACE('',(#10158),#10168,.F.);
#10158 = FACE_BOUND('',#10159,.T.);
#10159 = EDGE_LOOP('',(#10160,#10161,#10162,#10167));
#10160 = ORIENTED_EDGE('',*,*,#1177,.T.);
#10161 = ORIENTED_EDGE('',*,*,#9928,.F.);
#10162 = ORIENTED_EDGE('',*,*,#10163,.F.);
#10163 = EDGE_CURVE('',#10141,#9922,#10164,.T.);
#10164 = B_SPLINE_CURVE_WITH_KNOTS('',1,(#10165,#10166),.UNSPECIFIED.,
  .F.,.F.,(2,2),(-0.182304221328,0.),.PIECEWISE_BEZIER_KNOTS.);
#10165 = CARTESIAN_POINT('',(-4.181297009202,-3.355,3.459868215633));
#10166 = CARTESIAN_POINT('',(-3.998992787875,-3.355,3.459868215633));
#10167 = ORIENTED_EDGE('',*,*,#10140,.T.);
#10168 = B_SPLINE_SURFACE_WITH_KNOTS('',1,1,(
    (#10169,#10170)
    ,(#10171,#10172
    )),.UNSPECIFIED.,.F.,.F.,.F.,(2,2),(2,2),(-0.182304221328,0.),(0.,
    1.E-02),.PIECEWISE_BEZIER_KNOTS.);
#10169 = CARTESIAN_POINT('',(-4.181297009202,-3.355,3.459868215633));
#10170 = CARTESIAN_POINT('',(-4.181297009202,-3.345,3.459868215633));
#10171 = CARTESIAN_POINT('',(-3.998992787875,-3.355,3.459868215633));
#10172 = CARTESIAN_POINT('',(-3.998992787875,-3.345,3.459868215633));
#10173 = ADVANCED_FACE('',(#10174),#10188,.F.);
#10174 = FACE_BOUND('',#10175,.T.);
#10175 = EDGE_LOOP('',(#10176,#10177,#10178,#10179,#10180,#10181,#10182,
    #10183,#10184,#10185,#10186,#10187));
#10176 = ORIENTED_EDGE('',*,*,#9921,.T.);
#10177 = ORIENTED_EDGE('',*,*,#9949,.T.);
#10178 = ORIENTED_EDGE('',*,*,#9971,.T.);
#10179 = ORIENTED_EDGE('',*,*,#9993,.T.);
#10180 = ORIENTED_EDGE('',*,*,#10015,.T.);
#10181 = ORIENTED_EDGE('',*,*,#10037,.T.);
#10182 = ORIENTED_EDGE('',*,*,#10059,.T.);
#10183 = ORIENTED_EDGE('',*,*,#10081,.T.);
#10184 = ORIENTED_EDGE('',*,*,#10103,.T.);
#10185 = ORIENTED_EDGE('',*,*,#10125,.T.);
#10186 = ORIENTED_EDGE('',*,*,#10147,.T.);
#10187 = ORIENTED_EDGE('',*,*,#10163,.T.);
#10188 = B_SPLINE_SURFACE_WITH_KNOTS('',1,1,(
    (#10189,#10190)
    ,(#10191,#10192
    )),.UNSPECIFIED.,.F.,.F.,.F.,(2,2),(2,2),(0.609868115633,
    0.948829196352),(-4.181297009202,-3.998992787875),
  .PIECEWISE_BEZIER_KNOTS.);
#10189 = CARTESIAN_POINT('',(-4.181297009202,-3.355,3.459868215633));
#10190 = CARTESIAN_POINT('',(-3.998992787875,-3.355,3.459868215633));
#10191 = CARTESIAN_POINT('',(-4.181297009202,-3.355,3.798829296352));
#10192 = CARTESIAN_POINT('',(-3.998992787875,-3.355,3.798829296352));
#10193 = ADVANCED_FACE('',(#10194,#10253),#10312,.T.);
#10194 = FACE_BOUND('',#10195,.T.);
#10195 = EDGE_LOOP('',(#10196,#10205,#10214,#10223,#10232,#10241,#10248)
  );
#10196 = ORIENTED_EDGE('',*,*,#10197,.T.);
#10197 = EDGE_CURVE('',#10198,#10200,#10202,.T.);
#10198 = VERTEX_POINT('',#10199);
#10199 = CARTESIAN_POINT('',(-3.934961029527,-3.355,3.459868215633));
#10200 = VERTEX_POINT('',#10201);
#10201 = CARTESIAN_POINT('',(-3.841729403031,-3.355,3.459868215633));
#10202 = B_SPLINE_CURVE_WITH_KNOTS('',1,(#10203,#10204),.UNSPECIFIED.,
  .F.,.F.,(2,2),(-9.323162649646E-02,0.),.PIECEWISE_BEZIER_KNOTS.);
#10203 = CARTESIAN_POINT('',(-3.934961029527,-3.355,3.459868215633));
#10204 = CARTESIAN_POINT('',(-3.841729403031,-3.355,3.459868215633));
#10205 = ORIENTED_EDGE('',*,*,#10206,.T.);
#10206 = EDGE_CURVE('',#10200,#10207,#10209,.T.);
#10207 = VERTEX_POINT('',#10208);
#10208 = CARTESIAN_POINT('',(-3.710113380126,-3.355,3.507350493811));
#10209 = B_SPLINE_CURVE_WITH_KNOTS('',3,(#10210,#10211,#10212,#10213),
  .UNSPECIFIED.,.F.,.F.,(4,4),(5.,6.),.PIECEWISE_BEZIER_KNOTS.);
#10210 = CARTESIAN_POINT('',(-3.841729403031,-3.355,3.459868215633));
#10211 = CARTESIAN_POINT('',(-3.788095223848,-3.355,3.459868215633));
#10212 = CARTESIAN_POINT('',(-3.744165451883,-3.355,3.475637877362));
#10213 = CARTESIAN_POINT('',(-3.710113380126,-3.355,3.507350493811));
#10214 = ORIENTED_EDGE('',*,*,#10215,.T.);
#10215 = EDGE_CURVE('',#10207,#10216,#10218,.T.);
#10216 = VERTEX_POINT('',#10217);
#10217 = CARTESIAN_POINT('',(-3.658991949238,-3.355,3.633681080643));
#10218 = B_SPLINE_CURVE_WITH_KNOTS('',3,(#10219,#10220,#10221,#10222),
  .UNSPECIFIED.,.F.,.F.,(4,4),(4.,5.),.PIECEWISE_BEZIER_KNOTS.);
#10219 = CARTESIAN_POINT('',(-3.710113380126,-3.355,3.507350493811));
#10220 = CARTESIAN_POINT('',(-3.676061308366,-3.355,3.539063110259));
#10221 = CARTESIAN_POINT('',(-3.658991949238,-3.355,3.581173305868));
#10222 = CARTESIAN_POINT('',(-3.658991949238,-3.355,3.633681080643));
#10223 = ORIENTED_EDGE('',*,*,#10224,.T.);
#10224 = EDGE_CURVE('',#10216,#10225,#10227,.T.);
#10225 = VERTEX_POINT('',#10226);
#10226 = CARTESIAN_POINT('',(-3.710113380126,-3.355,3.753946412965));
#10227 = B_SPLINE_CURVE_WITH_KNOTS('',3,(#10228,#10229,#10230,#10231),
  .UNSPECIFIED.,.F.,.F.,(4,4),(3.,4.),.PIECEWISE_BEZIER_KNOTS.);
#10228 = CARTESIAN_POINT('',(-3.658991949238,-3.355,3.633681080643));
#10229 = CARTESIAN_POINT('',(-3.658991949238,-3.355,3.683936046598));
#10230 = CARTESIAN_POINT('',(-3.676061308366,-3.355,3.723966726377));
#10231 = CARTESIAN_POINT('',(-3.710113380126,-3.355,3.753946412965));
#10232 = ORIENTED_EDGE('',*,*,#10233,.T.);
#10233 = EDGE_CURVE('',#10225,#10234,#10236,.T.);
#10234 = VERTEX_POINT('',#10235);
#10235 = CARTESIAN_POINT('',(-3.838263543311,-3.355,3.798829296352));
#10236 = B_SPLINE_CURVE_WITH_KNOTS('',3,(#10237,#10238,#10239,#10240),
  .UNSPECIFIED.,.F.,.F.,(4,4),(2.,3.),.PIECEWISE_BEZIER_KNOTS.);
#10237 = CARTESIAN_POINT('',(-3.710113380126,-3.355,3.753946412965));
#10238 = CARTESIAN_POINT('',(-3.744165451883,-3.355,3.78392609955));
#10239 = CARTESIAN_POINT('',(-3.786882172947,-3.355,3.798829296352));
#10240 = CARTESIAN_POINT('',(-3.838263543311,-3.355,3.798829296352));
#10241 = ORIENTED_EDGE('',*,*,#10242,.T.);
#10242 = EDGE_CURVE('',#10234,#10243,#10245,.T.);
#10243 = VERTEX_POINT('',#10244);
#10244 = CARTESIAN_POINT('',(-3.934961029527,-3.355,3.798829296352));
#10245 = B_SPLINE_CURVE_WITH_KNOTS('',1,(#10246,#10247),.UNSPECIFIED.,
  .F.,.F.,(2,2),(-9.669748621587E-02,-0.),.PIECEWISE_BEZIER_KNOTS.);
#10246 = CARTESIAN_POINT('',(-3.838263543311,-3.355,3.798829296352));
#10247 = CARTESIAN_POINT('',(-3.934961029527,-3.355,3.798829296352));
#10248 = ORIENTED_EDGE('',*,*,#10249,.T.);
#10249 = EDGE_CURVE('',#10243,#10198,#10250,.T.);
#10250 = B_SPLINE_CURVE_WITH_KNOTS('',1,(#10251,#10252),.UNSPECIFIED.,
  .F.,.F.,(2,2),(-0.338961080719,-0.),.PIECEWISE_BEZIER_KNOTS.);
#10251 = CARTESIAN_POINT('',(-3.934961029527,-3.355,3.798829296352));
#10252 = CARTESIAN_POINT('',(-3.934961029527,-3.355,3.459868215633));
#10253 = FACE_BOUND('',#10254,.T.);
#10254 = EDGE_LOOP('',(#10255,#10264,#10271,#10280,#10289,#10298,#10307)
  );
#10255 = ORIENTED_EDGE('',*,*,#10256,.F.);
#10256 = EDGE_CURVE('',#10257,#10259,#10261,.T.);
#10257 = VERTEX_POINT('',#10258);
#10258 = CARTESIAN_POINT('',(-3.89120455055,-3.355,3.759838374491));
#10259 = VERTEX_POINT('',#10260);
#10260 = CARTESIAN_POINT('',(-3.89120455055,-3.355,3.498512551523));
#10261 = B_SPLINE_CURVE_WITH_KNOTS('',1,(#10262,#10263),.UNSPECIFIED.,
  .F.,.F.,(2,2),(0.,0.261325822968),.PIECEWISE_BEZIER_KNOTS.);
#10262 = CARTESIAN_POINT('',(-3.89120455055,-3.355,3.759838374491));
#10263 = CARTESIAN_POINT('',(-3.89120455055,-3.355,3.498512551523));
#10264 = ORIENTED_EDGE('',*,*,#10265,.F.);
#10265 = EDGE_CURVE('',#10266,#10257,#10268,.T.);
#10266 = VERTEX_POINT('',#10267);
#10267 = CARTESIAN_POINT('',(-3.839996473172,-3.355,3.759838374491));
#10268 = B_SPLINE_CURVE_WITH_KNOTS('',1,(#10269,#10270),.UNSPECIFIED.,
  .F.,.F.,(2,2),(0.,5.120807737802E-02),.PIECEWISE_BEZIER_KNOTS.);
#10269 = CARTESIAN_POINT('',(-3.839996473172,-3.355,3.759838374491));
#10270 = CARTESIAN_POINT('',(-3.89120455055,-3.355,3.759838374491));
#10271 = ORIENTED_EDGE('',*,*,#10272,.F.);
#10272 = EDGE_CURVE('',#10273,#10266,#10275,.T.);
#10273 = VERTEX_POINT('',#10274);
#10274 = CARTESIAN_POINT('',(-3.742172582546,-3.355,3.727952465056));
#10275 = B_SPLINE_CURVE_WITH_KNOTS('',3,(#10276,#10277,#10278,#10279),
  .UNSPECIFIED.,.F.,.F.,(4,4),(5.,6.),.PIECEWISE_BEZIER_KNOTS.);
#10276 = CARTESIAN_POINT('',(-3.742172582546,-3.355,3.727952465056));
#10277 = CARTESIAN_POINT('',(-3.766953479551,-3.355,3.74926750234));
#10278 = CARTESIAN_POINT('',(-3.799619207422,-3.355,3.759838374491));
#10279 = CARTESIAN_POINT('',(-3.839996473172,-3.355,3.759838374491));
#10280 = ORIENTED_EDGE('',*,*,#10281,.F.);
#10281 = EDGE_CURVE('',#10282,#10273,#10284,.T.);
#10282 = VERTEX_POINT('',#10283);
#10283 = CARTESIAN_POINT('',(-3.705001237038,-3.355,3.632468029742));
#10284 = B_SPLINE_CURVE_WITH_KNOTS('',3,(#10285,#10286,#10287,#10288),
  .UNSPECIFIED.,.F.,.F.,(4,4),(4.,5.),.PIECEWISE_BEZIER_KNOTS.);
#10285 = CARTESIAN_POINT('',(-3.705001237038,-3.355,3.632468029742));
#10286 = CARTESIAN_POINT('',(-3.705001237038,-3.355,3.674751518339));
#10287 = CARTESIAN_POINT('',(-3.717391685541,-3.355,3.706637427771));
#10288 = CARTESIAN_POINT('',(-3.742172582546,-3.355,3.727952465056));
#10289 = ORIENTED_EDGE('',*,*,#10290,.F.);
#10290 = EDGE_CURVE('',#10291,#10282,#10293,.T.);
#10291 = VERTEX_POINT('',#10292);
#10292 = CARTESIAN_POINT('',(-3.741219471121,-3.355,3.533864320677));
#10293 = B_SPLINE_CURVE_WITH_KNOTS('',3,(#10294,#10295,#10296,#10297),
  .UNSPECIFIED.,.F.,.F.,(4,4),(3.,4.),.PIECEWISE_BEZIER_KNOTS.);
#10294 = CARTESIAN_POINT('',(-3.741219471121,-3.355,3.533864320677));
#10295 = CARTESIAN_POINT('',(-3.717045099567,-3.355,3.557258873795));
#10296 = CARTESIAN_POINT('',(-3.705001237038,-3.355,3.590184541144));
#10297 = CARTESIAN_POINT('',(-3.705001237038,-3.355,3.632468029742));
#10298 = ORIENTED_EDGE('',*,*,#10299,.F.);
#10299 = EDGE_CURVE('',#10300,#10291,#10302,.T.);
#10300 = VERTEX_POINT('',#10301);
#10301 = CARTESIAN_POINT('',(-3.841989342512,-3.355,3.498512551523));
#10302 = B_SPLINE_CURVE_WITH_KNOTS('',3,(#10303,#10304,#10305,#10306),
  .UNSPECIFIED.,.F.,.F.,(4,4),(2.,3.),.PIECEWISE_BEZIER_KNOTS.);
#10303 = CARTESIAN_POINT('',(-3.841989342512,-3.355,3.498512551523));
#10304 = CARTESIAN_POINT('',(-3.798926035478,-3.355,3.498512551523));
#10305 = CARTESIAN_POINT('',(-3.765307196183,-3.355,3.510296474573));
#10306 = CARTESIAN_POINT('',(-3.741219471121,-3.355,3.533864320677));
#10307 = ORIENTED_EDGE('',*,*,#10308,.F.);
#10308 = EDGE_CURVE('',#10259,#10300,#10309,.T.);
#10309 = B_SPLINE_CURVE_WITH_KNOTS('',1,(#10310,#10311),.UNSPECIFIED.,
  .F.,.F.,(2,2),(0.,4.921520803837E-02),.PIECEWISE_BEZIER_KNOTS.);
#10310 = CARTESIAN_POINT('',(-3.89120455055,-3.355,3.498512551523));
#10311 = CARTESIAN_POINT('',(-3.841989342512,-3.355,3.498512551523));
#10312 = B_SPLINE_SURFACE_WITH_KNOTS('',1,1,(
    (#10313,#10314)
    ,(#10315,#10316
    )),.UNSPECIFIED.,.F.,.F.,.F.,(2,2),(2,2),(-1.119905922419E-02,
    0.327762021495),(-0.167271054786,0.108698025503),
  .PIECEWISE_BEZIER_KNOTS.);
#10313 = CARTESIAN_POINT('',(-3.934961029527,-3.355,3.798829296352));
#10314 = CARTESIAN_POINT('',(-3.658991949238,-3.355,3.798829296352));
#10315 = CARTESIAN_POINT('',(-3.934961029527,-3.355,3.459868215633));
#10316 = CARTESIAN_POINT('',(-3.658991949238,-3.355,3.459868215633));
#10317 = ADVANCED_FACE('',(#10318),#10332,.F.);
#10318 = FACE_BOUND('',#10319,.T.);
#10319 = EDGE_LOOP('',(#10320,#10321,#10326,#10327));
#10320 = ORIENTED_EDGE('',*,*,#1254,.T.);
#10321 = ORIENTED_EDGE('',*,*,#10322,.F.);
#10322 = EDGE_CURVE('',#10200,#1257,#10323,.T.);
#10323 = B_SPLINE_CURVE_WITH_KNOTS('',1,(#10324,#10325),.UNSPECIFIED.,
  .F.,.F.,(2,2),(0.,1.E-02),.PIECEWISE_BEZIER_KNOTS.);
#10324 = CARTESIAN_POINT('',(-3.841729403031,-3.355,3.459868215633));
#10325 = CARTESIAN_POINT('',(-3.841729403031,-3.345,3.459868215633));
#10326 = ORIENTED_EDGE('',*,*,#10197,.F.);
#10327 = ORIENTED_EDGE('',*,*,#10328,.T.);
#10328 = EDGE_CURVE('',#10198,#1255,#10329,.T.);
#10329 = B_SPLINE_CURVE_WITH_KNOTS('',1,(#10330,#10331),.UNSPECIFIED.,
  .F.,.F.,(2,2),(0.,1.E-02),.PIECEWISE_BEZIER_KNOTS.);
#10330 = CARTESIAN_POINT('',(-3.934961029527,-3.355,3.459868215633));
#10331 = CARTESIAN_POINT('',(-3.934961029527,-3.345,3.459868215633));
#10332 = B_SPLINE_SURFACE_WITH_KNOTS('',1,1,(
    (#10333,#10334)
    ,(#10335,#10336
    )),.UNSPECIFIED.,.F.,.F.,.F.,(2,2),(2,2),(-9.323162649646E-02,0.),(
    -4.440892098501E-16,1.E-02),.PIECEWISE_BEZIER_KNOTS.);
#10333 = CARTESIAN_POINT('',(-3.934961029527,-3.355,3.459868215633));
#10334 = CARTESIAN_POINT('',(-3.934961029527,-3.345,3.459868215633));
#10335 = CARTESIAN_POINT('',(-3.841729403031,-3.355,3.459868215633));
#10336 = CARTESIAN_POINT('',(-3.841729403031,-3.345,3.459868215633));
#10337 = ADVANCED_FACE('',(#10338),#10348,.F.);
#10338 = FACE_BOUND('',#10339,.F.);
#10339 = EDGE_LOOP('',(#10340,#10341,#10342,#10347));
#10340 = ORIENTED_EDGE('',*,*,#10322,.F.);
#10341 = ORIENTED_EDGE('',*,*,#10206,.T.);
#10342 = ORIENTED_EDGE('',*,*,#10343,.T.);
#10343 = EDGE_CURVE('',#10207,#1296,#10344,.T.);
#10344 = B_SPLINE_CURVE_WITH_KNOTS('',1,(#10345,#10346),.UNSPECIFIED.,
  .F.,.F.,(2,2),(0.,1.E-02),.PIECEWISE_BEZIER_KNOTS.);
#10345 = CARTESIAN_POINT('',(-3.710113380126,-3.355,3.507350493811));
#10346 = CARTESIAN_POINT('',(-3.710113380126,-3.345,3.507350493811));
#10347 = ORIENTED_EDGE('',*,*,#1304,.F.);
#10348 = B_SPLINE_SURFACE_WITH_KNOTS('',3,1,(
    (#10349,#10350)
    ,(#10351,#10352)
    ,(#10353,#10354)
    ,(#10355,#10356
    )),.UNSPECIFIED.,.F.,.F.,.F.,(4,4),(2,2),(5.,6.),(0.,1.),
  .PIECEWISE_BEZIER_KNOTS.);
#10349 = CARTESIAN_POINT('',(-3.841729403031,-3.355,3.459868215633));
#10350 = CARTESIAN_POINT('',(-3.841729403031,-3.345,3.459868215633));
#10351 = CARTESIAN_POINT('',(-3.788095223848,-3.355,3.459868215633));
#10352 = CARTESIAN_POINT('',(-3.788095223848,-3.345,3.459868215633));
#10353 = CARTESIAN_POINT('',(-3.744165451883,-3.355,3.475637877362));
#10354 = CARTESIAN_POINT('',(-3.744165451883,-3.345,3.475637877362));
#10355 = CARTESIAN_POINT('',(-3.710113380126,-3.355,3.507350493811));
#10356 = CARTESIAN_POINT('',(-3.710113380126,-3.345,3.507350493811));
#10357 = ADVANCED_FACE('',(#10358),#10368,.F.);
#10358 = FACE_BOUND('',#10359,.F.);
#10359 = EDGE_LOOP('',(#10360,#10361,#10362,#10367));
#10360 = ORIENTED_EDGE('',*,*,#10343,.F.);
#10361 = ORIENTED_EDGE('',*,*,#10215,.T.);
#10362 = ORIENTED_EDGE('',*,*,#10363,.T.);
#10363 = EDGE_CURVE('',#10216,#1287,#10364,.T.);
#10364 = B_SPLINE_CURVE_WITH_KNOTS('',1,(#10365,#10366),.UNSPECIFIED.,
  .F.,.F.,(2,2),(0.,1.E-02),.PIECEWISE_BEZIER_KNOTS.);
#10365 = CARTESIAN_POINT('',(-3.658991949238,-3.355,3.633681080643));
#10366 = CARTESIAN_POINT('',(-3.658991949238,-3.345,3.633681080643));
#10367 = ORIENTED_EDGE('',*,*,#1295,.F.);
#10368 = B_SPLINE_SURFACE_WITH_KNOTS('',3,1,(
    (#10369,#10370)
    ,(#10371,#10372)
    ,(#10373,#10374)
    ,(#10375,#10376
    )),.UNSPECIFIED.,.F.,.F.,.F.,(4,4),(2,2),(4.,5.),(0.,1.),
  .PIECEWISE_BEZIER_KNOTS.);
#10369 = CARTESIAN_POINT('',(-3.710113380126,-3.355,3.507350493811));
#10370 = CARTESIAN_POINT('',(-3.710113380126,-3.345,3.507350493811));
#10371 = CARTESIAN_POINT('',(-3.676061308366,-3.355,3.539063110259));
#10372 = CARTESIAN_POINT('',(-3.676061308366,-3.345,3.539063110259));
#10373 = CARTESIAN_POINT('',(-3.658991949238,-3.355,3.581173305868));
#10374 = CARTESIAN_POINT('',(-3.658991949238,-3.345,3.581173305868));
#10375 = CARTESIAN_POINT('',(-3.658991949238,-3.355,3.633681080643));
#10376 = CARTESIAN_POINT('',(-3.658991949238,-3.345,3.633681080643));
#10377 = ADVANCED_FACE('',(#10378),#10388,.F.);
#10378 = FACE_BOUND('',#10379,.F.);
#10379 = EDGE_LOOP('',(#10380,#10381,#10382,#10387));
#10380 = ORIENTED_EDGE('',*,*,#10363,.F.);
#10381 = ORIENTED_EDGE('',*,*,#10224,.T.);
#10382 = ORIENTED_EDGE('',*,*,#10383,.T.);
#10383 = EDGE_CURVE('',#10225,#1278,#10384,.T.);
#10384 = B_SPLINE_CURVE_WITH_KNOTS('',1,(#10385,#10386),.UNSPECIFIED.,
  .F.,.F.,(2,2),(0.,1.E-02),.PIECEWISE_BEZIER_KNOTS.);
#10385 = CARTESIAN_POINT('',(-3.710113380126,-3.355,3.753946412965));
#10386 = CARTESIAN_POINT('',(-3.710113380126,-3.345,3.753946412965));
#10387 = ORIENTED_EDGE('',*,*,#1286,.F.);
#10388 = B_SPLINE_SURFACE_WITH_KNOTS('',3,1,(
    (#10389,#10390)
    ,(#10391,#10392)
    ,(#10393,#10394)
    ,(#10395,#10396
    )),.UNSPECIFIED.,.F.,.F.,.F.,(4,4),(2,2),(3.,4.),(0.,1.),
  .PIECEWISE_BEZIER_KNOTS.);
#10389 = CARTESIAN_POINT('',(-3.658991949238,-3.355,3.633681080643));
#10390 = CARTESIAN_POINT('',(-3.658991949238,-3.345,3.633681080643));
#10391 = CARTESIAN_POINT('',(-3.658991949238,-3.355,3.683936046598));
#10392 = CARTESIAN_POINT('',(-3.658991949238,-3.345,3.683936046598));
#10393 = CARTESIAN_POINT('',(-3.676061308366,-3.355,3.723966726377));
#10394 = CARTESIAN_POINT('',(-3.676061308366,-3.345,3.723966726377));
#10395 = CARTESIAN_POINT('',(-3.710113380126,-3.355,3.753946412965));
#10396 = CARTESIAN_POINT('',(-3.710113380126,-3.345,3.753946412965));
#10397 = ADVANCED_FACE('',(#10398),#10408,.F.);
#10398 = FACE_BOUND('',#10399,.F.);
#10399 = EDGE_LOOP('',(#10400,#10401,#10402,#10407));
#10400 = ORIENTED_EDGE('',*,*,#10383,.F.);
#10401 = ORIENTED_EDGE('',*,*,#10233,.T.);
#10402 = ORIENTED_EDGE('',*,*,#10403,.T.);
#10403 = EDGE_CURVE('',#10234,#1271,#10404,.T.);
#10404 = B_SPLINE_CURVE_WITH_KNOTS('',1,(#10405,#10406),.UNSPECIFIED.,
  .F.,.F.,(2,2),(0.,1.E-02),.PIECEWISE_BEZIER_KNOTS.);
#10405 = CARTESIAN_POINT('',(-3.838263543311,-3.355,3.798829296352));
#10406 = CARTESIAN_POINT('',(-3.838263543311,-3.345,3.798829296352));
#10407 = ORIENTED_EDGE('',*,*,#1277,.F.);
#10408 = B_SPLINE_SURFACE_WITH_KNOTS('',3,1,(
    (#10409,#10410)
    ,(#10411,#10412)
    ,(#10413,#10414)
    ,(#10415,#10416
    )),.UNSPECIFIED.,.F.,.F.,.F.,(4,4),(2,2),(2.,3.),(0.,1.),
  .PIECEWISE_BEZIER_KNOTS.);
#10409 = CARTESIAN_POINT('',(-3.710113380126,-3.355,3.753946412965));
#10410 = CARTESIAN_POINT('',(-3.710113380126,-3.345,3.753946412965));
#10411 = CARTESIAN_POINT('',(-3.744165451883,-3.355,3.78392609955));
#10412 = CARTESIAN_POINT('',(-3.744165451883,-3.345,3.78392609955));
#10413 = CARTESIAN_POINT('',(-3.786882172947,-3.355,3.798829296352));
#10414 = CARTESIAN_POINT('',(-3.786882172947,-3.345,3.798829296352));
#10415 = CARTESIAN_POINT('',(-3.838263543311,-3.355,3.798829296352));
#10416 = CARTESIAN_POINT('',(-3.838263543311,-3.345,3.798829296352));
#10417 = ADVANCED_FACE('',(#10418),#10428,.F.);
#10418 = FACE_BOUND('',#10419,.T.);
#10419 = EDGE_LOOP('',(#10420,#10421,#10426,#10427));
#10420 = ORIENTED_EDGE('',*,*,#1270,.T.);
#10421 = ORIENTED_EDGE('',*,*,#10422,.F.);
#10422 = EDGE_CURVE('',#10243,#1264,#10423,.T.);
#10423 = B_SPLINE_CURVE_WITH_KNOTS('',1,(#10424,#10425),.UNSPECIFIED.,
  .F.,.F.,(2,2),(0.,1.E-02),.PIECEWISE_BEZIER_KNOTS.);
#10424 = CARTESIAN_POINT('',(-3.934961029527,-3.355,3.798829296352));
#10425 = CARTESIAN_POINT('',(-3.934961029527,-3.345,3.798829296352));
#10426 = ORIENTED_EDGE('',*,*,#10242,.F.);
#10427 = ORIENTED_EDGE('',*,*,#10403,.T.);
#10428 = B_SPLINE_SURFACE_WITH_KNOTS('',1,1,(
    (#10429,#10430)
    ,(#10431,#10432
    )),.UNSPECIFIED.,.F.,.F.,.F.,(2,2),(2,2),(-9.669748621587E-02,0.),(
    0.,1.E-02),.PIECEWISE_BEZIER_KNOTS.);
#10429 = CARTESIAN_POINT('',(-3.838263543311,-3.355,3.798829296352));
#10430 = CARTESIAN_POINT('',(-3.838263543311,-3.345,3.798829296352));
#10431 = CARTESIAN_POINT('',(-3.934961029527,-3.355,3.798829296352));
#10432 = CARTESIAN_POINT('',(-3.934961029527,-3.345,3.798829296352));
#10433 = ADVANCED_FACE('',(#10434),#10440,.F.);
#10434 = FACE_BOUND('',#10435,.T.);
#10435 = EDGE_LOOP('',(#10436,#10437,#10438,#10439));
#10436 = ORIENTED_EDGE('',*,*,#1263,.T.);
#10437 = ORIENTED_EDGE('',*,*,#10328,.F.);
#10438 = ORIENTED_EDGE('',*,*,#10249,.F.);
#10439 = ORIENTED_EDGE('',*,*,#10422,.T.);
#10440 = B_SPLINE_SURFACE_WITH_KNOTS('',1,1,(
    (#10441,#10442)
    ,(#10443,#10444
    )),.UNSPECIFIED.,.F.,.F.,.F.,(2,2),(2,2),(-0.338961080719,0.),(0.,
    1.E-02),.PIECEWISE_BEZIER_KNOTS.);
#10441 = CARTESIAN_POINT('',(-3.934961029527,-3.355,3.798829296352));
#10442 = CARTESIAN_POINT('',(-3.934961029527,-3.345,3.798829296352));
#10443 = CARTESIAN_POINT('',(-3.934961029527,-3.355,3.459868215633));
#10444 = CARTESIAN_POINT('',(-3.934961029527,-3.345,3.459868215633));
#10445 = ADVANCED_FACE('',(#10446),#10468,.T.);
#10446 = FACE_BOUND('',#10447,.T.);
#10447 = EDGE_LOOP('',(#10448,#10457,#10462,#10463));
#10448 = ORIENTED_EDGE('',*,*,#10449,.F.);
#10449 = EDGE_CURVE('',#10450,#10452,#10454,.T.);
#10450 = VERTEX_POINT('',#10451);
#10451 = CARTESIAN_POINT('',(-3.839996473172,-3.345,3.759838374491));
#10452 = VERTEX_POINT('',#10453);
#10453 = CARTESIAN_POINT('',(-3.89120455055,-3.345,3.759838374491));
#10454 = B_SPLINE_CURVE_WITH_KNOTS('',1,(#10455,#10456),.UNSPECIFIED.,
  .F.,.F.,(2,2),(0.,5.120807737802E-02),.PIECEWISE_BEZIER_KNOTS.);
#10455 = CARTESIAN_POINT('',(-3.839996473172,-3.345,3.759838374491));
#10456 = CARTESIAN_POINT('',(-3.89120455055,-3.345,3.759838374491));
#10457 = ORIENTED_EDGE('',*,*,#10458,.F.);
#10458 = EDGE_CURVE('',#10266,#10450,#10459,.T.);
#10459 = B_SPLINE_CURVE_WITH_KNOTS('',1,(#10460,#10461),.UNSPECIFIED.,
  .F.,.F.,(2,2),(0.,1.E-02),.PIECEWISE_BEZIER_KNOTS.);
#10460 = CARTESIAN_POINT('',(-3.839996473172,-3.355,3.759838374491));
#10461 = CARTESIAN_POINT('',(-3.839996473172,-3.345,3.759838374491));
#10462 = ORIENTED_EDGE('',*,*,#10265,.T.);
#10463 = ORIENTED_EDGE('',*,*,#10464,.T.);
#10464 = EDGE_CURVE('',#10257,#10452,#10465,.T.);
#10465 = B_SPLINE_CURVE_WITH_KNOTS('',1,(#10466,#10467),.UNSPECIFIED.,
  .F.,.F.,(2,2),(0.,1.E-02),.PIECEWISE_BEZIER_KNOTS.);
#10466 = CARTESIAN_POINT('',(-3.89120455055,-3.355,3.759838374491));
#10467 = CARTESIAN_POINT('',(-3.89120455055,-3.345,3.759838374491));
#10468 = B_SPLINE_SURFACE_WITH_KNOTS('',1,1,(
    (#10469,#10470)
    ,(#10471,#10472
    )),.UNSPECIFIED.,.F.,.F.,.F.,(2,2),(2,2),(0.,5.120807737802E-02),(
    -4.440892098501E-16,1.E-02),.PIECEWISE_BEZIER_KNOTS.);
#10469 = CARTESIAN_POINT('',(-3.839996473172,-3.355,3.759838374491));
#10470 = CARTESIAN_POINT('',(-3.839996473172,-3.345,3.759838374491));
#10471 = CARTESIAN_POINT('',(-3.89120455055,-3.355,3.759838374491));
#10472 = CARTESIAN_POINT('',(-3.89120455055,-3.345,3.759838374491));
#10473 = ADVANCED_FACE('',(#10474),#10490,.T.);
#10474 = FACE_BOUND('',#10475,.T.);
#10475 = EDGE_LOOP('',(#10476,#10483,#10484,#10485));
#10476 = ORIENTED_EDGE('',*,*,#10477,.F.);
#10477 = EDGE_CURVE('',#10452,#10478,#10480,.T.);
#10478 = VERTEX_POINT('',#10479);
#10479 = CARTESIAN_POINT('',(-3.89120455055,-3.345,3.498512551523));
#10480 = B_SPLINE_CURVE_WITH_KNOTS('',1,(#10481,#10482),.UNSPECIFIED.,
  .F.,.F.,(2,2),(0.,0.261325822968),.PIECEWISE_BEZIER_KNOTS.);
#10481 = CARTESIAN_POINT('',(-3.89120455055,-3.345,3.759838374491));
#10482 = CARTESIAN_POINT('',(-3.89120455055,-3.345,3.498512551523));
#10483 = ORIENTED_EDGE('',*,*,#10464,.F.);
#10484 = ORIENTED_EDGE('',*,*,#10256,.T.);
#10485 = ORIENTED_EDGE('',*,*,#10486,.T.);
#10486 = EDGE_CURVE('',#10259,#10478,#10487,.T.);
#10487 = B_SPLINE_CURVE_WITH_KNOTS('',1,(#10488,#10489),.UNSPECIFIED.,
  .F.,.F.,(2,2),(0.,1.E-02),.PIECEWISE_BEZIER_KNOTS.);
#10488 = CARTESIAN_POINT('',(-3.89120455055,-3.355,3.498512551523));
#10489 = CARTESIAN_POINT('',(-3.89120455055,-3.345,3.498512551523));
#10490 = B_SPLINE_SURFACE_WITH_KNOTS('',1,1,(
    (#10491,#10492)
    ,(#10493,#10494
    )),.UNSPECIFIED.,.F.,.F.,.F.,(2,2),(2,2),(0.,0.261325822968),(0.,
    1.E-02),.PIECEWISE_BEZIER_KNOTS.);
#10491 = CARTESIAN_POINT('',(-3.89120455055,-3.355,3.759838374491));
#10492 = CARTESIAN_POINT('',(-3.89120455055,-3.345,3.759838374491));
#10493 = CARTESIAN_POINT('',(-3.89120455055,-3.355,3.498512551523));
#10494 = CARTESIAN_POINT('',(-3.89120455055,-3.345,3.498512551523));
#10495 = ADVANCED_FACE('',(#10496),#10512,.T.);
#10496 = FACE_BOUND('',#10497,.T.);
#10497 = EDGE_LOOP('',(#10498,#10505,#10506,#10507));
#10498 = ORIENTED_EDGE('',*,*,#10499,.F.);
#10499 = EDGE_CURVE('',#10478,#10500,#10502,.T.);
#10500 = VERTEX_POINT('',#10501);
#10501 = CARTESIAN_POINT('',(-3.841989342512,-3.345,3.498512551523));
#10502 = B_SPLINE_CURVE_WITH_KNOTS('',1,(#10503,#10504),.UNSPECIFIED.,
  .F.,.F.,(2,2),(0.,4.921520803837E-02),.PIECEWISE_BEZIER_KNOTS.);
#10503 = CARTESIAN_POINT('',(-3.89120455055,-3.345,3.498512551523));
#10504 = CARTESIAN_POINT('',(-3.841989342512,-3.345,3.498512551523));
#10505 = ORIENTED_EDGE('',*,*,#10486,.F.);
#10506 = ORIENTED_EDGE('',*,*,#10308,.T.);
#10507 = ORIENTED_EDGE('',*,*,#10508,.T.);
#10508 = EDGE_CURVE('',#10300,#10500,#10509,.T.);
#10509 = B_SPLINE_CURVE_WITH_KNOTS('',1,(#10510,#10511),.UNSPECIFIED.,
  .F.,.F.,(2,2),(0.,1.E-02),.PIECEWISE_BEZIER_KNOTS.);
#10510 = CARTESIAN_POINT('',(-3.841989342512,-3.355,3.498512551523));
#10511 = CARTESIAN_POINT('',(-3.841989342512,-3.345,3.498512551523));
#10512 = B_SPLINE_SURFACE_WITH_KNOTS('',1,1,(
    (#10513,#10514)
    ,(#10515,#10516
    )),.UNSPECIFIED.,.F.,.F.,.F.,(2,2),(2,2),(0.,4.921520803837E-02),(0.
    ,1.E-02),.PIECEWISE_BEZIER_KNOTS.);
#10513 = CARTESIAN_POINT('',(-3.89120455055,-3.355,3.498512551523));
#10514 = CARTESIAN_POINT('',(-3.89120455055,-3.345,3.498512551523));
#10515 = CARTESIAN_POINT('',(-3.841989342512,-3.355,3.498512551523));
#10516 = CARTESIAN_POINT('',(-3.841989342512,-3.345,3.498512551523));
#10517 = ADVANCED_FACE('',(#10518),#10536,.T.);
#10518 = FACE_BOUND('',#10519,.T.);
#10519 = EDGE_LOOP('',(#10520,#10529,#10530,#10531));
#10520 = ORIENTED_EDGE('',*,*,#10521,.F.);
#10521 = EDGE_CURVE('',#10500,#10522,#10524,.T.);
#10522 = VERTEX_POINT('',#10523);
#10523 = CARTESIAN_POINT('',(-3.741219471121,-3.345,3.533864320677));
#10524 = B_SPLINE_CURVE_WITH_KNOTS('',3,(#10525,#10526,#10527,#10528),
  .UNSPECIFIED.,.F.,.F.,(4,4),(2.,3.),.PIECEWISE_BEZIER_KNOTS.);
#10525 = CARTESIAN_POINT('',(-3.841989342512,-3.345,3.498512551523));
#10526 = CARTESIAN_POINT('',(-3.798926035478,-3.345,3.498512551523));
#10527 = CARTESIAN_POINT('',(-3.765307196183,-3.345,3.510296474573));
#10528 = CARTESIAN_POINT('',(-3.741219471121,-3.345,3.533864320677));
#10529 = ORIENTED_EDGE('',*,*,#10508,.F.);
#10530 = ORIENTED_EDGE('',*,*,#10299,.T.);
#10531 = ORIENTED_EDGE('',*,*,#10532,.T.);
#10532 = EDGE_CURVE('',#10291,#10522,#10533,.T.);
#10533 = B_SPLINE_CURVE_WITH_KNOTS('',1,(#10534,#10535),.UNSPECIFIED.,
  .F.,.F.,(2,2),(0.,1.E-02),.PIECEWISE_BEZIER_KNOTS.);
#10534 = CARTESIAN_POINT('',(-3.741219471121,-3.355,3.533864320677));
#10535 = CARTESIAN_POINT('',(-3.741219471121,-3.345,3.533864320677));
#10536 = B_SPLINE_SURFACE_WITH_KNOTS('',3,1,(
    (#10537,#10538)
    ,(#10539,#10540)
    ,(#10541,#10542)
    ,(#10543,#10544
    )),.UNSPECIFIED.,.F.,.F.,.F.,(4,4),(2,2),(2.,3.),(0.,1.),
  .PIECEWISE_BEZIER_KNOTS.);
#10537 = CARTESIAN_POINT('',(-3.841989342512,-3.355,3.498512551523));
#10538 = CARTESIAN_POINT('',(-3.841989342512,-3.345,3.498512551523));
#10539 = CARTESIAN_POINT('',(-3.798926035478,-3.355,3.498512551523));
#10540 = CARTESIAN_POINT('',(-3.798926035478,-3.345,3.498512551523));
#10541 = CARTESIAN_POINT('',(-3.765307196183,-3.355,3.510296474573));
#10542 = CARTESIAN_POINT('',(-3.765307196183,-3.345,3.510296474573));
#10543 = CARTESIAN_POINT('',(-3.741219471121,-3.355,3.533864320677));
#10544 = CARTESIAN_POINT('',(-3.741219471121,-3.345,3.533864320677));
#10545 = ADVANCED_FACE('',(#10546),#10564,.T.);
#10546 = FACE_BOUND('',#10547,.T.);
#10547 = EDGE_LOOP('',(#10548,#10557,#10558,#10559));
#10548 = ORIENTED_EDGE('',*,*,#10549,.F.);
#10549 = EDGE_CURVE('',#10522,#10550,#10552,.T.);
#10550 = VERTEX_POINT('',#10551);
#10551 = CARTESIAN_POINT('',(-3.705001237038,-3.345,3.632468029742));
#10552 = B_SPLINE_CURVE_WITH_KNOTS('',3,(#10553,#10554,#10555,#10556),
  .UNSPECIFIED.,.F.,.F.,(4,4),(3.,4.),.PIECEWISE_BEZIER_KNOTS.);
#10553 = CARTESIAN_POINT('',(-3.741219471121,-3.345,3.533864320677));
#10554 = CARTESIAN_POINT('',(-3.717045099567,-3.345,3.557258873795));
#10555 = CARTESIAN_POINT('',(-3.705001237038,-3.345,3.590184541144));
#10556 = CARTESIAN_POINT('',(-3.705001237038,-3.345,3.632468029742));
#10557 = ORIENTED_EDGE('',*,*,#10532,.F.);
#10558 = ORIENTED_EDGE('',*,*,#10290,.T.);
#10559 = ORIENTED_EDGE('',*,*,#10560,.T.);
#10560 = EDGE_CURVE('',#10282,#10550,#10561,.T.);
#10561 = B_SPLINE_CURVE_WITH_KNOTS('',1,(#10562,#10563),.UNSPECIFIED.,
  .F.,.F.,(2,2),(0.,1.E-02),.PIECEWISE_BEZIER_KNOTS.);
#10562 = CARTESIAN_POINT('',(-3.705001237038,-3.355,3.632468029742));
#10563 = CARTESIAN_POINT('',(-3.705001237038,-3.345,3.632468029742));
#10564 = B_SPLINE_SURFACE_WITH_KNOTS('',3,1,(
    (#10565,#10566)
    ,(#10567,#10568)
    ,(#10569,#10570)
    ,(#10571,#10572
    )),.UNSPECIFIED.,.F.,.F.,.F.,(4,4),(2,2),(3.,4.),(0.,1.),
  .PIECEWISE_BEZIER_KNOTS.);
#10565 = CARTESIAN_POINT('',(-3.741219471121,-3.355,3.533864320677));
#10566 = CARTESIAN_POINT('',(-3.741219471121,-3.345,3.533864320677));
#10567 = CARTESIAN_POINT('',(-3.717045099567,-3.355,3.557258873795));
#10568 = CARTESIAN_POINT('',(-3.717045099567,-3.345,3.557258873795));
#10569 = CARTESIAN_POINT('',(-3.705001237038,-3.355,3.590184541144));
#10570 = CARTESIAN_POINT('',(-3.705001237038,-3.345,3.590184541144));
#10571 = CARTESIAN_POINT('',(-3.705001237038,-3.355,3.632468029742));
#10572 = CARTESIAN_POINT('',(-3.705001237038,-3.345,3.632468029742));
#10573 = ADVANCED_FACE('',(#10574),#10592,.T.);
#10574 = FACE_BOUND('',#10575,.T.);
#10575 = EDGE_LOOP('',(#10576,#10585,#10586,#10587));
#10576 = ORIENTED_EDGE('',*,*,#10577,.F.);
#10577 = EDGE_CURVE('',#10550,#10578,#10580,.T.);
#10578 = VERTEX_POINT('',#10579);
#10579 = CARTESIAN_POINT('',(-3.742172582546,-3.345,3.727952465056));
#10580 = B_SPLINE_CURVE_WITH_KNOTS('',3,(#10581,#10582,#10583,#10584),
  .UNSPECIFIED.,.F.,.F.,(4,4),(4.,5.),.PIECEWISE_BEZIER_KNOTS.);
#10581 = CARTESIAN_POINT('',(-3.705001237038,-3.345,3.632468029742));
#10582 = CARTESIAN_POINT('',(-3.705001237038,-3.345,3.674751518339));
#10583 = CARTESIAN_POINT('',(-3.717391685541,-3.345,3.706637427771));
#10584 = CARTESIAN_POINT('',(-3.742172582546,-3.345,3.727952465056));
#10585 = ORIENTED_EDGE('',*,*,#10560,.F.);
#10586 = ORIENTED_EDGE('',*,*,#10281,.T.);
#10587 = ORIENTED_EDGE('',*,*,#10588,.T.);
#10588 = EDGE_CURVE('',#10273,#10578,#10589,.T.);
#10589 = B_SPLINE_CURVE_WITH_KNOTS('',1,(#10590,#10591),.UNSPECIFIED.,
  .F.,.F.,(2,2),(0.,1.E-02),.PIECEWISE_BEZIER_KNOTS.);
#10590 = CARTESIAN_POINT('',(-3.742172582546,-3.355,3.727952465056));
#10591 = CARTESIAN_POINT('',(-3.742172582546,-3.345,3.727952465056));
#10592 = B_SPLINE_SURFACE_WITH_KNOTS('',3,1,(
    (#10593,#10594)
    ,(#10595,#10596)
    ,(#10597,#10598)
    ,(#10599,#10600
    )),.UNSPECIFIED.,.F.,.F.,.F.,(4,4),(2,2),(4.,5.),(0.,1.),
  .PIECEWISE_BEZIER_KNOTS.);
#10593 = CARTESIAN_POINT('',(-3.705001237038,-3.355,3.632468029742));
#10594 = CARTESIAN_POINT('',(-3.705001237038,-3.345,3.632468029742));
#10595 = CARTESIAN_POINT('',(-3.705001237038,-3.355,3.674751518339));
#10596 = CARTESIAN_POINT('',(-3.705001237038,-3.345,3.674751518339));
#10597 = CARTESIAN_POINT('',(-3.717391685541,-3.355,3.706637427771));
#10598 = CARTESIAN_POINT('',(-3.717391685541,-3.345,3.706637427771));
#10599 = CARTESIAN_POINT('',(-3.742172582546,-3.355,3.727952465056));
#10600 = CARTESIAN_POINT('',(-3.742172582546,-3.345,3.727952465056));
#10601 = ADVANCED_FACE('',(#10602),#10614,.T.);
#10602 = FACE_BOUND('',#10603,.T.);
#10603 = EDGE_LOOP('',(#10604,#10611,#10612,#10613));
#10604 = ORIENTED_EDGE('',*,*,#10605,.F.);
#10605 = EDGE_CURVE('',#10578,#10450,#10606,.T.);
#10606 = B_SPLINE_CURVE_WITH_KNOTS('',3,(#10607,#10608,#10609,#10610),
  .UNSPECIFIED.,.F.,.F.,(4,4),(5.,6.),.PIECEWISE_BEZIER_KNOTS.);
#10607 = CARTESIAN_POINT('',(-3.742172582546,-3.345,3.727952465056));
#10608 = CARTESIAN_POINT('',(-3.766953479551,-3.345,3.74926750234));
#10609 = CARTESIAN_POINT('',(-3.799619207422,-3.345,3.759838374491));
#10610 = CARTESIAN_POINT('',(-3.839996473172,-3.345,3.759838374491));
#10611 = ORIENTED_EDGE('',*,*,#10588,.F.);
#10612 = ORIENTED_EDGE('',*,*,#10272,.T.);
#10613 = ORIENTED_EDGE('',*,*,#10458,.T.);
#10614 = B_SPLINE_SURFACE_WITH_KNOTS('',3,1,(
    (#10615,#10616)
    ,(#10617,#10618)
    ,(#10619,#10620)
    ,(#10621,#10622
    )),.UNSPECIFIED.,.F.,.F.,.F.,(4,4),(2,2),(5.,6.),(0.,1.),
  .PIECEWISE_BEZIER_KNOTS.);
#10615 = CARTESIAN_POINT('',(-3.742172582546,-3.355,3.727952465056));
#10616 = CARTESIAN_POINT('',(-3.742172582546,-3.345,3.727952465056));
#10617 = CARTESIAN_POINT('',(-3.766953479551,-3.355,3.74926750234));
#10618 = CARTESIAN_POINT('',(-3.766953479551,-3.345,3.74926750234));
#10619 = CARTESIAN_POINT('',(-3.799619207422,-3.355,3.759838374491));
#10620 = CARTESIAN_POINT('',(-3.799619207422,-3.345,3.759838374491));
#10621 = CARTESIAN_POINT('',(-3.839996473172,-3.355,3.759838374491));
#10622 = CARTESIAN_POINT('',(-3.839996473172,-3.345,3.759838374491));
#10623 = ADVANCED_FACE('',(#10624),#10633,.F.);
#10624 = FACE_BOUND('',#10625,.T.);
#10625 = EDGE_LOOP('',(#10626,#10627,#10628,#10629,#10630,#10631,#10632)
  );
#10626 = ORIENTED_EDGE('',*,*,#10605,.T.);
#10627 = ORIENTED_EDGE('',*,*,#10449,.T.);
#10628 = ORIENTED_EDGE('',*,*,#10477,.T.);
#10629 = ORIENTED_EDGE('',*,*,#10499,.T.);
#10630 = ORIENTED_EDGE('',*,*,#10521,.T.);
#10631 = ORIENTED_EDGE('',*,*,#10549,.T.);
#10632 = ORIENTED_EDGE('',*,*,#10577,.T.);
#10633 = B_SPLINE_SURFACE_WITH_KNOTS('',1,1,(
    (#10634,#10635)
    ,(#10636,#10637
    )),.UNSPECIFIED.,.F.,.F.,.F.,(2,2),(2,2),(-6.701487548477,
    -6.440161725509),(3.60879544945,3.794998762962),
  .PIECEWISE_BEZIER_KNOTS.);
#10634 = CARTESIAN_POINT('',(-3.89120455055,-3.345,3.498512551523));
#10635 = CARTESIAN_POINT('',(-3.705001237038,-3.345,3.498512551523));
#10636 = CARTESIAN_POINT('',(-3.89120455055,-3.345,3.759838374491));
#10637 = CARTESIAN_POINT('',(-3.705001237038,-3.345,3.759838374491));
#10638 = ADVANCED_FACE('',(#10639,#10697),#10745,.F.);
#10639 = FACE_BOUND('',#10640,.T.);
#10640 = EDGE_LOOP('',(#10641,#10650,#10657,#10664,#10671,#10678,#10685,
    #10692));
#10641 = ORIENTED_EDGE('',*,*,#10642,.T.);
#10642 = EDGE_CURVE('',#10643,#10645,#10647,.T.);
#10643 = VERTEX_POINT('',#10644);
#10644 = CARTESIAN_POINT('',(-3.3351940048,-3.355,3.459868215633));
#10645 = VERTEX_POINT('',#10646);
#10646 = CARTESIAN_POINT('',(-3.464297279408,-3.355,3.798829296352));
#10647 = B_SPLINE_CURVE_WITH_KNOTS('',1,(#10648,#10649),.UNSPECIFIED.,
  .F.,.F.,(2,2),(-0.362715135825,0.),.PIECEWISE_BEZIER_KNOTS.);
#10648 = CARTESIAN_POINT('',(-3.3351940048,-3.355,3.459868215633));
#10649 = CARTESIAN_POINT('',(-3.464297279408,-3.355,3.798829296352));
#10650 = ORIENTED_EDGE('',*,*,#10651,.T.);
#10651 = EDGE_CURVE('',#10645,#10652,#10654,.T.);
#10652 = VERTEX_POINT('',#10653);
#10653 = CARTESIAN_POINT('',(-3.511086385644,-3.355,3.798829296352));
#10654 = B_SPLINE_CURVE_WITH_KNOTS('',1,(#10655,#10656),.UNSPECIFIED.,
  .F.,.F.,(2,2),(-4.67891062364E-02,-0.),.PIECEWISE_BEZIER_KNOTS.);
#10655 = CARTESIAN_POINT('',(-3.464297279408,-3.355,3.798829296352));
#10656 = CARTESIAN_POINT('',(-3.511086385644,-3.355,3.798829296352));
#10657 = ORIENTED_EDGE('',*,*,#10658,.T.);
#10658 = EDGE_CURVE('',#10652,#10659,#10661,.T.);
#10659 = VERTEX_POINT('',#10660);
#10660 = CARTESIAN_POINT('',(-3.640189660255,-3.355,3.459868215633));
#10661 = B_SPLINE_CURVE_WITH_KNOTS('',1,(#10662,#10663),.UNSPECIFIED.,
  .F.,.F.,(2,2),(-0.362715135826,-0.),.PIECEWISE_BEZIER_KNOTS.);
#10662 = CARTESIAN_POINT('',(-3.511086385644,-3.355,3.798829296352));
#10663 = CARTESIAN_POINT('',(-3.640189660255,-3.355,3.459868215633));
#10664 = ORIENTED_EDGE('',*,*,#10665,.T.);
#10665 = EDGE_CURVE('',#10659,#10666,#10668,.T.);
#10666 = VERTEX_POINT('',#10667);
#10667 = CARTESIAN_POINT('',(-3.591840917145,-3.355,3.459868215633));
#10668 = B_SPLINE_CURVE_WITH_KNOTS('',1,(#10669,#10670),.UNSPECIFIED.,
  .F.,.F.,(2,2),(-4.834874310909E-02,0.),.PIECEWISE_BEZIER_KNOTS.);
#10669 = CARTESIAN_POINT('',(-3.640189660255,-3.355,3.459868215633));
#10670 = CARTESIAN_POINT('',(-3.591840917145,-3.355,3.459868215633));
#10671 = ORIENTED_EDGE('',*,*,#10672,.T.);
#10672 = EDGE_CURVE('',#10666,#10673,#10675,.T.);
#10673 = VERTEX_POINT('',#10674);
#10674 = CARTESIAN_POINT('',(-3.559261835768,-3.355,3.55257996317));
#10675 = B_SPLINE_CURVE_WITH_KNOTS('',1,(#10676,#10677),.UNSPECIFIED.,
  .F.,.F.,(2,2),(-9.826934758461E-02,0.),.PIECEWISE_BEZIER_KNOTS.);
#10676 = CARTESIAN_POINT('',(-3.591840917145,-3.355,3.459868215633));
#10677 = CARTESIAN_POINT('',(-3.559261835768,-3.355,3.55257996317));
#10678 = ORIENTED_EDGE('',*,*,#10679,.T.);
#10679 = EDGE_CURVE('',#10673,#10680,#10682,.T.);
#10680 = VERTEX_POINT('',#10681);
#10681 = CARTESIAN_POINT('',(-3.418114698627,-3.355,3.55257996317));
#10682 = B_SPLINE_CURVE_WITH_KNOTS('',1,(#10683,#10684),.UNSPECIFIED.,
  .F.,.F.,(2,2),(-0.141147137141,0.),.PIECEWISE_BEZIER_KNOTS.);
#10683 = CARTESIAN_POINT('',(-3.559261835768,-3.355,3.55257996317));
#10684 = CARTESIAN_POINT('',(-3.418114698627,-3.355,3.55257996317));
#10685 = ORIENTED_EDGE('',*,*,#10686,.T.);
#10686 = EDGE_CURVE('',#10680,#10687,#10689,.T.);
#10687 = VERTEX_POINT('',#10688);
#10688 = CARTESIAN_POINT('',(-3.383542747907,-3.355,3.459868215633));
#10689 = B_SPLINE_CURVE_WITH_KNOTS('',1,(#10690,#10691),.UNSPECIFIED.,
  .F.,.F.,(2,2),(-9.894790502003E-02,0.),.PIECEWISE_BEZIER_KNOTS.);
#10690 = CARTESIAN_POINT('',(-3.418114698627,-3.355,3.55257996317));
#10691 = CARTESIAN_POINT('',(-3.383542747907,-3.355,3.459868215633));
#10692 = ORIENTED_EDGE('',*,*,#10693,.T.);
#10693 = EDGE_CURVE('',#10687,#10643,#10694,.T.);
#10694 = B_SPLINE_CURVE_WITH_KNOTS('',1,(#10695,#10696),.UNSPECIFIED.,
  .F.,.F.,(2,2),(-4.834874310678E-02,0.),.PIECEWISE_BEZIER_KNOTS.);
#10695 = CARTESIAN_POINT('',(-3.383542747907,-3.355,3.459868215633));
#10696 = CARTESIAN_POINT('',(-3.3351940048,-3.355,3.459868215633));
#10697 = FACE_BOUND('',#10698,.T.);
#10698 = EDGE_LOOP('',(#10699,#10708,#10715,#10724,#10731,#10740));
#10699 = ORIENTED_EDGE('',*,*,#10700,.F.);
#10700 = EDGE_CURVE('',#10701,#10703,#10705,.T.);
#10701 = VERTEX_POINT('',#10702);
#10702 = CARTESIAN_POINT('',(-3.545398396881,-3.355,3.590877713088));
#10703 = VERTEX_POINT('',#10704);
#10704 = CARTESIAN_POINT('',(-3.431631551537,-3.355,3.590877713088));
#10705 = B_SPLINE_CURVE_WITH_KNOTS('',1,(#10706,#10707),.UNSPECIFIED.,
  .F.,.F.,(2,2),(0.,0.113766845343),.PIECEWISE_BEZIER_KNOTS.);
#10706 = CARTESIAN_POINT('',(-3.545398396881,-3.355,3.590877713088));
#10707 = CARTESIAN_POINT('',(-3.431631551537,-3.355,3.590877713088));
#10708 = ORIENTED_EDGE('',*,*,#10709,.F.);
#10709 = EDGE_CURVE('',#10710,#10701,#10712,.T.);
#10710 = VERTEX_POINT('',#10711);
#10711 = CARTESIAN_POINT('',(-3.494710198463,-3.355,3.73176491075));
#10712 = B_SPLINE_CURVE_WITH_KNOTS('',1,(#10713,#10714),.UNSPECIFIED.,
  .F.,.F.,(2,2),(-2.548066119063E-16,0.149728073266),
  .PIECEWISE_BEZIER_KNOTS.);
#10713 = CARTESIAN_POINT('',(-3.494710198463,-3.355,3.73176491075));
#10714 = CARTESIAN_POINT('',(-3.545398396881,-3.355,3.590877713088));
#10715 = ORIENTED_EDGE('',*,*,#10716,.F.);
#10716 = EDGE_CURVE('',#10717,#10710,#10719,.T.);
#10717 = VERTEX_POINT('',#10718);
#10718 = CARTESIAN_POINT('',(-3.489164822908,-3.355,3.755506049837));
#10719 = B_SPLINE_CURVE_WITH_KNOTS('',3,(#10720,#10721,#10722,#10723),
  .UNSPECIFIED.,.F.,.F.,(4,4),(3.,4.),.PIECEWISE_BEZIER_KNOTS.);
#10720 = CARTESIAN_POINT('',(-3.489164822908,-3.355,3.755506049837));
#10721 = CARTESIAN_POINT('',(-3.490811106276,-3.355,3.74528176366));
#10722 = CARTESIAN_POINT('',(-3.492630682628,-3.355,3.737310286302));
#10723 = CARTESIAN_POINT('',(-3.494710198463,-3.355,3.73176491075));
#10724 = ORIENTED_EDGE('',*,*,#10725,.F.);
#10725 = EDGE_CURVE('',#10726,#10717,#10728,.T.);
#10726 = VERTEX_POINT('',#10727);
#10727 = CARTESIAN_POINT('',(-3.488125064991,-3.355,3.755506049837));
#10728 = B_SPLINE_CURVE_WITH_KNOTS('',1,(#10729,#10730),.UNSPECIFIED.,
  .F.,.F.,(2,2),(-0.,1.039757917445E-03),.PIECEWISE_BEZIER_KNOTS.);
#10729 = CARTESIAN_POINT('',(-3.488125064991,-3.355,3.755506049837));
#10730 = CARTESIAN_POINT('',(-3.489164822908,-3.355,3.755506049837));
#10731 = ORIENTED_EDGE('',*,*,#10732,.F.);
#10732 = EDGE_CURVE('',#10733,#10726,#10735,.T.);
#10733 = VERTEX_POINT('',#10734);
#10734 = CARTESIAN_POINT('',(-3.482839628918,-3.355,3.73176491075));
#10735 = B_SPLINE_CURVE_WITH_KNOTS('',3,(#10736,#10737,#10738,#10739),
  .UNSPECIFIED.,.F.,.F.,(4,4),(1.,2.),.PIECEWISE_BEZIER_KNOTS.);
#10736 = CARTESIAN_POINT('',(-3.482839628918,-3.355,3.73176491075));
#10737 = CARTESIAN_POINT('',(-3.484485912283,-3.355,3.736443821373));
#10738 = CARTESIAN_POINT('',(-3.486218842147,-3.355,3.744242005745));
#10739 = CARTESIAN_POINT('',(-3.488125064991,-3.355,3.755506049837));
#10740 = ORIENTED_EDGE('',*,*,#10741,.F.);
#10741 = EDGE_CURVE('',#10703,#10733,#10742,.T.);
#10742 = B_SPLINE_CURVE_WITH_KNOTS('',1,(#10743,#10744),.UNSPECIFIED.,
  .F.,.F.,(2,2),(0.,0.14990486868),.PIECEWISE_BEZIER_KNOTS.);
#10743 = CARTESIAN_POINT('',(-3.431631551537,-3.355,3.590877713088));
#10744 = CARTESIAN_POINT('',(-3.482839628918,-3.355,3.73176491075));
#10745 = B_SPLINE_SURFACE_WITH_KNOTS('',1,1,(
    (#10746,#10747)
    ,(#10748,#10749
    )),.UNSPECIFIED.,.F.,.F.,.F.,(2,2),(2,2),(0.609868115633,
    0.948829196352),(-3.640189660255,-3.3351940048),
  .PIECEWISE_BEZIER_KNOTS.);
#10746 = CARTESIAN_POINT('',(-3.640189660255,-3.355,3.459868215633));
#10747 = CARTESIAN_POINT('',(-3.3351940048,-3.355,3.459868215633));
#10748 = CARTESIAN_POINT('',(-3.640189660255,-3.355,3.798829296352));
#10749 = CARTESIAN_POINT('',(-3.3351940048,-3.355,3.798829296352));
#10750 = ADVANCED_FACE('',(#10751),#10765,.F.);
#10751 = FACE_BOUND('',#10752,.T.);
#10752 = EDGE_LOOP('',(#10753,#10754,#10759,#10760));
#10753 = ORIENTED_EDGE('',*,*,#1313,.T.);
#10754 = ORIENTED_EDGE('',*,*,#10755,.F.);
#10755 = EDGE_CURVE('',#10645,#1316,#10756,.T.);
#10756 = B_SPLINE_CURVE_WITH_KNOTS('',1,(#10757,#10758),.UNSPECIFIED.,
  .F.,.F.,(2,2),(0.,1.E-02),.PIECEWISE_BEZIER_KNOTS.);
#10757 = CARTESIAN_POINT('',(-3.464297279408,-3.355,3.798829296352));
#10758 = CARTESIAN_POINT('',(-3.464297279408,-3.345,3.798829296352));
#10759 = ORIENTED_EDGE('',*,*,#10642,.F.);
#10760 = ORIENTED_EDGE('',*,*,#10761,.T.);
#10761 = EDGE_CURVE('',#10643,#1314,#10762,.T.);
#10762 = B_SPLINE_CURVE_WITH_KNOTS('',1,(#10763,#10764),.UNSPECIFIED.,
  .F.,.F.,(2,2),(0.,1.E-02),.PIECEWISE_BEZIER_KNOTS.);
#10763 = CARTESIAN_POINT('',(-3.3351940048,-3.355,3.459868215633));
#10764 = CARTESIAN_POINT('',(-3.3351940048,-3.345,3.459868215633));
#10765 = B_SPLINE_SURFACE_WITH_KNOTS('',1,1,(
    (#10766,#10767)
    ,(#10768,#10769
    )),.UNSPECIFIED.,.F.,.F.,.F.,(2,2),(2,2),(-0.362715135825,0.),(0.,
    1.E-02),.PIECEWISE_BEZIER_KNOTS.);
#10766 = CARTESIAN_POINT('',(-3.3351940048,-3.355,3.459868215633));
#10767 = CARTESIAN_POINT('',(-3.3351940048,-3.345,3.459868215633));
#10768 = CARTESIAN_POINT('',(-3.464297279408,-3.355,3.798829296352));
#10769 = CARTESIAN_POINT('',(-3.464297279408,-3.345,3.798829296352));
#10770 = ADVANCED_FACE('',(#10771),#10781,.F.);
#10771 = FACE_BOUND('',#10772,.T.);
#10772 = EDGE_LOOP('',(#10773,#10774,#10779,#10780));
#10773 = ORIENTED_EDGE('',*,*,#1364,.T.);
#10774 = ORIENTED_EDGE('',*,*,#10775,.F.);
#10775 = EDGE_CURVE('',#10652,#1358,#10776,.T.);
#10776 = B_SPLINE_CURVE_WITH_KNOTS('',1,(#10777,#10778),.UNSPECIFIED.,
  .F.,.F.,(2,2),(0.,1.E-02),.PIECEWISE_BEZIER_KNOTS.);
#10777 = CARTESIAN_POINT('',(-3.511086385644,-3.355,3.798829296352));
#10778 = CARTESIAN_POINT('',(-3.511086385644,-3.345,3.798829296352));
#10779 = ORIENTED_EDGE('',*,*,#10651,.F.);
#10780 = ORIENTED_EDGE('',*,*,#10755,.T.);
#10781 = B_SPLINE_SURFACE_WITH_KNOTS('',1,1,(
    (#10782,#10783)
    ,(#10784,#10785
    )),.UNSPECIFIED.,.F.,.F.,.F.,(2,2),(2,2),(-4.67891062364E-02,
    4.440892098501E-16),(0.,1.E-02),.PIECEWISE_BEZIER_KNOTS.);
#10782 = CARTESIAN_POINT('',(-3.464297279408,-3.355,3.798829296352));
#10783 = CARTESIAN_POINT('',(-3.464297279408,-3.345,3.798829296352));
#10784 = CARTESIAN_POINT('',(-3.511086385644,-3.355,3.798829296352));
#10785 = CARTESIAN_POINT('',(-3.511086385644,-3.345,3.798829296352));
#10786 = ADVANCED_FACE('',(#10787),#10797,.F.);
#10787 = FACE_BOUND('',#10788,.T.);
#10788 = EDGE_LOOP('',(#10789,#10790,#10795,#10796));
#10789 = ORIENTED_EDGE('',*,*,#1357,.T.);
#10790 = ORIENTED_EDGE('',*,*,#10791,.F.);
#10791 = EDGE_CURVE('',#10659,#1351,#10792,.T.);
#10792 = B_SPLINE_CURVE_WITH_KNOTS('',1,(#10793,#10794),.UNSPECIFIED.,
  .F.,.F.,(2,2),(0.,1.E-02),.PIECEWISE_BEZIER_KNOTS.);
#10793 = CARTESIAN_POINT('',(-3.640189660255,-3.355,3.459868215633));
#10794 = CARTESIAN_POINT('',(-3.640189660255,-3.345,3.459868215633));
#10795 = ORIENTED_EDGE('',*,*,#10658,.F.);
#10796 = ORIENTED_EDGE('',*,*,#10775,.T.);
#10797 = B_SPLINE_SURFACE_WITH_KNOTS('',1,1,(
    (#10798,#10799)
    ,(#10800,#10801
    )),.UNSPECIFIED.,.F.,.F.,.F.,(2,2),(2,2),(-0.362715135826,0.),(0.,
    1.E-02),.PIECEWISE_BEZIER_KNOTS.);
#10798 = CARTESIAN_POINT('',(-3.511086385644,-3.355,3.798829296352));
#10799 = CARTESIAN_POINT('',(-3.511086385644,-3.345,3.798829296352));
#10800 = CARTESIAN_POINT('',(-3.640189660255,-3.355,3.459868215633));
#10801 = CARTESIAN_POINT('',(-3.640189660255,-3.345,3.459868215633));
#10802 = ADVANCED_FACE('',(#10803),#10813,.F.);
#10803 = FACE_BOUND('',#10804,.T.);
#10804 = EDGE_LOOP('',(#10805,#10806,#10811,#10812));
#10805 = ORIENTED_EDGE('',*,*,#1350,.T.);
#10806 = ORIENTED_EDGE('',*,*,#10807,.F.);
#10807 = EDGE_CURVE('',#10666,#1344,#10808,.T.);
#10808 = B_SPLINE_CURVE_WITH_KNOTS('',1,(#10809,#10810),.UNSPECIFIED.,
  .F.,.F.,(2,2),(0.,1.E-02),.PIECEWISE_BEZIER_KNOTS.);
#10809 = CARTESIAN_POINT('',(-3.591840917145,-3.355,3.459868215633));
#10810 = CARTESIAN_POINT('',(-3.591840917145,-3.345,3.459868215633));
#10811 = ORIENTED_EDGE('',*,*,#10665,.F.);
#10812 = ORIENTED_EDGE('',*,*,#10791,.T.);
#10813 = B_SPLINE_SURFACE_WITH_KNOTS('',1,1,(
    (#10814,#10815)
    ,(#10816,#10817
    )),.UNSPECIFIED.,.F.,.F.,.F.,(2,2),(2,2),(-4.834874310909E-02,0.),(
    0.,1.E-02),.PIECEWISE_BEZIER_KNOTS.);
#10814 = CARTESIAN_POINT('',(-3.640189660255,-3.355,3.459868215633));
#10815 = CARTESIAN_POINT('',(-3.640189660255,-3.345,3.459868215633));
#10816 = CARTESIAN_POINT('',(-3.591840917145,-3.355,3.459868215633));
#10817 = CARTESIAN_POINT('',(-3.591840917145,-3.345,3.459868215633));
#10818 = ADVANCED_FACE('',(#10819),#10829,.F.);
#10819 = FACE_BOUND('',#10820,.T.);
#10820 = EDGE_LOOP('',(#10821,#10822,#10827,#10828));
#10821 = ORIENTED_EDGE('',*,*,#1343,.T.);
#10822 = ORIENTED_EDGE('',*,*,#10823,.F.);
#10823 = EDGE_CURVE('',#10673,#1337,#10824,.T.);
#10824 = B_SPLINE_CURVE_WITH_KNOTS('',1,(#10825,#10826),.UNSPECIFIED.,
  .F.,.F.,(2,2),(0.,1.E-02),.PIECEWISE_BEZIER_KNOTS.);
#10825 = CARTESIAN_POINT('',(-3.559261835768,-3.355,3.55257996317));
#10826 = CARTESIAN_POINT('',(-3.559261835768,-3.345,3.55257996317));
#10827 = ORIENTED_EDGE('',*,*,#10672,.F.);
#10828 = ORIENTED_EDGE('',*,*,#10807,.T.);
#10829 = B_SPLINE_SURFACE_WITH_KNOTS('',1,1,(
    (#10830,#10831)
    ,(#10832,#10833
    )),.UNSPECIFIED.,.F.,.F.,.F.,(2,2),(2,2),(-9.826934758461E-02,0.),(
    0.,1.E-02),.PIECEWISE_BEZIER_KNOTS.);
#10830 = CARTESIAN_POINT('',(-3.591840917145,-3.355,3.459868215633));
#10831 = CARTESIAN_POINT('',(-3.591840917145,-3.345,3.459868215633));
#10832 = CARTESIAN_POINT('',(-3.559261835768,-3.355,3.55257996317));
#10833 = CARTESIAN_POINT('',(-3.559261835768,-3.345,3.55257996317));
#10834 = ADVANCED_FACE('',(#10835),#10845,.F.);
#10835 = FACE_BOUND('',#10836,.T.);
#10836 = EDGE_LOOP('',(#10837,#10838,#10843,#10844));
#10837 = ORIENTED_EDGE('',*,*,#1336,.T.);
#10838 = ORIENTED_EDGE('',*,*,#10839,.F.);
#10839 = EDGE_CURVE('',#10680,#1330,#10840,.T.);
#10840 = B_SPLINE_CURVE_WITH_KNOTS('',1,(#10841,#10842),.UNSPECIFIED.,
  .F.,.F.,(2,2),(0.,1.E-02),.PIECEWISE_BEZIER_KNOTS.);
#10841 = CARTESIAN_POINT('',(-3.418114698627,-3.355,3.55257996317));
#10842 = CARTESIAN_POINT('',(-3.418114698627,-3.345,3.55257996317));
#10843 = ORIENTED_EDGE('',*,*,#10679,.F.);
#10844 = ORIENTED_EDGE('',*,*,#10823,.T.);
#10845 = B_SPLINE_SURFACE_WITH_KNOTS('',1,1,(
    (#10846,#10847)
    ,(#10848,#10849
    )),.UNSPECIFIED.,.F.,.F.,.F.,(2,2),(2,2),(-0.141147137141,
    8.881784197001E-16),(0.,1.E-02),.PIECEWISE_BEZIER_KNOTS.);
#10846 = CARTESIAN_POINT('',(-3.559261835768,-3.355,3.55257996317));
#10847 = CARTESIAN_POINT('',(-3.559261835768,-3.345,3.55257996317));
#10848 = CARTESIAN_POINT('',(-3.418114698627,-3.355,3.55257996317));
#10849 = CARTESIAN_POINT('',(-3.418114698627,-3.345,3.55257996317));
#10850 = ADVANCED_FACE('',(#10851),#10861,.F.);
#10851 = FACE_BOUND('',#10852,.T.);
#10852 = EDGE_LOOP('',(#10853,#10854,#10859,#10860));
#10853 = ORIENTED_EDGE('',*,*,#1329,.T.);
#10854 = ORIENTED_EDGE('',*,*,#10855,.F.);
#10855 = EDGE_CURVE('',#10687,#1323,#10856,.T.);
#10856 = B_SPLINE_CURVE_WITH_KNOTS('',1,(#10857,#10858),.UNSPECIFIED.,
  .F.,.F.,(2,2),(0.,1.E-02),.PIECEWISE_BEZIER_KNOTS.);
#10857 = CARTESIAN_POINT('',(-3.383542747907,-3.355,3.459868215633));
#10858 = CARTESIAN_POINT('',(-3.383542747907,-3.345,3.459868215633));
#10859 = ORIENTED_EDGE('',*,*,#10686,.F.);
#10860 = ORIENTED_EDGE('',*,*,#10839,.T.);
#10861 = B_SPLINE_SURFACE_WITH_KNOTS('',1,1,(
    (#10862,#10863)
    ,(#10864,#10865
    )),.UNSPECIFIED.,.F.,.F.,.F.,(2,2),(2,2),(-9.894790502003E-02,0.),(
    0.,1.E-02),.PIECEWISE_BEZIER_KNOTS.);
#10862 = CARTESIAN_POINT('',(-3.418114698627,-3.355,3.55257996317));
#10863 = CARTESIAN_POINT('',(-3.418114698627,-3.345,3.55257996317));
#10864 = CARTESIAN_POINT('',(-3.383542747907,-3.355,3.459868215633));
#10865 = CARTESIAN_POINT('',(-3.383542747907,-3.345,3.459868215633));
#10866 = ADVANCED_FACE('',(#10867),#10873,.F.);
#10867 = FACE_BOUND('',#10868,.T.);
#10868 = EDGE_LOOP('',(#10869,#10870,#10871,#10872));
#10869 = ORIENTED_EDGE('',*,*,#1322,.T.);
#10870 = ORIENTED_EDGE('',*,*,#10761,.F.);
#10871 = ORIENTED_EDGE('',*,*,#10693,.F.);
#10872 = ORIENTED_EDGE('',*,*,#10855,.T.);
#10873 = B_SPLINE_SURFACE_WITH_KNOTS('',1,1,(
    (#10874,#10875)
    ,(#10876,#10877
    )),.UNSPECIFIED.,.F.,.F.,.F.,(2,2),(2,2),(-4.834874310678E-02,0.),(
    0.,1.E-02),.PIECEWISE_BEZIER_KNOTS.);
#10874 = CARTESIAN_POINT('',(-3.383542747907,-3.355,3.459868215633));
#10875 = CARTESIAN_POINT('',(-3.383542747907,-3.345,3.459868215633));
#10876 = CARTESIAN_POINT('',(-3.3351940048,-3.355,3.459868215633));
#10877 = CARTESIAN_POINT('',(-3.3351940048,-3.345,3.459868215633));
#10878 = ADVANCED_FACE('',(#10879),#10901,.T.);
#10879 = FACE_BOUND('',#10880,.T.);
#10880 = EDGE_LOOP('',(#10881,#10890,#10895,#10896));
#10881 = ORIENTED_EDGE('',*,*,#10882,.F.);
#10882 = EDGE_CURVE('',#10883,#10885,#10887,.T.);
#10883 = VERTEX_POINT('',#10884);
#10884 = CARTESIAN_POINT('',(-3.545398396881,-3.345,3.590877713088));
#10885 = VERTEX_POINT('',#10886);
#10886 = CARTESIAN_POINT('',(-3.431631551537,-3.345,3.590877713088));
#10887 = B_SPLINE_CURVE_WITH_KNOTS('',1,(#10888,#10889),.UNSPECIFIED.,
  .F.,.F.,(2,2),(-1.7763568394E-15,0.113766845343),
  .PIECEWISE_BEZIER_KNOTS.);
#10888 = CARTESIAN_POINT('',(-3.545398396881,-3.345,3.590877713088));
#10889 = CARTESIAN_POINT('',(-3.431631551537,-3.345,3.590877713088));
#10890 = ORIENTED_EDGE('',*,*,#10891,.F.);
#10891 = EDGE_CURVE('',#10701,#10883,#10892,.T.);
#10892 = B_SPLINE_CURVE_WITH_KNOTS('',1,(#10893,#10894),.UNSPECIFIED.,
  .F.,.F.,(2,2),(0.,1.E-02),.PIECEWISE_BEZIER_KNOTS.);
#10893 = CARTESIAN_POINT('',(-3.545398396881,-3.355,3.590877713088));
#10894 = CARTESIAN_POINT('',(-3.545398396881,-3.345,3.590877713088));
#10895 = ORIENTED_EDGE('',*,*,#10700,.T.);
#10896 = ORIENTED_EDGE('',*,*,#10897,.T.);
#10897 = EDGE_CURVE('',#10703,#10885,#10898,.T.);
#10898 = B_SPLINE_CURVE_WITH_KNOTS('',1,(#10899,#10900),.UNSPECIFIED.,
  .F.,.F.,(2,2),(0.,1.E-02),.PIECEWISE_BEZIER_KNOTS.);
#10899 = CARTESIAN_POINT('',(-3.431631551537,-3.355,3.590877713088));
#10900 = CARTESIAN_POINT('',(-3.431631551537,-3.345,3.590877713088));
#10901 = B_SPLINE_SURFACE_WITH_KNOTS('',1,1,(
    (#10902,#10903)
    ,(#10904,#10905
    )),.UNSPECIFIED.,.F.,.F.,.F.,(2,2),(2,2),(-1.7763568394E-15,
    0.113766845343),(0.,1.E-02),.PIECEWISE_BEZIER_KNOTS.);
#10902 = CARTESIAN_POINT('',(-3.545398396881,-3.355,3.590877713088));
#10903 = CARTESIAN_POINT('',(-3.545398396881,-3.345,3.590877713088));
#10904 = CARTESIAN_POINT('',(-3.431631551537,-3.355,3.590877713088));
#10905 = CARTESIAN_POINT('',(-3.431631551537,-3.345,3.590877713088));
#10906 = ADVANCED_FACE('',(#10907),#10923,.T.);
#10907 = FACE_BOUND('',#10908,.T.);
#10908 = EDGE_LOOP('',(#10909,#10916,#10917,#10918));
#10909 = ORIENTED_EDGE('',*,*,#10910,.F.);
#10910 = EDGE_CURVE('',#10885,#10911,#10913,.T.);
#10911 = VERTEX_POINT('',#10912);
#10912 = CARTESIAN_POINT('',(-3.482839628918,-3.345,3.73176491075));
#10913 = B_SPLINE_CURVE_WITH_KNOTS('',1,(#10914,#10915),.UNSPECIFIED.,
  .F.,.F.,(2,2),(0.,0.14990486868),.PIECEWISE_BEZIER_KNOTS.);
#10914 = CARTESIAN_POINT('',(-3.431631551537,-3.345,3.590877713088));
#10915 = CARTESIAN_POINT('',(-3.482839628918,-3.345,3.73176491075));
#10916 = ORIENTED_EDGE('',*,*,#10897,.F.);
#10917 = ORIENTED_EDGE('',*,*,#10741,.T.);
#10918 = ORIENTED_EDGE('',*,*,#10919,.T.);
#10919 = EDGE_CURVE('',#10733,#10911,#10920,.T.);
#10920 = B_SPLINE_CURVE_WITH_KNOTS('',1,(#10921,#10922),.UNSPECIFIED.,
  .F.,.F.,(2,2),(0.,1.E-02),.PIECEWISE_BEZIER_KNOTS.);
#10921 = CARTESIAN_POINT('',(-3.482839628918,-3.355,3.73176491075));
#10922 = CARTESIAN_POINT('',(-3.482839628918,-3.345,3.73176491075));
#10923 = B_SPLINE_SURFACE_WITH_KNOTS('',1,1,(
    (#10924,#10925)
    ,(#10926,#10927
    )),.UNSPECIFIED.,.F.,.F.,.F.,(2,2),(2,2),(0.,0.14990486868),(0.,
    1.E-02),.PIECEWISE_BEZIER_KNOTS.);
#10924 = CARTESIAN_POINT('',(-3.431631551537,-3.355,3.590877713088));
#10925 = CARTESIAN_POINT('',(-3.431631551537,-3.345,3.590877713088));
#10926 = CARTESIAN_POINT('',(-3.482839628918,-3.355,3.73176491075));
#10927 = CARTESIAN_POINT('',(-3.482839628918,-3.345,3.73176491075));
#10928 = ADVANCED_FACE('',(#10929),#10947,.T.);
#10929 = FACE_BOUND('',#10930,.T.);
#10930 = EDGE_LOOP('',(#10931,#10940,#10941,#10942));
#10931 = ORIENTED_EDGE('',*,*,#10932,.F.);
#10932 = EDGE_CURVE('',#10911,#10933,#10935,.T.);
#10933 = VERTEX_POINT('',#10934);
#10934 = CARTESIAN_POINT('',(-3.488125064991,-3.345,3.755506049837));
#10935 = B_SPLINE_CURVE_WITH_KNOTS('',3,(#10936,#10937,#10938,#10939),
  .UNSPECIFIED.,.F.,.F.,(4,4),(1.,2.),.PIECEWISE_BEZIER_KNOTS.);
#10936 = CARTESIAN_POINT('',(-3.482839628918,-3.345,3.73176491075));
#10937 = CARTESIAN_POINT('',(-3.484485912283,-3.345,3.736443821373));
#10938 = CARTESIAN_POINT('',(-3.486218842147,-3.345,3.744242005745));
#10939 = CARTESIAN_POINT('',(-3.488125064991,-3.345,3.755506049837));
#10940 = ORIENTED_EDGE('',*,*,#10919,.F.);
#10941 = ORIENTED_EDGE('',*,*,#10732,.T.);
#10942 = ORIENTED_EDGE('',*,*,#10943,.T.);
#10943 = EDGE_CURVE('',#10726,#10933,#10944,.T.);
#10944 = B_SPLINE_CURVE_WITH_KNOTS('',1,(#10945,#10946),.UNSPECIFIED.,
  .F.,.F.,(2,2),(0.,1.E-02),.PIECEWISE_BEZIER_KNOTS.);
#10945 = CARTESIAN_POINT('',(-3.488125064991,-3.355,3.755506049837));
#10946 = CARTESIAN_POINT('',(-3.488125064991,-3.345,3.755506049837));
#10947 = B_SPLINE_SURFACE_WITH_KNOTS('',3,1,(
    (#10948,#10949)
    ,(#10950,#10951)
    ,(#10952,#10953)
    ,(#10954,#10955
    )),.UNSPECIFIED.,.F.,.F.,.F.,(4,4),(2,2),(1.,2.),(0.,1.),
  .PIECEWISE_BEZIER_KNOTS.);
#10948 = CARTESIAN_POINT('',(-3.482839628918,-3.355,3.73176491075));
#10949 = CARTESIAN_POINT('',(-3.482839628918,-3.345,3.73176491075));
#10950 = CARTESIAN_POINT('',(-3.484485912283,-3.355,3.736443821373));
#10951 = CARTESIAN_POINT('',(-3.484485912283,-3.345,3.736443821373));
#10952 = CARTESIAN_POINT('',(-3.486218842147,-3.355,3.744242005745));
#10953 = CARTESIAN_POINT('',(-3.486218842147,-3.345,3.744242005745));
#10954 = CARTESIAN_POINT('',(-3.488125064991,-3.355,3.755506049837));
#10955 = CARTESIAN_POINT('',(-3.488125064991,-3.345,3.755506049837));
#10956 = ADVANCED_FACE('',(#10957),#10973,.T.);
#10957 = FACE_BOUND('',#10958,.T.);
#10958 = EDGE_LOOP('',(#10959,#10966,#10967,#10968));
#10959 = ORIENTED_EDGE('',*,*,#10960,.F.);
#10960 = EDGE_CURVE('',#10933,#10961,#10963,.T.);
#10961 = VERTEX_POINT('',#10962);
#10962 = CARTESIAN_POINT('',(-3.489164822908,-3.345,3.755506049837));
#10963 = B_SPLINE_CURVE_WITH_KNOTS('',1,(#10964,#10965),.UNSPECIFIED.,
  .F.,.F.,(2,2),(-0.,1.039757917445E-03),.PIECEWISE_BEZIER_KNOTS.);
#10964 = CARTESIAN_POINT('',(-3.488125064991,-3.345,3.755506049837));
#10965 = CARTESIAN_POINT('',(-3.489164822908,-3.345,3.755506049837));
#10966 = ORIENTED_EDGE('',*,*,#10943,.F.);
#10967 = ORIENTED_EDGE('',*,*,#10725,.T.);
#10968 = ORIENTED_EDGE('',*,*,#10969,.T.);
#10969 = EDGE_CURVE('',#10717,#10961,#10970,.T.);
#10970 = B_SPLINE_CURVE_WITH_KNOTS('',1,(#10971,#10972),.UNSPECIFIED.,
  .F.,.F.,(2,2),(0.,1.E-02),.PIECEWISE_BEZIER_KNOTS.);
#10971 = CARTESIAN_POINT('',(-3.489164822908,-3.355,3.755506049837));
#10972 = CARTESIAN_POINT('',(-3.489164822908,-3.345,3.755506049837));
#10973 = B_SPLINE_SURFACE_WITH_KNOTS('',1,1,(
    (#10974,#10975)
    ,(#10976,#10977
    )),.UNSPECIFIED.,.F.,.F.,.F.,(2,2),(2,2),(0.,1.039757917445E-03),(
    -4.440892098501E-16,1.E-02),.PIECEWISE_BEZIER_KNOTS.);
#10974 = CARTESIAN_POINT('',(-3.488125064991,-3.355,3.755506049837));
#10975 = CARTESIAN_POINT('',(-3.488125064991,-3.345,3.755506049837));
#10976 = CARTESIAN_POINT('',(-3.489164822908,-3.355,3.755506049837));
#10977 = CARTESIAN_POINT('',(-3.489164822908,-3.345,3.755506049837));
#10978 = ADVANCED_FACE('',(#10979),#10997,.T.);
#10979 = FACE_BOUND('',#10980,.T.);
#10980 = EDGE_LOOP('',(#10981,#10990,#10991,#10992));
#10981 = ORIENTED_EDGE('',*,*,#10982,.F.);
#10982 = EDGE_CURVE('',#10961,#10983,#10985,.T.);
#10983 = VERTEX_POINT('',#10984);
#10984 = CARTESIAN_POINT('',(-3.494710198463,-3.345,3.73176491075));
#10985 = B_SPLINE_CURVE_WITH_KNOTS('',3,(#10986,#10987,#10988,#10989),
  .UNSPECIFIED.,.F.,.F.,(4,4),(3.,4.),.PIECEWISE_BEZIER_KNOTS.);
#10986 = CARTESIAN_POINT('',(-3.489164822908,-3.345,3.755506049837));
#10987 = CARTESIAN_POINT('',(-3.490811106276,-3.345,3.74528176366));
#10988 = CARTESIAN_POINT('',(-3.492630682628,-3.345,3.737310286302));
#10989 = CARTESIAN_POINT('',(-3.494710198463,-3.345,3.73176491075));
#10990 = ORIENTED_EDGE('',*,*,#10969,.F.);
#10991 = ORIENTED_EDGE('',*,*,#10716,.T.);
#10992 = ORIENTED_EDGE('',*,*,#10993,.T.);
#10993 = EDGE_CURVE('',#10710,#10983,#10994,.T.);
#10994 = B_SPLINE_CURVE_WITH_KNOTS('',1,(#10995,#10996),.UNSPECIFIED.,
  .F.,.F.,(2,2),(4.440892098501E-16,1.E-02),.PIECEWISE_BEZIER_KNOTS.);
#10995 = CARTESIAN_POINT('',(-3.494710198463,-3.355,3.73176491075));
#10996 = CARTESIAN_POINT('',(-3.494710198463,-3.345,3.73176491075));
#10997 = B_SPLINE_SURFACE_WITH_KNOTS('',3,1,(
    (#10998,#10999)
    ,(#11000,#11001)
    ,(#11002,#11003)
    ,(#11004,#11005
    )),.UNSPECIFIED.,.F.,.F.,.F.,(4,4),(2,2),(3.,4.),(0.,1.),
  .PIECEWISE_BEZIER_KNOTS.);
#10998 = CARTESIAN_POINT('',(-3.489164822908,-3.355,3.755506049837));
#10999 = CARTESIAN_POINT('',(-3.489164822908,-3.345,3.755506049837));
#11000 = CARTESIAN_POINT('',(-3.490811106276,-3.355,3.74528176366));
#11001 = CARTESIAN_POINT('',(-3.490811106276,-3.345,3.74528176366));
#11002 = CARTESIAN_POINT('',(-3.492630682628,-3.355,3.737310286302));
#11003 = CARTESIAN_POINT('',(-3.492630682628,-3.345,3.737310286302));
#11004 = CARTESIAN_POINT('',(-3.494710198463,-3.355,3.73176491075));
#11005 = CARTESIAN_POINT('',(-3.494710198463,-3.345,3.73176491075));
#11006 = ADVANCED_FACE('',(#11007),#11017,.T.);
#11007 = FACE_BOUND('',#11008,.T.);
#11008 = EDGE_LOOP('',(#11009,#11014,#11015,#11016));
#11009 = ORIENTED_EDGE('',*,*,#11010,.F.);
#11010 = EDGE_CURVE('',#10983,#10883,#11011,.T.);
#11011 = B_SPLINE_CURVE_WITH_KNOTS('',1,(#11012,#11013),.UNSPECIFIED.,
  .F.,.F.,(2,2),(-0.,0.149728073266),.PIECEWISE_BEZIER_KNOTS.);
#11012 = CARTESIAN_POINT('',(-3.494710198463,-3.345,3.73176491075));
#11013 = CARTESIAN_POINT('',(-3.545398396881,-3.345,3.590877713088));
#11014 = ORIENTED_EDGE('',*,*,#10993,.F.);
#11015 = ORIENTED_EDGE('',*,*,#10709,.T.);
#11016 = ORIENTED_EDGE('',*,*,#10891,.T.);
#11017 = B_SPLINE_SURFACE_WITH_KNOTS('',1,1,(
    (#11018,#11019)
    ,(#11020,#11021
    )),.UNSPECIFIED.,.F.,.F.,.F.,(2,2),(2,2),(-2.548066119063E-16,
    0.149728073266),(0.,1.E-02),.PIECEWISE_BEZIER_KNOTS.);
#11018 = CARTESIAN_POINT('',(-3.494710198463,-3.355,3.73176491075));
#11019 = CARTESIAN_POINT('',(-3.494710198463,-3.345,3.73176491075));
#11020 = CARTESIAN_POINT('',(-3.545398396881,-3.355,3.590877713088));
#11021 = CARTESIAN_POINT('',(-3.545398396881,-3.345,3.590877713088));
#11022 = ADVANCED_FACE('',(#11023),#11031,.F.);
#11023 = FACE_BOUND('',#11024,.T.);
#11024 = EDGE_LOOP('',(#11025,#11026,#11027,#11028,#11029,#11030));
#11025 = ORIENTED_EDGE('',*,*,#11010,.T.);
#11026 = ORIENTED_EDGE('',*,*,#10882,.T.);
#11027 = ORIENTED_EDGE('',*,*,#10910,.T.);
#11028 = ORIENTED_EDGE('',*,*,#10932,.T.);
#11029 = ORIENTED_EDGE('',*,*,#10960,.T.);
#11030 = ORIENTED_EDGE('',*,*,#10982,.T.);
#11031 = B_SPLINE_SURFACE_WITH_KNOTS('',1,1,(
    (#11032,#11033)
    ,(#11034,#11035
    )),.UNSPECIFIED.,.F.,.F.,.F.,(2,2),(2,2),(-6.609122386912,
    -6.444494050163),(3.954601603119,4.068368448463),
  .PIECEWISE_BEZIER_KNOTS.);
#11032 = CARTESIAN_POINT('',(-3.545398396881,-3.345,3.590877713088));
#11033 = CARTESIAN_POINT('',(-3.431631551537,-3.345,3.590877713088));
#11034 = CARTESIAN_POINT('',(-3.545398396881,-3.345,3.755506049837));
#11035 = CARTESIAN_POINT('',(-3.431631551537,-3.345,3.755506049837));
#11036 = ADVANCED_FACE('',(#11037,#11326),#11351,.F.);
#11037 = FACE_BOUND('',#11038,.T.);
#11038 = EDGE_LOOP('',(#11039,#11050,#11059,#11068,#11077,#11086,#11095,
    #11104,#11113,#11122,#11131,#11140,#11149,#11158,#11165,#11172,
    #11179,#11188,#11197,#11206,#11215,#11224,#11233,#11242,#11251,
    #11260,#11269,#11276,#11285,#11294,#11303,#11310,#11319));
#11039 = ORIENTED_EDGE('',*,*,#11040,.T.);
#11040 = EDGE_CURVE('',#11041,#11043,#11045,.T.);
#11041 = VERTEX_POINT('',#11042);
#11042 = CARTESIAN_POINT('',(-5.397627665143,-3.355,3.796089649697));
#11043 = VERTEX_POINT('',#11044);
#11044 = CARTESIAN_POINT('',(-5.636215493128,-3.355,4.111796765867));
#11045 = B_SPLINE_CURVE_WITH_KNOTS('',3,(#11046,#11047,#11048,#11049),
  .UNSPECIFIED.,.F.,.F.,(4,4),(35.,36.),.PIECEWISE_BEZIER_KNOTS.);
#11046 = CARTESIAN_POINT('',(-5.397627665143,-3.355,3.796089649697));
#11047 = CARTESIAN_POINT('',(-5.400037606988,-3.355,3.940688274821));
#11048 = CARTESIAN_POINT('',(-5.498846785471,-3.355,4.068417169134));
#11049 = CARTESIAN_POINT('',(-5.636215493128,-3.355,4.111796765867));
#11050 = ORIENTED_EDGE('',*,*,#11051,.T.);
#11051 = EDGE_CURVE('',#11043,#11052,#11054,.T.);
#11052 = VERTEX_POINT('',#11053);
#11053 = CARTESIAN_POINT('',(-5.766354375252,-3.355,4.302185078955));
#11054 = B_SPLINE_CURVE_WITH_KNOTS('',3,(#11055,#11056,#11057,#11058),
  .UNSPECIFIED.,.F.,.F.,(4,4),(0.,1.),.PIECEWISE_BEZIER_KNOTS.);
#11055 = CARTESIAN_POINT('',(-5.636215493128,-3.355,4.111796765867));
#11056 = CARTESIAN_POINT('',(-5.662725221148,-3.355,4.184096124393));
#11057 = CARTESIAN_POINT('',(-5.708514851656,-3.355,4.249165542474));
#11058 = CARTESIAN_POINT('',(-5.766354375252,-3.355,4.302185078955));
#11059 = ORIENTED_EDGE('',*,*,#11060,.T.);
#11060 = EDGE_CURVE('',#11052,#11061,#11063,.T.);
#11061 = VERTEX_POINT('',#11062);
#11062 = CARTESIAN_POINT('',(-6.094111430477,-3.355,4.427503973967));
#11063 = B_SPLINE_CURVE_WITH_KNOTS('',3,(#11064,#11065,#11066,#11067),
  .UNSPECIFIED.,.F.,.F.,(4,4),(1.,2.),.PIECEWISE_BEZIER_KNOTS.);
#11064 = CARTESIAN_POINT('',(-5.766354375252,-3.355,4.302185078955));
#11065 = CARTESIAN_POINT('',(-5.857933544336,-3.355,4.381714380808));
#11066 = CARTESIAN_POINT('',(-5.973612499596,-3.355,4.427503973967));
#11067 = CARTESIAN_POINT('',(-6.094111430477,-3.355,4.427503973967));
#11068 = ORIENTED_EDGE('',*,*,#11069,.T.);
#11069 = EDGE_CURVE('',#11061,#11070,#11072,.T.);
#11070 = VERTEX_POINT('',#11071);
#11071 = CARTESIAN_POINT('',(-6.383308864591,-3.355,4.333514805581));
#11072 = B_SPLINE_CURVE_WITH_KNOTS('',3,(#11073,#11074,#11075,#11076),
  .UNSPECIFIED.,.F.,.F.,(4,4),(2.,3.),.PIECEWISE_BEZIER_KNOTS.);
#11073 = CARTESIAN_POINT('',(-6.094111430477,-3.355,4.427503973967));
#11074 = CARTESIAN_POINT('',(-6.200150480458,-3.355,4.427503973967));
#11075 = CARTESIAN_POINT('',(-6.298959612974,-3.355,4.393764273896));
#11076 = CARTESIAN_POINT('',(-6.383308864591,-3.355,4.333514805581));
#11077 = ORIENTED_EDGE('',*,*,#11078,.T.);
#11078 = EDGE_CURVE('',#11070,#11079,#11081,.T.);
#11079 = VERTEX_POINT('',#11080);
#11080 = CARTESIAN_POINT('',(-6.489347914573,-3.355,4.227475744109));
#11081 = B_SPLINE_CURVE_WITH_KNOTS('',3,(#11082,#11083,#11084,#11085),
  .UNSPECIFIED.,.F.,.F.,(4,4),(3.,4.),.PIECEWISE_BEZIER_KNOTS.);
#11082 = CARTESIAN_POINT('',(-6.383308864591,-3.355,4.333514805581));
#11083 = CARTESIAN_POINT('',(-6.424278519478,-3.355,4.304595055275));
#11084 = CARTESIAN_POINT('',(-6.45801821093,-3.355,4.268445376012));
#11085 = CARTESIAN_POINT('',(-6.489347914573,-3.355,4.227475744109));
#11086 = ORIENTED_EDGE('',*,*,#11087,.T.);
#11087 = EDGE_CURVE('',#11079,#11088,#11090,.T.);
#11088 = VERTEX_POINT('',#11089);
#11089 = CARTESIAN_POINT('',(-6.544777404392,-3.355,4.232295696746));
#11090 = B_SPLINE_CURVE_WITH_KNOTS('',3,(#11091,#11092,#11093,#11094),
  .UNSPECIFIED.,.F.,.F.,(4,4),(4.,5.),.PIECEWISE_BEZIER_KNOTS.);
#11091 = CARTESIAN_POINT('',(-6.489347914573,-3.355,4.227475744109));
#11092 = CARTESIAN_POINT('',(-6.508627725127,-3.355,4.229885731919));
#11093 = CARTESIAN_POINT('',(-6.525497593837,-3.355,4.232295696746));
#11094 = CARTESIAN_POINT('',(-6.544777404392,-3.355,4.232295696746));
#11095 = ORIENTED_EDGE('',*,*,#11096,.T.);
#11096 = EDGE_CURVE('',#11088,#11097,#11099,.T.);
#11097 = VERTEX_POINT('',#11098);
#11098 = CARTESIAN_POINT('',(-6.821924945418,-3.355,4.116616718504));
#11099 = B_SPLINE_CURVE_WITH_KNOTS('',3,(#11100,#11101,#11102,#11103),
  .UNSPECIFIED.,.F.,.F.,(4,4),(5.,6.),.PIECEWISE_BEZIER_KNOTS.);
#11100 = CARTESIAN_POINT('',(-6.544777404392,-3.355,4.232295696746));
#11101 = CARTESIAN_POINT('',(-6.648406489546,-3.355,4.232295696746));
#11102 = CARTESIAN_POINT('',(-6.747215599079,-3.355,4.191326064846));
#11103 = CARTESIAN_POINT('',(-6.821924945418,-3.355,4.116616718504));
#11104 = ORIENTED_EDGE('',*,*,#11105,.T.);
#11105 = EDGE_CURVE('',#11097,#11106,#11108,.T.);
#11106 = VERTEX_POINT('',#11107);
#11107 = CARTESIAN_POINT('',(-6.935194004799,-3.355,3.841879188273));
#11108 = B_SPLINE_CURVE_WITH_KNOTS('',3,(#11109,#11110,#11111,#11112),
  .UNSPECIFIED.,.F.,.F.,(4,4),(6.,7.),.PIECEWISE_BEZIER_KNOTS.);
#11109 = CARTESIAN_POINT('',(-6.821924945418,-3.355,4.116616718504));
#11110 = CARTESIAN_POINT('',(-6.894224367151,-3.355,4.044317382959));
#11111 = CARTESIAN_POINT('',(-6.935194004799,-3.355,3.945508250442));
#11112 = CARTESIAN_POINT('',(-6.935194004799,-3.355,3.841879188273));
#11113 = ORIENTED_EDGE('',*,*,#11114,.T.);
#11114 = EDGE_CURVE('',#11106,#11115,#11117,.T.);
#11115 = VERTEX_POINT('',#11116);
#11116 = CARTESIAN_POINT('',(-6.833974907456,-3.355,3.579191574111));
#11117 = B_SPLINE_CURVE_WITH_KNOTS('',3,(#11118,#11119,#11120,#11121),
  .UNSPECIFIED.,.F.,.F.,(4,4),(7.,8.),.PIECEWISE_BEZIER_KNOTS.);
#11118 = CARTESIAN_POINT('',(-6.935194004799,-3.355,3.841879188273));
#11119 = CARTESIAN_POINT('',(-6.935194004799,-3.355,3.745480043567));
#11120 = CARTESIAN_POINT('',(-6.899044325536,-3.355,3.651490840706));
#11121 = CARTESIAN_POINT('',(-6.833974907456,-3.355,3.579191574111));
#11122 = ORIENTED_EDGE('',*,*,#11123,.T.);
#11123 = EDGE_CURVE('',#11115,#11124,#11126,.T.);
#11124 = VERTEX_POINT('',#11125);
#11125 = CARTESIAN_POINT('',(-6.641176618047,-3.355,3.463512618852));
#11126 = B_SPLINE_CURVE_WITH_KNOTS('',3,(#11127,#11128,#11129,#11130),
  .UNSPECIFIED.,.F.,.F.,(4,4),(8.,9.),.PIECEWISE_BEZIER_KNOTS.);
#11127 = CARTESIAN_POINT('',(-6.833974907456,-3.355,3.579191574111));
#11128 = CARTESIAN_POINT('',(-6.780955382466,-3.355,3.521352050514));
#11129 = CARTESIAN_POINT('',(-6.715885941403,-3.355,3.482792429407));
#11130 = CARTESIAN_POINT('',(-6.641176618047,-3.355,3.463512618852));
#11131 = ORIENTED_EDGE('',*,*,#11132,.T.);
#11132 = EDGE_CURVE('',#11124,#11133,#11135,.T.);
#11133 = VERTEX_POINT('',#11134);
#11134 = CARTESIAN_POINT('',(-6.412228626389,-3.355,3.29963409124));
#11135 = B_SPLINE_CURVE_WITH_KNOTS('',3,(#11136,#11137,#11138,#11139),
  .UNSPECIFIED.,.F.,.F.,(4,4),(9.,10.),.PIECEWISE_BEZIER_KNOTS.);
#11136 = CARTESIAN_POINT('',(-6.641176618047,-3.355,3.463512618852));
#11137 = CARTESIAN_POINT('',(-6.609846891421,-3.355,3.367113474146));
#11138 = CARTESIAN_POINT('',(-6.518267722338,-3.355,3.29963409124));
#11139 = CARTESIAN_POINT('',(-6.412228626389,-3.355,3.29963409124));
#11140 = ORIENTED_EDGE('',*,*,#11141,.T.);
#11141 = EDGE_CURVE('',#11133,#11142,#11144,.T.);
#11142 = VERTEX_POINT('',#11143);
#11143 = CARTESIAN_POINT('',(-6.171230764626,-3.355,3.540631953002));
#11144 = B_SPLINE_CURVE_WITH_KNOTS('',3,(#11145,#11146,#11147,#11148),
  .UNSPECIFIED.,.F.,.F.,(4,4),(10.,11.),.PIECEWISE_BEZIER_KNOTS.);
#11145 = CARTESIAN_POINT('',(-6.412228626389,-3.355,3.29963409124));
#11146 = CARTESIAN_POINT('',(-6.27967980242,-3.355,3.29963409124));
#11147 = CARTESIAN_POINT('',(-6.171230764626,-3.355,3.408083129032));
#11148 = CARTESIAN_POINT('',(-6.171230764626,-3.355,3.540631953002));
#11149 = ORIENTED_EDGE('',*,*,#11150,.T.);
#11150 = EDGE_CURVE('',#11142,#11151,#11153,.T.);
#11151 = VERTEX_POINT('',#11152);
#11152 = CARTESIAN_POINT('',(-6.171230764626,-3.355,3.56473173918));
#11153 = B_SPLINE_CURVE_WITH_KNOTS('',3,(#11154,#11155,#11156,#11157),
  .UNSPECIFIED.,.F.,.F.,(4,4),(11.,12.),.PIECEWISE_BEZIER_KNOTS.);
#11154 = CARTESIAN_POINT('',(-6.171230764626,-3.355,3.540631953002));
#11155 = CARTESIAN_POINT('',(-6.171230764626,-3.355,3.547861870469));
#11156 = CARTESIAN_POINT('',(-6.171230764626,-3.355,3.555091787936));
#11157 = CARTESIAN_POINT('',(-6.171230764626,-3.355,3.56473173918));
#11158 = ORIENTED_EDGE('',*,*,#11159,.T.);
#11159 = EDGE_CURVE('',#11151,#11160,#11162,.T.);
#11160 = VERTEX_POINT('',#11161);
#11161 = CARTESIAN_POINT('',(-5.833833758159,-3.355,3.74307014769));
#11162 = B_SPLINE_CURVE_WITH_KNOTS('',1,(#11163,#11164),.UNSPECIFIED.,
  .F.,.F.,(2,2),(7.85234055776E-16,0.381629831018),
  .PIECEWISE_BEZIER_KNOTS.);
#11163 = CARTESIAN_POINT('',(-6.171230764626,-3.355,3.56473173918));
#11164 = CARTESIAN_POINT('',(-5.833833758159,-3.355,3.74307014769));
#11165 = ORIENTED_EDGE('',*,*,#11166,.T.);
#11166 = EDGE_CURVE('',#11160,#11167,#11169,.T.);
#11167 = VERTEX_POINT('',#11168);
#11168 = CARTESIAN_POINT('',(-5.908543058533,-3.355,3.870799042003));
#11169 = B_SPLINE_CURVE_WITH_KNOTS('',1,(#11170,#11171),.UNSPECIFIED.,
  .F.,.F.,(2,2),(0.,0.147973477369),.PIECEWISE_BEZIER_KNOTS.);
#11170 = CARTESIAN_POINT('',(-5.833833758159,-3.355,3.74307014769));
#11171 = CARTESIAN_POINT('',(-5.908543058533,-3.355,3.870799042003));
#11172 = ORIENTED_EDGE('',*,*,#11173,.T.);
#11173 = EDGE_CURVE('',#11167,#11174,#11176,.T.);
#11174 = VERTEX_POINT('',#11175);
#11175 = CARTESIAN_POINT('',(-6.2314801841,-3.355,3.70210053877));
#11176 = B_SPLINE_CURVE_WITH_KNOTS('',1,(#11177,#11178),.UNSPECIFIED.,
  .F.,.F.,(2,2),(0.,0.364345402143),.PIECEWISE_BEZIER_KNOTS.);
#11177 = CARTESIAN_POINT('',(-5.908543058533,-3.355,3.870799042003));
#11178 = CARTESIAN_POINT('',(-6.2314801841,-3.355,3.70210053877));
#11179 = ORIENTED_EDGE('',*,*,#11180,.T.);
#11180 = EDGE_CURVE('',#11174,#11181,#11183,.T.);
#11181 = VERTEX_POINT('',#11182);
#11182 = CARTESIAN_POINT('',(-6.412228580422,-3.355,3.784039802576));
#11183 = B_SPLINE_CURVE_WITH_KNOTS('',3,(#11184,#11185,#11186,#11187),
  .UNSPECIFIED.,.F.,.F.,(4,4),(15.,16.),.PIECEWISE_BEZIER_KNOTS.);
#11184 = CARTESIAN_POINT('',(-6.2314801841,-3.355,3.70210053877));
#11185 = CARTESIAN_POINT('',(-6.274859780832,-3.355,3.752710098934));
#11186 = CARTESIAN_POINT('',(-6.339929221893,-3.355,3.784039802576));
#11187 = CARTESIAN_POINT('',(-6.412228580422,-3.355,3.784039802576));
#11188 = ORIENTED_EDGE('',*,*,#11189,.T.);
#11189 = EDGE_CURVE('',#11181,#11190,#11192,.T.);
#11190 = VERTEX_POINT('',#11191);
#11191 = CARTESIAN_POINT('',(-6.638766561286,-3.355,3.624981204621));
#11192 = B_SPLINE_CURVE_WITH_KNOTS('',3,(#11193,#11194,#11195,#11196),
  .UNSPECIFIED.,.F.,.F.,(4,4),(16.,17.),.PIECEWISE_BEZIER_KNOTS.);
#11193 = CARTESIAN_POINT('',(-6.412228580422,-3.355,3.784039802576));
#11194 = CARTESIAN_POINT('',(-6.51585768856,-3.355,3.784039802576));
#11195 = CARTESIAN_POINT('',(-6.605026869832,-3.355,3.716560419671));
#11196 = CARTESIAN_POINT('',(-6.638766561286,-3.355,3.624981204621));
#11197 = ORIENTED_EDGE('',*,*,#11198,.T.);
#11198 = EDGE_CURVE('',#11190,#11199,#11201,.T.);
#11199 = VERTEX_POINT('',#11200);
#11200 = CARTESIAN_POINT('',(-6.783365278343,-3.355,3.846699255828));
#11201 = B_SPLINE_CURVE_WITH_KNOTS('',3,(#11202,#11203,#11204,#11205),
  .UNSPECIFIED.,.F.,.F.,(4,4),(17.,18.),.PIECEWISE_BEZIER_KNOTS.);
#11202 = CARTESIAN_POINT('',(-6.638766561286,-3.355,3.624981204621));
#11203 = CARTESIAN_POINT('',(-6.723115812902,-3.355,3.663540871694));
#11204 = CARTESIAN_POINT('',(-6.783365278343,-3.355,3.747890123311));
#11205 = CARTESIAN_POINT('',(-6.783365278343,-3.355,3.846699255828));
#11206 = ORIENTED_EDGE('',*,*,#11207,.T.);
#11207 = EDGE_CURVE('',#11199,#11208,#11210,.T.);
#11208 = VERTEX_POINT('',#11209);
#11209 = CARTESIAN_POINT('',(-6.542367416581,-3.355,4.087697117589));
#11210 = B_SPLINE_CURVE_WITH_KNOTS('',3,(#11211,#11212,#11213,#11214),
  .UNSPECIFIED.,.F.,.F.,(4,4),(18.,19.),.PIECEWISE_BEZIER_KNOTS.);
#11211 = CARTESIAN_POINT('',(-6.783365278343,-3.355,3.846699255828));
#11212 = CARTESIAN_POINT('',(-6.783365278343,-3.355,3.979248079797));
#11213 = CARTESIAN_POINT('',(-6.67491624055,-3.355,4.087697117589));
#11214 = CARTESIAN_POINT('',(-6.542367416581,-3.355,4.087697117589));
#11215 = ORIENTED_EDGE('',*,*,#11216,.T.);
#11216 = EDGE_CURVE('',#11208,#11217,#11219,.T.);
#11217 = VERTEX_POINT('',#11218);
#11218 = CARTESIAN_POINT('',(-6.414638568234,-3.355,4.051547438324));
#11219 = B_SPLINE_CURVE_WITH_KNOTS('',3,(#11220,#11221,#11222,#11223),
  .UNSPECIFIED.,.F.,.F.,(4,4),(19.,20.),.PIECEWISE_BEZIER_KNOTS.);
#11220 = CARTESIAN_POINT('',(-6.542367416581,-3.355,4.087697117589));
#11221 = CARTESIAN_POINT('',(-6.496577832039,-3.355,4.087697117589));
#11222 = CARTESIAN_POINT('',(-6.450788247497,-3.355,4.073237236691));
#11223 = CARTESIAN_POINT('',(-6.414638568234,-3.355,4.051547438324));
#11224 = ORIENTED_EDGE('',*,*,#11225,.T.);
#11225 = EDGE_CURVE('',#11217,#11226,#11228,.T.);
#11226 = VERTEX_POINT('',#11227);
#11227 = CARTESIAN_POINT('',(-6.091701488632,-3.355,4.28290525691));
#11228 = B_SPLINE_CURVE_WITH_KNOTS('',3,(#11229,#11230,#11231,#11232),
  .UNSPECIFIED.,.F.,.F.,(4,4),(20.,21.),.PIECEWISE_BEZIER_KNOTS.);
#11229 = CARTESIAN_POINT('',(-6.414638568234,-3.355,4.051547438324));
#11230 = CARTESIAN_POINT('',(-6.368849029659,-3.355,4.186506112206));
#11231 = CARTESIAN_POINT('',(-6.243530123156,-3.355,4.28290525691));
#11232 = CARTESIAN_POINT('',(-6.091701488632,-3.355,4.28290525691));
#11233 = ORIENTED_EDGE('',*,*,#11234,.T.);
#11234 = EDGE_CURVE('',#11226,#11235,#11237,.T.);
#11235 = VERTEX_POINT('',#11236);
#11236 = CARTESIAN_POINT('',(-5.754304482165,-3.355,3.981657929708));
#11237 = B_SPLINE_CURVE_WITH_KNOTS('',3,(#11238,#11239,#11240,#11241),
  .UNSPECIFIED.,.F.,.F.,(4,4),(21.,22.),.PIECEWISE_BEZIER_KNOTS.);
#11238 = CARTESIAN_POINT('',(-6.091701488632,-3.355,4.28290525691));
#11239 = CARTESIAN_POINT('',(-5.918183009776,-3.355,4.28290525691));
#11240 = CARTESIAN_POINT('',(-5.773584292719,-3.355,4.15035643294));
#11241 = CARTESIAN_POINT('',(-5.754304482165,-3.355,3.981657929708));
#11242 = ORIENTED_EDGE('',*,*,#11243,.T.);
#11243 = EDGE_CURVE('',#11235,#11244,#11246,.T.);
#11244 = VERTEX_POINT('',#11245);
#11245 = CARTESIAN_POINT('',(-5.73502467161,-3.355,3.981657929708));
#11246 = B_SPLINE_CURVE_WITH_KNOTS('',3,(#11247,#11248,#11249,#11250),
  .UNSPECIFIED.,.F.,.F.,(4,4),(22.,23.),.PIECEWISE_BEZIER_KNOTS.);
#11247 = CARTESIAN_POINT('',(-5.754304482165,-3.355,3.981657929708));
#11248 = CARTESIAN_POINT('',(-5.747074564699,-3.355,3.981657929708));
#11249 = CARTESIAN_POINT('',(-5.742254589077,-3.355,3.981657929708));
#11250 = CARTESIAN_POINT('',(-5.73502467161,-3.355,3.981657929708));
#11251 = ORIENTED_EDGE('',*,*,#11252,.T.);
#11252 = EDGE_CURVE('',#11244,#11253,#11255,.T.);
#11253 = VERTEX_POINT('',#11254);
#11254 = CARTESIAN_POINT('',(-5.547046357823,-3.355,3.79367961592));
#11255 = B_SPLINE_CURVE_WITH_KNOTS('',3,(#11256,#11257,#11258,#11259),
  .UNSPECIFIED.,.F.,.F.,(4,4),(23.,24.),.PIECEWISE_BEZIER_KNOTS.);
#11256 = CARTESIAN_POINT('',(-5.73502467161,-3.355,3.981657929708));
#11257 = CARTESIAN_POINT('',(-5.631395609439,-3.355,3.981657929708));
#11258 = CARTESIAN_POINT('',(-5.547046357823,-3.355,3.897308678091));
#11259 = CARTESIAN_POINT('',(-5.547046357823,-3.355,3.79367961592));
#11260 = ORIENTED_EDGE('',*,*,#11261,.T.);
#11261 = EDGE_CURVE('',#11253,#11262,#11264,.T.);
#11262 = VERTEX_POINT('',#11263);
#11263 = CARTESIAN_POINT('',(-5.720564836677,-3.355,3.605701302133));
#11264 = B_SPLINE_CURVE_WITH_KNOTS('',3,(#11265,#11266,#11267,#11268),
  .UNSPECIFIED.,.F.,.F.,(4,4),(24.,25.),.PIECEWISE_BEZIER_KNOTS.);
#11265 = CARTESIAN_POINT('',(-5.547046357823,-3.355,3.79367961592));
#11266 = CARTESIAN_POINT('',(-5.547046357823,-3.355,3.694870483403));
#11267 = CARTESIAN_POINT('',(-5.621755658196,-3.355,3.612931219599));
#11268 = CARTESIAN_POINT('',(-5.720564836677,-3.355,3.605701302133));
#11269 = ORIENTED_EDGE('',*,*,#11270,.T.);
#11270 = EDGE_CURVE('',#11262,#11271,#11273,.T.);
#11271 = VERTEX_POINT('',#11272);
#11272 = CARTESIAN_POINT('',(-5.829013874471,-3.355,3.605701302133));
#11273 = B_SPLINE_CURVE_WITH_KNOTS('',1,(#11274,#11275),.UNSPECIFIED.,
  .F.,.F.,(2,2),(-8.881784197001E-16,0.108449037793),
  .PIECEWISE_BEZIER_KNOTS.);
#11274 = CARTESIAN_POINT('',(-5.720564836677,-3.355,3.605701302133));
#11275 = CARTESIAN_POINT('',(-5.829013874471,-3.355,3.605701302133));
#11276 = ORIENTED_EDGE('',*,*,#11277,.T.);
#11277 = EDGE_CURVE('',#11271,#11278,#11280,.T.);
#11278 = VERTEX_POINT('',#11279);
#11279 = CARTESIAN_POINT('',(-5.843473709403,-3.355,3.608111243976));
#11280 = B_SPLINE_CURVE_WITH_KNOTS('',3,(#11281,#11282,#11283,#11284),
  .UNSPECIFIED.,.F.,.F.,(4,4),(26.,27.),.PIECEWISE_BEZIER_KNOTS.);
#11281 = CARTESIAN_POINT('',(-5.829013874471,-3.355,3.605701302133));
#11282 = CARTESIAN_POINT('',(-5.833833850093,-3.355,3.605701302133));
#11283 = CARTESIAN_POINT('',(-5.838653825715,-3.355,3.608111243976));
#11284 = CARTESIAN_POINT('',(-5.843473709403,-3.355,3.608111243976));
#11285 = ORIENTED_EDGE('',*,*,#11286,.T.);
#11286 = EDGE_CURVE('',#11278,#11287,#11289,.T.);
#11287 = VERTEX_POINT('',#11288);
#11288 = CARTESIAN_POINT('',(-5.918183009776,-3.355,3.533401943604));
#11289 = B_SPLINE_CURVE_WITH_KNOTS('',3,(#11290,#11291,#11292,#11293),
  .UNSPECIFIED.,.F.,.F.,(4,4),(27.,28.),.PIECEWISE_BEZIER_KNOTS.);
#11290 = CARTESIAN_POINT('',(-5.843473709403,-3.355,3.608111243976));
#11291 = CARTESIAN_POINT('',(-5.88444336429,-3.355,3.608111243976));
#11292 = CARTESIAN_POINT('',(-5.918183009776,-3.355,3.574371506557));
#11293 = CARTESIAN_POINT('',(-5.918183009776,-3.355,3.533401943604));
#11294 = ORIENTED_EDGE('',*,*,#11295,.T.);
#11295 = EDGE_CURVE('',#11287,#11296,#11298,.T.);
#11296 = VERTEX_POINT('',#11297);
#11297 = CARTESIAN_POINT('',(-5.848293593092,-3.355,3.458692643229));
#11298 = B_SPLINE_CURVE_WITH_KNOTS('',3,(#11299,#11300,#11301,#11302),
  .UNSPECIFIED.,.F.,.F.,(4,4),(28.,29.),.PIECEWISE_BEZIER_KNOTS.);
#11299 = CARTESIAN_POINT('',(-5.918183009776,-3.355,3.533401943604));
#11300 = CARTESIAN_POINT('',(-5.918183009776,-3.355,3.494842322495));
#11301 = CARTESIAN_POINT('',(-5.886853306134,-3.355,3.461102585073));
#11302 = CARTESIAN_POINT('',(-5.848293593092,-3.355,3.458692643229));
#11303 = ORIENTED_EDGE('',*,*,#11304,.T.);
#11304 = EDGE_CURVE('',#11296,#11305,#11307,.T.);
#11305 = VERTEX_POINT('',#11306);
#11306 = CARTESIAN_POINT('',(-5.706104909811,-3.355,3.458692643229));
#11307 = B_SPLINE_CURVE_WITH_KNOTS('',1,(#11308,#11309),.UNSPECIFIED.,
  .F.,.F.,(2,2),(8.881784197001E-16,0.14218868328),
  .PIECEWISE_BEZIER_KNOTS.);
#11308 = CARTESIAN_POINT('',(-5.848293593092,-3.355,3.458692643229));
#11309 = CARTESIAN_POINT('',(-5.706104909811,-3.355,3.458692643229));
#11310 = ORIENTED_EDGE('',*,*,#11311,.T.);
#11311 = EDGE_CURVE('',#11305,#11312,#11314,.T.);
#11312 = VERTEX_POINT('',#11313);
#11313 = CARTESIAN_POINT('',(-5.486796892383,-3.355,3.567141681023));
#11314 = B_SPLINE_CURVE_WITH_KNOTS('',3,(#11315,#11316,#11317,#11318),
  .UNSPECIFIED.,.F.,.F.,(4,4),(33.,34.),.PIECEWISE_BEZIER_KNOTS.);
#11315 = CARTESIAN_POINT('',(-5.706104909811,-3.355,3.458692643229));
#11316 = CARTESIAN_POINT('',(-5.621755658196,-3.355,3.465922560696));
#11317 = CARTESIAN_POINT('',(-5.544636324044,-3.355,3.504482273739));
#11318 = CARTESIAN_POINT('',(-5.486796892383,-3.355,3.567141681023));
#11319 = ORIENTED_EDGE('',*,*,#11320,.T.);
#11320 = EDGE_CURVE('',#11312,#11041,#11321,.T.);
#11321 = B_SPLINE_CURVE_WITH_KNOTS('',3,(#11322,#11323,#11324,#11325),
  .UNSPECIFIED.,.F.,.F.,(4,4),(34.,35.),.PIECEWISE_BEZIER_KNOTS.);
#11322 = CARTESIAN_POINT('',(-5.486796892383,-3.355,3.567141681023));
#11323 = CARTESIAN_POINT('',(-5.428957368786,-3.355,3.629801088308));
#11324 = CARTESIAN_POINT('',(-5.397627665143,-3.355,3.711740398081));
#11325 = CARTESIAN_POINT('',(-5.397627665143,-3.355,3.796089649697));
#11326 = FACE_BOUND('',#11327,.T.);
#11327 = EDGE_LOOP('',(#11328,#11342));
#11328 = ORIENTED_EDGE('',*,*,#11329,.F.);
#11329 = EDGE_CURVE('',#11330,#11332,#11334,.T.);
#11330 = VERTEX_POINT('',#11331);
#11331 = CARTESIAN_POINT('',(-6.4146386142,-3.355,3.444232624431));
#11332 = VERTEX_POINT('',#11333);
#11333 = CARTESIAN_POINT('',(-6.4146386142,-3.355,3.632211030152));
#11334 = B_SPLINE_CURVE_WITH_KNOTS('',3,(#11335,#11336,#11337,#11338,
    #11339,#11340,#11341),.UNSPECIFIED.,.F.,.F.,(4,3,4),(0.,1.,2.),
  .PIECEWISE_BEZIER_KNOTS.);
#11335 = CARTESIAN_POINT('',(-6.4146386142,-3.355,3.444232624431));
#11336 = CARTESIAN_POINT('',(-6.361619112193,-3.355,3.444232624431));
#11337 = CARTESIAN_POINT('',(-6.320649457307,-3.355,3.487612313094));
#11338 = CARTESIAN_POINT('',(-6.320649457307,-3.355,3.538221827291));
#11339 = CARTESIAN_POINT('',(-6.320649457307,-3.355,3.591241375265));
#11340 = CARTESIAN_POINT('',(-6.364029054037,-3.355,3.632211030152));
#11341 = CARTESIAN_POINT('',(-6.4146386142,-3.355,3.632211030152));
#11342 = ORIENTED_EDGE('',*,*,#11343,.F.);
#11343 = EDGE_CURVE('',#11332,#11330,#11344,.T.);
#11344 = B_SPLINE_CURVE_WITH_KNOTS('',3,(#11345,#11346,#11347,#11348,
    #11349,#11350),.UNSPECIFIED.,.F.,.F.,(4,2,4),(2.,3.,4.),
  .UNSPECIFIED.);
#11345 = CARTESIAN_POINT('',(-6.4146386142,-3.355,3.632211030152));
#11346 = CARTESIAN_POINT('',(-6.465248174363,-3.355,3.632211030152));
#11347 = CARTESIAN_POINT('',(-6.508627771094,-3.355,3.591241375265));
#11348 = CARTESIAN_POINT('',(-6.508627771094,-3.355,3.485202279317));
#11349 = CARTESIAN_POINT('',(-6.465248174363,-3.355,3.444232624431));
#11350 = CARTESIAN_POINT('',(-6.4146386142,-3.355,3.444232624431));
#11351 = B_SPLINE_SURFACE_WITH_KNOTS('',1,1,(
    (#11352,#11353)
    ,(#11354,#11355
    )),.UNSPECIFIED.,.F.,.F.,.F.,(2,2),(2,2),(-0.692266252189,
    0.435603630539),(-1.468881962844,6.868437681263E-02),
  .PIECEWISE_BEZIER_KNOTS.);
#11352 = CARTESIAN_POINT('',(-6.935194004799,-3.355,3.29963409124));
#11353 = CARTESIAN_POINT('',(-5.397627665143,-3.355,3.29963409124));
#11354 = CARTESIAN_POINT('',(-6.935194004799,-3.355,4.427503973967));
#11355 = CARTESIAN_POINT('',(-5.397627665143,-3.355,4.427503973967));
#11356 = ADVANCED_FACE('',(#11357),#11371,.F.);
#11357 = FACE_BOUND('',#11358,.F.);
#11358 = EDGE_LOOP('',(#11359,#11364,#11365,#11370));
#11359 = ORIENTED_EDGE('',*,*,#11360,.F.);
#11360 = EDGE_CURVE('',#11041,#1372,#11361,.T.);
#11361 = B_SPLINE_CURVE_WITH_KNOTS('',1,(#11362,#11363),.UNSPECIFIED.,
  .F.,.F.,(2,2),(0.,1.E-02),.PIECEWISE_BEZIER_KNOTS.);
#11362 = CARTESIAN_POINT('',(-5.397627665143,-3.355,3.796089649697));
#11363 = CARTESIAN_POINT('',(-5.397627665143,-3.345,3.796089649697));
#11364 = ORIENTED_EDGE('',*,*,#11040,.T.);
#11365 = ORIENTED_EDGE('',*,*,#11366,.T.);
#11366 = EDGE_CURVE('',#11043,#1374,#11367,.T.);
#11367 = B_SPLINE_CURVE_WITH_KNOTS('',1,(#11368,#11369),.UNSPECIFIED.,
  .F.,.F.,(2,2),(0.,1.E-02),.PIECEWISE_BEZIER_KNOTS.);
#11368 = CARTESIAN_POINT('',(-5.636215493128,-3.355,4.111796765867));
#11369 = CARTESIAN_POINT('',(-5.636215493128,-3.345,4.111796765867));
#11370 = ORIENTED_EDGE('',*,*,#1371,.F.);
#11371 = B_SPLINE_SURFACE_WITH_KNOTS('',3,1,(
    (#11372,#11373)
    ,(#11374,#11375)
    ,(#11376,#11377)
    ,(#11378,#11379
    )),.UNSPECIFIED.,.F.,.F.,.F.,(4,4),(2,2),(35.,36.),(0.,1.),
  .PIECEWISE_BEZIER_KNOTS.);
#11372 = CARTESIAN_POINT('',(-5.397627665143,-3.355,3.796089649697));
#11373 = CARTESIAN_POINT('',(-5.397627665143,-3.345,3.796089649697));
#11374 = CARTESIAN_POINT('',(-5.400037606988,-3.355,3.940688274821));
#11375 = CARTESIAN_POINT('',(-5.400037606988,-3.345,3.940688274821));
#11376 = CARTESIAN_POINT('',(-5.498846785471,-3.355,4.068417169134));
#11377 = CARTESIAN_POINT('',(-5.498846785471,-3.345,4.068417169134));
#11378 = CARTESIAN_POINT('',(-5.636215493128,-3.355,4.111796765867));
#11379 = CARTESIAN_POINT('',(-5.636215493128,-3.345,4.111796765867));
#11380 = ADVANCED_FACE('',(#11381),#11391,.F.);
#11381 = FACE_BOUND('',#11382,.F.);
#11382 = EDGE_LOOP('',(#11383,#11384,#11385,#11390));
#11383 = ORIENTED_EDGE('',*,*,#11366,.F.);
#11384 = ORIENTED_EDGE('',*,*,#11051,.T.);
#11385 = ORIENTED_EDGE('',*,*,#11386,.T.);
#11386 = EDGE_CURVE('',#11052,#1643,#11387,.T.);
#11387 = B_SPLINE_CURVE_WITH_KNOTS('',1,(#11388,#11389),.UNSPECIFIED.,
  .F.,.F.,(2,2),(0.,1.E-02),.PIECEWISE_BEZIER_KNOTS.);
#11388 = CARTESIAN_POINT('',(-5.766354375252,-3.355,4.302185078955));
#11389 = CARTESIAN_POINT('',(-5.766354375252,-3.345,4.302185078955));
#11390 = ORIENTED_EDGE('',*,*,#1651,.F.);
#11391 = B_SPLINE_SURFACE_WITH_KNOTS('',3,1,(
    (#11392,#11393)
    ,(#11394,#11395)
    ,(#11396,#11397)
    ,(#11398,#11399
    )),.UNSPECIFIED.,.F.,.F.,.F.,(4,4),(2,2),(0.,1.),(0.,1.),
  .PIECEWISE_BEZIER_KNOTS.);
#11392 = CARTESIAN_POINT('',(-5.636215493128,-3.355,4.111796765867));
#11393 = CARTESIAN_POINT('',(-5.636215493128,-3.345,4.111796765867));
#11394 = CARTESIAN_POINT('',(-5.662725221148,-3.355,4.184096124393));
#11395 = CARTESIAN_POINT('',(-5.662725221148,-3.345,4.184096124393));
#11396 = CARTESIAN_POINT('',(-5.708514851656,-3.355,4.249165542474));
#11397 = CARTESIAN_POINT('',(-5.708514851656,-3.345,4.249165542474));
#11398 = CARTESIAN_POINT('',(-5.766354375252,-3.355,4.302185078955));
#11399 = CARTESIAN_POINT('',(-5.766354375252,-3.345,4.302185078955));
#11400 = ADVANCED_FACE('',(#11401),#11411,.F.);
#11401 = FACE_BOUND('',#11402,.F.);
#11402 = EDGE_LOOP('',(#11403,#11404,#11405,#11410));
#11403 = ORIENTED_EDGE('',*,*,#11386,.F.);
#11404 = ORIENTED_EDGE('',*,*,#11060,.T.);
#11405 = ORIENTED_EDGE('',*,*,#11406,.T.);
#11406 = EDGE_CURVE('',#11061,#1634,#11407,.T.);
#11407 = B_SPLINE_CURVE_WITH_KNOTS('',1,(#11408,#11409),.UNSPECIFIED.,
  .F.,.F.,(2,2),(0.,1.E-02),.PIECEWISE_BEZIER_KNOTS.);
#11408 = CARTESIAN_POINT('',(-6.094111430477,-3.355,4.427503973967));
#11409 = CARTESIAN_POINT('',(-6.094111430477,-3.345,4.427503973967));
#11410 = ORIENTED_EDGE('',*,*,#1642,.F.);
#11411 = B_SPLINE_SURFACE_WITH_KNOTS('',3,1,(
    (#11412,#11413)
    ,(#11414,#11415)
    ,(#11416,#11417)
    ,(#11418,#11419
    )),.UNSPECIFIED.,.F.,.F.,.F.,(4,4),(2,2),(1.,2.),(0.,1.),
  .PIECEWISE_BEZIER_KNOTS.);
#11412 = CARTESIAN_POINT('',(-5.766354375252,-3.355,4.302185078955));
#11413 = CARTESIAN_POINT('',(-5.766354375252,-3.345,4.302185078955));
#11414 = CARTESIAN_POINT('',(-5.857933544336,-3.355,4.381714380808));
#11415 = CARTESIAN_POINT('',(-5.857933544336,-3.345,4.381714380808));
#11416 = CARTESIAN_POINT('',(-5.973612499596,-3.355,4.427503973967));
#11417 = CARTESIAN_POINT('',(-5.973612499596,-3.345,4.427503973967));
#11418 = CARTESIAN_POINT('',(-6.094111430477,-3.355,4.427503973967));
#11419 = CARTESIAN_POINT('',(-6.094111430477,-3.345,4.427503973967));
#11420 = ADVANCED_FACE('',(#11421),#11431,.F.);
#11421 = FACE_BOUND('',#11422,.F.);
#11422 = EDGE_LOOP('',(#11423,#11424,#11425,#11430));
#11423 = ORIENTED_EDGE('',*,*,#11406,.F.);
#11424 = ORIENTED_EDGE('',*,*,#11069,.T.);
#11425 = ORIENTED_EDGE('',*,*,#11426,.T.);
#11426 = EDGE_CURVE('',#11070,#1625,#11427,.T.);
#11427 = B_SPLINE_CURVE_WITH_KNOTS('',1,(#11428,#11429),.UNSPECIFIED.,
  .F.,.F.,(2,2),(0.,1.E-02),.PIECEWISE_BEZIER_KNOTS.);
#11428 = CARTESIAN_POINT('',(-6.383308864591,-3.355,4.333514805581));
#11429 = CARTESIAN_POINT('',(-6.383308864591,-3.345,4.333514805581));
#11430 = ORIENTED_EDGE('',*,*,#1633,.F.);
#11431 = B_SPLINE_SURFACE_WITH_KNOTS('',3,1,(
    (#11432,#11433)
    ,(#11434,#11435)
    ,(#11436,#11437)
    ,(#11438,#11439
    )),.UNSPECIFIED.,.F.,.F.,.F.,(4,4),(2,2),(2.,3.),(0.,1.),
  .PIECEWISE_BEZIER_KNOTS.);
#11432 = CARTESIAN_POINT('',(-6.094111430477,-3.355,4.427503973967));
#11433 = CARTESIAN_POINT('',(-6.094111430477,-3.345,4.427503973967));
#11434 = CARTESIAN_POINT('',(-6.200150480458,-3.355,4.427503973967));
#11435 = CARTESIAN_POINT('',(-6.200150480458,-3.345,4.427503973967));
#11436 = CARTESIAN_POINT('',(-6.298959612974,-3.355,4.393764273896));
#11437 = CARTESIAN_POINT('',(-6.298959612974,-3.345,4.393764273896));
#11438 = CARTESIAN_POINT('',(-6.383308864591,-3.355,4.333514805581));
#11439 = CARTESIAN_POINT('',(-6.383308864591,-3.345,4.333514805581));
#11440 = ADVANCED_FACE('',(#11441),#11451,.F.);
#11441 = FACE_BOUND('',#11442,.F.);
#11442 = EDGE_LOOP('',(#11443,#11444,#11445,#11450));
#11443 = ORIENTED_EDGE('',*,*,#11426,.F.);
#11444 = ORIENTED_EDGE('',*,*,#11078,.T.);
#11445 = ORIENTED_EDGE('',*,*,#11446,.T.);
#11446 = EDGE_CURVE('',#11079,#1616,#11447,.T.);
#11447 = B_SPLINE_CURVE_WITH_KNOTS('',1,(#11448,#11449),.UNSPECIFIED.,
  .F.,.F.,(2,2),(0.,1.E-02),.PIECEWISE_BEZIER_KNOTS.);
#11448 = CARTESIAN_POINT('',(-6.489347914573,-3.355,4.227475744109));
#11449 = CARTESIAN_POINT('',(-6.489347914573,-3.345,4.227475744109));
#11450 = ORIENTED_EDGE('',*,*,#1624,.F.);
#11451 = B_SPLINE_SURFACE_WITH_KNOTS('',3,1,(
    (#11452,#11453)
    ,(#11454,#11455)
    ,(#11456,#11457)
    ,(#11458,#11459
    )),.UNSPECIFIED.,.F.,.F.,.F.,(4,4),(2,2),(3.,4.),(0.,1.),
  .PIECEWISE_BEZIER_KNOTS.);
#11452 = CARTESIAN_POINT('',(-6.383308864591,-3.355,4.333514805581));
#11453 = CARTESIAN_POINT('',(-6.383308864591,-3.345,4.333514805581));
#11454 = CARTESIAN_POINT('',(-6.424278519478,-3.355,4.304595055275));
#11455 = CARTESIAN_POINT('',(-6.424278519478,-3.345,4.304595055275));
#11456 = CARTESIAN_POINT('',(-6.45801821093,-3.355,4.268445376012));
#11457 = CARTESIAN_POINT('',(-6.45801821093,-3.345,4.268445376012));
#11458 = CARTESIAN_POINT('',(-6.489347914573,-3.355,4.227475744109));
#11459 = CARTESIAN_POINT('',(-6.489347914573,-3.345,4.227475744109));
#11460 = ADVANCED_FACE('',(#11461),#11471,.F.);
#11461 = FACE_BOUND('',#11462,.F.);
#11462 = EDGE_LOOP('',(#11463,#11464,#11465,#11470));
#11463 = ORIENTED_EDGE('',*,*,#11446,.F.);
#11464 = ORIENTED_EDGE('',*,*,#11087,.T.);
#11465 = ORIENTED_EDGE('',*,*,#11466,.T.);
#11466 = EDGE_CURVE('',#11088,#1607,#11467,.T.);
#11467 = B_SPLINE_CURVE_WITH_KNOTS('',1,(#11468,#11469),.UNSPECIFIED.,
  .F.,.F.,(2,2),(0.,1.E-02),.PIECEWISE_BEZIER_KNOTS.);
#11468 = CARTESIAN_POINT('',(-6.544777404392,-3.355,4.232295696746));
#11469 = CARTESIAN_POINT('',(-6.544777404392,-3.345,4.232295696746));
#11470 = ORIENTED_EDGE('',*,*,#1615,.F.);
#11471 = B_SPLINE_SURFACE_WITH_KNOTS('',3,1,(
    (#11472,#11473)
    ,(#11474,#11475)
    ,(#11476,#11477)
    ,(#11478,#11479
    )),.UNSPECIFIED.,.F.,.F.,.F.,(4,4),(2,2),(4.,5.),(0.,1.),
  .PIECEWISE_BEZIER_KNOTS.);
#11472 = CARTESIAN_POINT('',(-6.489347914573,-3.355,4.227475744109));
#11473 = CARTESIAN_POINT('',(-6.489347914573,-3.345,4.227475744109));
#11474 = CARTESIAN_POINT('',(-6.508627725127,-3.355,4.229885731919));
#11475 = CARTESIAN_POINT('',(-6.508627725127,-3.345,4.229885731919));
#11476 = CARTESIAN_POINT('',(-6.525497593837,-3.355,4.232295696746));
#11477 = CARTESIAN_POINT('',(-6.525497593837,-3.345,4.232295696746));
#11478 = CARTESIAN_POINT('',(-6.544777404392,-3.355,4.232295696746));
#11479 = CARTESIAN_POINT('',(-6.544777404392,-3.345,4.232295696746));
#11480 = ADVANCED_FACE('',(#11481),#11491,.F.);
#11481 = FACE_BOUND('',#11482,.F.);
#11482 = EDGE_LOOP('',(#11483,#11484,#11485,#11490));
#11483 = ORIENTED_EDGE('',*,*,#11466,.F.);
#11484 = ORIENTED_EDGE('',*,*,#11096,.T.);
#11485 = ORIENTED_EDGE('',*,*,#11486,.T.);
#11486 = EDGE_CURVE('',#11097,#1598,#11487,.T.);
#11487 = B_SPLINE_CURVE_WITH_KNOTS('',1,(#11488,#11489),.UNSPECIFIED.,
  .F.,.F.,(2,2),(0.,1.E-02),.PIECEWISE_BEZIER_KNOTS.);
#11488 = CARTESIAN_POINT('',(-6.821924945418,-3.355,4.116616718504));
#11489 = CARTESIAN_POINT('',(-6.821924945418,-3.345,4.116616718504));
#11490 = ORIENTED_EDGE('',*,*,#1606,.F.);
#11491 = B_SPLINE_SURFACE_WITH_KNOTS('',3,1,(
    (#11492,#11493)
    ,(#11494,#11495)
    ,(#11496,#11497)
    ,(#11498,#11499
    )),.UNSPECIFIED.,.F.,.F.,.F.,(4,4),(2,2),(5.,6.),(0.,1.),
  .PIECEWISE_BEZIER_KNOTS.);
#11492 = CARTESIAN_POINT('',(-6.544777404392,-3.355,4.232295696746));
#11493 = CARTESIAN_POINT('',(-6.544777404392,-3.345,4.232295696746));
#11494 = CARTESIAN_POINT('',(-6.648406489546,-3.355,4.232295696746));
#11495 = CARTESIAN_POINT('',(-6.648406489546,-3.345,4.232295696746));
#11496 = CARTESIAN_POINT('',(-6.747215599079,-3.355,4.191326064846));
#11497 = CARTESIAN_POINT('',(-6.747215599079,-3.345,4.191326064846));
#11498 = CARTESIAN_POINT('',(-6.821924945418,-3.355,4.116616718504));
#11499 = CARTESIAN_POINT('',(-6.821924945418,-3.345,4.116616718504));
#11500 = ADVANCED_FACE('',(#11501),#11511,.F.);
#11501 = FACE_BOUND('',#11502,.F.);
#11502 = EDGE_LOOP('',(#11503,#11504,#11505,#11510));
#11503 = ORIENTED_EDGE('',*,*,#11486,.F.);
#11504 = ORIENTED_EDGE('',*,*,#11105,.T.);
#11505 = ORIENTED_EDGE('',*,*,#11506,.T.);
#11506 = EDGE_CURVE('',#11106,#1589,#11507,.T.);
#11507 = B_SPLINE_CURVE_WITH_KNOTS('',1,(#11508,#11509),.UNSPECIFIED.,
  .F.,.F.,(2,2),(0.,1.E-02),.PIECEWISE_BEZIER_KNOTS.);
#11508 = CARTESIAN_POINT('',(-6.935194004799,-3.355,3.841879188273));
#11509 = CARTESIAN_POINT('',(-6.935194004799,-3.345,3.841879188273));
#11510 = ORIENTED_EDGE('',*,*,#1597,.F.);
#11511 = B_SPLINE_SURFACE_WITH_KNOTS('',3,1,(
    (#11512,#11513)
    ,(#11514,#11515)
    ,(#11516,#11517)
    ,(#11518,#11519
    )),.UNSPECIFIED.,.F.,.F.,.F.,(4,4),(2,2),(6.,7.),(0.,1.),
  .PIECEWISE_BEZIER_KNOTS.);
#11512 = CARTESIAN_POINT('',(-6.821924945418,-3.355,4.116616718504));
#11513 = CARTESIAN_POINT('',(-6.821924945418,-3.345,4.116616718504));
#11514 = CARTESIAN_POINT('',(-6.894224367151,-3.355,4.044317382959));
#11515 = CARTESIAN_POINT('',(-6.894224367151,-3.345,4.044317382959));
#11516 = CARTESIAN_POINT('',(-6.935194004799,-3.355,3.945508250442));
#11517 = CARTESIAN_POINT('',(-6.935194004799,-3.345,3.945508250442));
#11518 = CARTESIAN_POINT('',(-6.935194004799,-3.355,3.841879188273));
#11519 = CARTESIAN_POINT('',(-6.935194004799,-3.345,3.841879188273));
#11520 = ADVANCED_FACE('',(#11521),#11531,.F.);
#11521 = FACE_BOUND('',#11522,.F.);
#11522 = EDGE_LOOP('',(#11523,#11524,#11525,#11530));
#11523 = ORIENTED_EDGE('',*,*,#11506,.F.);
#11524 = ORIENTED_EDGE('',*,*,#11114,.T.);
#11525 = ORIENTED_EDGE('',*,*,#11526,.T.);
#11526 = EDGE_CURVE('',#11115,#1580,#11527,.T.);
#11527 = B_SPLINE_CURVE_WITH_KNOTS('',1,(#11528,#11529),.UNSPECIFIED.,
  .F.,.F.,(2,2),(0.,1.E-02),.PIECEWISE_BEZIER_KNOTS.);
#11528 = CARTESIAN_POINT('',(-6.833974907456,-3.355,3.579191574111));
#11529 = CARTESIAN_POINT('',(-6.833974907456,-3.345,3.579191574111));
#11530 = ORIENTED_EDGE('',*,*,#1588,.F.);
#11531 = B_SPLINE_SURFACE_WITH_KNOTS('',3,1,(
    (#11532,#11533)
    ,(#11534,#11535)
    ,(#11536,#11537)
    ,(#11538,#11539
    )),.UNSPECIFIED.,.F.,.F.,.F.,(4,4),(2,2),(7.,8.),(0.,1.),
  .PIECEWISE_BEZIER_KNOTS.);
#11532 = CARTESIAN_POINT('',(-6.935194004799,-3.355,3.841879188273));
#11533 = CARTESIAN_POINT('',(-6.935194004799,-3.345,3.841879188273));
#11534 = CARTESIAN_POINT('',(-6.935194004799,-3.355,3.745480043567));
#11535 = CARTESIAN_POINT('',(-6.935194004799,-3.345,3.745480043567));
#11536 = CARTESIAN_POINT('',(-6.899044325536,-3.355,3.651490840706));
#11537 = CARTESIAN_POINT('',(-6.899044325536,-3.345,3.651490840706));
#11538 = CARTESIAN_POINT('',(-6.833974907456,-3.355,3.579191574111));
#11539 = CARTESIAN_POINT('',(-6.833974907456,-3.345,3.579191574111));
#11540 = ADVANCED_FACE('',(#11541),#11551,.F.);
#11541 = FACE_BOUND('',#11542,.F.);
#11542 = EDGE_LOOP('',(#11543,#11544,#11545,#11550));
#11543 = ORIENTED_EDGE('',*,*,#11526,.F.);
#11544 = ORIENTED_EDGE('',*,*,#11123,.T.);
#11545 = ORIENTED_EDGE('',*,*,#11546,.T.);
#11546 = EDGE_CURVE('',#11124,#1571,#11547,.T.);
#11547 = B_SPLINE_CURVE_WITH_KNOTS('',1,(#11548,#11549),.UNSPECIFIED.,
  .F.,.F.,(2,2),(0.,1.E-02),.PIECEWISE_BEZIER_KNOTS.);
#11548 = CARTESIAN_POINT('',(-6.641176618047,-3.355,3.463512618852));
#11549 = CARTESIAN_POINT('',(-6.641176618047,-3.345,3.463512618852));
#11550 = ORIENTED_EDGE('',*,*,#1579,.F.);
#11551 = B_SPLINE_SURFACE_WITH_KNOTS('',3,1,(
    (#11552,#11553)
    ,(#11554,#11555)
    ,(#11556,#11557)
    ,(#11558,#11559
    )),.UNSPECIFIED.,.F.,.F.,.F.,(4,4),(2,2),(8.,9.),(0.,1.),
  .PIECEWISE_BEZIER_KNOTS.);
#11552 = CARTESIAN_POINT('',(-6.833974907456,-3.355,3.579191574111));
#11553 = CARTESIAN_POINT('',(-6.833974907456,-3.345,3.579191574111));
#11554 = CARTESIAN_POINT('',(-6.780955382466,-3.355,3.521352050514));
#11555 = CARTESIAN_POINT('',(-6.780955382466,-3.345,3.521352050514));
#11556 = CARTESIAN_POINT('',(-6.715885941403,-3.355,3.482792429407));
#11557 = CARTESIAN_POINT('',(-6.715885941403,-3.345,3.482792429407));
#11558 = CARTESIAN_POINT('',(-6.641176618047,-3.355,3.463512618852));
#11559 = CARTESIAN_POINT('',(-6.641176618047,-3.345,3.463512618852));
#11560 = ADVANCED_FACE('',(#11561),#11571,.F.);
#11561 = FACE_BOUND('',#11562,.F.);
#11562 = EDGE_LOOP('',(#11563,#11564,#11565,#11570));
#11563 = ORIENTED_EDGE('',*,*,#11546,.F.);
#11564 = ORIENTED_EDGE('',*,*,#11132,.T.);
#11565 = ORIENTED_EDGE('',*,*,#11566,.T.);
#11566 = EDGE_CURVE('',#11133,#1562,#11567,.T.);
#11567 = B_SPLINE_CURVE_WITH_KNOTS('',1,(#11568,#11569),.UNSPECIFIED.,
  .F.,.F.,(2,2),(0.,1.E-02),.PIECEWISE_BEZIER_KNOTS.);
#11568 = CARTESIAN_POINT('',(-6.412228626389,-3.355,3.29963409124));
#11569 = CARTESIAN_POINT('',(-6.412228626389,-3.345,3.29963409124));
#11570 = ORIENTED_EDGE('',*,*,#1570,.F.);
#11571 = B_SPLINE_SURFACE_WITH_KNOTS('',3,1,(
    (#11572,#11573)
    ,(#11574,#11575)
    ,(#11576,#11577)
    ,(#11578,#11579
    )),.UNSPECIFIED.,.F.,.F.,.F.,(4,4),(2,2),(9.,10.),(0.,1.),
  .PIECEWISE_BEZIER_KNOTS.);
#11572 = CARTESIAN_POINT('',(-6.641176618047,-3.355,3.463512618852));
#11573 = CARTESIAN_POINT('',(-6.641176618047,-3.345,3.463512618852));
#11574 = CARTESIAN_POINT('',(-6.609846891421,-3.355,3.367113474146));
#11575 = CARTESIAN_POINT('',(-6.609846891421,-3.345,3.367113474146));
#11576 = CARTESIAN_POINT('',(-6.518267722338,-3.355,3.29963409124));
#11577 = CARTESIAN_POINT('',(-6.518267722338,-3.345,3.29963409124));
#11578 = CARTESIAN_POINT('',(-6.412228626389,-3.355,3.29963409124));
#11579 = CARTESIAN_POINT('',(-6.412228626389,-3.345,3.29963409124));
#11580 = ADVANCED_FACE('',(#11581),#11591,.F.);
#11581 = FACE_BOUND('',#11582,.F.);
#11582 = EDGE_LOOP('',(#11583,#11584,#11585,#11590));
#11583 = ORIENTED_EDGE('',*,*,#11566,.F.);
#11584 = ORIENTED_EDGE('',*,*,#11141,.T.);
#11585 = ORIENTED_EDGE('',*,*,#11586,.T.);
#11586 = EDGE_CURVE('',#11142,#1553,#11587,.T.);
#11587 = B_SPLINE_CURVE_WITH_KNOTS('',1,(#11588,#11589),.UNSPECIFIED.,
  .F.,.F.,(2,2),(0.,1.E-02),.PIECEWISE_BEZIER_KNOTS.);
#11588 = CARTESIAN_POINT('',(-6.171230764626,-3.355,3.540631953002));
#11589 = CARTESIAN_POINT('',(-6.171230764626,-3.345,3.540631953002));
#11590 = ORIENTED_EDGE('',*,*,#1561,.F.);
#11591 = B_SPLINE_SURFACE_WITH_KNOTS('',3,1,(
    (#11592,#11593)
    ,(#11594,#11595)
    ,(#11596,#11597)
    ,(#11598,#11599
    )),.UNSPECIFIED.,.F.,.F.,.F.,(4,4),(2,2),(10.,11.),(0.,1.),
  .PIECEWISE_BEZIER_KNOTS.);
#11592 = CARTESIAN_POINT('',(-6.412228626389,-3.355,3.29963409124));
#11593 = CARTESIAN_POINT('',(-6.412228626389,-3.345,3.29963409124));
#11594 = CARTESIAN_POINT('',(-6.27967980242,-3.355,3.29963409124));
#11595 = CARTESIAN_POINT('',(-6.27967980242,-3.345,3.29963409124));
#11596 = CARTESIAN_POINT('',(-6.171230764626,-3.355,3.408083129032));
#11597 = CARTESIAN_POINT('',(-6.171230764626,-3.345,3.408083129032));
#11598 = CARTESIAN_POINT('',(-6.171230764626,-3.355,3.540631953002));
#11599 = CARTESIAN_POINT('',(-6.171230764626,-3.345,3.540631953002));
#11600 = ADVANCED_FACE('',(#11601),#11611,.F.);
#11601 = FACE_BOUND('',#11602,.T.);
#11602 = EDGE_LOOP('',(#11603,#11604,#11609,#11610));
#11603 = ORIENTED_EDGE('',*,*,#1552,.T.);
#11604 = ORIENTED_EDGE('',*,*,#11605,.F.);
#11605 = EDGE_CURVE('',#11151,#1546,#11606,.T.);
#11606 = B_SPLINE_CURVE_WITH_KNOTS('',1,(#11607,#11608),.UNSPECIFIED.,
  .F.,.F.,(2,2),(0.,1.E-02),.PIECEWISE_BEZIER_KNOTS.);
#11607 = CARTESIAN_POINT('',(-6.171230764626,-3.355,3.56473173918));
#11608 = CARTESIAN_POINT('',(-6.171230764626,-3.345,3.56473173918));
#11609 = ORIENTED_EDGE('',*,*,#11150,.F.);
#11610 = ORIENTED_EDGE('',*,*,#11586,.T.);
#11611 = B_SPLINE_SURFACE_WITH_KNOTS('',1,1,(
    (#11612,#11613)
    ,(#11614,#11615
    )),.UNSPECIFIED.,.F.,.F.,.F.,(2,2),(2,2),(-4.440892098501E-16,
    2.409978617778E-02),(0.,1.E-02),.PIECEWISE_BEZIER_KNOTS.);
#11612 = CARTESIAN_POINT('',(-6.171230764626,-3.355,3.540631953002));
#11613 = CARTESIAN_POINT('',(-6.171230764626,-3.345,3.540631953002));
#11614 = CARTESIAN_POINT('',(-6.171230764626,-3.355,3.56473173918));
#11615 = CARTESIAN_POINT('',(-6.171230764626,-3.345,3.56473173918));
#11616 = ADVANCED_FACE('',(#11617),#11627,.F.);
#11617 = FACE_BOUND('',#11618,.T.);
#11618 = EDGE_LOOP('',(#11619,#11620,#11625,#11626));
#11619 = ORIENTED_EDGE('',*,*,#1545,.T.);
#11620 = ORIENTED_EDGE('',*,*,#11621,.F.);
#11621 = EDGE_CURVE('',#11160,#1539,#11622,.T.);
#11622 = B_SPLINE_CURVE_WITH_KNOTS('',1,(#11623,#11624),.UNSPECIFIED.,
  .F.,.F.,(2,2),(0.,1.E-02),.PIECEWISE_BEZIER_KNOTS.);
#11623 = CARTESIAN_POINT('',(-5.833833758159,-3.355,3.74307014769));
#11624 = CARTESIAN_POINT('',(-5.833833758159,-3.345,3.74307014769));
#11625 = ORIENTED_EDGE('',*,*,#11159,.F.);
#11626 = ORIENTED_EDGE('',*,*,#11605,.T.);
#11627 = B_SPLINE_SURFACE_WITH_KNOTS('',1,1,(
    (#11628,#11629)
    ,(#11630,#11631
    )),.UNSPECIFIED.,.F.,.F.,.F.,(2,2),(2,2),(7.85234055776E-16,
    0.381629831018),(-4.440892098501E-16,1.E-02),
  .PIECEWISE_BEZIER_KNOTS.);
#11628 = CARTESIAN_POINT('',(-6.171230764626,-3.355,3.56473173918));
#11629 = CARTESIAN_POINT('',(-6.171230764626,-3.345,3.56473173918));
#11630 = CARTESIAN_POINT('',(-5.833833758159,-3.355,3.74307014769));
#11631 = CARTESIAN_POINT('',(-5.833833758159,-3.345,3.74307014769));
#11632 = ADVANCED_FACE('',(#11633),#11643,.F.);
#11633 = FACE_BOUND('',#11634,.T.);
#11634 = EDGE_LOOP('',(#11635,#11636,#11641,#11642));
#11635 = ORIENTED_EDGE('',*,*,#1538,.T.);
#11636 = ORIENTED_EDGE('',*,*,#11637,.F.);
#11637 = EDGE_CURVE('',#11167,#1532,#11638,.T.);
#11638 = B_SPLINE_CURVE_WITH_KNOTS('',1,(#11639,#11640),.UNSPECIFIED.,
  .F.,.F.,(2,2),(0.,1.E-02),.PIECEWISE_BEZIER_KNOTS.);
#11639 = CARTESIAN_POINT('',(-5.908543058533,-3.355,3.870799042003));
#11640 = CARTESIAN_POINT('',(-5.908543058533,-3.345,3.870799042003));
#11641 = ORIENTED_EDGE('',*,*,#11166,.F.);
#11642 = ORIENTED_EDGE('',*,*,#11621,.T.);
#11643 = B_SPLINE_SURFACE_WITH_KNOTS('',1,1,(
    (#11644,#11645)
    ,(#11646,#11647
    )),.UNSPECIFIED.,.F.,.F.,.F.,(2,2),(2,2),(0.,0.147973477369),(0.,
    1.E-02),.PIECEWISE_BEZIER_KNOTS.);
#11644 = CARTESIAN_POINT('',(-5.833833758159,-3.355,3.74307014769));
#11645 = CARTESIAN_POINT('',(-5.833833758159,-3.345,3.74307014769));
#11646 = CARTESIAN_POINT('',(-5.908543058533,-3.355,3.870799042003));
#11647 = CARTESIAN_POINT('',(-5.908543058533,-3.345,3.870799042003));
#11648 = ADVANCED_FACE('',(#11649),#11659,.F.);
#11649 = FACE_BOUND('',#11650,.T.);
#11650 = EDGE_LOOP('',(#11651,#11652,#11657,#11658));
#11651 = ORIENTED_EDGE('',*,*,#1531,.T.);
#11652 = ORIENTED_EDGE('',*,*,#11653,.F.);
#11653 = EDGE_CURVE('',#11174,#1523,#11654,.T.);
#11654 = B_SPLINE_CURVE_WITH_KNOTS('',1,(#11655,#11656),.UNSPECIFIED.,
  .F.,.F.,(2,2),(0.,1.E-02),.PIECEWISE_BEZIER_KNOTS.);
#11655 = CARTESIAN_POINT('',(-6.2314801841,-3.355,3.70210053877));
#11656 = CARTESIAN_POINT('',(-6.2314801841,-3.345,3.70210053877));
#11657 = ORIENTED_EDGE('',*,*,#11173,.F.);
#11658 = ORIENTED_EDGE('',*,*,#11637,.T.);
#11659 = B_SPLINE_SURFACE_WITH_KNOTS('',1,1,(
    (#11660,#11661)
    ,(#11662,#11663
    )),.UNSPECIFIED.,.F.,.F.,.F.,(2,2),(2,2),(0.,0.364345402143),(0.,
    1.E-02),.PIECEWISE_BEZIER_KNOTS.);
#11660 = CARTESIAN_POINT('',(-5.908543058533,-3.355,3.870799042003));
#11661 = CARTESIAN_POINT('',(-5.908543058533,-3.345,3.870799042003));
#11662 = CARTESIAN_POINT('',(-6.2314801841,-3.355,3.70210053877));
#11663 = CARTESIAN_POINT('',(-6.2314801841,-3.345,3.70210053877));
#11664 = ADVANCED_FACE('',(#11665),#11675,.F.);
#11665 = FACE_BOUND('',#11666,.F.);
#11666 = EDGE_LOOP('',(#11667,#11668,#11669,#11674));
#11667 = ORIENTED_EDGE('',*,*,#11653,.F.);
#11668 = ORIENTED_EDGE('',*,*,#11180,.T.);
#11669 = ORIENTED_EDGE('',*,*,#11670,.T.);
#11670 = EDGE_CURVE('',#11181,#1514,#11671,.T.);
#11671 = B_SPLINE_CURVE_WITH_KNOTS('',1,(#11672,#11673),.UNSPECIFIED.,
  .F.,.F.,(2,2),(0.,1.E-02),.PIECEWISE_BEZIER_KNOTS.);
#11672 = CARTESIAN_POINT('',(-6.412228580422,-3.355,3.784039802576));
#11673 = CARTESIAN_POINT('',(-6.412228580422,-3.345,3.784039802576));
#11674 = ORIENTED_EDGE('',*,*,#1522,.F.);
#11675 = B_SPLINE_SURFACE_WITH_KNOTS('',3,1,(
    (#11676,#11677)
    ,(#11678,#11679)
    ,(#11680,#11681)
    ,(#11682,#11683
    )),.UNSPECIFIED.,.F.,.F.,.F.,(4,4),(2,2),(15.,16.),(0.,1.),
  .PIECEWISE_BEZIER_KNOTS.);
#11676 = CARTESIAN_POINT('',(-6.2314801841,-3.355,3.70210053877));
#11677 = CARTESIAN_POINT('',(-6.2314801841,-3.345,3.70210053877));
#11678 = CARTESIAN_POINT('',(-6.274859780832,-3.355,3.752710098934));
#11679 = CARTESIAN_POINT('',(-6.274859780832,-3.345,3.752710098934));
#11680 = CARTESIAN_POINT('',(-6.339929221893,-3.355,3.784039802576));
#11681 = CARTESIAN_POINT('',(-6.339929221893,-3.345,3.784039802576));
#11682 = CARTESIAN_POINT('',(-6.412228580422,-3.355,3.784039802576));
#11683 = CARTESIAN_POINT('',(-6.412228580422,-3.345,3.784039802576));
#11684 = ADVANCED_FACE('',(#11685),#11695,.F.);
#11685 = FACE_BOUND('',#11686,.F.);
#11686 = EDGE_LOOP('',(#11687,#11688,#11689,#11694));
#11687 = ORIENTED_EDGE('',*,*,#11670,.F.);
#11688 = ORIENTED_EDGE('',*,*,#11189,.T.);
#11689 = ORIENTED_EDGE('',*,*,#11690,.T.);
#11690 = EDGE_CURVE('',#11190,#1505,#11691,.T.);
#11691 = B_SPLINE_CURVE_WITH_KNOTS('',1,(#11692,#11693),.UNSPECIFIED.,
  .F.,.F.,(2,2),(0.,1.E-02),.PIECEWISE_BEZIER_KNOTS.);
#11692 = CARTESIAN_POINT('',(-6.638766561286,-3.355,3.624981204621));
#11693 = CARTESIAN_POINT('',(-6.638766561286,-3.345,3.624981204621));
#11694 = ORIENTED_EDGE('',*,*,#1513,.F.);
#11695 = B_SPLINE_SURFACE_WITH_KNOTS('',3,1,(
    (#11696,#11697)
    ,(#11698,#11699)
    ,(#11700,#11701)
    ,(#11702,#11703
    )),.UNSPECIFIED.,.F.,.F.,.F.,(4,4),(2,2),(16.,17.),(0.,1.),
  .PIECEWISE_BEZIER_KNOTS.);
#11696 = CARTESIAN_POINT('',(-6.412228580422,-3.355,3.784039802576));
#11697 = CARTESIAN_POINT('',(-6.412228580422,-3.345,3.784039802576));
#11698 = CARTESIAN_POINT('',(-6.51585768856,-3.355,3.784039802576));
#11699 = CARTESIAN_POINT('',(-6.51585768856,-3.345,3.784039802576));
#11700 = CARTESIAN_POINT('',(-6.605026869832,-3.355,3.716560419671));
#11701 = CARTESIAN_POINT('',(-6.605026869832,-3.345,3.716560419671));
#11702 = CARTESIAN_POINT('',(-6.638766561286,-3.355,3.624981204621));
#11703 = CARTESIAN_POINT('',(-6.638766561286,-3.345,3.624981204621));
#11704 = ADVANCED_FACE('',(#11705),#11715,.F.);
#11705 = FACE_BOUND('',#11706,.F.);
#11706 = EDGE_LOOP('',(#11707,#11708,#11709,#11714));
#11707 = ORIENTED_EDGE('',*,*,#11690,.F.);
#11708 = ORIENTED_EDGE('',*,*,#11198,.T.);
#11709 = ORIENTED_EDGE('',*,*,#11710,.T.);
#11710 = EDGE_CURVE('',#11199,#1496,#11711,.T.);
#11711 = B_SPLINE_CURVE_WITH_KNOTS('',1,(#11712,#11713),.UNSPECIFIED.,
  .F.,.F.,(2,2),(0.,1.E-02),.PIECEWISE_BEZIER_KNOTS.);
#11712 = CARTESIAN_POINT('',(-6.783365278343,-3.355,3.846699255828));
#11713 = CARTESIAN_POINT('',(-6.783365278343,-3.345,3.846699255828));
#11714 = ORIENTED_EDGE('',*,*,#1504,.F.);
#11715 = B_SPLINE_SURFACE_WITH_KNOTS('',3,1,(
    (#11716,#11717)
    ,(#11718,#11719)
    ,(#11720,#11721)
    ,(#11722,#11723
    )),.UNSPECIFIED.,.F.,.F.,.F.,(4,4),(2,2),(17.,18.),(0.,1.),
  .PIECEWISE_BEZIER_KNOTS.);
#11716 = CARTESIAN_POINT('',(-6.638766561286,-3.355,3.624981204621));
#11717 = CARTESIAN_POINT('',(-6.638766561286,-3.345,3.624981204621));
#11718 = CARTESIAN_POINT('',(-6.723115812902,-3.355,3.663540871694));
#11719 = CARTESIAN_POINT('',(-6.723115812902,-3.345,3.663540871694));
#11720 = CARTESIAN_POINT('',(-6.783365278343,-3.355,3.747890123311));
#11721 = CARTESIAN_POINT('',(-6.783365278343,-3.345,3.747890123311));
#11722 = CARTESIAN_POINT('',(-6.783365278343,-3.355,3.846699255828));
#11723 = CARTESIAN_POINT('',(-6.783365278343,-3.345,3.846699255828));
#11724 = ADVANCED_FACE('',(#11725),#11735,.F.);
#11725 = FACE_BOUND('',#11726,.F.);
#11726 = EDGE_LOOP('',(#11727,#11728,#11729,#11734));
#11727 = ORIENTED_EDGE('',*,*,#11710,.F.);
#11728 = ORIENTED_EDGE('',*,*,#11207,.T.);
#11729 = ORIENTED_EDGE('',*,*,#11730,.T.);
#11730 = EDGE_CURVE('',#11208,#1487,#11731,.T.);
#11731 = B_SPLINE_CURVE_WITH_KNOTS('',1,(#11732,#11733),.UNSPECIFIED.,
  .F.,.F.,(2,2),(0.,1.E-02),.PIECEWISE_BEZIER_KNOTS.);
#11732 = CARTESIAN_POINT('',(-6.542367416581,-3.355,4.087697117589));
#11733 = CARTESIAN_POINT('',(-6.542367416581,-3.345,4.087697117589));
#11734 = ORIENTED_EDGE('',*,*,#1495,.F.);
#11735 = B_SPLINE_SURFACE_WITH_KNOTS('',3,1,(
    (#11736,#11737)
    ,(#11738,#11739)
    ,(#11740,#11741)
    ,(#11742,#11743
    )),.UNSPECIFIED.,.F.,.F.,.F.,(4,4),(2,2),(18.,19.),(0.,1.),
  .PIECEWISE_BEZIER_KNOTS.);
#11736 = CARTESIAN_POINT('',(-6.783365278343,-3.355,3.846699255828));
#11737 = CARTESIAN_POINT('',(-6.783365278343,-3.345,3.846699255828));
#11738 = CARTESIAN_POINT('',(-6.783365278343,-3.355,3.979248079797));
#11739 = CARTESIAN_POINT('',(-6.783365278343,-3.345,3.979248079797));
#11740 = CARTESIAN_POINT('',(-6.67491624055,-3.355,4.087697117589));
#11741 = CARTESIAN_POINT('',(-6.67491624055,-3.345,4.087697117589));
#11742 = CARTESIAN_POINT('',(-6.542367416581,-3.355,4.087697117589));
#11743 = CARTESIAN_POINT('',(-6.542367416581,-3.345,4.087697117589));
#11744 = ADVANCED_FACE('',(#11745),#11755,.F.);
#11745 = FACE_BOUND('',#11746,.F.);
#11746 = EDGE_LOOP('',(#11747,#11748,#11749,#11754));
#11747 = ORIENTED_EDGE('',*,*,#11730,.F.);
#11748 = ORIENTED_EDGE('',*,*,#11216,.T.);
#11749 = ORIENTED_EDGE('',*,*,#11750,.T.);
#11750 = EDGE_CURVE('',#11217,#1478,#11751,.T.);
#11751 = B_SPLINE_CURVE_WITH_KNOTS('',1,(#11752,#11753),.UNSPECIFIED.,
  .F.,.F.,(2,2),(0.,1.E-02),.PIECEWISE_BEZIER_KNOTS.);
#11752 = CARTESIAN_POINT('',(-6.414638568234,-3.355,4.051547438324));
#11753 = CARTESIAN_POINT('',(-6.414638568234,-3.345,4.051547438324));
#11754 = ORIENTED_EDGE('',*,*,#1486,.F.);
#11755 = B_SPLINE_SURFACE_WITH_KNOTS('',3,1,(
    (#11756,#11757)
    ,(#11758,#11759)
    ,(#11760,#11761)
    ,(#11762,#11763
    )),.UNSPECIFIED.,.F.,.F.,.F.,(4,4),(2,2),(19.,20.),(0.,1.),
  .PIECEWISE_BEZIER_KNOTS.);
#11756 = CARTESIAN_POINT('',(-6.542367416581,-3.355,4.087697117589));
#11757 = CARTESIAN_POINT('',(-6.542367416581,-3.345,4.087697117589));
#11758 = CARTESIAN_POINT('',(-6.496577832039,-3.355,4.087697117589));
#11759 = CARTESIAN_POINT('',(-6.496577832039,-3.345,4.087697117589));
#11760 = CARTESIAN_POINT('',(-6.450788247497,-3.355,4.073237236691));
#11761 = CARTESIAN_POINT('',(-6.450788247497,-3.345,4.073237236691));
#11762 = CARTESIAN_POINT('',(-6.414638568234,-3.355,4.051547438324));
#11763 = CARTESIAN_POINT('',(-6.414638568234,-3.345,4.051547438324));
#11764 = ADVANCED_FACE('',(#11765),#11775,.F.);
#11765 = FACE_BOUND('',#11766,.F.);
#11766 = EDGE_LOOP('',(#11767,#11768,#11769,#11774));
#11767 = ORIENTED_EDGE('',*,*,#11750,.F.);
#11768 = ORIENTED_EDGE('',*,*,#11225,.T.);
#11769 = ORIENTED_EDGE('',*,*,#11770,.T.);
#11770 = EDGE_CURVE('',#11226,#1469,#11771,.T.);
#11771 = B_SPLINE_CURVE_WITH_KNOTS('',1,(#11772,#11773),.UNSPECIFIED.,
  .F.,.F.,(2,2),(0.,1.E-02),.PIECEWISE_BEZIER_KNOTS.);
#11772 = CARTESIAN_POINT('',(-6.091701488632,-3.355,4.28290525691));
#11773 = CARTESIAN_POINT('',(-6.091701488632,-3.345,4.28290525691));
#11774 = ORIENTED_EDGE('',*,*,#1477,.F.);
#11775 = B_SPLINE_SURFACE_WITH_KNOTS('',3,1,(
    (#11776,#11777)
    ,(#11778,#11779)
    ,(#11780,#11781)
    ,(#11782,#11783
    )),.UNSPECIFIED.,.F.,.F.,.F.,(4,4),(2,2),(20.,21.),(0.,1.),
  .PIECEWISE_BEZIER_KNOTS.);
#11776 = CARTESIAN_POINT('',(-6.414638568234,-3.355,4.051547438324));
#11777 = CARTESIAN_POINT('',(-6.414638568234,-3.345,4.051547438324));
#11778 = CARTESIAN_POINT('',(-6.368849029659,-3.355,4.186506112206));
#11779 = CARTESIAN_POINT('',(-6.368849029659,-3.345,4.186506112206));
#11780 = CARTESIAN_POINT('',(-6.243530123156,-3.355,4.28290525691));
#11781 = CARTESIAN_POINT('',(-6.243530123156,-3.345,4.28290525691));
#11782 = CARTESIAN_POINT('',(-6.091701488632,-3.355,4.28290525691));
#11783 = CARTESIAN_POINT('',(-6.091701488632,-3.345,4.28290525691));
#11784 = ADVANCED_FACE('',(#11785),#11795,.F.);
#11785 = FACE_BOUND('',#11786,.F.);
#11786 = EDGE_LOOP('',(#11787,#11788,#11789,#11794));
#11787 = ORIENTED_EDGE('',*,*,#11770,.F.);
#11788 = ORIENTED_EDGE('',*,*,#11234,.T.);
#11789 = ORIENTED_EDGE('',*,*,#11790,.T.);
#11790 = EDGE_CURVE('',#11235,#1460,#11791,.T.);
#11791 = B_SPLINE_CURVE_WITH_KNOTS('',1,(#11792,#11793),.UNSPECIFIED.,
  .F.,.F.,(2,2),(0.,1.E-02),.PIECEWISE_BEZIER_KNOTS.);
#11792 = CARTESIAN_POINT('',(-5.754304482165,-3.355,3.981657929708));
#11793 = CARTESIAN_POINT('',(-5.754304482165,-3.345,3.981657929708));
#11794 = ORIENTED_EDGE('',*,*,#1468,.F.);
#11795 = B_SPLINE_SURFACE_WITH_KNOTS('',3,1,(
    (#11796,#11797)
    ,(#11798,#11799)
    ,(#11800,#11801)
    ,(#11802,#11803
    )),.UNSPECIFIED.,.F.,.F.,.F.,(4,4),(2,2),(21.,22.),(0.,1.),
  .PIECEWISE_BEZIER_KNOTS.);
#11796 = CARTESIAN_POINT('',(-6.091701488632,-3.355,4.28290525691));
#11797 = CARTESIAN_POINT('',(-6.091701488632,-3.345,4.28290525691));
#11798 = CARTESIAN_POINT('',(-5.918183009776,-3.355,4.28290525691));
#11799 = CARTESIAN_POINT('',(-5.918183009776,-3.345,4.28290525691));
#11800 = CARTESIAN_POINT('',(-5.773584292719,-3.355,4.15035643294));
#11801 = CARTESIAN_POINT('',(-5.773584292719,-3.345,4.15035643294));
#11802 = CARTESIAN_POINT('',(-5.754304482165,-3.355,3.981657929708));
#11803 = CARTESIAN_POINT('',(-5.754304482165,-3.345,3.981657929708));
#11804 = ADVANCED_FACE('',(#11805),#11815,.F.);
#11805 = FACE_BOUND('',#11806,.T.);
#11806 = EDGE_LOOP('',(#11807,#11808,#11813,#11814));
#11807 = ORIENTED_EDGE('',*,*,#1459,.T.);
#11808 = ORIENTED_EDGE('',*,*,#11809,.F.);
#11809 = EDGE_CURVE('',#11244,#1451,#11810,.T.);
#11810 = B_SPLINE_CURVE_WITH_KNOTS('',1,(#11811,#11812),.UNSPECIFIED.,
  .F.,.F.,(2,2),(0.,1.E-02),.PIECEWISE_BEZIER_KNOTS.);
#11811 = CARTESIAN_POINT('',(-5.73502467161,-3.355,3.981657929708));
#11812 = CARTESIAN_POINT('',(-5.73502467161,-3.345,3.981657929708));
#11813 = ORIENTED_EDGE('',*,*,#11243,.F.);
#11814 = ORIENTED_EDGE('',*,*,#11790,.T.);
#11815 = B_SPLINE_SURFACE_WITH_KNOTS('',1,1,(
    (#11816,#11817)
    ,(#11818,#11819
    )),.UNSPECIFIED.,.F.,.F.,.F.,(2,2),(2,2),(0.,1.927981055462E-02),(0.
    ,1.E-02),.PIECEWISE_BEZIER_KNOTS.);
#11816 = CARTESIAN_POINT('',(-5.754304482165,-3.355,3.981657929708));
#11817 = CARTESIAN_POINT('',(-5.754304482165,-3.345,3.981657929708));
#11818 = CARTESIAN_POINT('',(-5.73502467161,-3.355,3.981657929708));
#11819 = CARTESIAN_POINT('',(-5.73502467161,-3.345,3.981657929708));
#11820 = ADVANCED_FACE('',(#11821),#11831,.F.);
#11821 = FACE_BOUND('',#11822,.F.);
#11822 = EDGE_LOOP('',(#11823,#11824,#11825,#11830));
#11823 = ORIENTED_EDGE('',*,*,#11809,.F.);
#11824 = ORIENTED_EDGE('',*,*,#11252,.T.);
#11825 = ORIENTED_EDGE('',*,*,#11826,.T.);
#11826 = EDGE_CURVE('',#11253,#1442,#11827,.T.);
#11827 = B_SPLINE_CURVE_WITH_KNOTS('',1,(#11828,#11829),.UNSPECIFIED.,
  .F.,.F.,(2,2),(0.,1.E-02),.PIECEWISE_BEZIER_KNOTS.);
#11828 = CARTESIAN_POINT('',(-5.547046357823,-3.355,3.79367961592));
#11829 = CARTESIAN_POINT('',(-5.547046357823,-3.345,3.79367961592));
#11830 = ORIENTED_EDGE('',*,*,#1450,.F.);
#11831 = B_SPLINE_SURFACE_WITH_KNOTS('',3,1,(
    (#11832,#11833)
    ,(#11834,#11835)
    ,(#11836,#11837)
    ,(#11838,#11839
    )),.UNSPECIFIED.,.F.,.F.,.F.,(4,4),(2,2),(23.,24.),(0.,1.),
  .PIECEWISE_BEZIER_KNOTS.);
#11832 = CARTESIAN_POINT('',(-5.73502467161,-3.355,3.981657929708));
#11833 = CARTESIAN_POINT('',(-5.73502467161,-3.345,3.981657929708));
#11834 = CARTESIAN_POINT('',(-5.631395609439,-3.355,3.981657929708));
#11835 = CARTESIAN_POINT('',(-5.631395609439,-3.345,3.981657929708));
#11836 = CARTESIAN_POINT('',(-5.547046357823,-3.355,3.897308678091));
#11837 = CARTESIAN_POINT('',(-5.547046357823,-3.345,3.897308678091));
#11838 = CARTESIAN_POINT('',(-5.547046357823,-3.355,3.79367961592));
#11839 = CARTESIAN_POINT('',(-5.547046357823,-3.345,3.79367961592));
#11840 = ADVANCED_FACE('',(#11841),#11851,.F.);
#11841 = FACE_BOUND('',#11842,.F.);
#11842 = EDGE_LOOP('',(#11843,#11844,#11845,#11850));
#11843 = ORIENTED_EDGE('',*,*,#11826,.F.);
#11844 = ORIENTED_EDGE('',*,*,#11261,.T.);
#11845 = ORIENTED_EDGE('',*,*,#11846,.T.);
#11846 = EDGE_CURVE('',#11262,#1435,#11847,.T.);
#11847 = B_SPLINE_CURVE_WITH_KNOTS('',1,(#11848,#11849),.UNSPECIFIED.,
  .F.,.F.,(2,2),(0.,1.E-02),.PIECEWISE_BEZIER_KNOTS.);
#11848 = CARTESIAN_POINT('',(-5.720564836677,-3.355,3.605701302133));
#11849 = CARTESIAN_POINT('',(-5.720564836677,-3.345,3.605701302133));
#11850 = ORIENTED_EDGE('',*,*,#1441,.F.);
#11851 = B_SPLINE_SURFACE_WITH_KNOTS('',3,1,(
    (#11852,#11853)
    ,(#11854,#11855)
    ,(#11856,#11857)
    ,(#11858,#11859
    )),.UNSPECIFIED.,.F.,.F.,.F.,(4,4),(2,2),(24.,25.),(0.,1.),
  .PIECEWISE_BEZIER_KNOTS.);
#11852 = CARTESIAN_POINT('',(-5.547046357823,-3.355,3.79367961592));
#11853 = CARTESIAN_POINT('',(-5.547046357823,-3.345,3.79367961592));
#11854 = CARTESIAN_POINT('',(-5.547046357823,-3.355,3.694870483403));
#11855 = CARTESIAN_POINT('',(-5.547046357823,-3.345,3.694870483403));
#11856 = CARTESIAN_POINT('',(-5.621755658196,-3.355,3.612931219599));
#11857 = CARTESIAN_POINT('',(-5.621755658196,-3.345,3.612931219599));
#11858 = CARTESIAN_POINT('',(-5.720564836677,-3.355,3.605701302133));
#11859 = CARTESIAN_POINT('',(-5.720564836677,-3.345,3.605701302133));
#11860 = ADVANCED_FACE('',(#11861),#11871,.F.);
#11861 = FACE_BOUND('',#11862,.T.);
#11862 = EDGE_LOOP('',(#11863,#11864,#11869,#11870));
#11863 = ORIENTED_EDGE('',*,*,#1434,.T.);
#11864 = ORIENTED_EDGE('',*,*,#11865,.F.);
#11865 = EDGE_CURVE('',#11271,#1426,#11866,.T.);
#11866 = B_SPLINE_CURVE_WITH_KNOTS('',1,(#11867,#11868),.UNSPECIFIED.,
  .F.,.F.,(2,2),(0.,1.E-02),.PIECEWISE_BEZIER_KNOTS.);
#11867 = CARTESIAN_POINT('',(-5.829013874471,-3.355,3.605701302133));
#11868 = CARTESIAN_POINT('',(-5.829013874471,-3.345,3.605701302133));
#11869 = ORIENTED_EDGE('',*,*,#11270,.F.);
#11870 = ORIENTED_EDGE('',*,*,#11846,.T.);
#11871 = B_SPLINE_SURFACE_WITH_KNOTS('',1,1,(
    (#11872,#11873)
    ,(#11874,#11875
    )),.UNSPECIFIED.,.F.,.F.,.F.,(2,2),(2,2),(-8.881784197001E-16,
    0.108449037793),(-4.440892098501E-16,1.E-02),
  .PIECEWISE_BEZIER_KNOTS.);
#11872 = CARTESIAN_POINT('',(-5.720564836677,-3.355,3.605701302133));
#11873 = CARTESIAN_POINT('',(-5.720564836677,-3.345,3.605701302133));
#11874 = CARTESIAN_POINT('',(-5.829013874471,-3.355,3.605701302133));
#11875 = CARTESIAN_POINT('',(-5.829013874471,-3.345,3.605701302133));
#11876 = ADVANCED_FACE('',(#11877),#11887,.F.);
#11877 = FACE_BOUND('',#11878,.F.);
#11878 = EDGE_LOOP('',(#11879,#11880,#11881,#11886));
#11879 = ORIENTED_EDGE('',*,*,#11865,.F.);
#11880 = ORIENTED_EDGE('',*,*,#11277,.T.);
#11881 = ORIENTED_EDGE('',*,*,#11882,.T.);
#11882 = EDGE_CURVE('',#11278,#1417,#11883,.T.);
#11883 = B_SPLINE_CURVE_WITH_KNOTS('',1,(#11884,#11885),.UNSPECIFIED.,
  .F.,.F.,(2,2),(0.,1.E-02),.PIECEWISE_BEZIER_KNOTS.);
#11884 = CARTESIAN_POINT('',(-5.843473709403,-3.355,3.608111243976));
#11885 = CARTESIAN_POINT('',(-5.843473709403,-3.345,3.608111243976));
#11886 = ORIENTED_EDGE('',*,*,#1425,.F.);
#11887 = B_SPLINE_SURFACE_WITH_KNOTS('',3,1,(
    (#11888,#11889)
    ,(#11890,#11891)
    ,(#11892,#11893)
    ,(#11894,#11895
    )),.UNSPECIFIED.,.F.,.F.,.F.,(4,4),(2,2),(26.,27.),(0.,1.),
  .PIECEWISE_BEZIER_KNOTS.);
#11888 = CARTESIAN_POINT('',(-5.829013874471,-3.355,3.605701302133));
#11889 = CARTESIAN_POINT('',(-5.829013874471,-3.345,3.605701302133));
#11890 = CARTESIAN_POINT('',(-5.833833850093,-3.355,3.605701302133));
#11891 = CARTESIAN_POINT('',(-5.833833850093,-3.345,3.605701302133));
#11892 = CARTESIAN_POINT('',(-5.838653825715,-3.355,3.608111243976));
#11893 = CARTESIAN_POINT('',(-5.838653825715,-3.345,3.608111243976));
#11894 = CARTESIAN_POINT('',(-5.843473709403,-3.355,3.608111243976));
#11895 = CARTESIAN_POINT('',(-5.843473709403,-3.345,3.608111243976));
#11896 = ADVANCED_FACE('',(#11897),#11907,.F.);
#11897 = FACE_BOUND('',#11898,.F.);
#11898 = EDGE_LOOP('',(#11899,#11900,#11901,#11906));
#11899 = ORIENTED_EDGE('',*,*,#11882,.F.);
#11900 = ORIENTED_EDGE('',*,*,#11286,.T.);
#11901 = ORIENTED_EDGE('',*,*,#11902,.T.);
#11902 = EDGE_CURVE('',#11287,#1408,#11903,.T.);
#11903 = B_SPLINE_CURVE_WITH_KNOTS('',1,(#11904,#11905),.UNSPECIFIED.,
  .F.,.F.,(2,2),(0.,1.E-02),.PIECEWISE_BEZIER_KNOTS.);
#11904 = CARTESIAN_POINT('',(-5.918183009776,-3.355,3.533401943604));
#11905 = CARTESIAN_POINT('',(-5.918183009776,-3.345,3.533401943604));
#11906 = ORIENTED_EDGE('',*,*,#1416,.F.);
#11907 = B_SPLINE_SURFACE_WITH_KNOTS('',3,1,(
    (#11908,#11909)
    ,(#11910,#11911)
    ,(#11912,#11913)
    ,(#11914,#11915
    )),.UNSPECIFIED.,.F.,.F.,.F.,(4,4),(2,2),(27.,28.),(0.,1.),
  .PIECEWISE_BEZIER_KNOTS.);
#11908 = CARTESIAN_POINT('',(-5.843473709403,-3.355,3.608111243976));
#11909 = CARTESIAN_POINT('',(-5.843473709403,-3.345,3.608111243976));
#11910 = CARTESIAN_POINT('',(-5.88444336429,-3.355,3.608111243976));
#11911 = CARTESIAN_POINT('',(-5.88444336429,-3.345,3.608111243976));
#11912 = CARTESIAN_POINT('',(-5.918183009776,-3.355,3.574371506557));
#11913 = CARTESIAN_POINT('',(-5.918183009776,-3.345,3.574371506557));
#11914 = CARTESIAN_POINT('',(-5.918183009776,-3.355,3.533401943604));
#11915 = CARTESIAN_POINT('',(-5.918183009776,-3.345,3.533401943604));
#11916 = ADVANCED_FACE('',(#11917),#11927,.F.);
#11917 = FACE_BOUND('',#11918,.F.);
#11918 = EDGE_LOOP('',(#11919,#11920,#11921,#11926));
#11919 = ORIENTED_EDGE('',*,*,#11902,.F.);
#11920 = ORIENTED_EDGE('',*,*,#11295,.T.);
#11921 = ORIENTED_EDGE('',*,*,#11922,.T.);
#11922 = EDGE_CURVE('',#11296,#1401,#11923,.T.);
#11923 = B_SPLINE_CURVE_WITH_KNOTS('',1,(#11924,#11925),.UNSPECIFIED.,
  .F.,.F.,(2,2),(0.,1.E-02),.PIECEWISE_BEZIER_KNOTS.);
#11924 = CARTESIAN_POINT('',(-5.848293593092,-3.355,3.458692643229));
#11925 = CARTESIAN_POINT('',(-5.848293593092,-3.345,3.458692643229));
#11926 = ORIENTED_EDGE('',*,*,#1407,.F.);
#11927 = B_SPLINE_SURFACE_WITH_KNOTS('',3,1,(
    (#11928,#11929)
    ,(#11930,#11931)
    ,(#11932,#11933)
    ,(#11934,#11935
    )),.UNSPECIFIED.,.F.,.F.,.F.,(4,4),(2,2),(28.,29.),(0.,1.),
  .PIECEWISE_BEZIER_KNOTS.);
#11928 = CARTESIAN_POINT('',(-5.918183009776,-3.355,3.533401943604));
#11929 = CARTESIAN_POINT('',(-5.918183009776,-3.345,3.533401943604));
#11930 = CARTESIAN_POINT('',(-5.918183009776,-3.355,3.494842322495));
#11931 = CARTESIAN_POINT('',(-5.918183009776,-3.345,3.494842322495));
#11932 = CARTESIAN_POINT('',(-5.886853306134,-3.355,3.461102585073));
#11933 = CARTESIAN_POINT('',(-5.886853306134,-3.345,3.461102585073));
#11934 = CARTESIAN_POINT('',(-5.848293593092,-3.355,3.458692643229));
#11935 = CARTESIAN_POINT('',(-5.848293593092,-3.345,3.458692643229));
#11936 = ADVANCED_FACE('',(#11937),#11947,.F.);
#11937 = FACE_BOUND('',#11938,.T.);
#11938 = EDGE_LOOP('',(#11939,#11940,#11945,#11946));
#11939 = ORIENTED_EDGE('',*,*,#1400,.T.);
#11940 = ORIENTED_EDGE('',*,*,#11941,.F.);
#11941 = EDGE_CURVE('',#11305,#1392,#11942,.T.);
#11942 = B_SPLINE_CURVE_WITH_KNOTS('',1,(#11943,#11944),.UNSPECIFIED.,
  .F.,.F.,(2,2),(0.,1.E-02),.PIECEWISE_BEZIER_KNOTS.);
#11943 = CARTESIAN_POINT('',(-5.706104909811,-3.355,3.458692643229));
#11944 = CARTESIAN_POINT('',(-5.706104909811,-3.345,3.458692643229));
#11945 = ORIENTED_EDGE('',*,*,#11304,.F.);
#11946 = ORIENTED_EDGE('',*,*,#11922,.T.);
#11947 = B_SPLINE_SURFACE_WITH_KNOTS('',1,1,(
    (#11948,#11949)
    ,(#11950,#11951
    )),.UNSPECIFIED.,.F.,.F.,.F.,(2,2),(2,2),(-0.134958765813,
    7.229917466882E-03),(-4.440892098501E-16,1.E-02),
  .PIECEWISE_BEZIER_KNOTS.);
#11948 = CARTESIAN_POINT('',(-5.848293593092,-3.355,3.458692643229));
#11949 = CARTESIAN_POINT('',(-5.848293593092,-3.345,3.458692643229));
#11950 = CARTESIAN_POINT('',(-5.706104909811,-3.355,3.458692643229));
#11951 = CARTESIAN_POINT('',(-5.706104909811,-3.345,3.458692643229));
#11952 = ADVANCED_FACE('',(#11953),#11963,.F.);
#11953 = FACE_BOUND('',#11954,.F.);
#11954 = EDGE_LOOP('',(#11955,#11956,#11957,#11962));
#11955 = ORIENTED_EDGE('',*,*,#11941,.F.);
#11956 = ORIENTED_EDGE('',*,*,#11311,.T.);
#11957 = ORIENTED_EDGE('',*,*,#11958,.T.);
#11958 = EDGE_CURVE('',#11312,#1383,#11959,.T.);
#11959 = B_SPLINE_CURVE_WITH_KNOTS('',1,(#11960,#11961),.UNSPECIFIED.,
  .F.,.F.,(2,2),(0.,1.E-02),.PIECEWISE_BEZIER_KNOTS.);
#11960 = CARTESIAN_POINT('',(-5.486796892383,-3.355,3.567141681023));
#11961 = CARTESIAN_POINT('',(-5.486796892383,-3.345,3.567141681023));
#11962 = ORIENTED_EDGE('',*,*,#1391,.F.);
#11963 = B_SPLINE_SURFACE_WITH_KNOTS('',3,1,(
    (#11964,#11965)
    ,(#11966,#11967)
    ,(#11968,#11969)
    ,(#11970,#11971
    )),.UNSPECIFIED.,.F.,.F.,.F.,(4,4),(2,2),(33.,34.),(0.,1.),
  .PIECEWISE_BEZIER_KNOTS.);
#11964 = CARTESIAN_POINT('',(-5.706104909811,-3.355,3.458692643229));
#11965 = CARTESIAN_POINT('',(-5.706104909811,-3.345,3.458692643229));
#11966 = CARTESIAN_POINT('',(-5.621755658196,-3.355,3.465922560696));
#11967 = CARTESIAN_POINT('',(-5.621755658196,-3.345,3.465922560696));
#11968 = CARTESIAN_POINT('',(-5.544636324044,-3.355,3.504482273739));
#11969 = CARTESIAN_POINT('',(-5.544636324044,-3.345,3.504482273739));
#11970 = CARTESIAN_POINT('',(-5.486796892383,-3.355,3.567141681023));
#11971 = CARTESIAN_POINT('',(-5.486796892383,-3.345,3.567141681023));
#11972 = ADVANCED_FACE('',(#11973),#11979,.F.);
#11973 = FACE_BOUND('',#11974,.F.);
#11974 = EDGE_LOOP('',(#11975,#11976,#11977,#11978));
#11975 = ORIENTED_EDGE('',*,*,#11958,.F.);
#11976 = ORIENTED_EDGE('',*,*,#11320,.T.);
#11977 = ORIENTED_EDGE('',*,*,#11360,.T.);
#11978 = ORIENTED_EDGE('',*,*,#1382,.F.);
#11979 = B_SPLINE_SURFACE_WITH_KNOTS('',3,1,(
    (#11980,#11981)
    ,(#11982,#11983)
    ,(#11984,#11985)
    ,(#11986,#11987
    )),.UNSPECIFIED.,.F.,.F.,.F.,(4,4),(2,2),(34.,35.),(0.,1.),
  .PIECEWISE_BEZIER_KNOTS.);
#11980 = CARTESIAN_POINT('',(-5.486796892383,-3.355,3.567141681023));
#11981 = CARTESIAN_POINT('',(-5.486796892383,-3.345,3.567141681023));
#11982 = CARTESIAN_POINT('',(-5.428957368786,-3.355,3.629801088308));
#11983 = CARTESIAN_POINT('',(-5.428957368786,-3.345,3.629801088308));
#11984 = CARTESIAN_POINT('',(-5.397627665143,-3.355,3.711740398081));
#11985 = CARTESIAN_POINT('',(-5.397627665143,-3.345,3.711740398081));
#11986 = CARTESIAN_POINT('',(-5.397627665143,-3.355,3.796089649697));
#11987 = CARTESIAN_POINT('',(-5.397627665143,-3.345,3.796089649697));
#11988 = ADVANCED_FACE('',(#11989),#12016,.T.);
#11989 = FACE_BOUND('',#11990,.T.);
#11990 = EDGE_LOOP('',(#11991,#12005,#12010,#12011));
#11991 = ORIENTED_EDGE('',*,*,#11992,.F.);
#11992 = EDGE_CURVE('',#11993,#11995,#11997,.T.);
#11993 = VERTEX_POINT('',#11994);
#11994 = CARTESIAN_POINT('',(-6.4146386142,-3.345,3.444232624431));
#11995 = VERTEX_POINT('',#11996);
#11996 = CARTESIAN_POINT('',(-6.4146386142,-3.345,3.632211030152));
#11997 = B_SPLINE_CURVE_WITH_KNOTS('',3,(#11998,#11999,#12000,#12001,
    #12002,#12003,#12004),.UNSPECIFIED.,.F.,.F.,(4,3,4),(0.,1.,2.),
  .PIECEWISE_BEZIER_KNOTS.);
#11998 = CARTESIAN_POINT('',(-6.4146386142,-3.345,3.444232624431));
#11999 = CARTESIAN_POINT('',(-6.361619112193,-3.345,3.444232624431));
#12000 = CARTESIAN_POINT('',(-6.320649457307,-3.345,3.487612313094));
#12001 = CARTESIAN_POINT('',(-6.320649457307,-3.345,3.538221827291));
#12002 = CARTESIAN_POINT('',(-6.320649457307,-3.345,3.591241375265));
#12003 = CARTESIAN_POINT('',(-6.364029054037,-3.345,3.632211030152));
#12004 = CARTESIAN_POINT('',(-6.4146386142,-3.345,3.632211030152));
#12005 = ORIENTED_EDGE('',*,*,#12006,.F.);
#12006 = EDGE_CURVE('',#11330,#11993,#12007,.T.);
#12007 = B_SPLINE_CURVE_WITH_KNOTS('',1,(#12008,#12009),.UNSPECIFIED.,
  .F.,.F.,(2,2),(0.,1.E-02),.PIECEWISE_BEZIER_KNOTS.);
#12008 = CARTESIAN_POINT('',(-6.4146386142,-3.355,3.444232624431));
#12009 = CARTESIAN_POINT('',(-6.4146386142,-3.345,3.444232624431));
#12010 = ORIENTED_EDGE('',*,*,#11329,.T.);
#12011 = ORIENTED_EDGE('',*,*,#12012,.T.);
#12012 = EDGE_CURVE('',#11332,#11995,#12013,.T.);
#12013 = B_SPLINE_CURVE_WITH_KNOTS('',1,(#12014,#12015),.UNSPECIFIED.,
  .F.,.F.,(2,2),(0.,1.E-02),.PIECEWISE_BEZIER_KNOTS.);
#12014 = CARTESIAN_POINT('',(-6.4146386142,-3.355,3.632211030152));
#12015 = CARTESIAN_POINT('',(-6.4146386142,-3.345,3.632211030152));
#12016 = B_SPLINE_SURFACE_WITH_KNOTS('',3,1,(
    (#12017,#12018)
    ,(#12019,#12020)
    ,(#12021,#12022)
    ,(#12023,#12024)
    ,(#12025,#12026)
    ,(#12027,#12028)
    ,(#12029,#12030
  )),.UNSPECIFIED.,.F.,.F.,.F.,(4,3,4),(2,2),(0.,1.,2.),(0.,1.),
  .PIECEWISE_BEZIER_KNOTS.);
#12017 = CARTESIAN_POINT('',(-6.4146386142,-3.355,3.444232624431));
#12018 = CARTESIAN_POINT('',(-6.4146386142,-3.345,3.444232624431));
#12019 = CARTESIAN_POINT('',(-6.361619112193,-3.355,3.444232624431));
#12020 = CARTESIAN_POINT('',(-6.361619112193,-3.345,3.444232624431));
#12021 = CARTESIAN_POINT('',(-6.320649457307,-3.355,3.487612313094));
#12022 = CARTESIAN_POINT('',(-6.320649457307,-3.345,3.487612313094));
#12023 = CARTESIAN_POINT('',(-6.320649457307,-3.355,3.538221827291));
#12024 = CARTESIAN_POINT('',(-6.320649457307,-3.345,3.538221827291));
#12025 = CARTESIAN_POINT('',(-6.320649457307,-3.355,3.591241375265));
#12026 = CARTESIAN_POINT('',(-6.320649457307,-3.345,3.591241375265));
#12027 = CARTESIAN_POINT('',(-6.364029054037,-3.355,3.632211030152));
#12028 = CARTESIAN_POINT('',(-6.364029054037,-3.345,3.632211030152));
#12029 = CARTESIAN_POINT('',(-6.4146386142,-3.355,3.632211030152));
#12030 = CARTESIAN_POINT('',(-6.4146386142,-3.345,3.632211030152));
#12031 = ADVANCED_FACE('',(#12032),#12046,.T.);
#12032 = FACE_BOUND('',#12033,.T.);
#12033 = EDGE_LOOP('',(#12034,#12043,#12044,#12045));
#12034 = ORIENTED_EDGE('',*,*,#12035,.F.);
#12035 = EDGE_CURVE('',#11995,#11993,#12036,.T.);
#12036 = B_SPLINE_CURVE_WITH_KNOTS('',3,(#12037,#12038,#12039,#12040,
    #12041,#12042),.UNSPECIFIED.,.F.,.F.,(4,2,4),(2.,3.,4.),
  .UNSPECIFIED.);
#12037 = CARTESIAN_POINT('',(-6.4146386142,-3.345,3.632211030152));
#12038 = CARTESIAN_POINT('',(-6.465248174363,-3.345,3.632211030152));
#12039 = CARTESIAN_POINT('',(-6.508627771094,-3.345,3.591241375265));
#12040 = CARTESIAN_POINT('',(-6.508627771094,-3.345,3.485202279317));
#12041 = CARTESIAN_POINT('',(-6.465248174363,-3.345,3.444232624431));
#12042 = CARTESIAN_POINT('',(-6.4146386142,-3.345,3.444232624431));
#12043 = ORIENTED_EDGE('',*,*,#12012,.F.);
#12044 = ORIENTED_EDGE('',*,*,#11343,.T.);
#12045 = ORIENTED_EDGE('',*,*,#12006,.T.);
#12046 = B_SPLINE_SURFACE_WITH_KNOTS('',3,1,(
    (#12047,#12048)
    ,(#12049,#12050)
    ,(#12051,#12052)
    ,(#12053,#12054)
    ,(#12055,#12056)
    ,(#12057,#12058
  )),.UNSPECIFIED.,.F.,.F.,.F.,(4,2,4),(2,2),(2.,3.,4.),(0.,1.),
  .UNSPECIFIED.);
#12047 = CARTESIAN_POINT('',(-6.4146386142,-3.355,3.632211030152));
#12048 = CARTESIAN_POINT('',(-6.4146386142,-3.345,3.632211030152));
#12049 = CARTESIAN_POINT('',(-6.465248174363,-3.355,3.632211030152));
#12050 = CARTESIAN_POINT('',(-6.465248174363,-3.345,3.632211030152));
#12051 = CARTESIAN_POINT('',(-6.508627771094,-3.355,3.591241375265));
#12052 = CARTESIAN_POINT('',(-6.508627771094,-3.345,3.591241375265));
#12053 = CARTESIAN_POINT('',(-6.508627771094,-3.355,3.485202279317));
#12054 = CARTESIAN_POINT('',(-6.508627771094,-3.345,3.485202279317));
#12055 = CARTESIAN_POINT('',(-6.465248174363,-3.355,3.444232624431));
#12056 = CARTESIAN_POINT('',(-6.465248174363,-3.345,3.444232624431));
#12057 = CARTESIAN_POINT('',(-6.4146386142,-3.355,3.444232624431));
#12058 = CARTESIAN_POINT('',(-6.4146386142,-3.345,3.444232624431));
#12059 = ADVANCED_FACE('',(#12060),#12064,.F.);
#12060 = FACE_BOUND('',#12061,.T.);
#12061 = EDGE_LOOP('',(#12062,#12063));
#12062 = ORIENTED_EDGE('',*,*,#12035,.T.);
#12063 = ORIENTED_EDGE('',*,*,#11992,.T.);
#12064 = B_SPLINE_SURFACE_WITH_KNOTS('',1,1,(
    (#12065,#12066)
    ,(#12067,#12068
    )),.UNSPECIFIED.,.F.,.F.,.F.,(2,2),(2,2),(-6.755767475569,
    -6.567789069848),(0.991372228906,1.179350542693),
  .PIECEWISE_BEZIER_KNOTS.);
#12065 = CARTESIAN_POINT('',(-6.508627771094,-3.345,3.444232624431));
#12066 = CARTESIAN_POINT('',(-6.320649457307,-3.345,3.444232624431));
#12067 = CARTESIAN_POINT('',(-6.508627771094,-3.345,3.632211030152));
#12068 = CARTESIAN_POINT('',(-6.320649457307,-3.345,3.632211030152));
#12069 = ( GEOMETRIC_REPRESENTATION_CONTEXT(3) 
GLOBAL_UNCERTAINTY_ASSIGNED_CONTEXT((#12073)) 
GLOBAL_UNIT_ASSIGNED_CONTEXT((#12070,#12071,#12072)) 
REPRESENTATION_CONTEXT('Context #1',
  '3D Context with UNIT and UNCERTAINTY') );
#12070 = ( LENGTH_UNIT() NAMED_UNIT(*) SI_UNIT(.MILLI.,.METRE.) );
#12071 = ( NAMED_UNIT(*) PLANE_ANGLE_UNIT() SI_UNIT($,.RADIAN.) );
#12072 = ( NAMED_UNIT(*) SI_UNIT($,.STERADIAN.) SOLID_ANGLE_UNIT() );
#12073 = UNCERTAINTY_MEASURE_WITH_UNIT(LENGTH_MEASURE(1.E-07),#12070,
  'distance_accuracy_value','confusion accuracy');
#12074 = PRODUCT_RELATED_PRODUCT_CATEGORY('part',$,(#7));
#12075 = MECHANICAL_DESIGN_GEOMETRIC_PRESENTATION_REPRESENTATION('',(
    #12076,#12086,#12094,#12101,#12108,#12115,#12122,#12129,#12137,
    #12144,#12151,#12158,#12165,#12172,#12179,#12186,#12193,#12200,
    #12207,#12214,#12221,#12228,#12235,#12242,#12249,#12256,#12263,
    #12270,#12277,#12284,#12291,#12298,#12305,#12312,#12319,#12326,
    #12333,#12340,#12347,#12354,#12361,#12368,#12375,#12382,#12389,
    #12396,#12403,#12410,#12417,#12424,#12431,#12438,#12445,#12452,
    #12459,#12466,#12473,#12480,#12487,#12494,#12501,#12508,#12515,
    #12522,#12529,#12536,#12543,#12550,#12557,#12564,#12571,#12578,
    #12585,#12592,#12599,#12606,#12613,#12620,#12627,#12634,#12641,
    #12648,#12655,#12662,#12669,#12676,#12683,#12690,#12697,#12704,
    #12711,#12718,#12725,#12732,#12739,#12746,#12753,#12760,#12767,
    #12774,#12781,#12788,#12795,#12802,#12809,#12816,#12823,#12830,
    #12837,#12844,#12851,#12858,#12865,#12872,#12879,#12886,#12893,
    #12900,#12907,#12914,#12921,#12928,#12935,#12942,#12949,#12956,
    #12963,#12970,#12977,#12984,#12991,#12998,#13005,#13012,#13019,
    #13026,#13033,#13040,#13047,#13054,#13061,#13068,#13075,#13082,
    #13089,#13096,#13103,#13110,#13117,#13124,#13131,#13138,#13145,
    #13152,#13159,#13166,#13173,#13180,#13187,#13194,#13201,#13208,
    #13215,#13222,#13229,#13236,#13243,#13250,#13257,#13264,#13271,
    #13278,#13285,#13292,#13299,#13306,#13313,#13320,#13327,#13334,
    #13341,#13348,#13355,#13362,#13369,#13376,#13383,#13390,#13397,
    #13404,#13411,#13418,#13425,#13432,#13439,#13446,#13453,#13460,
    #13467,#13474,#13481,#13488,#13495,#13502,#13509,#13516,#13523,
    #13530,#13537,#13544,#13551,#13558,#13565,#13572,#13579,#13586,
    #13593,#13600,#13607,#13614,#13621,#13628,#13635,#13642,#13649,
    #13656,#13663,#13670,#13677,#13684,#13691,#13698,#13705,#13712,
    #13719,#13726,#13733,#13740,#13747,#13754,#13761,#13768,#13775,
    #13782,#13789,#13796,#13803,#13810,#13817,#13824,#13831,#13838,
    #13845,#13852,#13859,#13866,#13873,#13880,#13887,#13894,#13901,
    #13908,#13915,#13922,#13929,#13936,#13943,#13950,#13957,#13964,
    #13971,#13978,#13985,#13992,#13999,#14006,#14013,#14020,#14027,
    #14034,#14041,#14048,#14055,#14062,#14069,#14076,#14083,#14090,
    #14097,#14104,#14111,#14118,#14125,#14132,#14139,#14146,#14153,
    #14160,#14167,#14174,#14181,#14188,#14195,#14202,#14209,#14216,
    #14223,#14230,#14237,#14244,#14251,#14258,#14265,#14272,#14279,
    #14286,#14293,#14300,#14307,#14314,#14321,#14328,#14335,#14342,
    #14349,#14356,#14363,#14370,#14377,#14384,#14391,#14398,#14405,
    #14412,#14419,#14426,#14433,#14440,#14447,#14454,#14461,#14468,
    #14475,#14482,#14489,#14496,#14503,#14510,#14517,#14524,#14531,
    #14538,#14545,#14552,#14559,#14566,#14573,#14580,#14587,#14594,
    #14601,#14608,#14615,#14622,#14629,#14636,#14643,#14650,#14657,
    #14664,#14671,#14678,#14685,#14692,#14699,#14706,#14713,#14720,
    #14727,#14734,#14741,#14748,#14755,#14762,#14769,#14776,#14783,
    #14790,#14797,#14804,#14811,#14818,#14825,#14832,#14839),#12069);
#12076 = STYLED_ITEM('color',(#12077),#15);
#12077 = PRESENTATION_STYLE_ASSIGNMENT((#12078,#12084));
#12078 = SURFACE_STYLE_USAGE(.BOTH.,#12079);
#12079 = SURFACE_SIDE_STYLE('',(#12080));
#12080 = SURFACE_STYLE_FILL_AREA(#12081);
#12081 = FILL_AREA_STYLE('',(#12082));
#12082 = FILL_AREA_STYLE_COLOUR('',#12083);
#12083 = DRAUGHTING_PRE_DEFINED_COLOUR('white');
#12084 = CURVE_STYLE('',#12085,POSITIVE_LENGTH_MEASURE(0.1),#12083);
#12085 = DRAUGHTING_PRE_DEFINED_CURVE_FONT('continuous');
#12086 = OVER_RIDING_STYLED_ITEM('overriding color',(#12087),#17,#12076
  );
#12087 = PRESENTATION_STYLE_ASSIGNMENT((#12088));
#12088 = SURFACE_STYLE_USAGE(.BOTH.,#12089);
#12089 = SURFACE_SIDE_STYLE('',(#12090));
#12090 = SURFACE_STYLE_FILL_AREA(#12091);
#12091 = FILL_AREA_STYLE('',(#12092));
#12092 = FILL_AREA_STYLE_COLOUR('',#12093);
#12093 = COLOUR_RGB('',0.666666664908,0.698039211323,0.768627468855);
#12094 = OVER_RIDING_STYLED_ITEM('overriding color',(#12095),#57,#12076
  );
#12095 = PRESENTATION_STYLE_ASSIGNMENT((#12096));
#12096 = SURFACE_STYLE_USAGE(.BOTH.,#12097);
#12097 = SURFACE_SIDE_STYLE('',(#12098));
#12098 = SURFACE_STYLE_FILL_AREA(#12099);
#12099 = FILL_AREA_STYLE('',(#12100));
#12100 = FILL_AREA_STYLE_COLOUR('',#12093);
#12101 = OVER_RIDING_STYLED_ITEM('overriding color',(#12102),#97,#12076
  );
#12102 = PRESENTATION_STYLE_ASSIGNMENT((#12103));
#12103 = SURFACE_STYLE_USAGE(.BOTH.,#12104);
#12104 = SURFACE_SIDE_STYLE('',(#12105));
#12105 = SURFACE_STYLE_FILL_AREA(#12106);
#12106 = FILL_AREA_STYLE('',(#12107));
#12107 = FILL_AREA_STYLE_COLOUR('',#12093);
#12108 = OVER_RIDING_STYLED_ITEM('overriding color',(#12109),#137,#12076
  );
#12109 = PRESENTATION_STYLE_ASSIGNMENT((#12110));
#12110 = SURFACE_STYLE_USAGE(.BOTH.,#12111);
#12111 = SURFACE_SIDE_STYLE('',(#12112));
#12112 = SURFACE_STYLE_FILL_AREA(#12113);
#12113 = FILL_AREA_STYLE('',(#12114));
#12114 = FILL_AREA_STYLE_COLOUR('',#12093);
#12115 = OVER_RIDING_STYLED_ITEM('overriding color',(#12116),#177,#12076
  );
#12116 = PRESENTATION_STYLE_ASSIGNMENT((#12117));
#12117 = SURFACE_STYLE_USAGE(.BOTH.,#12118);
#12118 = SURFACE_SIDE_STYLE('',(#12119));
#12119 = SURFACE_STYLE_FILL_AREA(#12120);
#12120 = FILL_AREA_STYLE('',(#12121));
#12121 = FILL_AREA_STYLE_COLOUR('',#12093);
#12122 = OVER_RIDING_STYLED_ITEM('overriding color',(#12123),#217,#12076
  );
#12123 = PRESENTATION_STYLE_ASSIGNMENT((#12124));
#12124 = SURFACE_STYLE_USAGE(.BOTH.,#12125);
#12125 = SURFACE_SIDE_STYLE('',(#12126));
#12126 = SURFACE_STYLE_FILL_AREA(#12127);
#12127 = FILL_AREA_STYLE('',(#12128));
#12128 = FILL_AREA_STYLE_COLOUR('',#12093);
#12129 = OVER_RIDING_STYLED_ITEM('overriding color',(#12130),#257,#12076
  );
#12130 = PRESENTATION_STYLE_ASSIGNMENT((#12131));
#12131 = SURFACE_STYLE_USAGE(.BOTH.,#12132);
#12132 = SURFACE_SIDE_STYLE('',(#12133));
#12133 = SURFACE_STYLE_FILL_AREA(#12134);
#12134 = FILL_AREA_STYLE('',(#12135));
#12135 = FILL_AREA_STYLE_COLOUR('',#12136);
#12136 = COLOUR_RGB('',0.223529416636,0.223529416636,0.223529416636);
#12137 = OVER_RIDING_STYLED_ITEM('overriding color',(#12138),#1662,
  #12076);
#12138 = PRESENTATION_STYLE_ASSIGNMENT((#12139));
#12139 = SURFACE_STYLE_USAGE(.BOTH.,#12140);
#12140 = SURFACE_SIDE_STYLE('',(#12141));
#12141 = SURFACE_STYLE_FILL_AREA(#12142);
#12142 = FILL_AREA_STYLE('',(#12143));
#12143 = FILL_AREA_STYLE_COLOUR('',#12136);
#12144 = OVER_RIDING_STYLED_ITEM('overriding color',(#12145),#1842,
  #12076);
#12145 = PRESENTATION_STYLE_ASSIGNMENT((#12146));
#12146 = SURFACE_STYLE_USAGE(.BOTH.,#12147);
#12147 = SURFACE_SIDE_STYLE('',(#12148));
#12148 = SURFACE_STYLE_FILL_AREA(#12149);
#12149 = FILL_AREA_STYLE('',(#12150));
#12150 = FILL_AREA_STYLE_COLOUR('',#12093);
#12151 = OVER_RIDING_STYLED_ITEM('overriding color',(#12152),#1894,
  #12076);
#12152 = PRESENTATION_STYLE_ASSIGNMENT((#12153));
#12153 = SURFACE_STYLE_USAGE(.BOTH.,#12154);
#12154 = SURFACE_SIDE_STYLE('',(#12155));
#12155 = SURFACE_STYLE_FILL_AREA(#12156);
#12156 = FILL_AREA_STYLE('',(#12157));
#12157 = FILL_AREA_STYLE_COLOUR('',#12093);
#12158 = OVER_RIDING_STYLED_ITEM('overriding color',(#12159),#2050,
  #12076);
#12159 = PRESENTATION_STYLE_ASSIGNMENT((#12160));
#12160 = SURFACE_STYLE_USAGE(.BOTH.,#12161);
#12161 = SURFACE_SIDE_STYLE('',(#12162));
#12162 = SURFACE_STYLE_FILL_AREA(#12163);
#12163 = FILL_AREA_STYLE('',(#12164));
#12164 = FILL_AREA_STYLE_COLOUR('',#12093);
#12165 = OVER_RIDING_STYLED_ITEM('overriding color',(#12166),#2081,
  #12076);
#12166 = PRESENTATION_STYLE_ASSIGNMENT((#12167));
#12167 = SURFACE_STYLE_USAGE(.BOTH.,#12168);
#12168 = SURFACE_SIDE_STYLE('',(#12169));
#12169 = SURFACE_STYLE_FILL_AREA(#12170);
#12170 = FILL_AREA_STYLE('',(#12171));
#12171 = FILL_AREA_STYLE_COLOUR('',#12093);
#12172 = OVER_RIDING_STYLED_ITEM('overriding color',(#12173),#2117,
  #12076);
#12173 = PRESENTATION_STYLE_ASSIGNMENT((#12174));
#12174 = SURFACE_STYLE_USAGE(.BOTH.,#12175);
#12175 = SURFACE_SIDE_STYLE('',(#12176));
#12176 = SURFACE_STYLE_FILL_AREA(#12177);
#12177 = FILL_AREA_STYLE('',(#12178));
#12178 = FILL_AREA_STYLE_COLOUR('',#12093);
#12179 = OVER_RIDING_STYLED_ITEM('overriding color',(#12180),#2175,
  #12076);
#12180 = PRESENTATION_STYLE_ASSIGNMENT((#12181));
#12181 = SURFACE_STYLE_USAGE(.BOTH.,#12182);
#12182 = SURFACE_SIDE_STYLE('',(#12183));
#12183 = SURFACE_STYLE_FILL_AREA(#12184);
#12184 = FILL_AREA_STYLE('',(#12185));
#12185 = FILL_AREA_STYLE_COLOUR('',#12093);
#12186 = OVER_RIDING_STYLED_ITEM('overriding color',(#12187),#2209,
  #12076);
#12187 = PRESENTATION_STYLE_ASSIGNMENT((#12188));
#12188 = SURFACE_STYLE_USAGE(.BOTH.,#12189);
#12189 = SURFACE_SIDE_STYLE('',(#12190));
#12190 = SURFACE_STYLE_FILL_AREA(#12191);
#12191 = FILL_AREA_STYLE('',(#12192));
#12192 = FILL_AREA_STYLE_COLOUR('',#12093);
#12193 = OVER_RIDING_STYLED_ITEM('overriding color',(#12194),#2234,
  #12076);
#12194 = PRESENTATION_STYLE_ASSIGNMENT((#12195));
#12195 = SURFACE_STYLE_USAGE(.BOTH.,#12196);
#12196 = SURFACE_SIDE_STYLE('',(#12197));
#12197 = SURFACE_STYLE_FILL_AREA(#12198);
#12198 = FILL_AREA_STYLE('',(#12199));
#12199 = FILL_AREA_STYLE_COLOUR('',#12136);
#12200 = OVER_RIDING_STYLED_ITEM('overriding color',(#12201),#2290,
  #12076);
#12201 = PRESENTATION_STYLE_ASSIGNMENT((#12202));
#12202 = SURFACE_STYLE_USAGE(.BOTH.,#12203);
#12203 = SURFACE_SIDE_STYLE('',(#12204));
#12204 = SURFACE_STYLE_FILL_AREA(#12205);
#12205 = FILL_AREA_STYLE('',(#12206));
#12206 = FILL_AREA_STYLE_COLOUR('',#12136);
#12207 = OVER_RIDING_STYLED_ITEM('overriding color',(#12208),#2338,
  #12076);
#12208 = PRESENTATION_STYLE_ASSIGNMENT((#12209));
#12209 = SURFACE_STYLE_USAGE(.BOTH.,#12210);
#12210 = SURFACE_SIDE_STYLE('',(#12211));
#12211 = SURFACE_STYLE_FILL_AREA(#12212);
#12212 = FILL_AREA_STYLE('',(#12213));
#12213 = FILL_AREA_STYLE_COLOUR('',#12136);
#12214 = OVER_RIDING_STYLED_ITEM('overriding color',(#12215),#2496,
  #12076);
#12215 = PRESENTATION_STYLE_ASSIGNMENT((#12216));
#12216 = SURFACE_STYLE_USAGE(.BOTH.,#12217);
#12217 = SURFACE_SIDE_STYLE('',(#12218));
#12218 = SURFACE_STYLE_FILL_AREA(#12219);
#12219 = FILL_AREA_STYLE('',(#12220));
#12220 = FILL_AREA_STYLE_COLOUR('',#12093);
#12221 = OVER_RIDING_STYLED_ITEM('overriding color',(#12222),#2548,
  #12076);
#12222 = PRESENTATION_STYLE_ASSIGNMENT((#12223));
#12223 = SURFACE_STYLE_USAGE(.BOTH.,#12224);
#12224 = SURFACE_SIDE_STYLE('',(#12225));
#12225 = SURFACE_STYLE_FILL_AREA(#12226);
#12226 = FILL_AREA_STYLE('',(#12227));
#12227 = FILL_AREA_STYLE_COLOUR('',#12093);
#12228 = OVER_RIDING_STYLED_ITEM('overriding color',(#12229),#2570,
  #12076);
#12229 = PRESENTATION_STYLE_ASSIGNMENT((#12230));
#12230 = SURFACE_STYLE_USAGE(.BOTH.,#12231);
#12231 = SURFACE_SIDE_STYLE('',(#12232));
#12232 = SURFACE_STYLE_FILL_AREA(#12233);
#12233 = FILL_AREA_STYLE('',(#12234));
#12234 = FILL_AREA_STYLE_COLOUR('',#12093);
#12235 = OVER_RIDING_STYLED_ITEM('overriding color',(#12236),#2600,
  #12076);
#12236 = PRESENTATION_STYLE_ASSIGNMENT((#12237));
#12237 = SURFACE_STYLE_USAGE(.BOTH.,#12238);
#12238 = SURFACE_SIDE_STYLE('',(#12239));
#12239 = SURFACE_STYLE_FILL_AREA(#12240);
#12240 = FILL_AREA_STYLE('',(#12241));
#12241 = FILL_AREA_STYLE_COLOUR('',#12093);
#12242 = OVER_RIDING_STYLED_ITEM('overriding color',(#12243),#2652,
  #12076);
#12243 = PRESENTATION_STYLE_ASSIGNMENT((#12244));
#12244 = SURFACE_STYLE_USAGE(.BOTH.,#12245);
#12245 = SURFACE_SIDE_STYLE('',(#12246));
#12246 = SURFACE_STYLE_FILL_AREA(#12247);
#12247 = FILL_AREA_STYLE('',(#12248));
#12248 = FILL_AREA_STYLE_COLOUR('',#12093);
#12249 = OVER_RIDING_STYLED_ITEM('overriding color',(#12250),#2680,
  #12076);
#12250 = PRESENTATION_STYLE_ASSIGNMENT((#12251));
#12251 = SURFACE_STYLE_USAGE(.BOTH.,#12252);
#12252 = SURFACE_SIDE_STYLE('',(#12253));
#12253 = SURFACE_STYLE_FILL_AREA(#12254);
#12254 = FILL_AREA_STYLE('',(#12255));
#12255 = FILL_AREA_STYLE_COLOUR('',#12093);
#12256 = OVER_RIDING_STYLED_ITEM('overriding color',(#12257),#2698,
  #12076);
#12257 = PRESENTATION_STYLE_ASSIGNMENT((#12258));
#12258 = SURFACE_STYLE_USAGE(.BOTH.,#12259);
#12259 = SURFACE_SIDE_STYLE('',(#12260));
#12260 = SURFACE_STYLE_FILL_AREA(#12261);
#12261 = FILL_AREA_STYLE('',(#12262));
#12262 = FILL_AREA_STYLE_COLOUR('',#12136);
#12263 = OVER_RIDING_STYLED_ITEM('overriding color',(#12264),#2720,
  #12076);
#12264 = PRESENTATION_STYLE_ASSIGNMENT((#12265));
#12265 = SURFACE_STYLE_USAGE(.BOTH.,#12266);
#12266 = SURFACE_SIDE_STYLE('',(#12267));
#12267 = SURFACE_STYLE_FILL_AREA(#12268);
#12268 = FILL_AREA_STYLE('',(#12269));
#12269 = FILL_AREA_STYLE_COLOUR('',#12093);
#12270 = OVER_RIDING_STYLED_ITEM('overriding color',(#12271),#2770,
  #12076);
#12271 = PRESENTATION_STYLE_ASSIGNMENT((#12272));
#12272 = SURFACE_STYLE_USAGE(.BOTH.,#12273);
#12273 = SURFACE_SIDE_STYLE('',(#12274));
#12274 = SURFACE_STYLE_FILL_AREA(#12275);
#12275 = FILL_AREA_STYLE('',(#12276));
#12276 = FILL_AREA_STYLE_COLOUR('',#12093);
#12277 = OVER_RIDING_STYLED_ITEM('overriding color',(#12278),#2926,
  #12076);
#12278 = PRESENTATION_STYLE_ASSIGNMENT((#12279));
#12279 = SURFACE_STYLE_USAGE(.BOTH.,#12280);
#12280 = SURFACE_SIDE_STYLE('',(#12281));
#12281 = SURFACE_STYLE_FILL_AREA(#12282);
#12282 = FILL_AREA_STYLE('',(#12283));
#12283 = FILL_AREA_STYLE_COLOUR('',#12093);
#12284 = OVER_RIDING_STYLED_ITEM('overriding color',(#12285),#2951,
  #12076);
#12285 = PRESENTATION_STYLE_ASSIGNMENT((#12286));
#12286 = SURFACE_STYLE_USAGE(.BOTH.,#12287);
#12287 = SURFACE_SIDE_STYLE('',(#12288));
#12288 = SURFACE_STYLE_FILL_AREA(#12289);
#12289 = FILL_AREA_STYLE('',(#12290));
#12290 = FILL_AREA_STYLE_COLOUR('',#12093);
#12291 = OVER_RIDING_STYLED_ITEM('overriding color',(#12292),#2987,
  #12076);
#12292 = PRESENTATION_STYLE_ASSIGNMENT((#12293));
#12293 = SURFACE_STYLE_USAGE(.BOTH.,#12294);
#12294 = SURFACE_SIDE_STYLE('',(#12295));
#12295 = SURFACE_STYLE_FILL_AREA(#12296);
#12296 = FILL_AREA_STYLE('',(#12297));
#12297 = FILL_AREA_STYLE_COLOUR('',#12093);
#12298 = OVER_RIDING_STYLED_ITEM('overriding color',(#12299),#3045,
  #12076);
#12299 = PRESENTATION_STYLE_ASSIGNMENT((#12300));
#12300 = SURFACE_STYLE_USAGE(.BOTH.,#12301);
#12301 = SURFACE_SIDE_STYLE('',(#12302));
#12302 = SURFACE_STYLE_FILL_AREA(#12303);
#12303 = FILL_AREA_STYLE('',(#12304));
#12304 = FILL_AREA_STYLE_COLOUR('',#12093);
#12305 = OVER_RIDING_STYLED_ITEM('overriding color',(#12306),#3079,
  #12076);
#12306 = PRESENTATION_STYLE_ASSIGNMENT((#12307));
#12307 = SURFACE_STYLE_USAGE(.BOTH.,#12308);
#12308 = SURFACE_SIDE_STYLE('',(#12309));
#12309 = SURFACE_STYLE_FILL_AREA(#12310);
#12310 = FILL_AREA_STYLE('',(#12311));
#12311 = FILL_AREA_STYLE_COLOUR('',#12093);
#12312 = OVER_RIDING_STYLED_ITEM('overriding color',(#12313),#3098,
  #12076);
#12313 = PRESENTATION_STYLE_ASSIGNMENT((#12314));
#12314 = SURFACE_STYLE_USAGE(.BOTH.,#12315);
#12315 = SURFACE_SIDE_STYLE('',(#12316));
#12316 = SURFACE_STYLE_FILL_AREA(#12317);
#12317 = FILL_AREA_STYLE('',(#12318));
#12318 = FILL_AREA_STYLE_COLOUR('',#12136);
#12319 = OVER_RIDING_STYLED_ITEM('overriding color',(#12320),#3154,
  #12076);
#12320 = PRESENTATION_STYLE_ASSIGNMENT((#12321));
#12321 = SURFACE_STYLE_USAGE(.BOTH.,#12322);
#12322 = SURFACE_SIDE_STYLE('',(#12323));
#12323 = SURFACE_STYLE_FILL_AREA(#12324);
#12324 = FILL_AREA_STYLE('',(#12325));
#12325 = FILL_AREA_STYLE_COLOUR('',#12136);
#12326 = OVER_RIDING_STYLED_ITEM('overriding color',(#12327),#3202,
  #12076);
#12327 = PRESENTATION_STYLE_ASSIGNMENT((#12328));
#12328 = SURFACE_STYLE_USAGE(.BOTH.,#12329);
#12329 = SURFACE_SIDE_STYLE('',(#12330));
#12330 = SURFACE_STYLE_FILL_AREA(#12331);
#12331 = FILL_AREA_STYLE('',(#12332));
#12332 = FILL_AREA_STYLE_COLOUR('',#12136);
#12333 = OVER_RIDING_STYLED_ITEM('overriding color',(#12334),#3360,
  #12076);
#12334 = PRESENTATION_STYLE_ASSIGNMENT((#12335));
#12335 = SURFACE_STYLE_USAGE(.BOTH.,#12336);
#12336 = SURFACE_SIDE_STYLE('',(#12337));
#12337 = SURFACE_STYLE_FILL_AREA(#12338);
#12338 = FILL_AREA_STYLE('',(#12339));
#12339 = FILL_AREA_STYLE_COLOUR('',#12093);
#12340 = OVER_RIDING_STYLED_ITEM('overriding color',(#12341),#3410,
  #12076);
#12341 = PRESENTATION_STYLE_ASSIGNMENT((#12342));
#12342 = SURFACE_STYLE_USAGE(.BOTH.,#12343);
#12343 = SURFACE_SIDE_STYLE('',(#12344));
#12344 = SURFACE_STYLE_FILL_AREA(#12345);
#12345 = FILL_AREA_STYLE('',(#12346));
#12346 = FILL_AREA_STYLE_COLOUR('',#12093);
#12347 = OVER_RIDING_STYLED_ITEM('overriding color',(#12348),#3428,
  #12076);
#12348 = PRESENTATION_STYLE_ASSIGNMENT((#12349));
#12349 = SURFACE_STYLE_USAGE(.BOTH.,#12350);
#12350 = SURFACE_SIDE_STYLE('',(#12351));
#12351 = SURFACE_STYLE_FILL_AREA(#12352);
#12352 = FILL_AREA_STYLE('',(#12353));
#12353 = FILL_AREA_STYLE_COLOUR('',#12093);
#12354 = OVER_RIDING_STYLED_ITEM('overriding color',(#12355),#3458,
  #12076);
#12355 = PRESENTATION_STYLE_ASSIGNMENT((#12356));
#12356 = SURFACE_STYLE_USAGE(.BOTH.,#12357);
#12357 = SURFACE_SIDE_STYLE('',(#12358));
#12358 = SURFACE_STYLE_FILL_AREA(#12359);
#12359 = FILL_AREA_STYLE('',(#12360));
#12360 = FILL_AREA_STYLE_COLOUR('',#12093);
#12361 = OVER_RIDING_STYLED_ITEM('overriding color',(#12362),#3510,
  #12076);
#12362 = PRESENTATION_STYLE_ASSIGNMENT((#12363));
#12363 = SURFACE_STYLE_USAGE(.BOTH.,#12364);
#12364 = SURFACE_SIDE_STYLE('',(#12365));
#12365 = SURFACE_STYLE_FILL_AREA(#12366);
#12366 = FILL_AREA_STYLE('',(#12367));
#12367 = FILL_AREA_STYLE_COLOUR('',#12093);
#12368 = OVER_RIDING_STYLED_ITEM('overriding color',(#12369),#3538,
  #12076);
#12369 = PRESENTATION_STYLE_ASSIGNMENT((#12370));
#12370 = SURFACE_STYLE_USAGE(.BOTH.,#12371);
#12371 = SURFACE_SIDE_STYLE('',(#12372));
#12372 = SURFACE_STYLE_FILL_AREA(#12373);
#12373 = FILL_AREA_STYLE('',(#12374));
#12374 = FILL_AREA_STYLE_COLOUR('',#12093);
#12375 = OVER_RIDING_STYLED_ITEM('overriding color',(#12376),#3552,
  #12076);
#12376 = PRESENTATION_STYLE_ASSIGNMENT((#12377));
#12377 = SURFACE_STYLE_USAGE(.BOTH.,#12378);
#12378 = SURFACE_SIDE_STYLE('',(#12379));
#12379 = SURFACE_STYLE_FILL_AREA(#12380);
#12380 = FILL_AREA_STYLE('',(#12381));
#12381 = FILL_AREA_STYLE_COLOUR('',#12136);
#12382 = OVER_RIDING_STYLED_ITEM('overriding color',(#12383),#3574,
  #12076);
#12383 = PRESENTATION_STYLE_ASSIGNMENT((#12384));
#12384 = SURFACE_STYLE_USAGE(.BOTH.,#12385);
#12385 = SURFACE_SIDE_STYLE('',(#12386));
#12386 = SURFACE_STYLE_FILL_AREA(#12387);
#12387 = FILL_AREA_STYLE('',(#12388));
#12388 = FILL_AREA_STYLE_COLOUR('',#12136);
#12389 = OVER_RIDING_STYLED_ITEM('overriding color',(#12390),#3605,
  #12076);
#12390 = PRESENTATION_STYLE_ASSIGNMENT((#12391));
#12391 = SURFACE_STYLE_USAGE(.BOTH.,#12392);
#12392 = SURFACE_SIDE_STYLE('',(#12393));
#12393 = SURFACE_STYLE_FILL_AREA(#12394);
#12394 = FILL_AREA_STYLE('',(#12395));
#12395 = FILL_AREA_STYLE_COLOUR('',#12136);
#12396 = OVER_RIDING_STYLED_ITEM('overriding color',(#12397),#3627,
  #12076);
#12397 = PRESENTATION_STYLE_ASSIGNMENT((#12398));
#12398 = SURFACE_STYLE_USAGE(.BOTH.,#12399);
#12399 = SURFACE_SIDE_STYLE('',(#12400));
#12400 = SURFACE_STYLE_FILL_AREA(#12401);
#12401 = FILL_AREA_STYLE('',(#12402));
#12402 = FILL_AREA_STYLE_COLOUR('',#12136);
#12403 = OVER_RIDING_STYLED_ITEM('overriding color',(#12404),#3652,
  #12076);
#12404 = PRESENTATION_STYLE_ASSIGNMENT((#12405));
#12405 = SURFACE_STYLE_USAGE(.BOTH.,#12406);
#12406 = SURFACE_SIDE_STYLE('',(#12407));
#12407 = SURFACE_STYLE_FILL_AREA(#12408);
#12408 = FILL_AREA_STYLE('',(#12409));
#12409 = FILL_AREA_STYLE_COLOUR('',#12136);
#12410 = OVER_RIDING_STYLED_ITEM('overriding color',(#12411),#3674,
  #12076);
#12411 = PRESENTATION_STYLE_ASSIGNMENT((#12412));
#12412 = SURFACE_STYLE_USAGE(.BOTH.,#12413);
#12413 = SURFACE_SIDE_STYLE('',(#12414));
#12414 = SURFACE_STYLE_FILL_AREA(#12415);
#12415 = FILL_AREA_STYLE('',(#12416));
#12416 = FILL_AREA_STYLE_COLOUR('',#12136);
#12417 = OVER_RIDING_STYLED_ITEM('overriding color',(#12418),#3693,
  #12076);
#12418 = PRESENTATION_STYLE_ASSIGNMENT((#12419));
#12419 = SURFACE_STYLE_USAGE(.BOTH.,#12420);
#12420 = SURFACE_SIDE_STYLE('',(#12421));
#12421 = SURFACE_STYLE_FILL_AREA(#12422);
#12422 = FILL_AREA_STYLE('',(#12423));
#12423 = FILL_AREA_STYLE_COLOUR('',#12136);
#12424 = OVER_RIDING_STYLED_ITEM('overriding color',(#12425),#3718,
  #12076);
#12425 = PRESENTATION_STYLE_ASSIGNMENT((#12426));
#12426 = SURFACE_STYLE_USAGE(.BOTH.,#12427);
#12427 = SURFACE_SIDE_STYLE('',(#12428));
#12428 = SURFACE_STYLE_FILL_AREA(#12429);
#12429 = FILL_AREA_STYLE('',(#12430));
#12430 = FILL_AREA_STYLE_COLOUR('',#12136);
#12431 = OVER_RIDING_STYLED_ITEM('overriding color',(#12432),#3734,
  #12076);
#12432 = PRESENTATION_STYLE_ASSIGNMENT((#12433));
#12433 = SURFACE_STYLE_USAGE(.BOTH.,#12434);
#12434 = SURFACE_SIDE_STYLE('',(#12435));
#12435 = SURFACE_STYLE_FILL_AREA(#12436);
#12436 = FILL_AREA_STYLE('',(#12437));
#12437 = FILL_AREA_STYLE_COLOUR('',#12136);
#12438 = OVER_RIDING_STYLED_ITEM('overriding color',(#12439),#3802,
  #12076);
#12439 = PRESENTATION_STYLE_ASSIGNMENT((#12440));
#12440 = SURFACE_STYLE_USAGE(.BOTH.,#12441);
#12441 = SURFACE_SIDE_STYLE('',(#12442));
#12442 = SURFACE_STYLE_FILL_AREA(#12443);
#12443 = FILL_AREA_STYLE('',(#12444));
#12444 = FILL_AREA_STYLE_COLOUR('',#12136);
#12445 = OVER_RIDING_STYLED_ITEM('overriding color',(#12446),#3826,
  #12076);
#12446 = PRESENTATION_STYLE_ASSIGNMENT((#12447));
#12447 = SURFACE_STYLE_USAGE(.BOTH.,#12448);
#12448 = SURFACE_SIDE_STYLE('',(#12449));
#12449 = SURFACE_STYLE_FILL_AREA(#12450);
#12450 = FILL_AREA_STYLE('',(#12451));
#12451 = FILL_AREA_STYLE_COLOUR('',#12136);
#12452 = OVER_RIDING_STYLED_ITEM('overriding color',(#12453),#3847,
  #12076);
#12453 = PRESENTATION_STYLE_ASSIGNMENT((#12454));
#12454 = SURFACE_STYLE_USAGE(.BOTH.,#12455);
#12455 = SURFACE_SIDE_STYLE('',(#12456));
#12456 = SURFACE_STYLE_FILL_AREA(#12457);
#12457 = FILL_AREA_STYLE('',(#12458));
#12458 = FILL_AREA_STYLE_COLOUR('',#12136);
#12459 = OVER_RIDING_STYLED_ITEM('overriding color',(#12460),#3868,
  #12076);
#12460 = PRESENTATION_STYLE_ASSIGNMENT((#12461));
#12461 = SURFACE_STYLE_USAGE(.BOTH.,#12462);
#12462 = SURFACE_SIDE_STYLE('',(#12463));
#12463 = SURFACE_STYLE_FILL_AREA(#12464);
#12464 = FILL_AREA_STYLE('',(#12465));
#12465 = FILL_AREA_STYLE_COLOUR('',#12136);
#12466 = OVER_RIDING_STYLED_ITEM('overriding color',(#12467),#3887,
  #12076);
#12467 = PRESENTATION_STYLE_ASSIGNMENT((#12468));
#12468 = SURFACE_STYLE_USAGE(.BOTH.,#12469);
#12469 = SURFACE_SIDE_STYLE('',(#12470));
#12470 = SURFACE_STYLE_FILL_AREA(#12471);
#12471 = FILL_AREA_STYLE('',(#12472));
#12472 = FILL_AREA_STYLE_COLOUR('',#12136);
#12473 = OVER_RIDING_STYLED_ITEM('overriding color',(#12474),#3906,
  #12076);
#12474 = PRESENTATION_STYLE_ASSIGNMENT((#12475));
#12475 = SURFACE_STYLE_USAGE(.BOTH.,#12476);
#12476 = SURFACE_SIDE_STYLE('',(#12477));
#12477 = SURFACE_STYLE_FILL_AREA(#12478);
#12478 = FILL_AREA_STYLE('',(#12479));
#12479 = FILL_AREA_STYLE_COLOUR('',#12136);
#12480 = OVER_RIDING_STYLED_ITEM('overriding color',(#12481),#3927,
  #12076);
#12481 = PRESENTATION_STYLE_ASSIGNMENT((#12482));
#12482 = SURFACE_STYLE_USAGE(.BOTH.,#12483);
#12483 = SURFACE_SIDE_STYLE('',(#12484));
#12484 = SURFACE_STYLE_FILL_AREA(#12485);
#12485 = FILL_AREA_STYLE('',(#12486));
#12486 = FILL_AREA_STYLE_COLOUR('',#12136);
#12487 = OVER_RIDING_STYLED_ITEM('overriding color',(#12488),#3948,
  #12076);
#12488 = PRESENTATION_STYLE_ASSIGNMENT((#12489));
#12489 = SURFACE_STYLE_USAGE(.BOTH.,#12490);
#12490 = SURFACE_SIDE_STYLE('',(#12491));
#12491 = SURFACE_STYLE_FILL_AREA(#12492);
#12492 = FILL_AREA_STYLE('',(#12493));
#12493 = FILL_AREA_STYLE_COLOUR('',#12136);
#12494 = OVER_RIDING_STYLED_ITEM('overriding color',(#12495),#3962,
  #12076);
#12495 = PRESENTATION_STYLE_ASSIGNMENT((#12496));
#12496 = SURFACE_STYLE_USAGE(.BOTH.,#12497);
#12497 = SURFACE_SIDE_STYLE('',(#12498));
#12498 = SURFACE_STYLE_FILL_AREA(#12499);
#12499 = FILL_AREA_STYLE('',(#12500));
#12500 = FILL_AREA_STYLE_COLOUR('',#12136);
#12501 = OVER_RIDING_STYLED_ITEM('overriding color',(#12502),#3978,
  #12076);
#12502 = PRESENTATION_STYLE_ASSIGNMENT((#12503));
#12503 = SURFACE_STYLE_USAGE(.BOTH.,#12504);
#12504 = SURFACE_SIDE_STYLE('',(#12505));
#12505 = SURFACE_STYLE_FILL_AREA(#12506);
#12506 = FILL_AREA_STYLE('',(#12507));
#12507 = FILL_AREA_STYLE_COLOUR('',#12136);
#12508 = OVER_RIDING_STYLED_ITEM('overriding color',(#12509),#4002,
  #12076);
#12509 = PRESENTATION_STYLE_ASSIGNMENT((#12510));
#12510 = SURFACE_STYLE_USAGE(.BOTH.,#12511);
#12511 = SURFACE_SIDE_STYLE('',(#12512));
#12512 = SURFACE_STYLE_FILL_AREA(#12513);
#12513 = FILL_AREA_STYLE('',(#12514));
#12514 = FILL_AREA_STYLE_COLOUR('',#12136);
#12515 = OVER_RIDING_STYLED_ITEM('overriding color',(#12516),#4018,
  #12076);
#12516 = PRESENTATION_STYLE_ASSIGNMENT((#12517));
#12517 = SURFACE_STYLE_USAGE(.BOTH.,#12518);
#12518 = SURFACE_SIDE_STYLE('',(#12519));
#12519 = SURFACE_STYLE_FILL_AREA(#12520);
#12520 = FILL_AREA_STYLE('',(#12521));
#12521 = FILL_AREA_STYLE_COLOUR('',#12136);
#12522 = OVER_RIDING_STYLED_ITEM('overriding color',(#12523),#4046,
  #12076);
#12523 = PRESENTATION_STYLE_ASSIGNMENT((#12524));
#12524 = SURFACE_STYLE_USAGE(.BOTH.,#12525);
#12525 = SURFACE_SIDE_STYLE('',(#12526));
#12526 = SURFACE_STYLE_FILL_AREA(#12527);
#12527 = FILL_AREA_STYLE('',(#12528));
#12528 = FILL_AREA_STYLE_COLOUR('',#12136);
#12529 = OVER_RIDING_STYLED_ITEM('overriding color',(#12530),#4058,
  #12076);
#12530 = PRESENTATION_STYLE_ASSIGNMENT((#12531));
#12531 = SURFACE_STYLE_USAGE(.BOTH.,#12532);
#12532 = SURFACE_SIDE_STYLE('',(#12533));
#12533 = SURFACE_STYLE_FILL_AREA(#12534);
#12534 = FILL_AREA_STYLE('',(#12535));
#12535 = FILL_AREA_STYLE_COLOUR('',#12136);
#12536 = OVER_RIDING_STYLED_ITEM('overriding color',(#12537),#4074,
  #12076);
#12537 = PRESENTATION_STYLE_ASSIGNMENT((#12538));
#12538 = SURFACE_STYLE_USAGE(.BOTH.,#12539);
#12539 = SURFACE_SIDE_STYLE('',(#12540));
#12540 = SURFACE_STYLE_FILL_AREA(#12541);
#12541 = FILL_AREA_STYLE('',(#12542));
#12542 = FILL_AREA_STYLE_COLOUR('',#12093);
#12543 = OVER_RIDING_STYLED_ITEM('overriding color',(#12544),#4088,
  #12076);
#12544 = PRESENTATION_STYLE_ASSIGNMENT((#12545));
#12545 = SURFACE_STYLE_USAGE(.BOTH.,#12546);
#12546 = SURFACE_SIDE_STYLE('',(#12547));
#12547 = SURFACE_STYLE_FILL_AREA(#12548);
#12548 = FILL_AREA_STYLE('',(#12549));
#12549 = FILL_AREA_STYLE_COLOUR('',#12093);
#12550 = OVER_RIDING_STYLED_ITEM('overriding color',(#12551),#4106,
  #12076);
#12551 = PRESENTATION_STYLE_ASSIGNMENT((#12552));
#12552 = SURFACE_STYLE_USAGE(.BOTH.,#12553);
#12553 = SURFACE_SIDE_STYLE('',(#12554));
#12554 = SURFACE_STYLE_FILL_AREA(#12555);
#12555 = FILL_AREA_STYLE('',(#12556));
#12556 = FILL_AREA_STYLE_COLOUR('',#12093);
#12557 = OVER_RIDING_STYLED_ITEM('overriding color',(#12558),#4131,
  #12076);
#12558 = PRESENTATION_STYLE_ASSIGNMENT((#12559));
#12559 = SURFACE_STYLE_USAGE(.BOTH.,#12560);
#12560 = SURFACE_SIDE_STYLE('',(#12561));
#12561 = SURFACE_STYLE_FILL_AREA(#12562);
#12562 = FILL_AREA_STYLE('',(#12563));
#12563 = FILL_AREA_STYLE_COLOUR('',#12093);
#12564 = OVER_RIDING_STYLED_ITEM('overriding color',(#12565),#4160,
  #12076);
#12565 = PRESENTATION_STYLE_ASSIGNMENT((#12566));
#12566 = SURFACE_STYLE_USAGE(.BOTH.,#12567);
#12567 = SURFACE_SIDE_STYLE('',(#12568));
#12568 = SURFACE_STYLE_FILL_AREA(#12569);
#12569 = FILL_AREA_STYLE('',(#12570));
#12570 = FILL_AREA_STYLE_COLOUR('',#12093);
#12571 = OVER_RIDING_STYLED_ITEM('overriding color',(#12572),#4178,
  #12076);
#12572 = PRESENTATION_STYLE_ASSIGNMENT((#12573));
#12573 = SURFACE_STYLE_USAGE(.BOTH.,#12574);
#12574 = SURFACE_SIDE_STYLE('',(#12575));
#12575 = SURFACE_STYLE_FILL_AREA(#12576);
#12576 = FILL_AREA_STYLE('',(#12577));
#12577 = FILL_AREA_STYLE_COLOUR('',#12093);
#12578 = OVER_RIDING_STYLED_ITEM('overriding color',(#12579),#4194,
  #12076);
#12579 = PRESENTATION_STYLE_ASSIGNMENT((#12580));
#12580 = SURFACE_STYLE_USAGE(.BOTH.,#12581);
#12581 = SURFACE_SIDE_STYLE('',(#12582));
#12582 = SURFACE_STYLE_FILL_AREA(#12583);
#12583 = FILL_AREA_STYLE('',(#12584));
#12584 = FILL_AREA_STYLE_COLOUR('',#12093);
#12585 = OVER_RIDING_STYLED_ITEM('overriding color',(#12586),#4212,
  #12076);
#12586 = PRESENTATION_STYLE_ASSIGNMENT((#12587));
#12587 = SURFACE_STYLE_USAGE(.BOTH.,#12588);
#12588 = SURFACE_SIDE_STYLE('',(#12589));
#12589 = SURFACE_STYLE_FILL_AREA(#12590);
#12590 = FILL_AREA_STYLE('',(#12591));
#12591 = FILL_AREA_STYLE_COLOUR('',#12093);
#12592 = OVER_RIDING_STYLED_ITEM('overriding color',(#12593),#4228,
  #12076);
#12593 = PRESENTATION_STYLE_ASSIGNMENT((#12594));
#12594 = SURFACE_STYLE_USAGE(.BOTH.,#12595);
#12595 = SURFACE_SIDE_STYLE('',(#12596));
#12596 = SURFACE_STYLE_FILL_AREA(#12597);
#12597 = FILL_AREA_STYLE('',(#12598));
#12598 = FILL_AREA_STYLE_COLOUR('',#12093);
#12599 = OVER_RIDING_STYLED_ITEM('overriding color',(#12600),#4244,
  #12076);
#12600 = PRESENTATION_STYLE_ASSIGNMENT((#12601));
#12601 = SURFACE_STYLE_USAGE(.BOTH.,#12602);
#12602 = SURFACE_SIDE_STYLE('',(#12603));
#12603 = SURFACE_STYLE_FILL_AREA(#12604);
#12604 = FILL_AREA_STYLE('',(#12605));
#12605 = FILL_AREA_STYLE_COLOUR('',#12093);
#12606 = OVER_RIDING_STYLED_ITEM('overriding color',(#12607),#4288,
  #12076);
#12607 = PRESENTATION_STYLE_ASSIGNMENT((#12608));
#12608 = SURFACE_STYLE_USAGE(.BOTH.,#12609);
#12609 = SURFACE_SIDE_STYLE('',(#12610));
#12610 = SURFACE_STYLE_FILL_AREA(#12611);
#12611 = FILL_AREA_STYLE('',(#12612));
#12612 = FILL_AREA_STYLE_COLOUR('',#12093);
#12613 = OVER_RIDING_STYLED_ITEM('overriding color',(#12614),#4307,
  #12076);
#12614 = PRESENTATION_STYLE_ASSIGNMENT((#12615));
#12615 = SURFACE_STYLE_USAGE(.BOTH.,#12616);
#12616 = SURFACE_SIDE_STYLE('',(#12617));
#12617 = SURFACE_STYLE_FILL_AREA(#12618);
#12618 = FILL_AREA_STYLE('',(#12619));
#12619 = FILL_AREA_STYLE_COLOUR('',#12093);
#12620 = OVER_RIDING_STYLED_ITEM('overriding color',(#12621),#4332,
  #12076);
#12621 = PRESENTATION_STYLE_ASSIGNMENT((#12622));
#12622 = SURFACE_STYLE_USAGE(.BOTH.,#12623);
#12623 = SURFACE_SIDE_STYLE('',(#12624));
#12624 = SURFACE_STYLE_FILL_AREA(#12625);
#12625 = FILL_AREA_STYLE('',(#12626));
#12626 = FILL_AREA_STYLE_COLOUR('',#12093);
#12627 = OVER_RIDING_STYLED_ITEM('overriding color',(#12628),#4370,
  #12076);
#12628 = PRESENTATION_STYLE_ASSIGNMENT((#12629));
#12629 = SURFACE_STYLE_USAGE(.BOTH.,#12630);
#12630 = SURFACE_SIDE_STYLE('',(#12631));
#12631 = SURFACE_STYLE_FILL_AREA(#12632);
#12632 = FILL_AREA_STYLE('',(#12633));
#12633 = FILL_AREA_STYLE_COLOUR('',#12093);
#12634 = OVER_RIDING_STYLED_ITEM('overriding color',(#12635),#4390,
  #12076);
#12635 = PRESENTATION_STYLE_ASSIGNMENT((#12636));
#12636 = SURFACE_STYLE_USAGE(.BOTH.,#12637);
#12637 = SURFACE_SIDE_STYLE('',(#12638));
#12638 = SURFACE_STYLE_FILL_AREA(#12639);
#12639 = FILL_AREA_STYLE('',(#12640));
#12640 = FILL_AREA_STYLE_COLOUR('',#12093);
#12641 = OVER_RIDING_STYLED_ITEM('overriding color',(#12642),#4410,
  #12076);
#12642 = PRESENTATION_STYLE_ASSIGNMENT((#12643));
#12643 = SURFACE_STYLE_USAGE(.BOTH.,#12644);
#12644 = SURFACE_SIDE_STYLE('',(#12645));
#12645 = SURFACE_STYLE_FILL_AREA(#12646);
#12646 = FILL_AREA_STYLE('',(#12647));
#12647 = FILL_AREA_STYLE_COLOUR('',#12093);
#12648 = OVER_RIDING_STYLED_ITEM('overriding color',(#12649),#4424,
  #12076);
#12649 = PRESENTATION_STYLE_ASSIGNMENT((#12650));
#12650 = SURFACE_STYLE_USAGE(.BOTH.,#12651);
#12651 = SURFACE_SIDE_STYLE('',(#12652));
#12652 = SURFACE_STYLE_FILL_AREA(#12653);
#12653 = FILL_AREA_STYLE('',(#12654));
#12654 = FILL_AREA_STYLE_COLOUR('',#12093);
#12655 = OVER_RIDING_STYLED_ITEM('overriding color',(#12656),#4438,
  #12076);
#12656 = PRESENTATION_STYLE_ASSIGNMENT((#12657));
#12657 = SURFACE_STYLE_USAGE(.BOTH.,#12658);
#12658 = SURFACE_SIDE_STYLE('',(#12659));
#12659 = SURFACE_STYLE_FILL_AREA(#12660);
#12660 = FILL_AREA_STYLE('',(#12661));
#12661 = FILL_AREA_STYLE_COLOUR('',#12093);
#12662 = OVER_RIDING_STYLED_ITEM('overriding color',(#12663),#4452,
  #12076);
#12663 = PRESENTATION_STYLE_ASSIGNMENT((#12664));
#12664 = SURFACE_STYLE_USAGE(.BOTH.,#12665);
#12665 = SURFACE_SIDE_STYLE('',(#12666));
#12666 = SURFACE_STYLE_FILL_AREA(#12667);
#12667 = FILL_AREA_STYLE('',(#12668));
#12668 = FILL_AREA_STYLE_COLOUR('',#12093);
#12669 = OVER_RIDING_STYLED_ITEM('overriding color',(#12670),#4470,
  #12076);
#12670 = PRESENTATION_STYLE_ASSIGNMENT((#12671));
#12671 = SURFACE_STYLE_USAGE(.BOTH.,#12672);
#12672 = SURFACE_SIDE_STYLE('',(#12673));
#12673 = SURFACE_STYLE_FILL_AREA(#12674);
#12674 = FILL_AREA_STYLE('',(#12675));
#12675 = FILL_AREA_STYLE_COLOUR('',#12093);
#12676 = OVER_RIDING_STYLED_ITEM('overriding color',(#12677),#4486,
  #12076);
#12677 = PRESENTATION_STYLE_ASSIGNMENT((#12678));
#12678 = SURFACE_STYLE_USAGE(.BOTH.,#12679);
#12679 = SURFACE_SIDE_STYLE('',(#12680));
#12680 = SURFACE_STYLE_FILL_AREA(#12681);
#12681 = FILL_AREA_STYLE('',(#12682));
#12682 = FILL_AREA_STYLE_COLOUR('',#12093);
#12683 = OVER_RIDING_STYLED_ITEM('overriding color',(#12684),#4504,
  #12076);
#12684 = PRESENTATION_STYLE_ASSIGNMENT((#12685));
#12685 = SURFACE_STYLE_USAGE(.BOTH.,#12686);
#12686 = SURFACE_SIDE_STYLE('',(#12687));
#12687 = SURFACE_STYLE_FILL_AREA(#12688);
#12688 = FILL_AREA_STYLE('',(#12689));
#12689 = FILL_AREA_STYLE_COLOUR('',#12093);
#12690 = OVER_RIDING_STYLED_ITEM('overriding color',(#12691),#4529,
  #12076);
#12691 = PRESENTATION_STYLE_ASSIGNMENT((#12692));
#12692 = SURFACE_STYLE_USAGE(.BOTH.,#12693);
#12693 = SURFACE_SIDE_STYLE('',(#12694));
#12694 = SURFACE_STYLE_FILL_AREA(#12695);
#12695 = FILL_AREA_STYLE('',(#12696));
#12696 = FILL_AREA_STYLE_COLOUR('',#12093);
#12697 = OVER_RIDING_STYLED_ITEM('overriding color',(#12698),#4558,
  #12076);
#12698 = PRESENTATION_STYLE_ASSIGNMENT((#12699));
#12699 = SURFACE_STYLE_USAGE(.BOTH.,#12700);
#12700 = SURFACE_SIDE_STYLE('',(#12701));
#12701 = SURFACE_STYLE_FILL_AREA(#12702);
#12702 = FILL_AREA_STYLE('',(#12703));
#12703 = FILL_AREA_STYLE_COLOUR('',#12093);
#12704 = OVER_RIDING_STYLED_ITEM('overriding color',(#12705),#4572,
  #12076);
#12705 = PRESENTATION_STYLE_ASSIGNMENT((#12706));
#12706 = SURFACE_STYLE_USAGE(.BOTH.,#12707);
#12707 = SURFACE_SIDE_STYLE('',(#12708));
#12708 = SURFACE_STYLE_FILL_AREA(#12709);
#12709 = FILL_AREA_STYLE('',(#12710));
#12710 = FILL_AREA_STYLE_COLOUR('',#12093);
#12711 = OVER_RIDING_STYLED_ITEM('overriding color',(#12712),#4586,
  #12076);
#12712 = PRESENTATION_STYLE_ASSIGNMENT((#12713));
#12713 = SURFACE_STYLE_USAGE(.BOTH.,#12714);
#12714 = SURFACE_SIDE_STYLE('',(#12715));
#12715 = SURFACE_STYLE_FILL_AREA(#12716);
#12716 = FILL_AREA_STYLE('',(#12717));
#12717 = FILL_AREA_STYLE_COLOUR('',#12093);
#12718 = OVER_RIDING_STYLED_ITEM('overriding color',(#12719),#4602,
  #12076);
#12719 = PRESENTATION_STYLE_ASSIGNMENT((#12720));
#12720 = SURFACE_STYLE_USAGE(.BOTH.,#12721);
#12721 = SURFACE_SIDE_STYLE('',(#12722));
#12722 = SURFACE_STYLE_FILL_AREA(#12723);
#12723 = FILL_AREA_STYLE('',(#12724));
#12724 = FILL_AREA_STYLE_COLOUR('',#12093);
#12725 = OVER_RIDING_STYLED_ITEM('overriding color',(#12726),#4646,
  #12076);
#12726 = PRESENTATION_STYLE_ASSIGNMENT((#12727));
#12727 = SURFACE_STYLE_USAGE(.BOTH.,#12728);
#12728 = SURFACE_SIDE_STYLE('',(#12729));
#12729 = SURFACE_STYLE_FILL_AREA(#12730);
#12730 = FILL_AREA_STYLE('',(#12731));
#12731 = FILL_AREA_STYLE_COLOUR('',#12093);
#12732 = OVER_RIDING_STYLED_ITEM('overriding color',(#12733),#4674,
  #12076);
#12733 = PRESENTATION_STYLE_ASSIGNMENT((#12734));
#12734 = SURFACE_STYLE_USAGE(.BOTH.,#12735);
#12735 = SURFACE_SIDE_STYLE('',(#12736));
#12736 = SURFACE_STYLE_FILL_AREA(#12737);
#12737 = FILL_AREA_STYLE('',(#12738));
#12738 = FILL_AREA_STYLE_COLOUR('',#12093);
#12739 = OVER_RIDING_STYLED_ITEM('overriding color',(#12740),#4710,
  #12076);
#12740 = PRESENTATION_STYLE_ASSIGNMENT((#12741));
#12741 = SURFACE_STYLE_USAGE(.BOTH.,#12742);
#12742 = SURFACE_SIDE_STYLE('',(#12743));
#12743 = SURFACE_STYLE_FILL_AREA(#12744);
#12744 = FILL_AREA_STYLE('',(#12745));
#12745 = FILL_AREA_STYLE_COLOUR('',#12093);
#12746 = OVER_RIDING_STYLED_ITEM('overriding color',(#12747),#4729,
  #12076);
#12747 = PRESENTATION_STYLE_ASSIGNMENT((#12748));
#12748 = SURFACE_STYLE_USAGE(.BOTH.,#12749);
#12749 = SURFACE_SIDE_STYLE('',(#12750));
#12750 = SURFACE_STYLE_FILL_AREA(#12751);
#12751 = FILL_AREA_STYLE('',(#12752));
#12752 = FILL_AREA_STYLE_COLOUR('',#12093);
#12753 = OVER_RIDING_STYLED_ITEM('overriding color',(#12754),#4748,
  #12076);
#12754 = PRESENTATION_STYLE_ASSIGNMENT((#12755));
#12755 = SURFACE_STYLE_USAGE(.BOTH.,#12756);
#12756 = SURFACE_SIDE_STYLE('',(#12757));
#12757 = SURFACE_STYLE_FILL_AREA(#12758);
#12758 = FILL_AREA_STYLE('',(#12759));
#12759 = FILL_AREA_STYLE_COLOUR('',#12093);
#12760 = OVER_RIDING_STYLED_ITEM('overriding color',(#12761),#4768,
  #12076);
#12761 = PRESENTATION_STYLE_ASSIGNMENT((#12762));
#12762 = SURFACE_STYLE_USAGE(.BOTH.,#12763);
#12763 = SURFACE_SIDE_STYLE('',(#12764));
#12764 = SURFACE_STYLE_FILL_AREA(#12765);
#12765 = FILL_AREA_STYLE('',(#12766));
#12766 = FILL_AREA_STYLE_COLOUR('',#12093);
#12767 = OVER_RIDING_STYLED_ITEM('overriding color',(#12768),#4782,
  #12076);
#12768 = PRESENTATION_STYLE_ASSIGNMENT((#12769));
#12769 = SURFACE_STYLE_USAGE(.BOTH.,#12770);
#12770 = SURFACE_SIDE_STYLE('',(#12771));
#12771 = SURFACE_STYLE_FILL_AREA(#12772);
#12772 = FILL_AREA_STYLE('',(#12773));
#12773 = FILL_AREA_STYLE_COLOUR('',#12093);
#12774 = OVER_RIDING_STYLED_ITEM('overriding color',(#12775),#4796,
  #12076);
#12775 = PRESENTATION_STYLE_ASSIGNMENT((#12776));
#12776 = SURFACE_STYLE_USAGE(.BOTH.,#12777);
#12777 = SURFACE_SIDE_STYLE('',(#12778));
#12778 = SURFACE_STYLE_FILL_AREA(#12779);
#12779 = FILL_AREA_STYLE('',(#12780));
#12780 = FILL_AREA_STYLE_COLOUR('',#12093);
#12781 = OVER_RIDING_STYLED_ITEM('overriding color',(#12782),#4810,
  #12076);
#12782 = PRESENTATION_STYLE_ASSIGNMENT((#12783));
#12783 = SURFACE_STYLE_USAGE(.BOTH.,#12784);
#12784 = SURFACE_SIDE_STYLE('',(#12785));
#12785 = SURFACE_STYLE_FILL_AREA(#12786);
#12786 = FILL_AREA_STYLE('',(#12787));
#12787 = FILL_AREA_STYLE_COLOUR('',#12093);
#12788 = OVER_RIDING_STYLED_ITEM('overriding color',(#12789),#4824,
  #12076);
#12789 = PRESENTATION_STYLE_ASSIGNMENT((#12790));
#12790 = SURFACE_STYLE_USAGE(.BOTH.,#12791);
#12791 = SURFACE_SIDE_STYLE('',(#12792));
#12792 = SURFACE_STYLE_FILL_AREA(#12793);
#12793 = FILL_AREA_STYLE('',(#12794));
#12794 = FILL_AREA_STYLE_COLOUR('',#12093);
#12795 = OVER_RIDING_STYLED_ITEM('overriding color',(#12796),#4842,
  #12076);
#12796 = PRESENTATION_STYLE_ASSIGNMENT((#12797));
#12797 = SURFACE_STYLE_USAGE(.BOTH.,#12798);
#12798 = SURFACE_SIDE_STYLE('',(#12799));
#12799 = SURFACE_STYLE_FILL_AREA(#12800);
#12800 = FILL_AREA_STYLE('',(#12801));
#12801 = FILL_AREA_STYLE_COLOUR('',#12093);
#12802 = OVER_RIDING_STYLED_ITEM('overriding color',(#12803),#4867,
  #12076);
#12803 = PRESENTATION_STYLE_ASSIGNMENT((#12804));
#12804 = SURFACE_STYLE_USAGE(.BOTH.,#12805);
#12805 = SURFACE_SIDE_STYLE('',(#12806));
#12806 = SURFACE_STYLE_FILL_AREA(#12807);
#12807 = FILL_AREA_STYLE('',(#12808));
#12808 = FILL_AREA_STYLE_COLOUR('',#12093);
#12809 = OVER_RIDING_STYLED_ITEM('overriding color',(#12810),#4896,
  #12076);
#12810 = PRESENTATION_STYLE_ASSIGNMENT((#12811));
#12811 = SURFACE_STYLE_USAGE(.BOTH.,#12812);
#12812 = SURFACE_SIDE_STYLE('',(#12813));
#12813 = SURFACE_STYLE_FILL_AREA(#12814);
#12814 = FILL_AREA_STYLE('',(#12815));
#12815 = FILL_AREA_STYLE_COLOUR('',#12093);
#12816 = OVER_RIDING_STYLED_ITEM('overriding color',(#12817),#4914,
  #12076);
#12817 = PRESENTATION_STYLE_ASSIGNMENT((#12818));
#12818 = SURFACE_STYLE_USAGE(.BOTH.,#12819);
#12819 = SURFACE_SIDE_STYLE('',(#12820));
#12820 = SURFACE_STYLE_FILL_AREA(#12821);
#12821 = FILL_AREA_STYLE('',(#12822));
#12822 = FILL_AREA_STYLE_COLOUR('',#12093);
#12823 = OVER_RIDING_STYLED_ITEM('overriding color',(#12824),#4930,
  #12076);
#12824 = PRESENTATION_STYLE_ASSIGNMENT((#12825));
#12825 = SURFACE_STYLE_USAGE(.BOTH.,#12826);
#12826 = SURFACE_SIDE_STYLE('',(#12827));
#12827 = SURFACE_STYLE_FILL_AREA(#12828);
#12828 = FILL_AREA_STYLE('',(#12829));
#12829 = FILL_AREA_STYLE_COLOUR('',#12093);
#12830 = OVER_RIDING_STYLED_ITEM('overriding color',(#12831),#4948,
  #12076);
#12831 = PRESENTATION_STYLE_ASSIGNMENT((#12832));
#12832 = SURFACE_STYLE_USAGE(.BOTH.,#12833);
#12833 = SURFACE_SIDE_STYLE('',(#12834));
#12834 = SURFACE_STYLE_FILL_AREA(#12835);
#12835 = FILL_AREA_STYLE('',(#12836));
#12836 = FILL_AREA_STYLE_COLOUR('',#12093);
#12837 = OVER_RIDING_STYLED_ITEM('overriding color',(#12838),#4964,
  #12076);
#12838 = PRESENTATION_STYLE_ASSIGNMENT((#12839));
#12839 = SURFACE_STYLE_USAGE(.BOTH.,#12840);
#12840 = SURFACE_SIDE_STYLE('',(#12841));
#12841 = SURFACE_STYLE_FILL_AREA(#12842);
#12842 = FILL_AREA_STYLE('',(#12843));
#12843 = FILL_AREA_STYLE_COLOUR('',#12093);
#12844 = OVER_RIDING_STYLED_ITEM('overriding color',(#12845),#4980,
  #12076);
#12845 = PRESENTATION_STYLE_ASSIGNMENT((#12846));
#12846 = SURFACE_STYLE_USAGE(.BOTH.,#12847);
#12847 = SURFACE_SIDE_STYLE('',(#12848));
#12848 = SURFACE_STYLE_FILL_AREA(#12849);
#12849 = FILL_AREA_STYLE('',(#12850));
#12850 = FILL_AREA_STYLE_COLOUR('',#12093);
#12851 = OVER_RIDING_STYLED_ITEM('overriding color',(#12852),#5023,
  #12076);
#12852 = PRESENTATION_STYLE_ASSIGNMENT((#12853));
#12853 = SURFACE_STYLE_USAGE(.BOTH.,#12854);
#12854 = SURFACE_SIDE_STYLE('',(#12855));
#12855 = SURFACE_STYLE_FILL_AREA(#12856);
#12856 = FILL_AREA_STYLE('',(#12857));
#12857 = FILL_AREA_STYLE_COLOUR('',#12093);
#12858 = OVER_RIDING_STYLED_ITEM('overriding color',(#12859),#5042,
  #12076);
#12859 = PRESENTATION_STYLE_ASSIGNMENT((#12860));
#12860 = SURFACE_STYLE_USAGE(.BOTH.,#12861);
#12861 = SURFACE_SIDE_STYLE('',(#12862));
#12862 = SURFACE_STYLE_FILL_AREA(#12863);
#12863 = FILL_AREA_STYLE('',(#12864));
#12864 = FILL_AREA_STYLE_COLOUR('',#12093);
#12865 = OVER_RIDING_STYLED_ITEM('overriding color',(#12866),#5067,
  #12076);
#12866 = PRESENTATION_STYLE_ASSIGNMENT((#12867));
#12867 = SURFACE_STYLE_USAGE(.BOTH.,#12868);
#12868 = SURFACE_SIDE_STYLE('',(#12869));
#12869 = SURFACE_STYLE_FILL_AREA(#12870);
#12870 = FILL_AREA_STYLE('',(#12871));
#12871 = FILL_AREA_STYLE_COLOUR('',#12093);
#12872 = OVER_RIDING_STYLED_ITEM('overriding color',(#12873),#5104,
  #12076);
#12873 = PRESENTATION_STYLE_ASSIGNMENT((#12874));
#12874 = SURFACE_STYLE_USAGE(.BOTH.,#12875);
#12875 = SURFACE_SIDE_STYLE('',(#12876));
#12876 = SURFACE_STYLE_FILL_AREA(#12877);
#12877 = FILL_AREA_STYLE('',(#12878));
#12878 = FILL_AREA_STYLE_COLOUR('',#12093);
#12879 = OVER_RIDING_STYLED_ITEM('overriding color',(#12880),#5124,
  #12076);
#12880 = PRESENTATION_STYLE_ASSIGNMENT((#12881));
#12881 = SURFACE_STYLE_USAGE(.BOTH.,#12882);
#12882 = SURFACE_SIDE_STYLE('',(#12883));
#12883 = SURFACE_STYLE_FILL_AREA(#12884);
#12884 = FILL_AREA_STYLE('',(#12885));
#12885 = FILL_AREA_STYLE_COLOUR('',#12093);
#12886 = OVER_RIDING_STYLED_ITEM('overriding color',(#12887),#5140,
  #12076);
#12887 = PRESENTATION_STYLE_ASSIGNMENT((#12888));
#12888 = SURFACE_STYLE_USAGE(.BOTH.,#12889);
#12889 = SURFACE_SIDE_STYLE('',(#12890));
#12890 = SURFACE_STYLE_FILL_AREA(#12891);
#12891 = FILL_AREA_STYLE('',(#12892));
#12892 = FILL_AREA_STYLE_COLOUR('',#12093);
#12893 = OVER_RIDING_STYLED_ITEM('overriding color',(#12894),#5154,
  #12076);
#12894 = PRESENTATION_STYLE_ASSIGNMENT((#12895));
#12895 = SURFACE_STYLE_USAGE(.BOTH.,#12896);
#12896 = SURFACE_SIDE_STYLE('',(#12897));
#12897 = SURFACE_STYLE_FILL_AREA(#12898);
#12898 = FILL_AREA_STYLE('',(#12899));
#12899 = FILL_AREA_STYLE_COLOUR('',#12093);
#12900 = OVER_RIDING_STYLED_ITEM('overriding color',(#12901),#5168,
  #12076);
#12901 = PRESENTATION_STYLE_ASSIGNMENT((#12902));
#12902 = SURFACE_STYLE_USAGE(.BOTH.,#12903);
#12903 = SURFACE_SIDE_STYLE('',(#12904));
#12904 = SURFACE_STYLE_FILL_AREA(#12905);
#12905 = FILL_AREA_STYLE('',(#12906));
#12906 = FILL_AREA_STYLE_COLOUR('',#12093);
#12907 = OVER_RIDING_STYLED_ITEM('overriding color',(#12908),#5182,
  #12076);
#12908 = PRESENTATION_STYLE_ASSIGNMENT((#12909));
#12909 = SURFACE_STYLE_USAGE(.BOTH.,#12910);
#12910 = SURFACE_SIDE_STYLE('',(#12911));
#12911 = SURFACE_STYLE_FILL_AREA(#12912);
#12912 = FILL_AREA_STYLE('',(#12913));
#12913 = FILL_AREA_STYLE_COLOUR('',#12093);
#12914 = OVER_RIDING_STYLED_ITEM('overriding color',(#12915),#5200,
  #12076);
#12915 = PRESENTATION_STYLE_ASSIGNMENT((#12916));
#12916 = SURFACE_STYLE_USAGE(.BOTH.,#12917);
#12917 = SURFACE_SIDE_STYLE('',(#12918));
#12918 = SURFACE_STYLE_FILL_AREA(#12919);
#12919 = FILL_AREA_STYLE('',(#12920));
#12920 = FILL_AREA_STYLE_COLOUR('',#12093);
#12921 = OVER_RIDING_STYLED_ITEM('overriding color',(#12922),#5216,
  #12076);
#12922 = PRESENTATION_STYLE_ASSIGNMENT((#12923));
#12923 = SURFACE_STYLE_USAGE(.BOTH.,#12924);
#12924 = SURFACE_SIDE_STYLE('',(#12925));
#12925 = SURFACE_STYLE_FILL_AREA(#12926);
#12926 = FILL_AREA_STYLE('',(#12927));
#12927 = FILL_AREA_STYLE_COLOUR('',#12093);
#12928 = OVER_RIDING_STYLED_ITEM('overriding color',(#12929),#5234,
  #12076);
#12929 = PRESENTATION_STYLE_ASSIGNMENT((#12930));
#12930 = SURFACE_STYLE_USAGE(.BOTH.,#12931);
#12931 = SURFACE_SIDE_STYLE('',(#12932));
#12932 = SURFACE_STYLE_FILL_AREA(#12933);
#12933 = FILL_AREA_STYLE('',(#12934));
#12934 = FILL_AREA_STYLE_COLOUR('',#12093);
#12935 = OVER_RIDING_STYLED_ITEM('overriding color',(#12936),#5259,
  #12076);
#12936 = PRESENTATION_STYLE_ASSIGNMENT((#12937));
#12937 = SURFACE_STYLE_USAGE(.BOTH.,#12938);
#12938 = SURFACE_SIDE_STYLE('',(#12939));
#12939 = SURFACE_STYLE_FILL_AREA(#12940);
#12940 = FILL_AREA_STYLE('',(#12941));
#12941 = FILL_AREA_STYLE_COLOUR('',#12093);
#12942 = OVER_RIDING_STYLED_ITEM('overriding color',(#12943),#5288,
  #12076);
#12943 = PRESENTATION_STYLE_ASSIGNMENT((#12944));
#12944 = SURFACE_STYLE_USAGE(.BOTH.,#12945);
#12945 = SURFACE_SIDE_STYLE('',(#12946));
#12946 = SURFACE_STYLE_FILL_AREA(#12947);
#12947 = FILL_AREA_STYLE('',(#12948));
#12948 = FILL_AREA_STYLE_COLOUR('',#12093);
#12949 = OVER_RIDING_STYLED_ITEM('overriding color',(#12950),#5302,
  #12076);
#12950 = PRESENTATION_STYLE_ASSIGNMENT((#12951));
#12951 = SURFACE_STYLE_USAGE(.BOTH.,#12952);
#12952 = SURFACE_SIDE_STYLE('',(#12953));
#12953 = SURFACE_STYLE_FILL_AREA(#12954);
#12954 = FILL_AREA_STYLE('',(#12955));
#12955 = FILL_AREA_STYLE_COLOUR('',#12093);
#12956 = OVER_RIDING_STYLED_ITEM('overriding color',(#12957),#5316,
  #12076);
#12957 = PRESENTATION_STYLE_ASSIGNMENT((#12958));
#12958 = SURFACE_STYLE_USAGE(.BOTH.,#12959);
#12959 = SURFACE_SIDE_STYLE('',(#12960));
#12960 = SURFACE_STYLE_FILL_AREA(#12961);
#12961 = FILL_AREA_STYLE('',(#12962));
#12962 = FILL_AREA_STYLE_COLOUR('',#12093);
#12963 = OVER_RIDING_STYLED_ITEM('overriding color',(#12964),#5332,
  #12076);
#12964 = PRESENTATION_STYLE_ASSIGNMENT((#12965));
#12965 = SURFACE_STYLE_USAGE(.BOTH.,#12966);
#12966 = SURFACE_SIDE_STYLE('',(#12967));
#12967 = SURFACE_STYLE_FILL_AREA(#12968);
#12968 = FILL_AREA_STYLE('',(#12969));
#12969 = FILL_AREA_STYLE_COLOUR('',#12093);
#12970 = OVER_RIDING_STYLED_ITEM('overriding color',(#12971),#5375,
  #12076);
#12971 = PRESENTATION_STYLE_ASSIGNMENT((#12972));
#12972 = SURFACE_STYLE_USAGE(.BOTH.,#12973);
#12973 = SURFACE_SIDE_STYLE('',(#12974));
#12974 = SURFACE_STYLE_FILL_AREA(#12975);
#12975 = FILL_AREA_STYLE('',(#12976));
#12976 = FILL_AREA_STYLE_COLOUR('',#12093);
#12977 = OVER_RIDING_STYLED_ITEM('overriding color',(#12978),#5403,
  #12076);
#12978 = PRESENTATION_STYLE_ASSIGNMENT((#12979));
#12979 = SURFACE_STYLE_USAGE(.BOTH.,#12980);
#12980 = SURFACE_SIDE_STYLE('',(#12981));
#12981 = SURFACE_STYLE_FILL_AREA(#12982);
#12982 = FILL_AREA_STYLE('',(#12983));
#12983 = FILL_AREA_STYLE_COLOUR('',#12093);
#12984 = OVER_RIDING_STYLED_ITEM('overriding color',(#12985),#5438,
  #12076);
#12985 = PRESENTATION_STYLE_ASSIGNMENT((#12986));
#12986 = SURFACE_STYLE_USAGE(.BOTH.,#12987);
#12987 = SURFACE_SIDE_STYLE('',(#12988));
#12988 = SURFACE_STYLE_FILL_AREA(#12989);
#12989 = FILL_AREA_STYLE('',(#12990));
#12990 = FILL_AREA_STYLE_COLOUR('',#12093);
#12991 = OVER_RIDING_STYLED_ITEM('overriding color',(#12992),#5457,
  #12076);
#12992 = PRESENTATION_STYLE_ASSIGNMENT((#12993));
#12993 = SURFACE_STYLE_USAGE(.BOTH.,#12994);
#12994 = SURFACE_SIDE_STYLE('',(#12995));
#12995 = SURFACE_STYLE_FILL_AREA(#12996);
#12996 = FILL_AREA_STYLE('',(#12997));
#12997 = FILL_AREA_STYLE_COLOUR('',#12093);
#12998 = OVER_RIDING_STYLED_ITEM('overriding color',(#12999),#5476,
  #12076);
#12999 = PRESENTATION_STYLE_ASSIGNMENT((#13000));
#13000 = SURFACE_STYLE_USAGE(.BOTH.,#13001);
#13001 = SURFACE_SIDE_STYLE('',(#13002));
#13002 = SURFACE_STYLE_FILL_AREA(#13003);
#13003 = FILL_AREA_STYLE('',(#13004));
#13004 = FILL_AREA_STYLE_COLOUR('',#12093);
#13005 = OVER_RIDING_STYLED_ITEM('overriding color',(#13006),#5492,
  #12076);
#13006 = PRESENTATION_STYLE_ASSIGNMENT((#13007));
#13007 = SURFACE_STYLE_USAGE(.BOTH.,#13008);
#13008 = SURFACE_SIDE_STYLE('',(#13009));
#13009 = SURFACE_STYLE_FILL_AREA(#13010);
#13010 = FILL_AREA_STYLE('',(#13011));
#13011 = FILL_AREA_STYLE_COLOUR('',#12093);
#13012 = OVER_RIDING_STYLED_ITEM('overriding color',(#13013),#5506,
  #12076);
#13013 = PRESENTATION_STYLE_ASSIGNMENT((#13014));
#13014 = SURFACE_STYLE_USAGE(.BOTH.,#13015);
#13015 = SURFACE_SIDE_STYLE('',(#13016));
#13016 = SURFACE_STYLE_FILL_AREA(#13017);
#13017 = FILL_AREA_STYLE('',(#13018));
#13018 = FILL_AREA_STYLE_COLOUR('',#12093);
#13019 = OVER_RIDING_STYLED_ITEM('overriding color',(#13020),#5520,
  #12076);
#13020 = PRESENTATION_STYLE_ASSIGNMENT((#13021));
#13021 = SURFACE_STYLE_USAGE(.BOTH.,#13022);
#13022 = SURFACE_SIDE_STYLE('',(#13023));
#13023 = SURFACE_STYLE_FILL_AREA(#13024);
#13024 = FILL_AREA_STYLE('',(#13025));
#13025 = FILL_AREA_STYLE_COLOUR('',#12093);
#13026 = OVER_RIDING_STYLED_ITEM('overriding color',(#13027),#5534,
  #12076);
#13027 = PRESENTATION_STYLE_ASSIGNMENT((#13028));
#13028 = SURFACE_STYLE_USAGE(.BOTH.,#13029);
#13029 = SURFACE_SIDE_STYLE('',(#13030));
#13030 = SURFACE_STYLE_FILL_AREA(#13031);
#13031 = FILL_AREA_STYLE('',(#13032));
#13032 = FILL_AREA_STYLE_COLOUR('',#12093);
#13033 = OVER_RIDING_STYLED_ITEM('overriding color',(#13034),#5562,
  #12076);
#13034 = PRESENTATION_STYLE_ASSIGNMENT((#13035));
#13035 = SURFACE_STYLE_USAGE(.BOTH.,#13036);
#13036 = SURFACE_SIDE_STYLE('',(#13037));
#13037 = SURFACE_STYLE_FILL_AREA(#13038);
#13038 = FILL_AREA_STYLE('',(#13039));
#13039 = FILL_AREA_STYLE_COLOUR('',#12093);
#13040 = OVER_RIDING_STYLED_ITEM('overriding color',(#13041),#5584,
  #12076);
#13041 = PRESENTATION_STYLE_ASSIGNMENT((#13042));
#13042 = SURFACE_STYLE_USAGE(.BOTH.,#13043);
#13043 = SURFACE_SIDE_STYLE('',(#13044));
#13044 = SURFACE_STYLE_FILL_AREA(#13045);
#13045 = FILL_AREA_STYLE('',(#13046));
#13046 = FILL_AREA_STYLE_COLOUR('',#12093);
#13047 = OVER_RIDING_STYLED_ITEM('overriding color',(#13048),#5606,
  #12076);
#13048 = PRESENTATION_STYLE_ASSIGNMENT((#13049));
#13049 = SURFACE_STYLE_USAGE(.BOTH.,#13050);
#13050 = SURFACE_SIDE_STYLE('',(#13051));
#13051 = SURFACE_STYLE_FILL_AREA(#13052);
#13052 = FILL_AREA_STYLE('',(#13053));
#13053 = FILL_AREA_STYLE_COLOUR('',#12093);
#13054 = OVER_RIDING_STYLED_ITEM('overriding color',(#13055),#5622,
  #12076);
#13055 = PRESENTATION_STYLE_ASSIGNMENT((#13056));
#13056 = SURFACE_STYLE_USAGE(.BOTH.,#13057);
#13057 = SURFACE_SIDE_STYLE('',(#13058));
#13058 = SURFACE_STYLE_FILL_AREA(#13059);
#13059 = FILL_AREA_STYLE('',(#13060));
#13060 = FILL_AREA_STYLE_COLOUR('',#12093);
#13061 = OVER_RIDING_STYLED_ITEM('overriding color',(#13062),#5658,
  #12076);
#13062 = PRESENTATION_STYLE_ASSIGNMENT((#13063));
#13063 = SURFACE_STYLE_USAGE(.BOTH.,#13064);
#13064 = SURFACE_SIDE_STYLE('',(#13065));
#13065 = SURFACE_STYLE_FILL_AREA(#13066);
#13066 = FILL_AREA_STYLE('',(#13067));
#13067 = FILL_AREA_STYLE_COLOUR('',#12093);
#13068 = OVER_RIDING_STYLED_ITEM('overriding color',(#13069),#5678,
  #12076);
#13069 = PRESENTATION_STYLE_ASSIGNMENT((#13070));
#13070 = SURFACE_STYLE_USAGE(.BOTH.,#13071);
#13071 = SURFACE_SIDE_STYLE('',(#13072));
#13072 = SURFACE_STYLE_FILL_AREA(#13073);
#13073 = FILL_AREA_STYLE('',(#13074));
#13074 = FILL_AREA_STYLE_COLOUR('',#12093);
#13075 = OVER_RIDING_STYLED_ITEM('overriding color',(#13076),#5694,
  #12076);
#13076 = PRESENTATION_STYLE_ASSIGNMENT((#13077));
#13077 = SURFACE_STYLE_USAGE(.BOTH.,#13078);
#13078 = SURFACE_SIDE_STYLE('',(#13079));
#13079 = SURFACE_STYLE_FILL_AREA(#13080);
#13080 = FILL_AREA_STYLE('',(#13081));
#13081 = FILL_AREA_STYLE_COLOUR('',#12093);
#13082 = OVER_RIDING_STYLED_ITEM('overriding color',(#13083),#5710,
  #12076);
#13083 = PRESENTATION_STYLE_ASSIGNMENT((#13084));
#13084 = SURFACE_STYLE_USAGE(.BOTH.,#13085);
#13085 = SURFACE_SIDE_STYLE('',(#13086));
#13086 = SURFACE_STYLE_FILL_AREA(#13087);
#13087 = FILL_AREA_STYLE('',(#13088));
#13088 = FILL_AREA_STYLE_COLOUR('',#12093);
#13089 = OVER_RIDING_STYLED_ITEM('overriding color',(#13090),#5722,
  #12076);
#13090 = PRESENTATION_STYLE_ASSIGNMENT((#13091));
#13091 = SURFACE_STYLE_USAGE(.BOTH.,#13092);
#13092 = SURFACE_SIDE_STYLE('',(#13093));
#13093 = SURFACE_STYLE_FILL_AREA(#13094);
#13094 = FILL_AREA_STYLE('',(#13095));
#13095 = FILL_AREA_STYLE_COLOUR('',#12093);
#13096 = OVER_RIDING_STYLED_ITEM('overriding color',(#13097),#5750,
  #12076);
#13097 = PRESENTATION_STYLE_ASSIGNMENT((#13098));
#13098 = SURFACE_STYLE_USAGE(.BOTH.,#13099);
#13099 = SURFACE_SIDE_STYLE('',(#13100));
#13100 = SURFACE_STYLE_FILL_AREA(#13101);
#13101 = FILL_AREA_STYLE('',(#13102));
#13102 = FILL_AREA_STYLE_COLOUR('',#12093);
#13103 = OVER_RIDING_STYLED_ITEM('overriding color',(#13104),#5772,
  #12076);
#13104 = PRESENTATION_STYLE_ASSIGNMENT((#13105));
#13105 = SURFACE_STYLE_USAGE(.BOTH.,#13106);
#13106 = SURFACE_SIDE_STYLE('',(#13107));
#13107 = SURFACE_STYLE_FILL_AREA(#13108);
#13108 = FILL_AREA_STYLE('',(#13109));
#13109 = FILL_AREA_STYLE_COLOUR('',#12093);
#13110 = OVER_RIDING_STYLED_ITEM('overriding color',(#13111),#5794,
  #12076);
#13111 = PRESENTATION_STYLE_ASSIGNMENT((#13112));
#13112 = SURFACE_STYLE_USAGE(.BOTH.,#13113);
#13113 = SURFACE_SIDE_STYLE('',(#13114));
#13114 = SURFACE_STYLE_FILL_AREA(#13115);
#13115 = FILL_AREA_STYLE('',(#13116));
#13116 = FILL_AREA_STYLE_COLOUR('',#12093);
#13117 = OVER_RIDING_STYLED_ITEM('overriding color',(#13118),#5810,
  #12076);
#13118 = PRESENTATION_STYLE_ASSIGNMENT((#13119));
#13119 = SURFACE_STYLE_USAGE(.BOTH.,#13120);
#13120 = SURFACE_SIDE_STYLE('',(#13121));
#13121 = SURFACE_STYLE_FILL_AREA(#13122);
#13122 = FILL_AREA_STYLE('',(#13123));
#13123 = FILL_AREA_STYLE_COLOUR('',#12093);
#13124 = OVER_RIDING_STYLED_ITEM('overriding color',(#13125),#5846,
  #12076);
#13125 = PRESENTATION_STYLE_ASSIGNMENT((#13126));
#13126 = SURFACE_STYLE_USAGE(.BOTH.,#13127);
#13127 = SURFACE_SIDE_STYLE('',(#13128));
#13128 = SURFACE_STYLE_FILL_AREA(#13129);
#13129 = FILL_AREA_STYLE('',(#13130));
#13130 = FILL_AREA_STYLE_COLOUR('',#12093);
#13131 = OVER_RIDING_STYLED_ITEM('overriding color',(#13132),#5866,
  #12076);
#13132 = PRESENTATION_STYLE_ASSIGNMENT((#13133));
#13133 = SURFACE_STYLE_USAGE(.BOTH.,#13134);
#13134 = SURFACE_SIDE_STYLE('',(#13135));
#13135 = SURFACE_STYLE_FILL_AREA(#13136);
#13136 = FILL_AREA_STYLE('',(#13137));
#13137 = FILL_AREA_STYLE_COLOUR('',#12093);
#13138 = OVER_RIDING_STYLED_ITEM('overriding color',(#13139),#5882,
  #12076);
#13139 = PRESENTATION_STYLE_ASSIGNMENT((#13140));
#13140 = SURFACE_STYLE_USAGE(.BOTH.,#13141);
#13141 = SURFACE_SIDE_STYLE('',(#13142));
#13142 = SURFACE_STYLE_FILL_AREA(#13143);
#13143 = FILL_AREA_STYLE('',(#13144));
#13144 = FILL_AREA_STYLE_COLOUR('',#12093);
#13145 = OVER_RIDING_STYLED_ITEM('overriding color',(#13146),#5898,
  #12076);
#13146 = PRESENTATION_STYLE_ASSIGNMENT((#13147));
#13147 = SURFACE_STYLE_USAGE(.BOTH.,#13148);
#13148 = SURFACE_SIDE_STYLE('',(#13149));
#13149 = SURFACE_STYLE_FILL_AREA(#13150);
#13150 = FILL_AREA_STYLE('',(#13151));
#13151 = FILL_AREA_STYLE_COLOUR('',#12093);
#13152 = OVER_RIDING_STYLED_ITEM('overriding color',(#13153),#5910,
  #12076);
#13153 = PRESENTATION_STYLE_ASSIGNMENT((#13154));
#13154 = SURFACE_STYLE_USAGE(.BOTH.,#13155);
#13155 = SURFACE_SIDE_STYLE('',(#13156));
#13156 = SURFACE_STYLE_FILL_AREA(#13157);
#13157 = FILL_AREA_STYLE('',(#13158));
#13158 = FILL_AREA_STYLE_COLOUR('',#12093);
#13159 = OVER_RIDING_STYLED_ITEM('overriding color',(#13160),#5938,
  #12076);
#13160 = PRESENTATION_STYLE_ASSIGNMENT((#13161));
#13161 = SURFACE_STYLE_USAGE(.BOTH.,#13162);
#13162 = SURFACE_SIDE_STYLE('',(#13163));
#13163 = SURFACE_STYLE_FILL_AREA(#13164);
#13164 = FILL_AREA_STYLE('',(#13165));
#13165 = FILL_AREA_STYLE_COLOUR('',#12093);
#13166 = OVER_RIDING_STYLED_ITEM('overriding color',(#13167),#5960,
  #12076);
#13167 = PRESENTATION_STYLE_ASSIGNMENT((#13168));
#13168 = SURFACE_STYLE_USAGE(.BOTH.,#13169);
#13169 = SURFACE_SIDE_STYLE('',(#13170));
#13170 = SURFACE_STYLE_FILL_AREA(#13171);
#13171 = FILL_AREA_STYLE('',(#13172));
#13172 = FILL_AREA_STYLE_COLOUR('',#12093);
#13173 = OVER_RIDING_STYLED_ITEM('overriding color',(#13174),#5982,
  #12076);
#13174 = PRESENTATION_STYLE_ASSIGNMENT((#13175));
#13175 = SURFACE_STYLE_USAGE(.BOTH.,#13176);
#13176 = SURFACE_SIDE_STYLE('',(#13177));
#13177 = SURFACE_STYLE_FILL_AREA(#13178);
#13178 = FILL_AREA_STYLE('',(#13179));
#13179 = FILL_AREA_STYLE_COLOUR('',#12093);
#13180 = OVER_RIDING_STYLED_ITEM('overriding color',(#13181),#5998,
  #12076);
#13181 = PRESENTATION_STYLE_ASSIGNMENT((#13182));
#13182 = SURFACE_STYLE_USAGE(.BOTH.,#13183);
#13183 = SURFACE_SIDE_STYLE('',(#13184));
#13184 = SURFACE_STYLE_FILL_AREA(#13185);
#13185 = FILL_AREA_STYLE('',(#13186));
#13186 = FILL_AREA_STYLE_COLOUR('',#12093);
#13187 = OVER_RIDING_STYLED_ITEM('overriding color',(#13188),#6034,
  #12076);
#13188 = PRESENTATION_STYLE_ASSIGNMENT((#13189));
#13189 = SURFACE_STYLE_USAGE(.BOTH.,#13190);
#13190 = SURFACE_SIDE_STYLE('',(#13191));
#13191 = SURFACE_STYLE_FILL_AREA(#13192);
#13192 = FILL_AREA_STYLE('',(#13193));
#13193 = FILL_AREA_STYLE_COLOUR('',#12093);
#13194 = OVER_RIDING_STYLED_ITEM('overriding color',(#13195),#6054,
  #12076);
#13195 = PRESENTATION_STYLE_ASSIGNMENT((#13196));
#13196 = SURFACE_STYLE_USAGE(.BOTH.,#13197);
#13197 = SURFACE_SIDE_STYLE('',(#13198));
#13198 = SURFACE_STYLE_FILL_AREA(#13199);
#13199 = FILL_AREA_STYLE('',(#13200));
#13200 = FILL_AREA_STYLE_COLOUR('',#12093);
#13201 = OVER_RIDING_STYLED_ITEM('overriding color',(#13202),#6070,
  #12076);
#13202 = PRESENTATION_STYLE_ASSIGNMENT((#13203));
#13203 = SURFACE_STYLE_USAGE(.BOTH.,#13204);
#13204 = SURFACE_SIDE_STYLE('',(#13205));
#13205 = SURFACE_STYLE_FILL_AREA(#13206);
#13206 = FILL_AREA_STYLE('',(#13207));
#13207 = FILL_AREA_STYLE_COLOUR('',#12093);
#13208 = OVER_RIDING_STYLED_ITEM('overriding color',(#13209),#6086,
  #12076);
#13209 = PRESENTATION_STYLE_ASSIGNMENT((#13210));
#13210 = SURFACE_STYLE_USAGE(.BOTH.,#13211);
#13211 = SURFACE_SIDE_STYLE('',(#13212));
#13212 = SURFACE_STYLE_FILL_AREA(#13213);
#13213 = FILL_AREA_STYLE('',(#13214));
#13214 = FILL_AREA_STYLE_COLOUR('',#12093);
#13215 = OVER_RIDING_STYLED_ITEM('overriding color',(#13216),#6098,
  #12076);
#13216 = PRESENTATION_STYLE_ASSIGNMENT((#13217));
#13217 = SURFACE_STYLE_USAGE(.BOTH.,#13218);
#13218 = SURFACE_SIDE_STYLE('',(#13219));
#13219 = SURFACE_STYLE_FILL_AREA(#13220);
#13220 = FILL_AREA_STYLE('',(#13221));
#13221 = FILL_AREA_STYLE_COLOUR('',#12093);
#13222 = OVER_RIDING_STYLED_ITEM('overriding color',(#13223),#6126,
  #12076);
#13223 = PRESENTATION_STYLE_ASSIGNMENT((#13224));
#13224 = SURFACE_STYLE_USAGE(.BOTH.,#13225);
#13225 = SURFACE_SIDE_STYLE('',(#13226));
#13226 = SURFACE_STYLE_FILL_AREA(#13227);
#13227 = FILL_AREA_STYLE('',(#13228));
#13228 = FILL_AREA_STYLE_COLOUR('',#12093);
#13229 = OVER_RIDING_STYLED_ITEM('overriding color',(#13230),#6148,
  #12076);
#13230 = PRESENTATION_STYLE_ASSIGNMENT((#13231));
#13231 = SURFACE_STYLE_USAGE(.BOTH.,#13232);
#13232 = SURFACE_SIDE_STYLE('',(#13233));
#13233 = SURFACE_STYLE_FILL_AREA(#13234);
#13234 = FILL_AREA_STYLE('',(#13235));
#13235 = FILL_AREA_STYLE_COLOUR('',#12093);
#13236 = OVER_RIDING_STYLED_ITEM('overriding color',(#13237),#6170,
  #12076);
#13237 = PRESENTATION_STYLE_ASSIGNMENT((#13238));
#13238 = SURFACE_STYLE_USAGE(.BOTH.,#13239);
#13239 = SURFACE_SIDE_STYLE('',(#13240));
#13240 = SURFACE_STYLE_FILL_AREA(#13241);
#13241 = FILL_AREA_STYLE('',(#13242));
#13242 = FILL_AREA_STYLE_COLOUR('',#12093);
#13243 = OVER_RIDING_STYLED_ITEM('overriding color',(#13244),#6186,
  #12076);
#13244 = PRESENTATION_STYLE_ASSIGNMENT((#13245));
#13245 = SURFACE_STYLE_USAGE(.BOTH.,#13246);
#13246 = SURFACE_SIDE_STYLE('',(#13247));
#13247 = SURFACE_STYLE_FILL_AREA(#13248);
#13248 = FILL_AREA_STYLE('',(#13249));
#13249 = FILL_AREA_STYLE_COLOUR('',#12093);
#13250 = OVER_RIDING_STYLED_ITEM('overriding color',(#13251),#6222,
  #12076);
#13251 = PRESENTATION_STYLE_ASSIGNMENT((#13252));
#13252 = SURFACE_STYLE_USAGE(.BOTH.,#13253);
#13253 = SURFACE_SIDE_STYLE('',(#13254));
#13254 = SURFACE_STYLE_FILL_AREA(#13255);
#13255 = FILL_AREA_STYLE('',(#13256));
#13256 = FILL_AREA_STYLE_COLOUR('',#12093);
#13257 = OVER_RIDING_STYLED_ITEM('overriding color',(#13258),#6242,
  #12076);
#13258 = PRESENTATION_STYLE_ASSIGNMENT((#13259));
#13259 = SURFACE_STYLE_USAGE(.BOTH.,#13260);
#13260 = SURFACE_SIDE_STYLE('',(#13261));
#13261 = SURFACE_STYLE_FILL_AREA(#13262);
#13262 = FILL_AREA_STYLE('',(#13263));
#13263 = FILL_AREA_STYLE_COLOUR('',#12093);
#13264 = OVER_RIDING_STYLED_ITEM('overriding color',(#13265),#6258,
  #12076);
#13265 = PRESENTATION_STYLE_ASSIGNMENT((#13266));
#13266 = SURFACE_STYLE_USAGE(.BOTH.,#13267);
#13267 = SURFACE_SIDE_STYLE('',(#13268));
#13268 = SURFACE_STYLE_FILL_AREA(#13269);
#13269 = FILL_AREA_STYLE('',(#13270));
#13270 = FILL_AREA_STYLE_COLOUR('',#12093);
#13271 = OVER_RIDING_STYLED_ITEM('overriding color',(#13272),#6274,
  #12076);
#13272 = PRESENTATION_STYLE_ASSIGNMENT((#13273));
#13273 = SURFACE_STYLE_USAGE(.BOTH.,#13274);
#13274 = SURFACE_SIDE_STYLE('',(#13275));
#13275 = SURFACE_STYLE_FILL_AREA(#13276);
#13276 = FILL_AREA_STYLE('',(#13277));
#13277 = FILL_AREA_STYLE_COLOUR('',#12093);
#13278 = OVER_RIDING_STYLED_ITEM('overriding color',(#13279),#6286,
  #12076);
#13279 = PRESENTATION_STYLE_ASSIGNMENT((#13280));
#13280 = SURFACE_STYLE_USAGE(.BOTH.,#13281);
#13281 = SURFACE_SIDE_STYLE('',(#13282));
#13282 = SURFACE_STYLE_FILL_AREA(#13283);
#13283 = FILL_AREA_STYLE('',(#13284));
#13284 = FILL_AREA_STYLE_COLOUR('',#12083);
#13285 = OVER_RIDING_STYLED_ITEM('overriding color',(#13286),#6314,
  #12076);
#13286 = PRESENTATION_STYLE_ASSIGNMENT((#13287));
#13287 = SURFACE_STYLE_USAGE(.BOTH.,#13288);
#13288 = SURFACE_SIDE_STYLE('',(#13289));
#13289 = SURFACE_STYLE_FILL_AREA(#13290);
#13290 = FILL_AREA_STYLE('',(#13291));
#13291 = FILL_AREA_STYLE_COLOUR('',#12083);
#13292 = OVER_RIDING_STYLED_ITEM('overriding color',(#13293),#6336,
  #12076);
#13293 = PRESENTATION_STYLE_ASSIGNMENT((#13294));
#13294 = SURFACE_STYLE_USAGE(.BOTH.,#13295);
#13295 = SURFACE_SIDE_STYLE('',(#13296));
#13296 = SURFACE_STYLE_FILL_AREA(#13297);
#13297 = FILL_AREA_STYLE('',(#13298));
#13298 = FILL_AREA_STYLE_COLOUR('',#12083);
#13299 = OVER_RIDING_STYLED_ITEM('overriding color',(#13300),#6358,
  #12076);
#13300 = PRESENTATION_STYLE_ASSIGNMENT((#13301));
#13301 = SURFACE_STYLE_USAGE(.BOTH.,#13302);
#13302 = SURFACE_SIDE_STYLE('',(#13303));
#13303 = SURFACE_STYLE_FILL_AREA(#13304);
#13304 = FILL_AREA_STYLE('',(#13305));
#13305 = FILL_AREA_STYLE_COLOUR('',#12083);
#13306 = OVER_RIDING_STYLED_ITEM('overriding color',(#13307),#6380,
  #12076);
#13307 = PRESENTATION_STYLE_ASSIGNMENT((#13308));
#13308 = SURFACE_STYLE_USAGE(.BOTH.,#13309);
#13309 = SURFACE_SIDE_STYLE('',(#13310));
#13310 = SURFACE_STYLE_FILL_AREA(#13311);
#13311 = FILL_AREA_STYLE('',(#13312));
#13312 = FILL_AREA_STYLE_COLOUR('',#12083);
#13313 = OVER_RIDING_STYLED_ITEM('overriding color',(#13314),#6402,
  #12076);
#13314 = PRESENTATION_STYLE_ASSIGNMENT((#13315));
#13315 = SURFACE_STYLE_USAGE(.BOTH.,#13316);
#13316 = SURFACE_SIDE_STYLE('',(#13317));
#13317 = SURFACE_STYLE_FILL_AREA(#13318);
#13318 = FILL_AREA_STYLE('',(#13319));
#13319 = FILL_AREA_STYLE_COLOUR('',#12083);
#13320 = OVER_RIDING_STYLED_ITEM('overriding color',(#13321),#6418,
  #12076);
#13321 = PRESENTATION_STYLE_ASSIGNMENT((#13322));
#13322 = SURFACE_STYLE_USAGE(.BOTH.,#13323);
#13323 = SURFACE_SIDE_STYLE('',(#13324));
#13324 = SURFACE_STYLE_FILL_AREA(#13325);
#13325 = FILL_AREA_STYLE('',(#13326));
#13326 = FILL_AREA_STYLE_COLOUR('',#12083);
#13327 = OVER_RIDING_STYLED_ITEM('overriding color',(#13328),#6432,
  #12076);
#13328 = PRESENTATION_STYLE_ASSIGNMENT((#13329));
#13329 = SURFACE_STYLE_USAGE(.BOTH.,#13330);
#13330 = SURFACE_SIDE_STYLE('',(#13331));
#13331 = SURFACE_STYLE_FILL_AREA(#13332);
#13332 = FILL_AREA_STYLE('',(#13333));
#13333 = FILL_AREA_STYLE_COLOUR('',#12083);
#13334 = OVER_RIDING_STYLED_ITEM('overriding color',(#13335),#6466,
  #12076);
#13335 = PRESENTATION_STYLE_ASSIGNMENT((#13336));
#13336 = SURFACE_STYLE_USAGE(.BOTH.,#13337);
#13337 = SURFACE_SIDE_STYLE('',(#13338));
#13338 = SURFACE_STYLE_FILL_AREA(#13339);
#13339 = FILL_AREA_STYLE('',(#13340));
#13340 = FILL_AREA_STYLE_COLOUR('',#12083);
#13341 = OVER_RIDING_STYLED_ITEM('overriding color',(#13342),#6488,
  #12076);
#13342 = PRESENTATION_STYLE_ASSIGNMENT((#13343));
#13343 = SURFACE_STYLE_USAGE(.BOTH.,#13344);
#13344 = SURFACE_SIDE_STYLE('',(#13345));
#13345 = SURFACE_STYLE_FILL_AREA(#13346);
#13346 = FILL_AREA_STYLE('',(#13347));
#13347 = FILL_AREA_STYLE_COLOUR('',#12083);
#13348 = OVER_RIDING_STYLED_ITEM('overriding color',(#13349),#6516,
  #12076);
#13349 = PRESENTATION_STYLE_ASSIGNMENT((#13350));
#13350 = SURFACE_STYLE_USAGE(.BOTH.,#13351);
#13351 = SURFACE_SIDE_STYLE('',(#13352));
#13352 = SURFACE_STYLE_FILL_AREA(#13353);
#13353 = FILL_AREA_STYLE('',(#13354));
#13354 = FILL_AREA_STYLE_COLOUR('',#12083);
#13355 = OVER_RIDING_STYLED_ITEM('overriding color',(#13356),#6544,
  #12076);
#13356 = PRESENTATION_STYLE_ASSIGNMENT((#13357));
#13357 = SURFACE_STYLE_USAGE(.BOTH.,#13358);
#13358 = SURFACE_SIDE_STYLE('',(#13359));
#13359 = SURFACE_STYLE_FILL_AREA(#13360);
#13360 = FILL_AREA_STYLE('',(#13361));
#13361 = FILL_AREA_STYLE_COLOUR('',#12083);
#13362 = OVER_RIDING_STYLED_ITEM('overriding color',(#13363),#6572,
  #12076);
#13363 = PRESENTATION_STYLE_ASSIGNMENT((#13364));
#13364 = SURFACE_STYLE_USAGE(.BOTH.,#13365);
#13365 = SURFACE_SIDE_STYLE('',(#13366));
#13366 = SURFACE_STYLE_FILL_AREA(#13367);
#13367 = FILL_AREA_STYLE('',(#13368));
#13368 = FILL_AREA_STYLE_COLOUR('',#12083);
#13369 = OVER_RIDING_STYLED_ITEM('overriding color',(#13370),#6600,
  #12076);
#13370 = PRESENTATION_STYLE_ASSIGNMENT((#13371));
#13371 = SURFACE_STYLE_USAGE(.BOTH.,#13372);
#13372 = SURFACE_SIDE_STYLE('',(#13373));
#13373 = SURFACE_STYLE_FILL_AREA(#13374);
#13374 = FILL_AREA_STYLE('',(#13375));
#13375 = FILL_AREA_STYLE_COLOUR('',#12083);
#13376 = OVER_RIDING_STYLED_ITEM('overriding color',(#13377),#6628,
  #12076);
#13377 = PRESENTATION_STYLE_ASSIGNMENT((#13378));
#13378 = SURFACE_STYLE_USAGE(.BOTH.,#13379);
#13379 = SURFACE_SIDE_STYLE('',(#13380));
#13380 = SURFACE_STYLE_FILL_AREA(#13381);
#13381 = FILL_AREA_STYLE('',(#13382));
#13382 = FILL_AREA_STYLE_COLOUR('',#12083);
#13383 = OVER_RIDING_STYLED_ITEM('overriding color',(#13384),#6656,
  #12076);
#13384 = PRESENTATION_STYLE_ASSIGNMENT((#13385));
#13385 = SURFACE_STYLE_USAGE(.BOTH.,#13386);
#13386 = SURFACE_SIDE_STYLE('',(#13387));
#13387 = SURFACE_STYLE_FILL_AREA(#13388);
#13388 = FILL_AREA_STYLE('',(#13389));
#13389 = FILL_AREA_STYLE_COLOUR('',#12083);
#13390 = OVER_RIDING_STYLED_ITEM('overriding color',(#13391),#6678,
  #12076);
#13391 = PRESENTATION_STYLE_ASSIGNMENT((#13392));
#13392 = SURFACE_STYLE_USAGE(.BOTH.,#13393);
#13393 = SURFACE_SIDE_STYLE('',(#13394));
#13394 = SURFACE_STYLE_FILL_AREA(#13395);
#13395 = FILL_AREA_STYLE('',(#13396));
#13396 = FILL_AREA_STYLE_COLOUR('',#12083);
#13397 = OVER_RIDING_STYLED_ITEM('overriding color',(#13398),#6706,
  #12076);
#13398 = PRESENTATION_STYLE_ASSIGNMENT((#13399));
#13399 = SURFACE_STYLE_USAGE(.BOTH.,#13400);
#13400 = SURFACE_SIDE_STYLE('',(#13401));
#13401 = SURFACE_STYLE_FILL_AREA(#13402);
#13402 = FILL_AREA_STYLE('',(#13403));
#13403 = FILL_AREA_STYLE_COLOUR('',#12083);
#13404 = OVER_RIDING_STYLED_ITEM('overriding color',(#13405),#6734,
  #12076);
#13405 = PRESENTATION_STYLE_ASSIGNMENT((#13406));
#13406 = SURFACE_STYLE_USAGE(.BOTH.,#13407);
#13407 = SURFACE_SIDE_STYLE('',(#13408));
#13408 = SURFACE_STYLE_FILL_AREA(#13409);
#13409 = FILL_AREA_STYLE('',(#13410));
#13410 = FILL_AREA_STYLE_COLOUR('',#12083);
#13411 = OVER_RIDING_STYLED_ITEM('overriding color',(#13412),#6762,
  #12076);
#13412 = PRESENTATION_STYLE_ASSIGNMENT((#13413));
#13413 = SURFACE_STYLE_USAGE(.BOTH.,#13414);
#13414 = SURFACE_SIDE_STYLE('',(#13415));
#13415 = SURFACE_STYLE_FILL_AREA(#13416);
#13416 = FILL_AREA_STYLE('',(#13417));
#13417 = FILL_AREA_STYLE_COLOUR('',#12083);
#13418 = OVER_RIDING_STYLED_ITEM('overriding color',(#13419),#6790,
  #12076);
#13419 = PRESENTATION_STYLE_ASSIGNMENT((#13420));
#13420 = SURFACE_STYLE_USAGE(.BOTH.,#13421);
#13421 = SURFACE_SIDE_STYLE('',(#13422));
#13422 = SURFACE_STYLE_FILL_AREA(#13423);
#13423 = FILL_AREA_STYLE('',(#13424));
#13424 = FILL_AREA_STYLE_COLOUR('',#12083);
#13425 = OVER_RIDING_STYLED_ITEM('overriding color',(#13426),#6812,
  #12076);
#13426 = PRESENTATION_STYLE_ASSIGNMENT((#13427));
#13427 = SURFACE_STYLE_USAGE(.BOTH.,#13428);
#13428 = SURFACE_SIDE_STYLE('',(#13429));
#13429 = SURFACE_STYLE_FILL_AREA(#13430);
#13430 = FILL_AREA_STYLE('',(#13431));
#13431 = FILL_AREA_STYLE_COLOUR('',#12083);
#13432 = OVER_RIDING_STYLED_ITEM('overriding color',(#13433),#6834,
  #12076);
#13433 = PRESENTATION_STYLE_ASSIGNMENT((#13434));
#13434 = SURFACE_STYLE_USAGE(.BOTH.,#13435);
#13435 = SURFACE_SIDE_STYLE('',(#13436));
#13436 = SURFACE_STYLE_FILL_AREA(#13437);
#13437 = FILL_AREA_STYLE('',(#13438));
#13438 = FILL_AREA_STYLE_COLOUR('',#12083);
#13439 = OVER_RIDING_STYLED_ITEM('overriding color',(#13440),#6862,
  #12076);
#13440 = PRESENTATION_STYLE_ASSIGNMENT((#13441));
#13441 = SURFACE_STYLE_USAGE(.BOTH.,#13442);
#13442 = SURFACE_SIDE_STYLE('',(#13443));
#13443 = SURFACE_STYLE_FILL_AREA(#13444);
#13444 = FILL_AREA_STYLE('',(#13445));
#13445 = FILL_AREA_STYLE_COLOUR('',#12083);
#13446 = OVER_RIDING_STYLED_ITEM('overriding color',(#13447),#6884,
  #12076);
#13447 = PRESENTATION_STYLE_ASSIGNMENT((#13448));
#13448 = SURFACE_STYLE_USAGE(.BOTH.,#13449);
#13449 = SURFACE_SIDE_STYLE('',(#13450));
#13450 = SURFACE_STYLE_FILL_AREA(#13451);
#13451 = FILL_AREA_STYLE('',(#13452));
#13452 = FILL_AREA_STYLE_COLOUR('',#12083);
#13453 = OVER_RIDING_STYLED_ITEM('overriding color',(#13454),#6906,
  #12076);
#13454 = PRESENTATION_STYLE_ASSIGNMENT((#13455));
#13455 = SURFACE_STYLE_USAGE(.BOTH.,#13456);
#13456 = SURFACE_SIDE_STYLE('',(#13457));
#13457 = SURFACE_STYLE_FILL_AREA(#13458);
#13458 = FILL_AREA_STYLE('',(#13459));
#13459 = FILL_AREA_STYLE_COLOUR('',#12083);
#13460 = OVER_RIDING_STYLED_ITEM('overriding color',(#13461),#6928,
  #12076);
#13461 = PRESENTATION_STYLE_ASSIGNMENT((#13462));
#13462 = SURFACE_STYLE_USAGE(.BOTH.,#13463);
#13463 = SURFACE_SIDE_STYLE('',(#13464));
#13464 = SURFACE_STYLE_FILL_AREA(#13465);
#13465 = FILL_AREA_STYLE('',(#13466));
#13466 = FILL_AREA_STYLE_COLOUR('',#12083);
#13467 = OVER_RIDING_STYLED_ITEM('overriding color',(#13468),#6950,
  #12076);
#13468 = PRESENTATION_STYLE_ASSIGNMENT((#13469));
#13469 = SURFACE_STYLE_USAGE(.BOTH.,#13470);
#13470 = SURFACE_SIDE_STYLE('',(#13471));
#13471 = SURFACE_STYLE_FILL_AREA(#13472);
#13472 = FILL_AREA_STYLE('',(#13473));
#13473 = FILL_AREA_STYLE_COLOUR('',#12083);
#13474 = OVER_RIDING_STYLED_ITEM('overriding color',(#13475),#6972,
  #12076);
#13475 = PRESENTATION_STYLE_ASSIGNMENT((#13476));
#13476 = SURFACE_STYLE_USAGE(.BOTH.,#13477);
#13477 = SURFACE_SIDE_STYLE('',(#13478));
#13478 = SURFACE_STYLE_FILL_AREA(#13479);
#13479 = FILL_AREA_STYLE('',(#13480));
#13480 = FILL_AREA_STYLE_COLOUR('',#12083);
#13481 = OVER_RIDING_STYLED_ITEM('overriding color',(#13482),#6994,
  #12076);
#13482 = PRESENTATION_STYLE_ASSIGNMENT((#13483));
#13483 = SURFACE_STYLE_USAGE(.BOTH.,#13484);
#13484 = SURFACE_SIDE_STYLE('',(#13485));
#13485 = SURFACE_STYLE_FILL_AREA(#13486);
#13486 = FILL_AREA_STYLE('',(#13487));
#13487 = FILL_AREA_STYLE_COLOUR('',#12083);
#13488 = OVER_RIDING_STYLED_ITEM('overriding color',(#13489),#7016,
  #12076);
#13489 = PRESENTATION_STYLE_ASSIGNMENT((#13490));
#13490 = SURFACE_STYLE_USAGE(.BOTH.,#13491);
#13491 = SURFACE_SIDE_STYLE('',(#13492));
#13492 = SURFACE_STYLE_FILL_AREA(#13493);
#13493 = FILL_AREA_STYLE('',(#13494));
#13494 = FILL_AREA_STYLE_COLOUR('',#12083);
#13495 = OVER_RIDING_STYLED_ITEM('overriding color',(#13496),#7038,
  #12076);
#13496 = PRESENTATION_STYLE_ASSIGNMENT((#13497));
#13497 = SURFACE_STYLE_USAGE(.BOTH.,#13498);
#13498 = SURFACE_SIDE_STYLE('',(#13499));
#13499 = SURFACE_STYLE_FILL_AREA(#13500);
#13500 = FILL_AREA_STYLE('',(#13501));
#13501 = FILL_AREA_STYLE_COLOUR('',#12083);
#13502 = OVER_RIDING_STYLED_ITEM('overriding color',(#13503),#7060,
  #12076);
#13503 = PRESENTATION_STYLE_ASSIGNMENT((#13504));
#13504 = SURFACE_STYLE_USAGE(.BOTH.,#13505);
#13505 = SURFACE_SIDE_STYLE('',(#13506));
#13506 = SURFACE_STYLE_FILL_AREA(#13507);
#13507 = FILL_AREA_STYLE('',(#13508));
#13508 = FILL_AREA_STYLE_COLOUR('',#12083);
#13509 = OVER_RIDING_STYLED_ITEM('overriding color',(#13510),#7082,
  #12076);
#13510 = PRESENTATION_STYLE_ASSIGNMENT((#13511));
#13511 = SURFACE_STYLE_USAGE(.BOTH.,#13512);
#13512 = SURFACE_SIDE_STYLE('',(#13513));
#13513 = SURFACE_STYLE_FILL_AREA(#13514);
#13514 = FILL_AREA_STYLE('',(#13515));
#13515 = FILL_AREA_STYLE_COLOUR('',#12083);
#13516 = OVER_RIDING_STYLED_ITEM('overriding color',(#13517),#7098,
  #12076);
#13517 = PRESENTATION_STYLE_ASSIGNMENT((#13518));
#13518 = SURFACE_STYLE_USAGE(.BOTH.,#13519);
#13519 = SURFACE_SIDE_STYLE('',(#13520));
#13520 = SURFACE_STYLE_FILL_AREA(#13521);
#13521 = FILL_AREA_STYLE('',(#13522));
#13522 = FILL_AREA_STYLE_COLOUR('',#12083);
#13523 = OVER_RIDING_STYLED_ITEM('overriding color',(#13524),#7118,
  #12076);
#13524 = PRESENTATION_STYLE_ASSIGNMENT((#13525));
#13525 = SURFACE_STYLE_USAGE(.BOTH.,#13526);
#13526 = SURFACE_SIDE_STYLE('',(#13527));
#13527 = SURFACE_STYLE_FILL_AREA(#13528);
#13528 = FILL_AREA_STYLE('',(#13529));
#13529 = FILL_AREA_STYLE_COLOUR('',#12083);
#13530 = OVER_RIDING_STYLED_ITEM('overriding color',(#13531),#7242,
  #12076);
#13531 = PRESENTATION_STYLE_ASSIGNMENT((#13532));
#13532 = SURFACE_STYLE_USAGE(.BOTH.,#13533);
#13533 = SURFACE_SIDE_STYLE('',(#13534));
#13534 = SURFACE_STYLE_FILL_AREA(#13535);
#13535 = FILL_AREA_STYLE('',(#13536));
#13536 = FILL_AREA_STYLE_COLOUR('',#12083);
#13537 = OVER_RIDING_STYLED_ITEM('overriding color',(#13538),#7262,
  #12076);
#13538 = PRESENTATION_STYLE_ASSIGNMENT((#13539));
#13539 = SURFACE_STYLE_USAGE(.BOTH.,#13540);
#13540 = SURFACE_SIDE_STYLE('',(#13541));
#13541 = SURFACE_STYLE_FILL_AREA(#13542);
#13542 = FILL_AREA_STYLE('',(#13543));
#13543 = FILL_AREA_STYLE_COLOUR('',#12083);
#13544 = OVER_RIDING_STYLED_ITEM('overriding color',(#13545),#7282,
  #12076);
#13545 = PRESENTATION_STYLE_ASSIGNMENT((#13546));
#13546 = SURFACE_STYLE_USAGE(.BOTH.,#13547);
#13547 = SURFACE_SIDE_STYLE('',(#13548));
#13548 = SURFACE_STYLE_FILL_AREA(#13549);
#13549 = FILL_AREA_STYLE('',(#13550));
#13550 = FILL_AREA_STYLE_COLOUR('',#12083);
#13551 = OVER_RIDING_STYLED_ITEM('overriding color',(#13552),#7302,
  #12076);
#13552 = PRESENTATION_STYLE_ASSIGNMENT((#13553));
#13553 = SURFACE_STYLE_USAGE(.BOTH.,#13554);
#13554 = SURFACE_SIDE_STYLE('',(#13555));
#13555 = SURFACE_STYLE_FILL_AREA(#13556);
#13556 = FILL_AREA_STYLE('',(#13557));
#13557 = FILL_AREA_STYLE_COLOUR('',#12083);
#13558 = OVER_RIDING_STYLED_ITEM('overriding color',(#13559),#7322,
  #12076);
#13559 = PRESENTATION_STYLE_ASSIGNMENT((#13560));
#13560 = SURFACE_STYLE_USAGE(.BOTH.,#13561);
#13561 = SURFACE_SIDE_STYLE('',(#13562));
#13562 = SURFACE_STYLE_FILL_AREA(#13563);
#13563 = FILL_AREA_STYLE('',(#13564));
#13564 = FILL_AREA_STYLE_COLOUR('',#12083);
#13565 = OVER_RIDING_STYLED_ITEM('overriding color',(#13566),#7342,
  #12076);
#13566 = PRESENTATION_STYLE_ASSIGNMENT((#13567));
#13567 = SURFACE_STYLE_USAGE(.BOTH.,#13568);
#13568 = SURFACE_SIDE_STYLE('',(#13569));
#13569 = SURFACE_STYLE_FILL_AREA(#13570);
#13570 = FILL_AREA_STYLE('',(#13571));
#13571 = FILL_AREA_STYLE_COLOUR('',#12083);
#13572 = OVER_RIDING_STYLED_ITEM('overriding color',(#13573),#7358,
  #12076);
#13573 = PRESENTATION_STYLE_ASSIGNMENT((#13574));
#13574 = SURFACE_STYLE_USAGE(.BOTH.,#13575);
#13575 = SURFACE_SIDE_STYLE('',(#13576));
#13576 = SURFACE_STYLE_FILL_AREA(#13577);
#13577 = FILL_AREA_STYLE('',(#13578));
#13578 = FILL_AREA_STYLE_COLOUR('',#12083);
#13579 = OVER_RIDING_STYLED_ITEM('overriding color',(#13580),#7370,
  #12076);
#13580 = PRESENTATION_STYLE_ASSIGNMENT((#13581));
#13581 = SURFACE_STYLE_USAGE(.BOTH.,#13582);
#13582 = SURFACE_SIDE_STYLE('',(#13583));
#13583 = SURFACE_STYLE_FILL_AREA(#13584);
#13584 = FILL_AREA_STYLE('',(#13585));
#13585 = FILL_AREA_STYLE_COLOUR('',#12083);
#13586 = OVER_RIDING_STYLED_ITEM('overriding color',(#13587),#7398,
  #12076);
#13587 = PRESENTATION_STYLE_ASSIGNMENT((#13588));
#13588 = SURFACE_STYLE_USAGE(.BOTH.,#13589);
#13589 = SURFACE_SIDE_STYLE('',(#13590));
#13590 = SURFACE_STYLE_FILL_AREA(#13591);
#13591 = FILL_AREA_STYLE('',(#13592));
#13592 = FILL_AREA_STYLE_COLOUR('',#12083);
#13593 = OVER_RIDING_STYLED_ITEM('overriding color',(#13594),#7420,
  #12076);
#13594 = PRESENTATION_STYLE_ASSIGNMENT((#13595));
#13595 = SURFACE_STYLE_USAGE(.BOTH.,#13596);
#13596 = SURFACE_SIDE_STYLE('',(#13597));
#13597 = SURFACE_STYLE_FILL_AREA(#13598);
#13598 = FILL_AREA_STYLE('',(#13599));
#13599 = FILL_AREA_STYLE_COLOUR('',#12083);
#13600 = OVER_RIDING_STYLED_ITEM('overriding color',(#13601),#7442,
  #12076);
#13601 = PRESENTATION_STYLE_ASSIGNMENT((#13602));
#13602 = SURFACE_STYLE_USAGE(.BOTH.,#13603);
#13603 = SURFACE_SIDE_STYLE('',(#13604));
#13604 = SURFACE_STYLE_FILL_AREA(#13605);
#13605 = FILL_AREA_STYLE('',(#13606));
#13606 = FILL_AREA_STYLE_COLOUR('',#12083);
#13607 = OVER_RIDING_STYLED_ITEM('overriding color',(#13608),#7470,
  #12076);
#13608 = PRESENTATION_STYLE_ASSIGNMENT((#13609));
#13609 = SURFACE_STYLE_USAGE(.BOTH.,#13610);
#13610 = SURFACE_SIDE_STYLE('',(#13611));
#13611 = SURFACE_STYLE_FILL_AREA(#13612);
#13612 = FILL_AREA_STYLE('',(#13613));
#13613 = FILL_AREA_STYLE_COLOUR('',#12083);
#13614 = OVER_RIDING_STYLED_ITEM('overriding color',(#13615),#7498,
  #12076);
#13615 = PRESENTATION_STYLE_ASSIGNMENT((#13616));
#13616 = SURFACE_STYLE_USAGE(.BOTH.,#13617);
#13617 = SURFACE_SIDE_STYLE('',(#13618));
#13618 = SURFACE_STYLE_FILL_AREA(#13619);
#13619 = FILL_AREA_STYLE('',(#13620));
#13620 = FILL_AREA_STYLE_COLOUR('',#12083);
#13621 = OVER_RIDING_STYLED_ITEM('overriding color',(#13622),#7526,
  #12076);
#13622 = PRESENTATION_STYLE_ASSIGNMENT((#13623));
#13623 = SURFACE_STYLE_USAGE(.BOTH.,#13624);
#13624 = SURFACE_SIDE_STYLE('',(#13625));
#13625 = SURFACE_STYLE_FILL_AREA(#13626);
#13626 = FILL_AREA_STYLE('',(#13627));
#13627 = FILL_AREA_STYLE_COLOUR('',#12083);
#13628 = OVER_RIDING_STYLED_ITEM('overriding color',(#13629),#7548,
  #12076);
#13629 = PRESENTATION_STYLE_ASSIGNMENT((#13630));
#13630 = SURFACE_STYLE_USAGE(.BOTH.,#13631);
#13631 = SURFACE_SIDE_STYLE('',(#13632));
#13632 = SURFACE_STYLE_FILL_AREA(#13633);
#13633 = FILL_AREA_STYLE('',(#13634));
#13634 = FILL_AREA_STYLE_COLOUR('',#12136);
#13635 = OVER_RIDING_STYLED_ITEM('overriding color',(#13636),#7563,
  #12076);
#13636 = PRESENTATION_STYLE_ASSIGNMENT((#13637));
#13637 = SURFACE_STYLE_USAGE(.BOTH.,#13638);
#13638 = SURFACE_SIDE_STYLE('',(#13639));
#13639 = SURFACE_STYLE_FILL_AREA(#13640);
#13640 = FILL_AREA_STYLE('',(#13641));
#13641 = FILL_AREA_STYLE_COLOUR('',#12083);
#13642 = OVER_RIDING_STYLED_ITEM('overriding color',(#13643),#7675,
  #12076);
#13643 = PRESENTATION_STYLE_ASSIGNMENT((#13644));
#13644 = SURFACE_STYLE_USAGE(.BOTH.,#13645);
#13645 = SURFACE_SIDE_STYLE('',(#13646));
#13646 = SURFACE_STYLE_FILL_AREA(#13647);
#13647 = FILL_AREA_STYLE('',(#13648));
#13648 = FILL_AREA_STYLE_COLOUR('',#12083);
#13649 = OVER_RIDING_STYLED_ITEM('overriding color',(#13650),#7695,
  #12076);
#13650 = PRESENTATION_STYLE_ASSIGNMENT((#13651));
#13651 = SURFACE_STYLE_USAGE(.BOTH.,#13652);
#13652 = SURFACE_SIDE_STYLE('',(#13653));
#13653 = SURFACE_STYLE_FILL_AREA(#13654);
#13654 = FILL_AREA_STYLE('',(#13655));
#13655 = FILL_AREA_STYLE_COLOUR('',#12083);
#13656 = OVER_RIDING_STYLED_ITEM('overriding color',(#13657),#7711,
  #12076);
#13657 = PRESENTATION_STYLE_ASSIGNMENT((#13658));
#13658 = SURFACE_STYLE_USAGE(.BOTH.,#13659);
#13659 = SURFACE_SIDE_STYLE('',(#13660));
#13660 = SURFACE_STYLE_FILL_AREA(#13661);
#13661 = FILL_AREA_STYLE('',(#13662));
#13662 = FILL_AREA_STYLE_COLOUR('',#12083);
#13663 = OVER_RIDING_STYLED_ITEM('overriding color',(#13664),#7727,
  #12076);
#13664 = PRESENTATION_STYLE_ASSIGNMENT((#13665));
#13665 = SURFACE_STYLE_USAGE(.BOTH.,#13666);
#13666 = SURFACE_SIDE_STYLE('',(#13667));
#13667 = SURFACE_STYLE_FILL_AREA(#13668);
#13668 = FILL_AREA_STYLE('',(#13669));
#13669 = FILL_AREA_STYLE_COLOUR('',#12083);
#13670 = OVER_RIDING_STYLED_ITEM('overriding color',(#13671),#7743,
  #12076);
#13671 = PRESENTATION_STYLE_ASSIGNMENT((#13672));
#13672 = SURFACE_STYLE_USAGE(.BOTH.,#13673);
#13673 = SURFACE_SIDE_STYLE('',(#13674));
#13674 = SURFACE_STYLE_FILL_AREA(#13675);
#13675 = FILL_AREA_STYLE('',(#13676));
#13676 = FILL_AREA_STYLE_COLOUR('',#12083);
#13677 = OVER_RIDING_STYLED_ITEM('overriding color',(#13678),#7759,
  #12076);
#13678 = PRESENTATION_STYLE_ASSIGNMENT((#13679));
#13679 = SURFACE_STYLE_USAGE(.BOTH.,#13680);
#13680 = SURFACE_SIDE_STYLE('',(#13681));
#13681 = SURFACE_STYLE_FILL_AREA(#13682);
#13682 = FILL_AREA_STYLE('',(#13683));
#13683 = FILL_AREA_STYLE_COLOUR('',#12083);
#13684 = OVER_RIDING_STYLED_ITEM('overriding color',(#13685),#7775,
  #12076);
#13685 = PRESENTATION_STYLE_ASSIGNMENT((#13686));
#13686 = SURFACE_STYLE_USAGE(.BOTH.,#13687);
#13687 = SURFACE_SIDE_STYLE('',(#13688));
#13688 = SURFACE_STYLE_FILL_AREA(#13689);
#13689 = FILL_AREA_STYLE('',(#13690));
#13690 = FILL_AREA_STYLE_COLOUR('',#12083);
#13691 = OVER_RIDING_STYLED_ITEM('overriding color',(#13692),#7791,
  #12076);
#13692 = PRESENTATION_STYLE_ASSIGNMENT((#13693));
#13693 = SURFACE_STYLE_USAGE(.BOTH.,#13694);
#13694 = SURFACE_SIDE_STYLE('',(#13695));
#13695 = SURFACE_STYLE_FILL_AREA(#13696);
#13696 = FILL_AREA_STYLE('',(#13697));
#13697 = FILL_AREA_STYLE_COLOUR('',#12083);
#13698 = OVER_RIDING_STYLED_ITEM('overriding color',(#13699),#7803,
  #12076);
#13699 = PRESENTATION_STYLE_ASSIGNMENT((#13700));
#13700 = SURFACE_STYLE_USAGE(.BOTH.,#13701);
#13701 = SURFACE_SIDE_STYLE('',(#13702));
#13702 = SURFACE_STYLE_FILL_AREA(#13703);
#13703 = FILL_AREA_STYLE('',(#13704));
#13704 = FILL_AREA_STYLE_COLOUR('',#12083);
#13705 = OVER_RIDING_STYLED_ITEM('overriding color',(#13706),#7831,
  #12076);
#13706 = PRESENTATION_STYLE_ASSIGNMENT((#13707));
#13707 = SURFACE_STYLE_USAGE(.BOTH.,#13708);
#13708 = SURFACE_SIDE_STYLE('',(#13709));
#13709 = SURFACE_STYLE_FILL_AREA(#13710);
#13710 = FILL_AREA_STYLE('',(#13711));
#13711 = FILL_AREA_STYLE_COLOUR('',#12083);
#13712 = OVER_RIDING_STYLED_ITEM('overriding color',(#13713),#7853,
  #12076);
#13713 = PRESENTATION_STYLE_ASSIGNMENT((#13714));
#13714 = SURFACE_STYLE_USAGE(.BOTH.,#13715);
#13715 = SURFACE_SIDE_STYLE('',(#13716));
#13716 = SURFACE_STYLE_FILL_AREA(#13717);
#13717 = FILL_AREA_STYLE('',(#13718));
#13718 = FILL_AREA_STYLE_COLOUR('',#12083);
#13719 = OVER_RIDING_STYLED_ITEM('overriding color',(#13720),#7881,
  #12076);
#13720 = PRESENTATION_STYLE_ASSIGNMENT((#13721));
#13721 = SURFACE_STYLE_USAGE(.BOTH.,#13722);
#13722 = SURFACE_SIDE_STYLE('',(#13723));
#13723 = SURFACE_STYLE_FILL_AREA(#13724);
#13724 = FILL_AREA_STYLE('',(#13725));
#13725 = FILL_AREA_STYLE_COLOUR('',#12083);
#13726 = OVER_RIDING_STYLED_ITEM('overriding color',(#13727),#7903,
  #12076);
#13727 = PRESENTATION_STYLE_ASSIGNMENT((#13728));
#13728 = SURFACE_STYLE_USAGE(.BOTH.,#13729);
#13729 = SURFACE_SIDE_STYLE('',(#13730));
#13730 = SURFACE_STYLE_FILL_AREA(#13731);
#13731 = FILL_AREA_STYLE('',(#13732));
#13732 = FILL_AREA_STYLE_COLOUR('',#12083);
#13733 = OVER_RIDING_STYLED_ITEM('overriding color',(#13734),#7931,
  #12076);
#13734 = PRESENTATION_STYLE_ASSIGNMENT((#13735));
#13735 = SURFACE_STYLE_USAGE(.BOTH.,#13736);
#13736 = SURFACE_SIDE_STYLE('',(#13737));
#13737 = SURFACE_STYLE_FILL_AREA(#13738);
#13738 = FILL_AREA_STYLE('',(#13739));
#13739 = FILL_AREA_STYLE_COLOUR('',#12083);
#13740 = OVER_RIDING_STYLED_ITEM('overriding color',(#13741),#7947,
  #12076);
#13741 = PRESENTATION_STYLE_ASSIGNMENT((#13742));
#13742 = SURFACE_STYLE_USAGE(.BOTH.,#13743);
#13743 = SURFACE_SIDE_STYLE('',(#13744));
#13744 = SURFACE_STYLE_FILL_AREA(#13745);
#13745 = FILL_AREA_STYLE('',(#13746));
#13746 = FILL_AREA_STYLE_COLOUR('',#12136);
#13747 = OVER_RIDING_STYLED_ITEM('overriding color',(#13748),#7961,
  #12076);
#13748 = PRESENTATION_STYLE_ASSIGNMENT((#13749));
#13749 = SURFACE_STYLE_USAGE(.BOTH.,#13750);
#13750 = SURFACE_SIDE_STYLE('',(#13751));
#13751 = SURFACE_STYLE_FILL_AREA(#13752);
#13752 = FILL_AREA_STYLE('',(#13753));
#13753 = FILL_AREA_STYLE_COLOUR('',#12083);
#13754 = OVER_RIDING_STYLED_ITEM('overriding color',(#13755),#7989,
  #12076);
#13755 = PRESENTATION_STYLE_ASSIGNMENT((#13756));
#13756 = SURFACE_STYLE_USAGE(.BOTH.,#13757);
#13757 = SURFACE_SIDE_STYLE('',(#13758));
#13758 = SURFACE_STYLE_FILL_AREA(#13759);
#13759 = FILL_AREA_STYLE('',(#13760));
#13760 = FILL_AREA_STYLE_COLOUR('',#12083);
#13761 = OVER_RIDING_STYLED_ITEM('overriding color',(#13762),#8011,
  #12076);
#13762 = PRESENTATION_STYLE_ASSIGNMENT((#13763));
#13763 = SURFACE_STYLE_USAGE(.BOTH.,#13764);
#13764 = SURFACE_SIDE_STYLE('',(#13765));
#13765 = SURFACE_STYLE_FILL_AREA(#13766);
#13766 = FILL_AREA_STYLE('',(#13767));
#13767 = FILL_AREA_STYLE_COLOUR('',#12083);
#13768 = OVER_RIDING_STYLED_ITEM('overriding color',(#13769),#8033,
  #12076);
#13769 = PRESENTATION_STYLE_ASSIGNMENT((#13770));
#13770 = SURFACE_STYLE_USAGE(.BOTH.,#13771);
#13771 = SURFACE_SIDE_STYLE('',(#13772));
#13772 = SURFACE_STYLE_FILL_AREA(#13773);
#13773 = FILL_AREA_STYLE('',(#13774));
#13774 = FILL_AREA_STYLE_COLOUR('',#12083);
#13775 = OVER_RIDING_STYLED_ITEM('overriding color',(#13776),#8055,
  #12076);
#13776 = PRESENTATION_STYLE_ASSIGNMENT((#13777));
#13777 = SURFACE_STYLE_USAGE(.BOTH.,#13778);
#13778 = SURFACE_SIDE_STYLE('',(#13779));
#13779 = SURFACE_STYLE_FILL_AREA(#13780);
#13780 = FILL_AREA_STYLE('',(#13781));
#13781 = FILL_AREA_STYLE_COLOUR('',#12083);
#13782 = OVER_RIDING_STYLED_ITEM('overriding color',(#13783),#8077,
  #12076);
#13783 = PRESENTATION_STYLE_ASSIGNMENT((#13784));
#13784 = SURFACE_STYLE_USAGE(.BOTH.,#13785);
#13785 = SURFACE_SIDE_STYLE('',(#13786));
#13786 = SURFACE_STYLE_FILL_AREA(#13787);
#13787 = FILL_AREA_STYLE('',(#13788));
#13788 = FILL_AREA_STYLE_COLOUR('',#12083);
#13789 = OVER_RIDING_STYLED_ITEM('overriding color',(#13790),#8099,
  #12076);
#13790 = PRESENTATION_STYLE_ASSIGNMENT((#13791));
#13791 = SURFACE_STYLE_USAGE(.BOTH.,#13792);
#13792 = SURFACE_SIDE_STYLE('',(#13793));
#13793 = SURFACE_STYLE_FILL_AREA(#13794);
#13794 = FILL_AREA_STYLE('',(#13795));
#13795 = FILL_AREA_STYLE_COLOUR('',#12083);
#13796 = OVER_RIDING_STYLED_ITEM('overriding color',(#13797),#8121,
  #12076);
#13797 = PRESENTATION_STYLE_ASSIGNMENT((#13798));
#13798 = SURFACE_STYLE_USAGE(.BOTH.,#13799);
#13799 = SURFACE_SIDE_STYLE('',(#13800));
#13800 = SURFACE_STYLE_FILL_AREA(#13801);
#13801 = FILL_AREA_STYLE('',(#13802));
#13802 = FILL_AREA_STYLE_COLOUR('',#12083);
#13803 = OVER_RIDING_STYLED_ITEM('overriding color',(#13804),#8143,
  #12076);
#13804 = PRESENTATION_STYLE_ASSIGNMENT((#13805));
#13805 = SURFACE_STYLE_USAGE(.BOTH.,#13806);
#13806 = SURFACE_SIDE_STYLE('',(#13807));
#13807 = SURFACE_STYLE_FILL_AREA(#13808);
#13808 = FILL_AREA_STYLE('',(#13809));
#13809 = FILL_AREA_STYLE_COLOUR('',#12083);
#13810 = OVER_RIDING_STYLED_ITEM('overriding color',(#13811),#8165,
  #12076);
#13811 = PRESENTATION_STYLE_ASSIGNMENT((#13812));
#13812 = SURFACE_STYLE_USAGE(.BOTH.,#13813);
#13813 = SURFACE_SIDE_STYLE('',(#13814));
#13814 = SURFACE_STYLE_FILL_AREA(#13815);
#13815 = FILL_AREA_STYLE('',(#13816));
#13816 = FILL_AREA_STYLE_COLOUR('',#12083);
#13817 = OVER_RIDING_STYLED_ITEM('overriding color',(#13818),#8187,
  #12076);
#13818 = PRESENTATION_STYLE_ASSIGNMENT((#13819));
#13819 = SURFACE_STYLE_USAGE(.BOTH.,#13820);
#13820 = SURFACE_SIDE_STYLE('',(#13821));
#13821 = SURFACE_STYLE_FILL_AREA(#13822);
#13822 = FILL_AREA_STYLE('',(#13823));
#13823 = FILL_AREA_STYLE_COLOUR('',#12083);
#13824 = OVER_RIDING_STYLED_ITEM('overriding color',(#13825),#8209,
  #12076);
#13825 = PRESENTATION_STYLE_ASSIGNMENT((#13826));
#13826 = SURFACE_STYLE_USAGE(.BOTH.,#13827);
#13827 = SURFACE_SIDE_STYLE('',(#13828));
#13828 = SURFACE_STYLE_FILL_AREA(#13829);
#13829 = FILL_AREA_STYLE('',(#13830));
#13830 = FILL_AREA_STYLE_COLOUR('',#12083);
#13831 = OVER_RIDING_STYLED_ITEM('overriding color',(#13832),#8225,
  #12076);
#13832 = PRESENTATION_STYLE_ASSIGNMENT((#13833));
#13833 = SURFACE_STYLE_USAGE(.BOTH.,#13834);
#13834 = SURFACE_SIDE_STYLE('',(#13835));
#13835 = SURFACE_STYLE_FILL_AREA(#13836);
#13836 = FILL_AREA_STYLE('',(#13837));
#13837 = FILL_AREA_STYLE_COLOUR('',#12083);
#13838 = OVER_RIDING_STYLED_ITEM('overriding color',(#13839),#8245,
  #12076);
#13839 = PRESENTATION_STYLE_ASSIGNMENT((#13840));
#13840 = SURFACE_STYLE_USAGE(.BOTH.,#13841);
#13841 = SURFACE_SIDE_STYLE('',(#13842));
#13842 = SURFACE_STYLE_FILL_AREA(#13843);
#13843 = FILL_AREA_STYLE('',(#13844));
#13844 = FILL_AREA_STYLE_COLOUR('',#12083);
#13845 = OVER_RIDING_STYLED_ITEM('overriding color',(#13846),#8437,
  #12076);
#13846 = PRESENTATION_STYLE_ASSIGNMENT((#13847));
#13847 = SURFACE_STYLE_USAGE(.BOTH.,#13848);
#13848 = SURFACE_SIDE_STYLE('',(#13849));
#13849 = SURFACE_STYLE_FILL_AREA(#13850);
#13850 = FILL_AREA_STYLE('',(#13851));
#13851 = FILL_AREA_STYLE_COLOUR('',#12083);
#13852 = OVER_RIDING_STYLED_ITEM('overriding color',(#13853),#8461,
  #12076);
#13853 = PRESENTATION_STYLE_ASSIGNMENT((#13854));
#13854 = SURFACE_STYLE_USAGE(.BOTH.,#13855);
#13855 = SURFACE_SIDE_STYLE('',(#13856));
#13856 = SURFACE_STYLE_FILL_AREA(#13857);
#13857 = FILL_AREA_STYLE('',(#13858));
#13858 = FILL_AREA_STYLE_COLOUR('',#12083);
#13859 = OVER_RIDING_STYLED_ITEM('overriding color',(#13860),#8477,
  #12076);
#13860 = PRESENTATION_STYLE_ASSIGNMENT((#13861));
#13861 = SURFACE_STYLE_USAGE(.BOTH.,#13862);
#13862 = SURFACE_SIDE_STYLE('',(#13863));
#13863 = SURFACE_STYLE_FILL_AREA(#13864);
#13864 = FILL_AREA_STYLE('',(#13865));
#13865 = FILL_AREA_STYLE_COLOUR('',#12083);
#13866 = OVER_RIDING_STYLED_ITEM('overriding color',(#13867),#8497,
  #12076);
#13867 = PRESENTATION_STYLE_ASSIGNMENT((#13868));
#13868 = SURFACE_STYLE_USAGE(.BOTH.,#13869);
#13869 = SURFACE_SIDE_STYLE('',(#13870));
#13870 = SURFACE_STYLE_FILL_AREA(#13871);
#13871 = FILL_AREA_STYLE('',(#13872));
#13872 = FILL_AREA_STYLE_COLOUR('',#12083);
#13873 = OVER_RIDING_STYLED_ITEM('overriding color',(#13874),#8517,
  #12076);
#13874 = PRESENTATION_STYLE_ASSIGNMENT((#13875));
#13875 = SURFACE_STYLE_USAGE(.BOTH.,#13876);
#13876 = SURFACE_SIDE_STYLE('',(#13877));
#13877 = SURFACE_STYLE_FILL_AREA(#13878);
#13878 = FILL_AREA_STYLE('',(#13879));
#13879 = FILL_AREA_STYLE_COLOUR('',#12083);
#13880 = OVER_RIDING_STYLED_ITEM('overriding color',(#13881),#8533,
  #12076);
#13881 = PRESENTATION_STYLE_ASSIGNMENT((#13882));
#13882 = SURFACE_STYLE_USAGE(.BOTH.,#13883);
#13883 = SURFACE_SIDE_STYLE('',(#13884));
#13884 = SURFACE_STYLE_FILL_AREA(#13885);
#13885 = FILL_AREA_STYLE('',(#13886));
#13886 = FILL_AREA_STYLE_COLOUR('',#12083);
#13887 = OVER_RIDING_STYLED_ITEM('overriding color',(#13888),#8553,
  #12076);
#13888 = PRESENTATION_STYLE_ASSIGNMENT((#13889));
#13889 = SURFACE_STYLE_USAGE(.BOTH.,#13890);
#13890 = SURFACE_SIDE_STYLE('',(#13891));
#13891 = SURFACE_STYLE_FILL_AREA(#13892);
#13892 = FILL_AREA_STYLE('',(#13893));
#13893 = FILL_AREA_STYLE_COLOUR('',#12083);
#13894 = OVER_RIDING_STYLED_ITEM('overriding color',(#13895),#8573,
  #12076);
#13895 = PRESENTATION_STYLE_ASSIGNMENT((#13896));
#13896 = SURFACE_STYLE_USAGE(.BOTH.,#13897);
#13897 = SURFACE_SIDE_STYLE('',(#13898));
#13898 = SURFACE_STYLE_FILL_AREA(#13899);
#13899 = FILL_AREA_STYLE('',(#13900));
#13900 = FILL_AREA_STYLE_COLOUR('',#12083);
#13901 = OVER_RIDING_STYLED_ITEM('overriding color',(#13902),#8593,
  #12076);
#13902 = PRESENTATION_STYLE_ASSIGNMENT((#13903));
#13903 = SURFACE_STYLE_USAGE(.BOTH.,#13904);
#13904 = SURFACE_SIDE_STYLE('',(#13905));
#13905 = SURFACE_STYLE_FILL_AREA(#13906);
#13906 = FILL_AREA_STYLE('',(#13907));
#13907 = FILL_AREA_STYLE_COLOUR('',#12083);
#13908 = OVER_RIDING_STYLED_ITEM('overriding color',(#13909),#8613,
  #12076);
#13909 = PRESENTATION_STYLE_ASSIGNMENT((#13910));
#13910 = SURFACE_STYLE_USAGE(.BOTH.,#13911);
#13911 = SURFACE_SIDE_STYLE('',(#13912));
#13912 = SURFACE_STYLE_FILL_AREA(#13913);
#13913 = FILL_AREA_STYLE('',(#13914));
#13914 = FILL_AREA_STYLE_COLOUR('',#12083);
#13915 = OVER_RIDING_STYLED_ITEM('overriding color',(#13916),#8629,
  #12076);
#13916 = PRESENTATION_STYLE_ASSIGNMENT((#13917));
#13917 = SURFACE_STYLE_USAGE(.BOTH.,#13918);
#13918 = SURFACE_SIDE_STYLE('',(#13919));
#13919 = SURFACE_STYLE_FILL_AREA(#13920);
#13920 = FILL_AREA_STYLE('',(#13921));
#13921 = FILL_AREA_STYLE_COLOUR('',#12083);
#13922 = OVER_RIDING_STYLED_ITEM('overriding color',(#13923),#8645,
  #12076);
#13923 = PRESENTATION_STYLE_ASSIGNMENT((#13924));
#13924 = SURFACE_STYLE_USAGE(.BOTH.,#13925);
#13925 = SURFACE_SIDE_STYLE('',(#13926));
#13926 = SURFACE_STYLE_FILL_AREA(#13927);
#13927 = FILL_AREA_STYLE('',(#13928));
#13928 = FILL_AREA_STYLE_COLOUR('',#12083);
#13929 = OVER_RIDING_STYLED_ITEM('overriding color',(#13930),#8661,
  #12076);
#13930 = PRESENTATION_STYLE_ASSIGNMENT((#13931));
#13931 = SURFACE_STYLE_USAGE(.BOTH.,#13932);
#13932 = SURFACE_SIDE_STYLE('',(#13933));
#13933 = SURFACE_STYLE_FILL_AREA(#13934);
#13934 = FILL_AREA_STYLE('',(#13935));
#13935 = FILL_AREA_STYLE_COLOUR('',#12083);
#13936 = OVER_RIDING_STYLED_ITEM('overriding color',(#13937),#8677,
  #12076);
#13937 = PRESENTATION_STYLE_ASSIGNMENT((#13938));
#13938 = SURFACE_STYLE_USAGE(.BOTH.,#13939);
#13939 = SURFACE_SIDE_STYLE('',(#13940));
#13940 = SURFACE_STYLE_FILL_AREA(#13941);
#13941 = FILL_AREA_STYLE('',(#13942));
#13942 = FILL_AREA_STYLE_COLOUR('',#12083);
#13943 = OVER_RIDING_STYLED_ITEM('overriding color',(#13944),#8693,
  #12076);
#13944 = PRESENTATION_STYLE_ASSIGNMENT((#13945));
#13945 = SURFACE_STYLE_USAGE(.BOTH.,#13946);
#13946 = SURFACE_SIDE_STYLE('',(#13947));
#13947 = SURFACE_STYLE_FILL_AREA(#13948);
#13948 = FILL_AREA_STYLE('',(#13949));
#13949 = FILL_AREA_STYLE_COLOUR('',#12083);
#13950 = OVER_RIDING_STYLED_ITEM('overriding color',(#13951),#8727,
  #12076);
#13951 = PRESENTATION_STYLE_ASSIGNMENT((#13952));
#13952 = SURFACE_STYLE_USAGE(.BOTH.,#13953);
#13953 = SURFACE_SIDE_STYLE('',(#13954));
#13954 = SURFACE_STYLE_FILL_AREA(#13955);
#13955 = FILL_AREA_STYLE('',(#13956));
#13956 = FILL_AREA_STYLE_COLOUR('',#12083);
#13957 = OVER_RIDING_STYLED_ITEM('overriding color',(#13958),#8755,
  #12076);
#13958 = PRESENTATION_STYLE_ASSIGNMENT((#13959));
#13959 = SURFACE_STYLE_USAGE(.BOTH.,#13960);
#13960 = SURFACE_SIDE_STYLE('',(#13961));
#13961 = SURFACE_STYLE_FILL_AREA(#13962);
#13962 = FILL_AREA_STYLE('',(#13963));
#13963 = FILL_AREA_STYLE_COLOUR('',#12083);
#13964 = OVER_RIDING_STYLED_ITEM('overriding color',(#13965),#8783,
  #12076);
#13965 = PRESENTATION_STYLE_ASSIGNMENT((#13966));
#13966 = SURFACE_STYLE_USAGE(.BOTH.,#13967);
#13967 = SURFACE_SIDE_STYLE('',(#13968));
#13968 = SURFACE_STYLE_FILL_AREA(#13969);
#13969 = FILL_AREA_STYLE('',(#13970));
#13970 = FILL_AREA_STYLE_COLOUR('',#12083);
#13971 = OVER_RIDING_STYLED_ITEM('overriding color',(#13972),#8811,
  #12076);
#13972 = PRESENTATION_STYLE_ASSIGNMENT((#13973));
#13973 = SURFACE_STYLE_USAGE(.BOTH.,#13974);
#13974 = SURFACE_SIDE_STYLE('',(#13975));
#13975 = SURFACE_STYLE_FILL_AREA(#13976);
#13976 = FILL_AREA_STYLE('',(#13977));
#13977 = FILL_AREA_STYLE_COLOUR('',#12083);
#13978 = OVER_RIDING_STYLED_ITEM('overriding color',(#13979),#8839,
  #12076);
#13979 = PRESENTATION_STYLE_ASSIGNMENT((#13980));
#13980 = SURFACE_STYLE_USAGE(.BOTH.,#13981);
#13981 = SURFACE_SIDE_STYLE('',(#13982));
#13982 = SURFACE_STYLE_FILL_AREA(#13983);
#13983 = FILL_AREA_STYLE('',(#13984));
#13984 = FILL_AREA_STYLE_COLOUR('',#12083);
#13985 = OVER_RIDING_STYLED_ITEM('overriding color',(#13986),#8867,
  #12076);
#13986 = PRESENTATION_STYLE_ASSIGNMENT((#13987));
#13987 = SURFACE_STYLE_USAGE(.BOTH.,#13988);
#13988 = SURFACE_SIDE_STYLE('',(#13989));
#13989 = SURFACE_STYLE_FILL_AREA(#13990);
#13990 = FILL_AREA_STYLE('',(#13991));
#13991 = FILL_AREA_STYLE_COLOUR('',#12083);
#13992 = OVER_RIDING_STYLED_ITEM('overriding color',(#13993),#8889,
  #12076);
#13993 = PRESENTATION_STYLE_ASSIGNMENT((#13994));
#13994 = SURFACE_STYLE_USAGE(.BOTH.,#13995);
#13995 = SURFACE_SIDE_STYLE('',(#13996));
#13996 = SURFACE_STYLE_FILL_AREA(#13997);
#13997 = FILL_AREA_STYLE('',(#13998));
#13998 = FILL_AREA_STYLE_COLOUR('',#12083);
#13999 = OVER_RIDING_STYLED_ITEM('overriding color',(#14000),#8905,
  #12076);
#14000 = PRESENTATION_STYLE_ASSIGNMENT((#14001));
#14001 = SURFACE_STYLE_USAGE(.BOTH.,#14002);
#14002 = SURFACE_SIDE_STYLE('',(#14003));
#14003 = SURFACE_STYLE_FILL_AREA(#14004);
#14004 = FILL_AREA_STYLE('',(#14005));
#14005 = FILL_AREA_STYLE_COLOUR('',#12136);
#14006 = OVER_RIDING_STYLED_ITEM('overriding color',(#14007),#8921,
  #12076);
#14007 = PRESENTATION_STYLE_ASSIGNMENT((#14008));
#14008 = SURFACE_STYLE_USAGE(.BOTH.,#14009);
#14009 = SURFACE_SIDE_STYLE('',(#14010));
#14010 = SURFACE_STYLE_FILL_AREA(#14011);
#14011 = FILL_AREA_STYLE('',(#14012));
#14012 = FILL_AREA_STYLE_COLOUR('',#12083);
#14013 = OVER_RIDING_STYLED_ITEM('overriding color',(#14014),#8955,
  #12076);
#14014 = PRESENTATION_STYLE_ASSIGNMENT((#14015));
#14015 = SURFACE_STYLE_USAGE(.BOTH.,#14016);
#14016 = SURFACE_SIDE_STYLE('',(#14017));
#14017 = SURFACE_STYLE_FILL_AREA(#14018);
#14018 = FILL_AREA_STYLE('',(#14019));
#14019 = FILL_AREA_STYLE_COLOUR('',#12083);
#14020 = OVER_RIDING_STYLED_ITEM('overriding color',(#14021),#8977,
  #12076);
#14021 = PRESENTATION_STYLE_ASSIGNMENT((#14022));
#14022 = SURFACE_STYLE_USAGE(.BOTH.,#14023);
#14023 = SURFACE_SIDE_STYLE('',(#14024));
#14024 = SURFACE_STYLE_FILL_AREA(#14025);
#14025 = FILL_AREA_STYLE('',(#14026));
#14026 = FILL_AREA_STYLE_COLOUR('',#12083);
#14027 = OVER_RIDING_STYLED_ITEM('overriding color',(#14028),#9005,
  #12076);
#14028 = PRESENTATION_STYLE_ASSIGNMENT((#14029));
#14029 = SURFACE_STYLE_USAGE(.BOTH.,#14030);
#14030 = SURFACE_SIDE_STYLE('',(#14031));
#14031 = SURFACE_STYLE_FILL_AREA(#14032);
#14032 = FILL_AREA_STYLE('',(#14033));
#14033 = FILL_AREA_STYLE_COLOUR('',#12083);
#14034 = OVER_RIDING_STYLED_ITEM('overriding color',(#14035),#9033,
  #12076);
#14035 = PRESENTATION_STYLE_ASSIGNMENT((#14036));
#14036 = SURFACE_STYLE_USAGE(.BOTH.,#14037);
#14037 = SURFACE_SIDE_STYLE('',(#14038));
#14038 = SURFACE_STYLE_FILL_AREA(#14039);
#14039 = FILL_AREA_STYLE('',(#14040));
#14040 = FILL_AREA_STYLE_COLOUR('',#12083);
#14041 = OVER_RIDING_STYLED_ITEM('overriding color',(#14042),#9061,
  #12076);
#14042 = PRESENTATION_STYLE_ASSIGNMENT((#14043));
#14043 = SURFACE_STYLE_USAGE(.BOTH.,#14044);
#14044 = SURFACE_SIDE_STYLE('',(#14045));
#14045 = SURFACE_STYLE_FILL_AREA(#14046);
#14046 = FILL_AREA_STYLE('',(#14047));
#14047 = FILL_AREA_STYLE_COLOUR('',#12083);
#14048 = OVER_RIDING_STYLED_ITEM('overriding color',(#14049),#9089,
  #12076);
#14049 = PRESENTATION_STYLE_ASSIGNMENT((#14050));
#14050 = SURFACE_STYLE_USAGE(.BOTH.,#14051);
#14051 = SURFACE_SIDE_STYLE('',(#14052));
#14052 = SURFACE_STYLE_FILL_AREA(#14053);
#14053 = FILL_AREA_STYLE('',(#14054));
#14054 = FILL_AREA_STYLE_COLOUR('',#12083);
#14055 = OVER_RIDING_STYLED_ITEM('overriding color',(#14056),#9117,
  #12076);
#14056 = PRESENTATION_STYLE_ASSIGNMENT((#14057));
#14057 = SURFACE_STYLE_USAGE(.BOTH.,#14058);
#14058 = SURFACE_SIDE_STYLE('',(#14059));
#14059 = SURFACE_STYLE_FILL_AREA(#14060);
#14060 = FILL_AREA_STYLE('',(#14061));
#14061 = FILL_AREA_STYLE_COLOUR('',#12083);
#14062 = OVER_RIDING_STYLED_ITEM('overriding color',(#14063),#9145,
  #12076);
#14063 = PRESENTATION_STYLE_ASSIGNMENT((#14064));
#14064 = SURFACE_STYLE_USAGE(.BOTH.,#14065);
#14065 = SURFACE_SIDE_STYLE('',(#14066));
#14066 = SURFACE_STYLE_FILL_AREA(#14067);
#14067 = FILL_AREA_STYLE('',(#14068));
#14068 = FILL_AREA_STYLE_COLOUR('',#12083);
#14069 = OVER_RIDING_STYLED_ITEM('overriding color',(#14070),#9173,
  #12076);
#14070 = PRESENTATION_STYLE_ASSIGNMENT((#14071));
#14071 = SURFACE_STYLE_USAGE(.BOTH.,#14072);
#14072 = SURFACE_SIDE_STYLE('',(#14073));
#14073 = SURFACE_STYLE_FILL_AREA(#14074);
#14074 = FILL_AREA_STYLE('',(#14075));
#14075 = FILL_AREA_STYLE_COLOUR('',#12083);
#14076 = OVER_RIDING_STYLED_ITEM('overriding color',(#14077),#9201,
  #12076);
#14077 = PRESENTATION_STYLE_ASSIGNMENT((#14078));
#14078 = SURFACE_STYLE_USAGE(.BOTH.,#14079);
#14079 = SURFACE_SIDE_STYLE('',(#14080));
#14080 = SURFACE_STYLE_FILL_AREA(#14081);
#14081 = FILL_AREA_STYLE('',(#14082));
#14082 = FILL_AREA_STYLE_COLOUR('',#12083);
#14083 = OVER_RIDING_STYLED_ITEM('overriding color',(#14084),#9229,
  #12076);
#14084 = PRESENTATION_STYLE_ASSIGNMENT((#14085));
#14085 = SURFACE_STYLE_USAGE(.BOTH.,#14086);
#14086 = SURFACE_SIDE_STYLE('',(#14087));
#14087 = SURFACE_STYLE_FILL_AREA(#14088);
#14088 = FILL_AREA_STYLE('',(#14089));
#14089 = FILL_AREA_STYLE_COLOUR('',#12083);
#14090 = OVER_RIDING_STYLED_ITEM('overriding color',(#14091),#9257,
  #12076);
#14091 = PRESENTATION_STYLE_ASSIGNMENT((#14092));
#14092 = SURFACE_STYLE_USAGE(.BOTH.,#14093);
#14093 = SURFACE_SIDE_STYLE('',(#14094));
#14094 = SURFACE_STYLE_FILL_AREA(#14095);
#14095 = FILL_AREA_STYLE('',(#14096));
#14096 = FILL_AREA_STYLE_COLOUR('',#12083);
#14097 = OVER_RIDING_STYLED_ITEM('overriding color',(#14098),#9279,
  #12076);
#14098 = PRESENTATION_STYLE_ASSIGNMENT((#14099));
#14099 = SURFACE_STYLE_USAGE(.BOTH.,#14100);
#14100 = SURFACE_SIDE_STYLE('',(#14101));
#14101 = SURFACE_STYLE_FILL_AREA(#14102);
#14102 = FILL_AREA_STYLE('',(#14103));
#14103 = FILL_AREA_STYLE_COLOUR('',#12083);
#14104 = OVER_RIDING_STYLED_ITEM('overriding color',(#14105),#9307,
  #12076);
#14105 = PRESENTATION_STYLE_ASSIGNMENT((#14106));
#14106 = SURFACE_STYLE_USAGE(.BOTH.,#14107);
#14107 = SURFACE_SIDE_STYLE('',(#14108));
#14108 = SURFACE_STYLE_FILL_AREA(#14109);
#14109 = FILL_AREA_STYLE('',(#14110));
#14110 = FILL_AREA_STYLE_COLOUR('',#12083);
#14111 = OVER_RIDING_STYLED_ITEM('overriding color',(#14112),#9335,
  #12076);
#14112 = PRESENTATION_STYLE_ASSIGNMENT((#14113));
#14113 = SURFACE_STYLE_USAGE(.BOTH.,#14114);
#14114 = SURFACE_SIDE_STYLE('',(#14115));
#14115 = SURFACE_STYLE_FILL_AREA(#14116);
#14116 = FILL_AREA_STYLE('',(#14117));
#14117 = FILL_AREA_STYLE_COLOUR('',#12083);
#14118 = OVER_RIDING_STYLED_ITEM('overriding color',(#14119),#9363,
  #12076);
#14119 = PRESENTATION_STYLE_ASSIGNMENT((#14120));
#14120 = SURFACE_STYLE_USAGE(.BOTH.,#14121);
#14121 = SURFACE_SIDE_STYLE('',(#14122));
#14122 = SURFACE_STYLE_FILL_AREA(#14123);
#14123 = FILL_AREA_STYLE('',(#14124));
#14124 = FILL_AREA_STYLE_COLOUR('',#12083);
#14125 = OVER_RIDING_STYLED_ITEM('overriding color',(#14126),#9391,
  #12076);
#14126 = PRESENTATION_STYLE_ASSIGNMENT((#14127));
#14127 = SURFACE_STYLE_USAGE(.BOTH.,#14128);
#14128 = SURFACE_SIDE_STYLE('',(#14129));
#14129 = SURFACE_STYLE_FILL_AREA(#14130);
#14130 = FILL_AREA_STYLE('',(#14131));
#14131 = FILL_AREA_STYLE_COLOUR('',#12083);
#14132 = OVER_RIDING_STYLED_ITEM('overriding color',(#14133),#9419,
  #12076);
#14133 = PRESENTATION_STYLE_ASSIGNMENT((#14134));
#14134 = SURFACE_STYLE_USAGE(.BOTH.,#14135);
#14135 = SURFACE_SIDE_STYLE('',(#14136));
#14136 = SURFACE_STYLE_FILL_AREA(#14137);
#14137 = FILL_AREA_STYLE('',(#14138));
#14138 = FILL_AREA_STYLE_COLOUR('',#12083);
#14139 = OVER_RIDING_STYLED_ITEM('overriding color',(#14140),#9447,
  #12076);
#14140 = PRESENTATION_STYLE_ASSIGNMENT((#14141));
#14141 = SURFACE_STYLE_USAGE(.BOTH.,#14142);
#14142 = SURFACE_SIDE_STYLE('',(#14143));
#14143 = SURFACE_STYLE_FILL_AREA(#14144);
#14144 = FILL_AREA_STYLE('',(#14145));
#14145 = FILL_AREA_STYLE_COLOUR('',#12083);
#14146 = OVER_RIDING_STYLED_ITEM('overriding color',(#14147),#9475,
  #12076);
#14147 = PRESENTATION_STYLE_ASSIGNMENT((#14148));
#14148 = SURFACE_STYLE_USAGE(.BOTH.,#14149);
#14149 = SURFACE_SIDE_STYLE('',(#14150));
#14150 = SURFACE_STYLE_FILL_AREA(#14151);
#14151 = FILL_AREA_STYLE('',(#14152));
#14152 = FILL_AREA_STYLE_COLOUR('',#12083);
#14153 = OVER_RIDING_STYLED_ITEM('overriding color',(#14154),#9497,
  #12076);
#14154 = PRESENTATION_STYLE_ASSIGNMENT((#14155));
#14155 = SURFACE_STYLE_USAGE(.BOTH.,#14156);
#14156 = SURFACE_SIDE_STYLE('',(#14157));
#14157 = SURFACE_STYLE_FILL_AREA(#14158);
#14158 = FILL_AREA_STYLE('',(#14159));
#14159 = FILL_AREA_STYLE_COLOUR('',#12083);
#14160 = OVER_RIDING_STYLED_ITEM('overriding color',(#14161),#9526,
  #12076);
#14161 = PRESENTATION_STYLE_ASSIGNMENT((#14162));
#14162 = SURFACE_STYLE_USAGE(.BOTH.,#14163);
#14163 = SURFACE_SIDE_STYLE('',(#14164));
#14164 = SURFACE_STYLE_FILL_AREA(#14165);
#14165 = FILL_AREA_STYLE('',(#14166));
#14166 = FILL_AREA_STYLE_COLOUR('',#12083);
#14167 = OVER_RIDING_STYLED_ITEM('overriding color',(#14168),#9554,
  #12076);
#14168 = PRESENTATION_STYLE_ASSIGNMENT((#14169));
#14169 = SURFACE_STYLE_USAGE(.BOTH.,#14170);
#14170 = SURFACE_SIDE_STYLE('',(#14171));
#14171 = SURFACE_STYLE_FILL_AREA(#14172);
#14172 = FILL_AREA_STYLE('',(#14173));
#14173 = FILL_AREA_STYLE_COLOUR('',#12083);
#14174 = OVER_RIDING_STYLED_ITEM('overriding color',(#14175),#9576,
  #12076);
#14175 = PRESENTATION_STYLE_ASSIGNMENT((#14176));
#14176 = SURFACE_STYLE_USAGE(.BOTH.,#14177);
#14177 = SURFACE_SIDE_STYLE('',(#14178));
#14178 = SURFACE_STYLE_FILL_AREA(#14179);
#14179 = FILL_AREA_STYLE('',(#14180));
#14180 = FILL_AREA_STYLE_COLOUR('',#12083);
#14181 = OVER_RIDING_STYLED_ITEM('overriding color',(#14182),#9604,
  #12076);
#14182 = PRESENTATION_STYLE_ASSIGNMENT((#14183));
#14183 = SURFACE_STYLE_USAGE(.BOTH.,#14184);
#14184 = SURFACE_SIDE_STYLE('',(#14185));
#14185 = SURFACE_STYLE_FILL_AREA(#14186);
#14186 = FILL_AREA_STYLE('',(#14187));
#14187 = FILL_AREA_STYLE_COLOUR('',#12083);
#14188 = OVER_RIDING_STYLED_ITEM('overriding color',(#14189),#9626,
  #12076);
#14189 = PRESENTATION_STYLE_ASSIGNMENT((#14190));
#14190 = SURFACE_STYLE_USAGE(.BOTH.,#14191);
#14191 = SURFACE_SIDE_STYLE('',(#14192));
#14192 = SURFACE_STYLE_FILL_AREA(#14193);
#14193 = FILL_AREA_STYLE('',(#14194));
#14194 = FILL_AREA_STYLE_COLOUR('',#12083);
#14195 = OVER_RIDING_STYLED_ITEM('overriding color',(#14196),#9648,
  #12076);
#14196 = PRESENTATION_STYLE_ASSIGNMENT((#14197));
#14197 = SURFACE_STYLE_USAGE(.BOTH.,#14198);
#14198 = SURFACE_SIDE_STYLE('',(#14199));
#14199 = SURFACE_STYLE_FILL_AREA(#14200);
#14200 = FILL_AREA_STYLE('',(#14201));
#14201 = FILL_AREA_STYLE_COLOUR('',#12083);
#14202 = OVER_RIDING_STYLED_ITEM('overriding color',(#14203),#9670,
  #12076);
#14203 = PRESENTATION_STYLE_ASSIGNMENT((#14204));
#14204 = SURFACE_STYLE_USAGE(.BOTH.,#14205);
#14205 = SURFACE_SIDE_STYLE('',(#14206));
#14206 = SURFACE_STYLE_FILL_AREA(#14207);
#14207 = FILL_AREA_STYLE('',(#14208));
#14208 = FILL_AREA_STYLE_COLOUR('',#12083);
#14209 = OVER_RIDING_STYLED_ITEM('overriding color',(#14210),#9692,
  #12076);
#14210 = PRESENTATION_STYLE_ASSIGNMENT((#14211));
#14211 = SURFACE_STYLE_USAGE(.BOTH.,#14212);
#14212 = SURFACE_SIDE_STYLE('',(#14213));
#14213 = SURFACE_STYLE_FILL_AREA(#14214);
#14214 = FILL_AREA_STYLE('',(#14215));
#14215 = FILL_AREA_STYLE_COLOUR('',#12083);
#14216 = OVER_RIDING_STYLED_ITEM('overriding color',(#14217),#9714,
  #12076);
#14217 = PRESENTATION_STYLE_ASSIGNMENT((#14218));
#14218 = SURFACE_STYLE_USAGE(.BOTH.,#14219);
#14219 = SURFACE_SIDE_STYLE('',(#14220));
#14220 = SURFACE_STYLE_FILL_AREA(#14221);
#14221 = FILL_AREA_STYLE('',(#14222));
#14222 = FILL_AREA_STYLE_COLOUR('',#12083);
#14223 = OVER_RIDING_STYLED_ITEM('overriding color',(#14224),#9736,
  #12076);
#14224 = PRESENTATION_STYLE_ASSIGNMENT((#14225));
#14225 = SURFACE_STYLE_USAGE(.BOTH.,#14226);
#14226 = SURFACE_SIDE_STYLE('',(#14227));
#14227 = SURFACE_STYLE_FILL_AREA(#14228);
#14228 = FILL_AREA_STYLE('',(#14229));
#14229 = FILL_AREA_STYLE_COLOUR('',#12083);
#14230 = OVER_RIDING_STYLED_ITEM('overriding color',(#14231),#9764,
  #12076);
#14231 = PRESENTATION_STYLE_ASSIGNMENT((#14232));
#14232 = SURFACE_STYLE_USAGE(.BOTH.,#14233);
#14233 = SURFACE_SIDE_STYLE('',(#14234));
#14234 = SURFACE_STYLE_FILL_AREA(#14235);
#14235 = FILL_AREA_STYLE('',(#14236));
#14236 = FILL_AREA_STYLE_COLOUR('',#12083);
#14237 = OVER_RIDING_STYLED_ITEM('overriding color',(#14238),#9792,
  #12076);
#14238 = PRESENTATION_STYLE_ASSIGNMENT((#14239));
#14239 = SURFACE_STYLE_USAGE(.BOTH.,#14240);
#14240 = SURFACE_SIDE_STYLE('',(#14241));
#14241 = SURFACE_STYLE_FILL_AREA(#14242);
#14242 = FILL_AREA_STYLE('',(#14243));
#14243 = FILL_AREA_STYLE_COLOUR('',#12083);
#14244 = OVER_RIDING_STYLED_ITEM('overriding color',(#14245),#9814,
  #12076);
#14245 = PRESENTATION_STYLE_ASSIGNMENT((#14246));
#14246 = SURFACE_STYLE_USAGE(.BOTH.,#14247);
#14247 = SURFACE_SIDE_STYLE('',(#14248));
#14248 = SURFACE_STYLE_FILL_AREA(#14249);
#14249 = FILL_AREA_STYLE('',(#14250));
#14250 = FILL_AREA_STYLE_COLOUR('',#12083);
#14251 = OVER_RIDING_STYLED_ITEM('overriding color',(#14252),#9842,
  #12076);
#14252 = PRESENTATION_STYLE_ASSIGNMENT((#14253));
#14253 = SURFACE_STYLE_USAGE(.BOTH.,#14254);
#14254 = SURFACE_SIDE_STYLE('',(#14255));
#14255 = SURFACE_STYLE_FILL_AREA(#14256);
#14256 = FILL_AREA_STYLE('',(#14257));
#14257 = FILL_AREA_STYLE_COLOUR('',#12083);
#14258 = OVER_RIDING_STYLED_ITEM('overriding color',(#14259),#9870,
  #12076);
#14259 = PRESENTATION_STYLE_ASSIGNMENT((#14260));
#14260 = SURFACE_STYLE_USAGE(.BOTH.,#14261);
#14261 = SURFACE_SIDE_STYLE('',(#14262));
#14262 = SURFACE_STYLE_FILL_AREA(#14263);
#14263 = FILL_AREA_STYLE('',(#14264));
#14264 = FILL_AREA_STYLE_COLOUR('',#12083);
#14265 = OVER_RIDING_STYLED_ITEM('overriding color',(#14266),#9886,
  #12076);
#14266 = PRESENTATION_STYLE_ASSIGNMENT((#14267));
#14267 = SURFACE_STYLE_USAGE(.BOTH.,#14268);
#14268 = SURFACE_SIDE_STYLE('',(#14269));
#14269 = SURFACE_STYLE_FILL_AREA(#14270);
#14270 = FILL_AREA_STYLE('',(#14271));
#14271 = FILL_AREA_STYLE_COLOUR('',#12083);
#14272 = OVER_RIDING_STYLED_ITEM('overriding color',(#14273),#9909,
  #12076);
#14273 = PRESENTATION_STYLE_ASSIGNMENT((#14274));
#14274 = SURFACE_STYLE_USAGE(.BOTH.,#14275);
#14275 = SURFACE_SIDE_STYLE('',(#14276));
#14276 = SURFACE_STYLE_FILL_AREA(#14277);
#14277 = FILL_AREA_STYLE('',(#14278));
#14278 = FILL_AREA_STYLE_COLOUR('',#12083);
#14279 = OVER_RIDING_STYLED_ITEM('overriding color',(#14280),#9937,
  #12076);
#14280 = PRESENTATION_STYLE_ASSIGNMENT((#14281));
#14281 = SURFACE_STYLE_USAGE(.BOTH.,#14282);
#14282 = SURFACE_SIDE_STYLE('',(#14283));
#14283 = SURFACE_STYLE_FILL_AREA(#14284);
#14284 = FILL_AREA_STYLE('',(#14285));
#14285 = FILL_AREA_STYLE_COLOUR('',#12083);
#14286 = OVER_RIDING_STYLED_ITEM('overriding color',(#14287),#9959,
  #12076);
#14287 = PRESENTATION_STYLE_ASSIGNMENT((#14288));
#14288 = SURFACE_STYLE_USAGE(.BOTH.,#14289);
#14289 = SURFACE_SIDE_STYLE('',(#14290));
#14290 = SURFACE_STYLE_FILL_AREA(#14291);
#14291 = FILL_AREA_STYLE('',(#14292));
#14292 = FILL_AREA_STYLE_COLOUR('',#12083);
#14293 = OVER_RIDING_STYLED_ITEM('overriding color',(#14294),#9981,
  #12076);
#14294 = PRESENTATION_STYLE_ASSIGNMENT((#14295));
#14295 = SURFACE_STYLE_USAGE(.BOTH.,#14296);
#14296 = SURFACE_SIDE_STYLE('',(#14297));
#14297 = SURFACE_STYLE_FILL_AREA(#14298);
#14298 = FILL_AREA_STYLE('',(#14299));
#14299 = FILL_AREA_STYLE_COLOUR('',#12083);
#14300 = OVER_RIDING_STYLED_ITEM('overriding color',(#14301),#10003,
  #12076);
#14301 = PRESENTATION_STYLE_ASSIGNMENT((#14302));
#14302 = SURFACE_STYLE_USAGE(.BOTH.,#14303);
#14303 = SURFACE_SIDE_STYLE('',(#14304));
#14304 = SURFACE_STYLE_FILL_AREA(#14305);
#14305 = FILL_AREA_STYLE('',(#14306));
#14306 = FILL_AREA_STYLE_COLOUR('',#12083);
#14307 = OVER_RIDING_STYLED_ITEM('overriding color',(#14308),#10025,
  #12076);
#14308 = PRESENTATION_STYLE_ASSIGNMENT((#14309));
#14309 = SURFACE_STYLE_USAGE(.BOTH.,#14310);
#14310 = SURFACE_SIDE_STYLE('',(#14311));
#14311 = SURFACE_STYLE_FILL_AREA(#14312);
#14312 = FILL_AREA_STYLE('',(#14313));
#14313 = FILL_AREA_STYLE_COLOUR('',#12083);
#14314 = OVER_RIDING_STYLED_ITEM('overriding color',(#14315),#10047,
  #12076);
#14315 = PRESENTATION_STYLE_ASSIGNMENT((#14316));
#14316 = SURFACE_STYLE_USAGE(.BOTH.,#14317);
#14317 = SURFACE_SIDE_STYLE('',(#14318));
#14318 = SURFACE_STYLE_FILL_AREA(#14319);
#14319 = FILL_AREA_STYLE('',(#14320));
#14320 = FILL_AREA_STYLE_COLOUR('',#12083);
#14321 = OVER_RIDING_STYLED_ITEM('overriding color',(#14322),#10069,
  #12076);
#14322 = PRESENTATION_STYLE_ASSIGNMENT((#14323));
#14323 = SURFACE_STYLE_USAGE(.BOTH.,#14324);
#14324 = SURFACE_SIDE_STYLE('',(#14325));
#14325 = SURFACE_STYLE_FILL_AREA(#14326);
#14326 = FILL_AREA_STYLE('',(#14327));
#14327 = FILL_AREA_STYLE_COLOUR('',#12083);
#14328 = OVER_RIDING_STYLED_ITEM('overriding color',(#14329),#10091,
  #12076);
#14329 = PRESENTATION_STYLE_ASSIGNMENT((#14330));
#14330 = SURFACE_STYLE_USAGE(.BOTH.,#14331);
#14331 = SURFACE_SIDE_STYLE('',(#14332));
#14332 = SURFACE_STYLE_FILL_AREA(#14333);
#14333 = FILL_AREA_STYLE('',(#14334));
#14334 = FILL_AREA_STYLE_COLOUR('',#12083);
#14335 = OVER_RIDING_STYLED_ITEM('overriding color',(#14336),#10113,
  #12076);
#14336 = PRESENTATION_STYLE_ASSIGNMENT((#14337));
#14337 = SURFACE_STYLE_USAGE(.BOTH.,#14338);
#14338 = SURFACE_SIDE_STYLE('',(#14339));
#14339 = SURFACE_STYLE_FILL_AREA(#14340);
#14340 = FILL_AREA_STYLE('',(#14341));
#14341 = FILL_AREA_STYLE_COLOUR('',#12083);
#14342 = OVER_RIDING_STYLED_ITEM('overriding color',(#14343),#10135,
  #12076);
#14343 = PRESENTATION_STYLE_ASSIGNMENT((#14344));
#14344 = SURFACE_STYLE_USAGE(.BOTH.,#14345);
#14345 = SURFACE_SIDE_STYLE('',(#14346));
#14346 = SURFACE_STYLE_FILL_AREA(#14347);
#14347 = FILL_AREA_STYLE('',(#14348));
#14348 = FILL_AREA_STYLE_COLOUR('',#12083);
#14349 = OVER_RIDING_STYLED_ITEM('overriding color',(#14350),#10157,
  #12076);
#14350 = PRESENTATION_STYLE_ASSIGNMENT((#14351));
#14351 = SURFACE_STYLE_USAGE(.BOTH.,#14352);
#14352 = SURFACE_SIDE_STYLE('',(#14353));
#14353 = SURFACE_STYLE_FILL_AREA(#14354);
#14354 = FILL_AREA_STYLE('',(#14355));
#14355 = FILL_AREA_STYLE_COLOUR('',#12083);
#14356 = OVER_RIDING_STYLED_ITEM('overriding color',(#14357),#10173,
  #12076);
#14357 = PRESENTATION_STYLE_ASSIGNMENT((#14358));
#14358 = SURFACE_STYLE_USAGE(.BOTH.,#14359);
#14359 = SURFACE_SIDE_STYLE('',(#14360));
#14360 = SURFACE_STYLE_FILL_AREA(#14361);
#14361 = FILL_AREA_STYLE('',(#14362));
#14362 = FILL_AREA_STYLE_COLOUR('',#12083);
#14363 = OVER_RIDING_STYLED_ITEM('overriding color',(#14364),#10193,
  #12076);
#14364 = PRESENTATION_STYLE_ASSIGNMENT((#14365));
#14365 = SURFACE_STYLE_USAGE(.BOTH.,#14366);
#14366 = SURFACE_SIDE_STYLE('',(#14367));
#14367 = SURFACE_STYLE_FILL_AREA(#14368);
#14368 = FILL_AREA_STYLE('',(#14369));
#14369 = FILL_AREA_STYLE_COLOUR('',#12083);
#14370 = OVER_RIDING_STYLED_ITEM('overriding color',(#14371),#10317,
  #12076);
#14371 = PRESENTATION_STYLE_ASSIGNMENT((#14372));
#14372 = SURFACE_STYLE_USAGE(.BOTH.,#14373);
#14373 = SURFACE_SIDE_STYLE('',(#14374));
#14374 = SURFACE_STYLE_FILL_AREA(#14375);
#14375 = FILL_AREA_STYLE('',(#14376));
#14376 = FILL_AREA_STYLE_COLOUR('',#12083);
#14377 = OVER_RIDING_STYLED_ITEM('overriding color',(#14378),#10337,
  #12076);
#14378 = PRESENTATION_STYLE_ASSIGNMENT((#14379));
#14379 = SURFACE_STYLE_USAGE(.BOTH.,#14380);
#14380 = SURFACE_SIDE_STYLE('',(#14381));
#14381 = SURFACE_STYLE_FILL_AREA(#14382);
#14382 = FILL_AREA_STYLE('',(#14383));
#14383 = FILL_AREA_STYLE_COLOUR('',#12083);
#14384 = OVER_RIDING_STYLED_ITEM('overriding color',(#14385),#10357,
  #12076);
#14385 = PRESENTATION_STYLE_ASSIGNMENT((#14386));
#14386 = SURFACE_STYLE_USAGE(.BOTH.,#14387);
#14387 = SURFACE_SIDE_STYLE('',(#14388));
#14388 = SURFACE_STYLE_FILL_AREA(#14389);
#14389 = FILL_AREA_STYLE('',(#14390));
#14390 = FILL_AREA_STYLE_COLOUR('',#12083);
#14391 = OVER_RIDING_STYLED_ITEM('overriding color',(#14392),#10377,
  #12076);
#14392 = PRESENTATION_STYLE_ASSIGNMENT((#14393));
#14393 = SURFACE_STYLE_USAGE(.BOTH.,#14394);
#14394 = SURFACE_SIDE_STYLE('',(#14395));
#14395 = SURFACE_STYLE_FILL_AREA(#14396);
#14396 = FILL_AREA_STYLE('',(#14397));
#14397 = FILL_AREA_STYLE_COLOUR('',#12083);
#14398 = OVER_RIDING_STYLED_ITEM('overriding color',(#14399),#10397,
  #12076);
#14399 = PRESENTATION_STYLE_ASSIGNMENT((#14400));
#14400 = SURFACE_STYLE_USAGE(.BOTH.,#14401);
#14401 = SURFACE_SIDE_STYLE('',(#14402));
#14402 = SURFACE_STYLE_FILL_AREA(#14403);
#14403 = FILL_AREA_STYLE('',(#14404));
#14404 = FILL_AREA_STYLE_COLOUR('',#12083);
#14405 = OVER_RIDING_STYLED_ITEM('overriding color',(#14406),#10417,
  #12076);
#14406 = PRESENTATION_STYLE_ASSIGNMENT((#14407));
#14407 = SURFACE_STYLE_USAGE(.BOTH.,#14408);
#14408 = SURFACE_SIDE_STYLE('',(#14409));
#14409 = SURFACE_STYLE_FILL_AREA(#14410);
#14410 = FILL_AREA_STYLE('',(#14411));
#14411 = FILL_AREA_STYLE_COLOUR('',#12083);
#14412 = OVER_RIDING_STYLED_ITEM('overriding color',(#14413),#10433,
  #12076);
#14413 = PRESENTATION_STYLE_ASSIGNMENT((#14414));
#14414 = SURFACE_STYLE_USAGE(.BOTH.,#14415);
#14415 = SURFACE_SIDE_STYLE('',(#14416));
#14416 = SURFACE_STYLE_FILL_AREA(#14417);
#14417 = FILL_AREA_STYLE('',(#14418));
#14418 = FILL_AREA_STYLE_COLOUR('',#12083);
#14419 = OVER_RIDING_STYLED_ITEM('overriding color',(#14420),#10445,
  #12076);
#14420 = PRESENTATION_STYLE_ASSIGNMENT((#14421));
#14421 = SURFACE_STYLE_USAGE(.BOTH.,#14422);
#14422 = SURFACE_SIDE_STYLE('',(#14423));
#14423 = SURFACE_STYLE_FILL_AREA(#14424);
#14424 = FILL_AREA_STYLE('',(#14425));
#14425 = FILL_AREA_STYLE_COLOUR('',#12083);
#14426 = OVER_RIDING_STYLED_ITEM('overriding color',(#14427),#10473,
  #12076);
#14427 = PRESENTATION_STYLE_ASSIGNMENT((#14428));
#14428 = SURFACE_STYLE_USAGE(.BOTH.,#14429);
#14429 = SURFACE_SIDE_STYLE('',(#14430));
#14430 = SURFACE_STYLE_FILL_AREA(#14431);
#14431 = FILL_AREA_STYLE('',(#14432));
#14432 = FILL_AREA_STYLE_COLOUR('',#12083);
#14433 = OVER_RIDING_STYLED_ITEM('overriding color',(#14434),#10495,
  #12076);
#14434 = PRESENTATION_STYLE_ASSIGNMENT((#14435));
#14435 = SURFACE_STYLE_USAGE(.BOTH.,#14436);
#14436 = SURFACE_SIDE_STYLE('',(#14437));
#14437 = SURFACE_STYLE_FILL_AREA(#14438);
#14438 = FILL_AREA_STYLE('',(#14439));
#14439 = FILL_AREA_STYLE_COLOUR('',#12083);
#14440 = OVER_RIDING_STYLED_ITEM('overriding color',(#14441),#10517,
  #12076);
#14441 = PRESENTATION_STYLE_ASSIGNMENT((#14442));
#14442 = SURFACE_STYLE_USAGE(.BOTH.,#14443);
#14443 = SURFACE_SIDE_STYLE('',(#14444));
#14444 = SURFACE_STYLE_FILL_AREA(#14445);
#14445 = FILL_AREA_STYLE('',(#14446));
#14446 = FILL_AREA_STYLE_COLOUR('',#12083);
#14447 = OVER_RIDING_STYLED_ITEM('overriding color',(#14448),#10545,
  #12076);
#14448 = PRESENTATION_STYLE_ASSIGNMENT((#14449));
#14449 = SURFACE_STYLE_USAGE(.BOTH.,#14450);
#14450 = SURFACE_SIDE_STYLE('',(#14451));
#14451 = SURFACE_STYLE_FILL_AREA(#14452);
#14452 = FILL_AREA_STYLE('',(#14453));
#14453 = FILL_AREA_STYLE_COLOUR('',#12083);
#14454 = OVER_RIDING_STYLED_ITEM('overriding color',(#14455),#10573,
  #12076);
#14455 = PRESENTATION_STYLE_ASSIGNMENT((#14456));
#14456 = SURFACE_STYLE_USAGE(.BOTH.,#14457);
#14457 = SURFACE_SIDE_STYLE('',(#14458));
#14458 = SURFACE_STYLE_FILL_AREA(#14459);
#14459 = FILL_AREA_STYLE('',(#14460));
#14460 = FILL_AREA_STYLE_COLOUR('',#12083);
#14461 = OVER_RIDING_STYLED_ITEM('overriding color',(#14462),#10601,
  #12076);
#14462 = PRESENTATION_STYLE_ASSIGNMENT((#14463));
#14463 = SURFACE_STYLE_USAGE(.BOTH.,#14464);
#14464 = SURFACE_SIDE_STYLE('',(#14465));
#14465 = SURFACE_STYLE_FILL_AREA(#14466);
#14466 = FILL_AREA_STYLE('',(#14467));
#14467 = FILL_AREA_STYLE_COLOUR('',#12083);
#14468 = OVER_RIDING_STYLED_ITEM('overriding color',(#14469),#10623,
  #12076);
#14469 = PRESENTATION_STYLE_ASSIGNMENT((#14470));
#14470 = SURFACE_STYLE_USAGE(.BOTH.,#14471);
#14471 = SURFACE_SIDE_STYLE('',(#14472));
#14472 = SURFACE_STYLE_FILL_AREA(#14473);
#14473 = FILL_AREA_STYLE('',(#14474));
#14474 = FILL_AREA_STYLE_COLOUR('',#12136);
#14475 = OVER_RIDING_STYLED_ITEM('overriding color',(#14476),#10638,
  #12076);
#14476 = PRESENTATION_STYLE_ASSIGNMENT((#14477));
#14477 = SURFACE_STYLE_USAGE(.BOTH.,#14478);
#14478 = SURFACE_SIDE_STYLE('',(#14479));
#14479 = SURFACE_STYLE_FILL_AREA(#14480);
#14480 = FILL_AREA_STYLE('',(#14481));
#14481 = FILL_AREA_STYLE_COLOUR('',#12083);
#14482 = OVER_RIDING_STYLED_ITEM('overriding color',(#14483),#10750,
  #12076);
#14483 = PRESENTATION_STYLE_ASSIGNMENT((#14484));
#14484 = SURFACE_STYLE_USAGE(.BOTH.,#14485);
#14485 = SURFACE_SIDE_STYLE('',(#14486));
#14486 = SURFACE_STYLE_FILL_AREA(#14487);
#14487 = FILL_AREA_STYLE('',(#14488));
#14488 = FILL_AREA_STYLE_COLOUR('',#12083);
#14489 = OVER_RIDING_STYLED_ITEM('overriding color',(#14490),#10770,
  #12076);
#14490 = PRESENTATION_STYLE_ASSIGNMENT((#14491));
#14491 = SURFACE_STYLE_USAGE(.BOTH.,#14492);
#14492 = SURFACE_SIDE_STYLE('',(#14493));
#14493 = SURFACE_STYLE_FILL_AREA(#14494);
#14494 = FILL_AREA_STYLE('',(#14495));
#14495 = FILL_AREA_STYLE_COLOUR('',#12083);
#14496 = OVER_RIDING_STYLED_ITEM('overriding color',(#14497),#10786,
  #12076);
#14497 = PRESENTATION_STYLE_ASSIGNMENT((#14498));
#14498 = SURFACE_STYLE_USAGE(.BOTH.,#14499);
#14499 = SURFACE_SIDE_STYLE('',(#14500));
#14500 = SURFACE_STYLE_FILL_AREA(#14501);
#14501 = FILL_AREA_STYLE('',(#14502));
#14502 = FILL_AREA_STYLE_COLOUR('',#12083);
#14503 = OVER_RIDING_STYLED_ITEM('overriding color',(#14504),#10802,
  #12076);
#14504 = PRESENTATION_STYLE_ASSIGNMENT((#14505));
#14505 = SURFACE_STYLE_USAGE(.BOTH.,#14506);
#14506 = SURFACE_SIDE_STYLE('',(#14507));
#14507 = SURFACE_STYLE_FILL_AREA(#14508);
#14508 = FILL_AREA_STYLE('',(#14509));
#14509 = FILL_AREA_STYLE_COLOUR('',#12083);
#14510 = OVER_RIDING_STYLED_ITEM('overriding color',(#14511),#10818,
  #12076);
#14511 = PRESENTATION_STYLE_ASSIGNMENT((#14512));
#14512 = SURFACE_STYLE_USAGE(.BOTH.,#14513);
#14513 = SURFACE_SIDE_STYLE('',(#14514));
#14514 = SURFACE_STYLE_FILL_AREA(#14515);
#14515 = FILL_AREA_STYLE('',(#14516));
#14516 = FILL_AREA_STYLE_COLOUR('',#12083);
#14517 = OVER_RIDING_STYLED_ITEM('overriding color',(#14518),#10834,
  #12076);
#14518 = PRESENTATION_STYLE_ASSIGNMENT((#14519));
#14519 = SURFACE_STYLE_USAGE(.BOTH.,#14520);
#14520 = SURFACE_SIDE_STYLE('',(#14521));
#14521 = SURFACE_STYLE_FILL_AREA(#14522);
#14522 = FILL_AREA_STYLE('',(#14523));
#14523 = FILL_AREA_STYLE_COLOUR('',#12083);
#14524 = OVER_RIDING_STYLED_ITEM('overriding color',(#14525),#10850,
  #12076);
#14525 = PRESENTATION_STYLE_ASSIGNMENT((#14526));
#14526 = SURFACE_STYLE_USAGE(.BOTH.,#14527);
#14527 = SURFACE_SIDE_STYLE('',(#14528));
#14528 = SURFACE_STYLE_FILL_AREA(#14529);
#14529 = FILL_AREA_STYLE('',(#14530));
#14530 = FILL_AREA_STYLE_COLOUR('',#12083);
#14531 = OVER_RIDING_STYLED_ITEM('overriding color',(#14532),#10866,
  #12076);
#14532 = PRESENTATION_STYLE_ASSIGNMENT((#14533));
#14533 = SURFACE_STYLE_USAGE(.BOTH.,#14534);
#14534 = SURFACE_SIDE_STYLE('',(#14535));
#14535 = SURFACE_STYLE_FILL_AREA(#14536);
#14536 = FILL_AREA_STYLE('',(#14537));
#14537 = FILL_AREA_STYLE_COLOUR('',#12083);
#14538 = OVER_RIDING_STYLED_ITEM('overriding color',(#14539),#10878,
  #12076);
#14539 = PRESENTATION_STYLE_ASSIGNMENT((#14540));
#14540 = SURFACE_STYLE_USAGE(.BOTH.,#14541);
#14541 = SURFACE_SIDE_STYLE('',(#14542));
#14542 = SURFACE_STYLE_FILL_AREA(#14543);
#14543 = FILL_AREA_STYLE('',(#14544));
#14544 = FILL_AREA_STYLE_COLOUR('',#12083);
#14545 = OVER_RIDING_STYLED_ITEM('overriding color',(#14546),#10906,
  #12076);
#14546 = PRESENTATION_STYLE_ASSIGNMENT((#14547));
#14547 = SURFACE_STYLE_USAGE(.BOTH.,#14548);
#14548 = SURFACE_SIDE_STYLE('',(#14549));
#14549 = SURFACE_STYLE_FILL_AREA(#14550);
#14550 = FILL_AREA_STYLE('',(#14551));
#14551 = FILL_AREA_STYLE_COLOUR('',#12083);
#14552 = OVER_RIDING_STYLED_ITEM('overriding color',(#14553),#10928,
  #12076);
#14553 = PRESENTATION_STYLE_ASSIGNMENT((#14554));
#14554 = SURFACE_STYLE_USAGE(.BOTH.,#14555);
#14555 = SURFACE_SIDE_STYLE('',(#14556));
#14556 = SURFACE_STYLE_FILL_AREA(#14557);
#14557 = FILL_AREA_STYLE('',(#14558));
#14558 = FILL_AREA_STYLE_COLOUR('',#12083);
#14559 = OVER_RIDING_STYLED_ITEM('overriding color',(#14560),#10956,
  #12076);
#14560 = PRESENTATION_STYLE_ASSIGNMENT((#14561));
#14561 = SURFACE_STYLE_USAGE(.BOTH.,#14562);
#14562 = SURFACE_SIDE_STYLE('',(#14563));
#14563 = SURFACE_STYLE_FILL_AREA(#14564);
#14564 = FILL_AREA_STYLE('',(#14565));
#14565 = FILL_AREA_STYLE_COLOUR('',#12083);
#14566 = OVER_RIDING_STYLED_ITEM('overriding color',(#14567),#10978,
  #12076);
#14567 = PRESENTATION_STYLE_ASSIGNMENT((#14568));
#14568 = SURFACE_STYLE_USAGE(.BOTH.,#14569);
#14569 = SURFACE_SIDE_STYLE('',(#14570));
#14570 = SURFACE_STYLE_FILL_AREA(#14571);
#14571 = FILL_AREA_STYLE('',(#14572));
#14572 = FILL_AREA_STYLE_COLOUR('',#12083);
#14573 = OVER_RIDING_STYLED_ITEM('overriding color',(#14574),#11006,
  #12076);
#14574 = PRESENTATION_STYLE_ASSIGNMENT((#14575));
#14575 = SURFACE_STYLE_USAGE(.BOTH.,#14576);
#14576 = SURFACE_SIDE_STYLE('',(#14577));
#14577 = SURFACE_STYLE_FILL_AREA(#14578);
#14578 = FILL_AREA_STYLE('',(#14579));
#14579 = FILL_AREA_STYLE_COLOUR('',#12083);
#14580 = OVER_RIDING_STYLED_ITEM('overriding color',(#14581),#11022,
  #12076);
#14581 = PRESENTATION_STYLE_ASSIGNMENT((#14582));
#14582 = SURFACE_STYLE_USAGE(.BOTH.,#14583);
#14583 = SURFACE_SIDE_STYLE('',(#14584));
#14584 = SURFACE_STYLE_FILL_AREA(#14585);
#14585 = FILL_AREA_STYLE('',(#14586));
#14586 = FILL_AREA_STYLE_COLOUR('',#12136);
#14587 = OVER_RIDING_STYLED_ITEM('overriding color',(#14588),#11036,
  #12076);
#14588 = PRESENTATION_STYLE_ASSIGNMENT((#14589));
#14589 = SURFACE_STYLE_USAGE(.BOTH.,#14590);
#14590 = SURFACE_SIDE_STYLE('',(#14591));
#14591 = SURFACE_STYLE_FILL_AREA(#14592);
#14592 = FILL_AREA_STYLE('',(#14593));
#14593 = FILL_AREA_STYLE_COLOUR('',#12083);
#14594 = OVER_RIDING_STYLED_ITEM('overriding color',(#14595),#11356,
  #12076);
#14595 = PRESENTATION_STYLE_ASSIGNMENT((#14596));
#14596 = SURFACE_STYLE_USAGE(.BOTH.,#14597);
#14597 = SURFACE_SIDE_STYLE('',(#14598));
#14598 = SURFACE_STYLE_FILL_AREA(#14599);
#14599 = FILL_AREA_STYLE('',(#14600));
#14600 = FILL_AREA_STYLE_COLOUR('',#12083);
#14601 = OVER_RIDING_STYLED_ITEM('overriding color',(#14602),#11380,
  #12076);
#14602 = PRESENTATION_STYLE_ASSIGNMENT((#14603));
#14603 = SURFACE_STYLE_USAGE(.BOTH.,#14604);
#14604 = SURFACE_SIDE_STYLE('',(#14605));
#14605 = SURFACE_STYLE_FILL_AREA(#14606);
#14606 = FILL_AREA_STYLE('',(#14607));
#14607 = FILL_AREA_STYLE_COLOUR('',#12083);
#14608 = OVER_RIDING_STYLED_ITEM('overriding color',(#14609),#11400,
  #12076);
#14609 = PRESENTATION_STYLE_ASSIGNMENT((#14610));
#14610 = SURFACE_STYLE_USAGE(.BOTH.,#14611);
#14611 = SURFACE_SIDE_STYLE('',(#14612));
#14612 = SURFACE_STYLE_FILL_AREA(#14613);
#14613 = FILL_AREA_STYLE('',(#14614));
#14614 = FILL_AREA_STYLE_COLOUR('',#12083);
#14615 = OVER_RIDING_STYLED_ITEM('overriding color',(#14616),#11420,
  #12076);
#14616 = PRESENTATION_STYLE_ASSIGNMENT((#14617));
#14617 = SURFACE_STYLE_USAGE(.BOTH.,#14618);
#14618 = SURFACE_SIDE_STYLE('',(#14619));
#14619 = SURFACE_STYLE_FILL_AREA(#14620);
#14620 = FILL_AREA_STYLE('',(#14621));
#14621 = FILL_AREA_STYLE_COLOUR('',#12083);
#14622 = OVER_RIDING_STYLED_ITEM('overriding color',(#14623),#11440,
  #12076);
#14623 = PRESENTATION_STYLE_ASSIGNMENT((#14624));
#14624 = SURFACE_STYLE_USAGE(.BOTH.,#14625);
#14625 = SURFACE_SIDE_STYLE('',(#14626));
#14626 = SURFACE_STYLE_FILL_AREA(#14627);
#14627 = FILL_AREA_STYLE('',(#14628));
#14628 = FILL_AREA_STYLE_COLOUR('',#12083);
#14629 = OVER_RIDING_STYLED_ITEM('overriding color',(#14630),#11460,
  #12076);
#14630 = PRESENTATION_STYLE_ASSIGNMENT((#14631));
#14631 = SURFACE_STYLE_USAGE(.BOTH.,#14632);
#14632 = SURFACE_SIDE_STYLE('',(#14633));
#14633 = SURFACE_STYLE_FILL_AREA(#14634);
#14634 = FILL_AREA_STYLE('',(#14635));
#14635 = FILL_AREA_STYLE_COLOUR('',#12083);
#14636 = OVER_RIDING_STYLED_ITEM('overriding color',(#14637),#11480,
  #12076);
#14637 = PRESENTATION_STYLE_ASSIGNMENT((#14638));
#14638 = SURFACE_STYLE_USAGE(.BOTH.,#14639);
#14639 = SURFACE_SIDE_STYLE('',(#14640));
#14640 = SURFACE_STYLE_FILL_AREA(#14641);
#14641 = FILL_AREA_STYLE('',(#14642));
#14642 = FILL_AREA_STYLE_COLOUR('',#12083);
#14643 = OVER_RIDING_STYLED_ITEM('overriding color',(#14644),#11500,
  #12076);
#14644 = PRESENTATION_STYLE_ASSIGNMENT((#14645));
#14645 = SURFACE_STYLE_USAGE(.BOTH.,#14646);
#14646 = SURFACE_SIDE_STYLE('',(#14647));
#14647 = SURFACE_STYLE_FILL_AREA(#14648);
#14648 = FILL_AREA_STYLE('',(#14649));
#14649 = FILL_AREA_STYLE_COLOUR('',#12083);
#14650 = OVER_RIDING_STYLED_ITEM('overriding color',(#14651),#11520,
  #12076);
#14651 = PRESENTATION_STYLE_ASSIGNMENT((#14652));
#14652 = SURFACE_STYLE_USAGE(.BOTH.,#14653);
#14653 = SURFACE_SIDE_STYLE('',(#14654));
#14654 = SURFACE_STYLE_FILL_AREA(#14655);
#14655 = FILL_AREA_STYLE('',(#14656));
#14656 = FILL_AREA_STYLE_COLOUR('',#12083);
#14657 = OVER_RIDING_STYLED_ITEM('overriding color',(#14658),#11540,
  #12076);
#14658 = PRESENTATION_STYLE_ASSIGNMENT((#14659));
#14659 = SURFACE_STYLE_USAGE(.BOTH.,#14660);
#14660 = SURFACE_SIDE_STYLE('',(#14661));
#14661 = SURFACE_STYLE_FILL_AREA(#14662);
#14662 = FILL_AREA_STYLE('',(#14663));
#14663 = FILL_AREA_STYLE_COLOUR('',#12083);
#14664 = OVER_RIDING_STYLED_ITEM('overriding color',(#14665),#11560,
  #12076);
#14665 = PRESENTATION_STYLE_ASSIGNMENT((#14666));
#14666 = SURFACE_STYLE_USAGE(.BOTH.,#14667);
#14667 = SURFACE_SIDE_STYLE('',(#14668));
#14668 = SURFACE_STYLE_FILL_AREA(#14669);
#14669 = FILL_AREA_STYLE('',(#14670));
#14670 = FILL_AREA_STYLE_COLOUR('',#12083);
#14671 = OVER_RIDING_STYLED_ITEM('overriding color',(#14672),#11580,
  #12076);
#14672 = PRESENTATION_STYLE_ASSIGNMENT((#14673));
#14673 = SURFACE_STYLE_USAGE(.BOTH.,#14674);
#14674 = SURFACE_SIDE_STYLE('',(#14675));
#14675 = SURFACE_STYLE_FILL_AREA(#14676);
#14676 = FILL_AREA_STYLE('',(#14677));
#14677 = FILL_AREA_STYLE_COLOUR('',#12083);
#14678 = OVER_RIDING_STYLED_ITEM('overriding color',(#14679),#11600,
  #12076);
#14679 = PRESENTATION_STYLE_ASSIGNMENT((#14680));
#14680 = SURFACE_STYLE_USAGE(.BOTH.,#14681);
#14681 = SURFACE_SIDE_STYLE('',(#14682));
#14682 = SURFACE_STYLE_FILL_AREA(#14683);
#14683 = FILL_AREA_STYLE('',(#14684));
#14684 = FILL_AREA_STYLE_COLOUR('',#12083);
#14685 = OVER_RIDING_STYLED_ITEM('overriding color',(#14686),#11616,
  #12076);
#14686 = PRESENTATION_STYLE_ASSIGNMENT((#14687));
#14687 = SURFACE_STYLE_USAGE(.BOTH.,#14688);
#14688 = SURFACE_SIDE_STYLE('',(#14689));
#14689 = SURFACE_STYLE_FILL_AREA(#14690);
#14690 = FILL_AREA_STYLE('',(#14691));
#14691 = FILL_AREA_STYLE_COLOUR('',#12083);
#14692 = OVER_RIDING_STYLED_ITEM('overriding color',(#14693),#11632,
  #12076);
#14693 = PRESENTATION_STYLE_ASSIGNMENT((#14694));
#14694 = SURFACE_STYLE_USAGE(.BOTH.,#14695);
#14695 = SURFACE_SIDE_STYLE('',(#14696));
#14696 = SURFACE_STYLE_FILL_AREA(#14697);
#14697 = FILL_AREA_STYLE('',(#14698));
#14698 = FILL_AREA_STYLE_COLOUR('',#12083);
#14699 = OVER_RIDING_STYLED_ITEM('overriding color',(#14700),#11648,
  #12076);
#14700 = PRESENTATION_STYLE_ASSIGNMENT((#14701));
#14701 = SURFACE_STYLE_USAGE(.BOTH.,#14702);
#14702 = SURFACE_SIDE_STYLE('',(#14703));
#14703 = SURFACE_STYLE_FILL_AREA(#14704);
#14704 = FILL_AREA_STYLE('',(#14705));
#14705 = FILL_AREA_STYLE_COLOUR('',#12083);
#14706 = OVER_RIDING_STYLED_ITEM('overriding color',(#14707),#11664,
  #12076);
#14707 = PRESENTATION_STYLE_ASSIGNMENT((#14708));
#14708 = SURFACE_STYLE_USAGE(.BOTH.,#14709);
#14709 = SURFACE_SIDE_STYLE('',(#14710));
#14710 = SURFACE_STYLE_FILL_AREA(#14711);
#14711 = FILL_AREA_STYLE('',(#14712));
#14712 = FILL_AREA_STYLE_COLOUR('',#12083);
#14713 = OVER_RIDING_STYLED_ITEM('overriding color',(#14714),#11684,
  #12076);
#14714 = PRESENTATION_STYLE_ASSIGNMENT((#14715));
#14715 = SURFACE_STYLE_USAGE(.BOTH.,#14716);
#14716 = SURFACE_SIDE_STYLE('',(#14717));
#14717 = SURFACE_STYLE_FILL_AREA(#14718);
#14718 = FILL_AREA_STYLE('',(#14719));
#14719 = FILL_AREA_STYLE_COLOUR('',#12083);
#14720 = OVER_RIDING_STYLED_ITEM('overriding color',(#14721),#11704,
  #12076);
#14721 = PRESENTATION_STYLE_ASSIGNMENT((#14722));
#14722 = SURFACE_STYLE_USAGE(.BOTH.,#14723);
#14723 = SURFACE_SIDE_STYLE('',(#14724));
#14724 = SURFACE_STYLE_FILL_AREA(#14725);
#14725 = FILL_AREA_STYLE('',(#14726));
#14726 = FILL_AREA_STYLE_COLOUR('',#12083);
#14727 = OVER_RIDING_STYLED_ITEM('overriding color',(#14728),#11724,
  #12076);
#14728 = PRESENTATION_STYLE_ASSIGNMENT((#14729));
#14729 = SURFACE_STYLE_USAGE(.BOTH.,#14730);
#14730 = SURFACE_SIDE_STYLE('',(#14731));
#14731 = SURFACE_STYLE_FILL_AREA(#14732);
#14732 = FILL_AREA_STYLE('',(#14733));
#14733 = FILL_AREA_STYLE_COLOUR('',#12083);
#14734 = OVER_RIDING_STYLED_ITEM('overriding color',(#14735),#11744,
  #12076);
#14735 = PRESENTATION_STYLE_ASSIGNMENT((#14736));
#14736 = SURFACE_STYLE_USAGE(.BOTH.,#14737);
#14737 = SURFACE_SIDE_STYLE('',(#14738));
#14738 = SURFACE_STYLE_FILL_AREA(#14739);
#14739 = FILL_AREA_STYLE('',(#14740));
#14740 = FILL_AREA_STYLE_COLOUR('',#12083);
#14741 = OVER_RIDING_STYLED_ITEM('overriding color',(#14742),#11764,
  #12076);
#14742 = PRESENTATION_STYLE_ASSIGNMENT((#14743));
#14743 = SURFACE_STYLE_USAGE(.BOTH.,#14744);
#14744 = SURFACE_SIDE_STYLE('',(#14745));
#14745 = SURFACE_STYLE_FILL_AREA(#14746);
#14746 = FILL_AREA_STYLE('',(#14747));
#14747 = FILL_AREA_STYLE_COLOUR('',#12083);
#14748 = OVER_RIDING_STYLED_ITEM('overriding color',(#14749),#11784,
  #12076);
#14749 = PRESENTATION_STYLE_ASSIGNMENT((#14750));
#14750 = SURFACE_STYLE_USAGE(.BOTH.,#14751);
#14751 = SURFACE_SIDE_STYLE('',(#14752));
#14752 = SURFACE_STYLE_FILL_AREA(#14753);
#14753 = FILL_AREA_STYLE('',(#14754));
#14754 = FILL_AREA_STYLE_COLOUR('',#12083);
#14755 = OVER_RIDING_STYLED_ITEM('overriding color',(#14756),#11804,
  #12076);
#14756 = PRESENTATION_STYLE_ASSIGNMENT((#14757));
#14757 = SURFACE_STYLE_USAGE(.BOTH.,#14758);
#14758 = SURFACE_SIDE_STYLE('',(#14759));
#14759 = SURFACE_STYLE_FILL_AREA(#14760);
#14760 = FILL_AREA_STYLE('',(#14761));
#14761 = FILL_AREA_STYLE_COLOUR('',#12083);
#14762 = OVER_RIDING_STYLED_ITEM('overriding color',(#14763),#11820,
  #12076);
#14763 = PRESENTATION_STYLE_ASSIGNMENT((#14764));
#14764 = SURFACE_STYLE_USAGE(.BOTH.,#14765);
#14765 = SURFACE_SIDE_STYLE('',(#14766));
#14766 = SURFACE_STYLE_FILL_AREA(#14767);
#14767 = FILL_AREA_STYLE('',(#14768));
#14768 = FILL_AREA_STYLE_COLOUR('',#12083);
#14769 = OVER_RIDING_STYLED_ITEM('overriding color',(#14770),#11840,
  #12076);
#14770 = PRESENTATION_STYLE_ASSIGNMENT((#14771));
#14771 = SURFACE_STYLE_USAGE(.BOTH.,#14772);
#14772 = SURFACE_SIDE_STYLE('',(#14773));
#14773 = SURFACE_STYLE_FILL_AREA(#14774);
#14774 = FILL_AREA_STYLE('',(#14775));
#14775 = FILL_AREA_STYLE_COLOUR('',#12083);
#14776 = OVER_RIDING_STYLED_ITEM('overriding color',(#14777),#11860,
  #12076);
#14777 = PRESENTATION_STYLE_ASSIGNMENT((#14778));
#14778 = SURFACE_STYLE_USAGE(.BOTH.,#14779);
#14779 = SURFACE_SIDE_STYLE('',(#14780));
#14780 = SURFACE_STYLE_FILL_AREA(#14781);
#14781 = FILL_AREA_STYLE('',(#14782));
#14782 = FILL_AREA_STYLE_COLOUR('',#12083);
#14783 = OVER_RIDING_STYLED_ITEM('overriding color',(#14784),#11876,
  #12076);
#14784 = PRESENTATION_STYLE_ASSIGNMENT((#14785));
#14785 = SURFACE_STYLE_USAGE(.BOTH.,#14786);
#14786 = SURFACE_SIDE_STYLE('',(#14787));
#14787 = SURFACE_STYLE_FILL_AREA(#14788);
#14788 = FILL_AREA_STYLE('',(#14789));
#14789 = FILL_AREA_STYLE_COLOUR('',#12083);
#14790 = OVER_RIDING_STYLED_ITEM('overriding color',(#14791),#11896,
  #12076);
#14791 = PRESENTATION_STYLE_ASSIGNMENT((#14792));
#14792 = SURFACE_STYLE_USAGE(.BOTH.,#14793);
#14793 = SURFACE_SIDE_STYLE('',(#14794));
#14794 = SURFACE_STYLE_FILL_AREA(#14795);
#14795 = FILL_AREA_STYLE('',(#14796));
#14796 = FILL_AREA_STYLE_COLOUR('',#12083);
#14797 = OVER_RIDING_STYLED_ITEM('overriding color',(#14798),#11916,
  #12076);
#14798 = PRESENTATION_STYLE_ASSIGNMENT((#14799));
#14799 = SURFACE_STYLE_USAGE(.BOTH.,#14800);
#14800 = SURFACE_SIDE_STYLE('',(#14801));
#14801 = SURFACE_STYLE_FILL_AREA(#14802);
#14802 = FILL_AREA_STYLE('',(#14803));
#14803 = FILL_AREA_STYLE_COLOUR('',#12083);
#14804 = OVER_RIDING_STYLED_ITEM('overriding color',(#14805),#11936,
  #12076);
#14805 = PRESENTATION_STYLE_ASSIGNMENT((#14806));
#14806 = SURFACE_STYLE_USAGE(.BOTH.,#14807);
#14807 = SURFACE_SIDE_STYLE('',(#14808));
#14808 = SURFACE_STYLE_FILL_AREA(#14809);
#14809 = FILL_AREA_STYLE('',(#14810));
#14810 = FILL_AREA_STYLE_COLOUR('',#12083);
#14811 = OVER_RIDING_STYLED_ITEM('overriding color',(#14812),#11952,
  #12076);
#14812 = PRESENTATION_STYLE_ASSIGNMENT((#14813));
#14813 = SURFACE_STYLE_USAGE(.BOTH.,#14814);
#14814 = SURFACE_SIDE_STYLE('',(#14815));
#14815 = SURFACE_STYLE_FILL_AREA(#14816);
#14816 = FILL_AREA_STYLE('',(#14817));
#14817 = FILL_AREA_STYLE_COLOUR('',#12083);
#14818 = OVER_RIDING_STYLED_ITEM('overriding color',(#14819),#11972,
  #12076);
#14819 = PRESENTATION_STYLE_ASSIGNMENT((#14820));
#14820 = SURFACE_STYLE_USAGE(.BOTH.,#14821);
#14821 = SURFACE_SIDE_STYLE('',(#14822));
#14822 = SURFACE_STYLE_FILL_AREA(#14823);
#14823 = FILL_AREA_STYLE('',(#14824));
#14824 = FILL_AREA_STYLE_COLOUR('',#12083);
#14825 = OVER_RIDING_STYLED_ITEM('overriding color',(#14826),#11988,
  #12076);
#14826 = PRESENTATION_STYLE_ASSIGNMENT((#14827));
#14827 = SURFACE_STYLE_USAGE(.BOTH.,#14828);
#14828 = SURFACE_SIDE_STYLE('',(#14829));
#14829 = SURFACE_STYLE_FILL_AREA(#14830);
#14830 = FILL_AREA_STYLE('',(#14831));
#14831 = FILL_AREA_STYLE_COLOUR('',#12083);
#14832 = OVER_RIDING_STYLED_ITEM('overriding color',(#14833),#12031,
  #12076);
#14833 = PRESENTATION_STYLE_ASSIGNMENT((#14834));
#14834 = SURFACE_STYLE_USAGE(.BOTH.,#14835);
#14835 = SURFACE_SIDE_STYLE('',(#14836));
#14836 = SURFACE_STYLE_FILL_AREA(#14837);
#14837 = FILL_AREA_STYLE('',(#14838));
#14838 = FILL_AREA_STYLE_COLOUR('',#12083);
#14839 = OVER_RIDING_STYLED_ITEM('overriding color',(#14840),#12059,
  #12076);
#14840 = PRESENTATION_STYLE_ASSIGNMENT((#14841));
#14841 = SURFACE_STYLE_USAGE(.BOTH.,#14842);
#14842 = SURFACE_SIDE_STYLE('',(#14843));
#14843 = SURFACE_STYLE_FILL_AREA(#14844);
#14844 = FILL_AREA_STYLE('',(#14845));
#14845 = FILL_AREA_STYLE_COLOUR('',#12136);
ENDSEC;
END-ISO-10303-21;
